{
"type": "FeatureCollection",
"name": "komunikacja_2022",
"crs": { "type": "name", "properties": { "name": "urn:ogc:def:crs:OGC:1.3:CRS84" } },
"features": [
{ "type": "Feature", "properties": { "TERYT": "3028", "LOKALNYID": "2EBDC9DC-3B8F-7DB6-E053-CC2BA8C07DDB", "WERSJAID": "2020-01-20T00:00:00", "PNAZW": "PL.PZGiK.308.BDOT10k", "GMLID": "OT_SKDR_L.1045", "X_KOD": "SKDR04", "X_SKRKARTO": null, "X_SKRK_NIL": "inapplicable", "X_KATDOKG": "dokladny", "X_DOKLGEOM": null, "X_ZRODLOG": "ortofotomapa", "X_ZRODLOA": "pomiarTerenowy", "X_KATIST": "eksploatowany", "X_KATI_NIL": null, "X_RODZREPG": "osGeometryczna", "X_UWAGI": null, "X_UZYTKOWN": "Uzytkownik30.xml", "X_AKTG": "2011-01-01", "X_AKTA": "2020-01-20", "POCZWERS": "2020-01-20", "KONIECWERS": null, "X_DATAUTW": "2012-11-13", "X_INFDOD": null, "KOD10K": null, "KOD10K_NIL": "inapplicable", "KOD25K": "0025_115", "KOD25K_NIL": null, "KOD50K": "0050_115", "KOD50K_NIL": null, "KOD100K": "0100_115", "KOD100_NIL": null, "KOD250K": null, "KOD250_NIL": "inapplicable", "KOD500K": null, "KOD500_NIL": "inapplicable", "KOD1000K": null, "KOD1000_NI": "inapplicable", "KATZARZ": "wojewodzka", "KATZA_NIL": null, "KLASADROGI": "glowna", "KLDROG_NIL": null, "MATNAWIERZ": "masaBitumiczna", "MATNAW_NIL": null, "NAZWADROGI": null, "LJEZDNIDR": 1, "LJEZD_NIL": null, "NRODCIREF": null, "SZL_NUMER": "194", "SZLNR_NIL": null, "length": 27.9 }, "geometry": { "type": "MultiLineString", "coordinates": [ [ [ 17.272103013871273, 52.959284677743746 ], [ 17.272361201797114, 52.959308576630761 ], [ 17.272412277495139, 52.959316244017671 ], [ 17.272514989864039, 52.959321244574284 ], [ 17.273305000294343, 52.959334255127089 ], [ 17.273861211815422, 52.9593578941479 ], [ 17.274080920700985, 52.959364502800234 ], [ 17.274146285967191, 52.959372376976155 ], [ 17.274164619606193, 52.959379478150822 ], [ 17.274182949671456, 52.959386669203816 ], [ 17.274216221238216, 52.959411344393558 ], [ 17.274237895683431, 52.959439268612876 ], [ 17.274273252919109, 52.959486367408978 ], [ 17.274306180977025, 52.959519671158368 ], [ 17.274361691365705, 52.959561846467246 ], [ 17.274448524045173, 52.959602857776567 ], [ 17.274588904407921, 52.95964932303324 ], [ 17.275176289652958, 52.959825305412139 ], [ 17.276129832374973, 52.960104264314793 ], [ 17.277189428025846, 52.96045067391649 ], [ 17.277377317296697, 52.960512303797387 ], [ 17.277821753154168, 52.960658141582158 ] ], [ [ 17.277156452273552, 52.948895591452107 ], [ 17.276005363322639, 52.94916830082775 ], [ 17.274591560096976, 52.949505713676047 ], [ 17.273935678288293, 52.949658697200711 ], [ 17.27378571454992, 52.949700406083963 ], [ 17.273696676713531, 52.949730229433179 ], [ 17.27361991298287, 52.949758432383319 ], [ 17.273537164426745, 52.949787357725661 ], [ 17.273436173128964, 52.949821953527263 ] ], [ [ 17.273437149543224, 52.967514594544717 ], [ 17.273629629176149, 52.96752521489239 ], [ 17.273795443231776, 52.967517191223259 ], [ 17.273953958438465, 52.967449345831064 ], [ 17.27414881298246, 52.967362962166888 ], [ 17.274322170834367, 52.967288946592554 ], [ 17.274517851230865, 52.967207970299391 ], [ 17.274743121531571, 52.967117080958289 ], [ 17.27498541317987, 52.967013937579935 ], [ 17.275082558727149, 52.966960938170075 ], [ 17.275179966714767, 52.966897600201037 ], [ 17.275240581015606, 52.966845509393885 ], [ 17.275273895209835, 52.966801925726429 ], [ 17.275295798473007, 52.966741898585333 ], [ 17.275300814124048, 52.966675780719605 ], [ 17.275307800810289, 52.966590086072877 ], [ 17.275310525476939, 52.966555321559866 ], [ 17.275296379446885, 52.966356904026576 ], [ 17.27529017550615, 52.966321920003296 ], [ 17.275246731717456, 52.966073704069522 ], [ 17.275208005685506, 52.965882843878177 ], [ 17.275207140384367, 52.96587464741976 ], [ 17.27521800397539, 52.965669128385478 ], [ 17.275236864840586, 52.965535851653925 ], [ 17.275311970504472, 52.965370385781043 ], [ 17.275474950821884, 52.965115272816753 ], [ 17.275621455312521, 52.964926021305828 ], [ 17.275919425195656, 52.964550017910113 ], [ 17.276012572204028, 52.964440122111007 ], [ 17.27610831025088, 52.964298787283234 ], [ 17.276334492308653, 52.96397111469409 ], [ 17.276604361189825, 52.963552343586286 ], [ 17.276754290586361, 52.963287956390232 ], [ 17.276758884065089, 52.963277320973489 ], [ 17.276801878301725, 52.96317748926537 ], [ 17.276834532633973, 52.963101699586275 ], [ 17.276872334086391, 52.9630125845149 ], [ 17.276884905341731, 52.96299235200577 ], [ 17.276980850680069, 52.96283815906952 ], [ 17.277085776393957, 52.962705320438715 ], [ 17.27714929813223, 52.962624852002712 ], [ 17.277173358649403, 52.962596602125579 ], [ 17.277212888615352, 52.962550140241028 ] ], [ [ 17.278373100825227, 52.935847363205596 ], [ 17.278272634645255, 52.935809664168545 ], [ 17.278145765640563, 52.935762139392125 ], [ 17.27759701199459, 52.935554533020522 ], [ 17.276867501169583, 52.935280989459436 ], [ 17.276829514324067, 52.93526676862831 ], [ 17.276611634645704, 52.935183477643662 ], [ 17.276537736855271, 52.935155245783818 ], [ 17.276309740158805, 52.935068120204541 ], [ 17.275979996965855, 52.934941925595545 ], [ 17.275906082138341, 52.934914142756213 ] ], [ [ 17.277156452273552, 52.948895591452107 ], [ 17.277258646152742, 52.948961735107453 ], [ 17.277282609231996, 52.948980698700694 ], [ 17.27741020001077, 52.949070952788325 ], [ 17.277465370440463, 52.949158897834529 ], [ 17.277460590534218, 52.949204244792256 ], [ 17.277448555701167, 52.94927853498978 ], [ 17.27741920466428, 52.949488822900527 ], [ 17.277401829771623, 52.949697485756552 ], [ 17.277390583311327, 52.949931778467509 ], [ 17.277394830801683, 52.949989756999294 ], [ 17.277404946541559, 52.950289740795235 ], [ 17.277406497593422, 52.950336888254114 ], [ 17.277419081737538, 52.950552280721269 ], [ 17.277450820541127, 52.950735305125491 ], [ 17.277527142538101, 52.951047939926781 ], [ 17.277595853216425, 52.951398506046267 ], [ 17.277665097068621, 52.951701954867126 ], [ 17.277741751597961, 52.951890126834726 ], [ 17.277790440165941, 52.952028879866695 ], [ 17.277793721629347, 52.952096197404757 ], [ 17.277725563628763, 52.952451164838763 ], [ 17.277668280426433, 52.952757276297277 ], [ 17.277668311427696, 52.952827694377376 ], [ 17.277689652737777, 52.952852735313527 ], [ 17.277733603365593, 52.952882150935544 ], [ 17.27778594886043, 52.952898917709646 ], [ 17.277967622336142, 52.952928800383397 ], [ 17.278571034464136, 52.953014256399484 ], [ 17.279565999661113, 52.953169321489199 ], [ 17.280144113980892, 52.953243251493575 ], [ 17.280756072578068, 52.953308675041718 ] ], [ [ 17.277156452273552, 52.948895591452107 ], [ 17.277931476597765, 52.948707624309151 ], [ 17.278390985649736, 52.948594671910612 ], [ 17.279338632076545, 52.948367557594395 ], [ 17.280257411453938, 52.948150989815936 ], [ 17.280896150246054, 52.947997363872396 ], [ 17.281402300879634, 52.947875541796037 ], [ 17.282075581247643, 52.947714225235558 ], [ 17.282381928904652, 52.947640861892395 ], [ 17.282887908274233, 52.947519390787249 ], [ 17.283293338207201, 52.947417868938935 ], [ 17.283633101488796, 52.947331495204907 ], [ 17.285184778699513, 52.946911338334793 ], [ 17.286375225786514, 52.946585328280285 ], [ 17.287529271751922, 52.946275779119581 ], [ 17.288187410057279, 52.946097032718384 ], [ 17.288347080199095, 52.946053916756661 ] ], [ [ 17.277212888615352, 52.962550140241028 ], [ 17.277575251888422, 52.962655398305671 ], [ 17.277950548526775, 52.962776311137667 ], [ 17.278562031444444, 52.962973220178334 ], [ 17.279567619688944, 52.963282852345671 ], [ 17.280267234994845, 52.963496227023214 ], [ 17.280849462506811, 52.963665181305316 ], [ 17.281876023323029, 52.963991374943042 ], [ 17.282744418693554, 52.96426113460155 ], [ 17.2856404493401, 52.96514498838998 ], [ 17.286430042257784, 52.965408547739912 ], [ 17.28650823717059, 52.965435036253929 ], [ 17.286919940548628, 52.965574431872263 ], [ 17.287142391655482, 52.965648145563293 ], [ 17.287430367703578, 52.965714709137963 ], [ 17.287558897018918, 52.965764135684239 ], [ 17.287571745207739, 52.965770706046619 ], [ 17.287656408625118, 52.96581446416721 ] ], [ [ 17.283603464276144, 52.957950630580285 ], [ 17.282873003229231, 52.958337131823235 ], [ 17.282666581726438, 52.958446295304554 ], [ 17.282172578996526, 52.958735754125961 ], [ 17.281702548489054, 52.958991383020326 ], [ 17.281422813461869, 52.959135187654233 ], [ 17.281203688051828, 52.959267817277002 ], [ 17.281024678551862, 52.959387806646497 ], [ 17.280877623849182, 52.959494408348476 ], [ 17.280671787565819, 52.959644856115091 ], [ 17.280362746723377, 52.959885182038164 ], [ 17.280040959696791, 52.960146367007738 ], [ 17.280012866673431, 52.960171231570754 ], [ 17.279760159012433, 52.960395463883806 ], [ 17.279493736645584, 52.960619946772454 ], [ 17.279343496413912, 52.96074655554029 ], [ 17.278975041771478, 52.961046182796991 ], [ 17.278879889506175, 52.961131949801675 ], [ 17.278651587778175, 52.961337647336975 ], [ 17.27813188638439, 52.961766293349214 ], [ 17.277593552004102, 52.962232528851246 ], [ 17.277366423500538, 52.962412160393896 ], [ 17.277239292688598, 52.962519136402335 ], [ 17.277212888615352, 52.962550140241028 ] ], [ [ 17.283580662305614, 52.937813918383043 ], [ 17.283413637020438, 52.937750170795674 ], [ 17.282090432399393, 52.937250711775782 ], [ 17.281354582053993, 52.936970449470984 ], [ 17.28045914797173, 52.936630675354472 ], [ 17.280156467816809, 52.936515856074067 ], [ 17.279711315044405, 52.9363490601487 ], [ 17.279013309066109, 52.936087407677618 ], [ 17.278373100825227, 52.935847363205596 ] ], [ [ 17.28041192823736, 52.934142526136021 ], [ 17.28024741808029, 52.934226031228732 ], [ 17.280102477227018, 52.934277713193246 ], [ 17.279914007036979, 52.934338567496191 ], [ 17.279829069601245, 52.934374749991399 ], [ 17.279743138353204, 52.934432232239239 ], [ 17.279634690803512, 52.934516997915729 ], [ 17.279508216580176, 52.934647188579767 ], [ 17.279323479026719, 52.934966564444373 ], [ 17.279211873729192, 52.935194637754442 ], [ 17.279147521890042, 52.935263404001809 ], [ 17.279097477205742, 52.935301710185399 ], [ 17.279001220923508, 52.935349239612982 ], [ 17.278825507990092, 52.93542979255065 ], [ 17.278726056121226, 52.935490315797367 ], [ 17.278634527011668, 52.935564983355512 ], [ 17.278539138588567, 52.935658121193008 ], [ 17.278432970412489, 52.935779072021035 ], [ 17.278373100825227, 52.935847363205596 ] ], [ [ 17.280682932317401, 52.927884117303428 ], [ 17.280725459505344, 52.927997689158033 ], [ 17.280748660184127, 52.928024375416264 ], [ 17.280754868975347, 52.928036696215798 ], [ 17.280761222946619, 52.928049109049454 ], [ 17.280808820600175, 52.928106096195137 ], [ 17.281027272173191, 52.928298207447291 ], [ 17.281148463773317, 52.928424698639233 ], [ 17.281247285873416, 52.928529821646542 ], [ 17.281290747875339, 52.928604825368105 ], [ 17.281346642367939, 52.928704111085835 ], [ 17.281398310488886, 52.928827437784761 ], [ 17.281476133677067, 52.929045662817202 ], [ 17.281633957691028, 52.929494824798788 ], [ 17.281747826541761, 52.929810069511724 ], [ 17.281898698653197, 52.930198155676969 ], [ 17.281986576123142, 52.930406902832829 ], [ 17.282033622831854, 52.930564337047542 ], [ 17.282121746917099, 52.930857085411681 ], [ 17.282182917257941, 52.931075069064001 ], [ 17.282225179489892, 52.931184229716258 ], [ 17.282262409677479, 52.931255095916086 ], [ 17.282336242435523, 52.931329998719832 ], [ 17.282562423355852, 52.931504142059623 ], [ 17.2828003830457, 52.931674048473674 ], [ 17.28300314308806, 52.931845873873904 ], [ 17.283185111626484, 52.932035385123179 ], [ 17.283398013972555, 52.932315815979479 ] ], [ [ 17.281373199634768, 52.940485850357135 ], [ 17.281631026807403, 52.940196846874045 ], [ 17.28167230573985, 52.940150678596687 ], [ 17.281692464433331, 52.940122821037804 ], [ 17.281777974671726, 52.940004806216308 ], [ 17.282245278828217, 52.939410629418212 ], [ 17.282822788653828, 52.938702119718705 ], [ 17.283343075480506, 52.938077407645153 ], [ 17.283580662305614, 52.937813918383043 ] ], [ [ 17.282913667320173, 52.953883067941256 ], [ 17.283536086696266, 52.953962927589174 ], [ 17.284039711572049, 52.954041877947539 ], [ 17.284728272956443, 52.954162616689132 ], [ 17.285017097777608, 52.954228299649714 ], [ 17.285320359384002, 52.954297967409033 ], [ 17.285825874363272, 52.954423432775727 ], [ 17.286632248214332, 52.954623022348557 ], [ 17.287445554981264, 52.954809396233124 ], [ 17.28837843293368, 52.955011246602254 ], [ 17.288879968585814, 52.955128547569011 ], [ 17.289550193455039, 52.9552769632486 ], [ 17.289871683639959, 52.955364328655889 ] ], [ [ 17.283398013972555, 52.932315815979479 ], [ 17.283628947202114, 52.932614583519808 ], [ 17.283750228736835, 52.932743051683062 ], [ 17.283850058395362, 52.932826872714429 ], [ 17.283930681245121, 52.932888292629855 ], [ 17.284024610552564, 52.932951973151717 ], [ 17.284252813095996, 52.933067865552211 ], [ 17.284442748787871, 52.933150289338172 ], [ 17.284530693901477, 52.933188431911461 ], [ 17.284948206175926, 52.933387636576981 ], [ 17.285315592291706, 52.933574784697221 ], [ 17.285804769699411, 52.933847686690932 ], [ 17.286538319016074, 52.934238326565833 ], [ 17.286911817737252, 52.934433112188522 ], [ 17.287243965641519, 52.934608414502357 ], [ 17.287640408244915, 52.934806586280558 ], [ 17.288168724078034, 52.935091733727326 ], [ 17.288779939466444, 52.935399926607047 ], [ 17.289101958117655, 52.935572019980853 ], [ 17.289443470673586, 52.935759411976754 ], [ 17.289854530177621, 52.935980000150472 ], [ 17.290418958077062, 52.936271143082436 ], [ 17.290672035926168, 52.936395025135951 ], [ 17.290886552298712, 52.936519161316596 ], [ 17.291052220493167, 52.936621280310987 ], [ 17.291187820307275, 52.936712084686192 ], [ 17.2912690735734, 52.93677683606866 ], [ 17.291338064397575, 52.936861915800598 ] ], [ [ 17.284234724147257, 52.932144258992793 ], [ 17.284175141899496, 52.932186836273416 ], [ 17.284105438372396, 52.932221892808521 ], [ 17.283937561066566, 52.932255441322752 ], [ 17.283850966398376, 52.932269748924526 ], [ 17.28374743512045, 52.932283272193985 ], [ 17.283673489187876, 52.932290118060813 ], [ 17.283398013972555, 52.932315815979479 ] ], [ [ 17.285704636247392, 52.938617829943539 ], [ 17.285671042840704, 52.938605294173811 ], [ 17.285515841849488, 52.938547296061778 ], [ 17.285342757291051, 52.938482294659536 ], [ 17.285024458754041, 52.938362765912501 ], [ 17.284715583970563, 52.938245890483209 ], [ 17.284310937933775, 52.938092827113437 ], [ 17.283580662305614, 52.937813918383043 ] ], [ [ 17.283603464276144, 52.957950630580285 ], [ 17.283901427672419, 52.958034344723977 ], [ 17.284196300657737, 52.958147241702122 ], [ 17.284811749957807, 52.95833707150932 ], [ 17.284853976938461, 52.958350091732662 ], [ 17.285500553575154, 52.95854756182549 ], [ 17.286347137332619, 52.958805559737954 ], [ 17.286753465033083, 52.958947487003641 ], [ 17.287463779664847, 52.959145505449186 ], [ 17.28836731672887, 52.95941384242473 ], [ 17.288482316510091, 52.959447155135962 ], [ 17.28859395183953, 52.959501553509135 ], [ 17.288734894057889, 52.959590728167591 ], [ 17.288873480361115, 52.959675462019909 ], [ 17.288966678882137, 52.959702704629137 ], [ 17.289057390111264, 52.959721277797492 ], [ 17.28913043503956, 52.959730873067706 ], [ 17.289233065864796, 52.9597304620046 ], [ 17.289298779389409, 52.959718277805202 ], [ 17.2893700366456, 52.9596863881399 ], [ 17.289409061598125, 52.95964477137921 ], [ 17.289473887918355, 52.959655057530455 ], [ 17.289529595691462, 52.959662424478765 ], [ 17.289570042947808, 52.959671550276262 ], [ 17.289868537369529, 52.959738619349316 ], [ 17.290263485857071, 52.959829738508979 ], [ 17.290665601839684, 52.959931751383664 ], [ 17.290824710078471, 52.959972081485184 ], [ 17.291052168487408, 52.96003911511044 ], [ 17.291503656810146, 52.960177088792925 ], [ 17.292583687025839, 52.960495595050503 ], [ 17.293400116420958, 52.960734672647618 ] ], [ [ 17.283603464276144, 52.957950630580285 ], [ 17.284230447049147, 52.957627112811025 ], [ 17.284758900816112, 52.957339491815645 ], [ 17.285209402521641, 52.957098498051373 ], [ 17.285804699811504, 52.956784767200048 ], [ 17.286524752364517, 52.956411588020877 ], [ 17.28685372278013, 52.956219377953616 ], [ 17.287014959034622, 52.956141392204401 ], [ 17.287067213601141, 52.956115435371551 ], [ 17.28713906574847, 52.956079688511707 ], [ 17.287258921948343, 52.956031323436633 ], [ 17.287501803568112, 52.955952355390529 ], [ 17.287894927804263, 52.955851179803311 ], [ 17.288680365866533, 52.955657896310655 ], [ 17.289425987207519, 52.955473387528322 ], [ 17.289871683639959, 52.955364328655889 ] ], [ [ 17.284592650116398, 52.963390117331016 ], [ 17.284780362957335, 52.963437973053487 ], [ 17.285076751198332, 52.963513567237371 ], [ 17.285693229735518, 52.963679394602224 ], [ 17.286110871189578, 52.963796215760603 ], [ 17.286366168125099, 52.963867706695623 ], [ 17.286579471573138, 52.963916378215266 ], [ 17.286602158627268, 52.963918953632351 ], [ 17.286624842129626, 52.963921618926726 ], [ 17.286646192983667, 52.96392408513789 ], [ 17.286721652349911, 52.963921755583492 ], [ 17.286786557953011, 52.963907582567785 ], [ 17.286877343096823, 52.963871749034652 ], [ 17.287235823155743, 52.963710630276978 ], [ 17.287354662075035, 52.963662160437949 ], [ 17.287436590934188, 52.963643106225014 ], [ 17.287503316698217, 52.963639391260301 ], [ 17.287564824158821, 52.963647112468202 ], [ 17.287640671049108, 52.963665112738674 ], [ 17.287670251171182, 52.963674172505307 ], [ 17.28781814486484, 52.963719650992587 ], [ 17.288107772728303, 52.963815734784589 ], [ 17.288697985770771, 52.96398701372798 ], [ 17.288951458131066, 52.964078437882968 ], [ 17.289223900279165, 52.964183624492399 ], [ 17.289331537379397, 52.964218898739396 ], [ 17.2894503218666, 52.964251005825389 ], [ 17.289530902672468, 52.9642623280536 ], [ 17.289625678965734, 52.964268728361191 ], [ 17.289673233893076, 52.964267704045042 ], [ 17.289750806530357, 52.964257129159741 ], [ 17.289948567903934, 52.964080828854023 ], [ 17.290170702924975, 52.963879427921832 ], [ 17.290280126853808, 52.963778838555932 ], [ 17.29035445010571, 52.963703374983723 ], [ 17.290384783454293, 52.963666938908659 ], [ 17.290414967889809, 52.963630500683792 ], [ 17.290538895385605, 52.963468066090435 ], [ 17.29066538463583, 52.96329730446579 ], [ 17.290884362624237, 52.963013388428912 ], [ 17.290913465158408, 52.962977923780365 ], [ 17.290976756157441, 52.962902660895317 ], [ 17.291262557022204, 52.962570871615604 ], [ 17.291677652762754, 52.962083737814822 ], [ 17.291888484154285, 52.961821016919252 ], [ 17.29209026174474, 52.961598995031459 ], [ 17.292181515267242, 52.961505697155495 ], [ 17.292260449266013, 52.961430208737163 ], [ 17.292341212038313, 52.961368776064376 ], [ 17.292450100597673, 52.961296595805727 ], [ 17.292744347120813, 52.961116551083698 ], [ 17.293140436145855, 52.960884278567335 ], [ 17.293400116420958, 52.960734672647618 ] ], [ [ 17.285704636247392, 52.938617829943539 ], [ 17.286045476158947, 52.93828765625382 ], [ 17.286312607178463, 52.938029534159469 ], [ 17.286322395557093, 52.937985248338855 ], [ 17.286301768248396, 52.937961028579586 ], [ 17.286021959005907, 52.937854468434239 ], [ 17.285871208276632, 52.937804449090258 ], [ 17.285683019768385, 52.937729967124895 ], [ 17.285347873972519, 52.937622516961156 ] ], [ [ 17.289077047049602, 52.939889712913825 ], [ 17.288785174645096, 52.939779028656659 ], [ 17.288481716925794, 52.939663949922917 ], [ 17.287490955857407, 52.939285084458994 ], [ 17.287069291225901, 52.939125220206606 ], [ 17.286690801470336, 52.938984143550464 ], [ 17.285950494943595, 52.938709691559588 ], [ 17.285704636247392, 52.938617829943539 ] ], [ [ 17.287207551420728, 52.943806795066877 ], [ 17.286778257145116, 52.943918058477394 ], [ 17.286708489398638, 52.943999521145955 ], [ 17.286684765874838, 52.944083716194193 ], [ 17.287003713152139, 52.944500748192368 ] ], [ [ 17.287207551420728, 52.943806795066877 ], [ 17.287245895452632, 52.943831090150631 ], [ 17.287329556822073, 52.943948129964411 ], [ 17.287385889264421, 52.944033389144053 ], [ 17.287537845056764, 52.944230644241777 ], [ 17.287760581892989, 52.944531892559091 ], [ 17.287789559541999, 52.944559649806365 ] ], [ [ 17.288902196546569, 52.94406413877126 ], [ 17.288529576676023, 52.943882503157063 ], [ 17.286080372330051, 52.942809370352087 ], [ 17.285993355660477, 52.942803708372338 ], [ 17.28593837630218, 52.942816135409807 ], [ 17.285926910591392, 52.942831258636936 ], [ 17.285545099774403, 52.943119831280718 ], [ 17.285491959954285, 52.943176082102013 ], [ 17.285471728203159, 52.943228401048749 ], [ 17.285480247687151, 52.943287789930977 ], [ 17.285508369398137, 52.94331454613846 ], [ 17.286946327551572, 52.94368854425236 ], [ 17.287132461149312, 52.943759217159403 ], [ 17.287207551420728, 52.943806795066877 ] ], [ [ 17.287789559541999, 52.944559649806365 ], [ 17.287900872301051, 52.944666475546391 ] ], [ [ 17.287789559541999, 52.944559649806365 ], [ 17.28778269575665, 52.944394163920791 ], [ 17.287852017611691, 52.944335267418502 ], [ 17.287930186946888, 52.944304917223242 ], [ 17.287992263127727, 52.944301315026152 ], [ 17.288095237810481, 52.944332746443152 ], [ 17.28842950860248, 52.944411037453243 ], [ 17.288512176340671, 52.944391183915705 ], [ 17.288902196546569, 52.94406413877126 ] ], [ [ 17.287900872301051, 52.944666475546391 ], [ 17.287966615922048, 52.94470951154986 ], [ 17.28803471939186, 52.944749343925942 ], [ 17.288314988587068, 52.944913372780981 ], [ 17.288896410635282, 52.94525189164095 ], [ 17.289159379903797, 52.945409284065001 ], [ 17.289332581275648, 52.945509894806435 ], [ 17.289408445803943, 52.945556852891713 ], [ 17.289493602732033, 52.945621121915799 ] ], [ [ 17.287900872301051, 52.944666475546391 ], [ 17.287897743370198, 52.944723088311669 ], [ 17.287914262962222, 52.944776027144513 ], [ 17.287974388250603, 52.944814305664188 ], [ 17.288081624148077, 52.944873587807962 ], [ 17.2886075828938, 52.945180102196872 ], [ 17.28916641206704, 52.945495181469177 ], [ 17.28927817894219, 52.94555668613971 ], [ 17.289315016241588, 52.945585275625866 ], [ 17.289329140765567, 52.945604634725413 ], [ 17.28933443631405, 52.945628902961985 ], [ 17.289327183038097, 52.945654249592081 ], [ 17.289311295817051, 52.945679561848124 ], [ 17.289278948697444, 52.945699421000057 ], [ 17.289202003787821, 52.945725113196396 ], [ 17.288950850478983, 52.945796410976179 ], [ 17.288607077523952, 52.945886878970619 ], [ 17.288498731193943, 52.945915985546982 ], [ 17.288449005555254, 52.94593856194075 ], [ 17.288420568775603, 52.945964952370197 ], [ 17.288398583864669, 52.945986309547848 ], [ 17.288347080199095, 52.946053916756661 ] ], [ [ 17.289592678508896, 52.945721294666271 ], [ 17.288787562955491, 52.945934984564914 ], [ 17.288347080199095, 52.946053916756661 ] ], [ [ 17.288520335903254, 52.937980147870114 ], [ 17.288885484029056, 52.937878296940184 ], [ 17.28891002129733, 52.937871365740364 ], [ 17.288935458288599, 52.937864267626757 ], [ 17.288980009310162, 52.937851868920781 ], [ 17.28909184193769, 52.937820653803691 ], [ 17.289434745717674, 52.93772414665807 ], [ 17.289622849846854, 52.93764618469713 ], [ 17.289925264206403, 52.937534524081372 ], [ 17.290329668028264, 52.937354272446363 ], [ 17.290879683308212, 52.93710893415772 ], [ 17.291249830024814, 52.936895001278117 ], [ 17.291338064397575, 52.936861915800598 ] ], [ [ 17.289515672906017, 52.944333418160937 ], [ 17.288902196546569, 52.94406413877126 ] ], [ [ 17.289077047049602, 52.939889712913825 ], [ 17.289762540138991, 52.940147078224427 ] ], [ [ 17.289077047049602, 52.939889712913825 ], [ 17.288983875535241, 52.939960947233558 ], [ 17.288893349101073, 52.940048137742728 ], [ 17.28854938901997, 52.940370810070704 ], [ 17.288422411029508, 52.940487602754054 ], [ 17.288395213575022, 52.940524173476859 ], [ 17.288387357758548, 52.9405610228306 ], [ 17.288395417858712, 52.940601968593462 ], [ 17.288432189216614, 52.940647195087138 ], [ 17.288488990650702, 52.940675263075626 ], [ 17.288727478260494, 52.940750644792153 ], [ 17.288959807025691, 52.940812357425834 ], [ 17.289020726348969, 52.940819080371426 ], [ 17.289059569728121, 52.940811815550873 ], [ 17.289105800058227, 52.94078334293598 ], [ 17.289276737644723, 52.940608815887551 ], [ 17.289762540138991, 52.940147078224427 ] ], [ [ 17.289493602732033, 52.945621121915799 ], [ 17.289522638951805, 52.945647440638389 ], [ 17.289592678508896, 52.945721294666271 ] ], [ [ 17.289493602732033, 52.945621121915799 ], [ 17.289672988755655, 52.945595195430329 ], [ 17.289711397020554, 52.945587744246865 ], [ 17.289909418812073, 52.945538523188034 ], [ 17.29044951359322, 52.94538891240277 ], [ 17.291025918605619, 52.945235864385978 ], [ 17.291706406833036, 52.945048336866016 ], [ 17.29190066506137, 52.945000047665651 ], [ 17.291947444051516, 52.944991726835894 ], [ 17.291995363907027, 52.944988458637965 ], [ 17.29204338660168, 52.944990138216319 ], [ 17.29208614489616, 52.945000735407788 ], [ 17.292153841400204, 52.945028328651048 ] ], [ [ 17.289515672906017, 52.944333418160937 ], [ 17.28965735255461, 52.944387618874806 ], [ 17.289800252546488, 52.94439956843582 ], [ 17.289921776114397, 52.94439484234605 ], [ 17.289924015136734, 52.944394694705046 ], [ 17.289995706773823, 52.944373782834575 ], [ 17.290086013277332, 52.944296121242232 ], [ 17.290092667317722, 52.944263301495702 ], [ 17.290079921560235, 52.944220309925392 ], [ 17.290048399055564, 52.944189099161939 ], [ 17.289998333694921, 52.944167514162778 ], [ 17.289924280236885, 52.944157724860879 ], [ 17.289856872500494, 52.944164398985883 ], [ 17.289800046780002, 52.944174552910219 ], [ 17.289701673924448, 52.944230244439559 ], [ 17.289595584616528, 52.944289062399264 ], [ 17.289515672906017, 52.944333418160937 ] ], [ [ 17.29207271876583, 52.945050545187264 ], [ 17.290988488344126, 52.945346932932075 ], [ 17.290087087643435, 52.945590093661728 ], [ 17.289592678508896, 52.945721294666271 ] ], [ [ 17.289762540138991, 52.940147078224427 ], [ 17.290078516407718, 52.940265751259197 ], [ 17.290394490873901, 52.940384513347688 ], [ 17.291026597358702, 52.940621947297359 ], [ 17.291057547690752, 52.94063363411454 ], [ 17.291285153752415, 52.940717038067639 ] ], [ [ 17.289871683639959, 52.955364328655889 ], [ 17.29081178798365, 52.955122984424591 ], [ 17.291577504785199, 52.954926880132405 ], [ 17.292570283317833, 52.954674767963397 ], [ 17.293343454283914, 52.954478040015857 ], [ 17.293773003754048, 52.954362529335647 ] ], [ [ 17.291285153752415, 52.940717038067639 ], [ 17.291838984328358, 52.940919976688662 ], [ 17.292447251063336, 52.941143210522803 ] ], [ [ 17.291285153752415, 52.940717038067639 ], [ 17.291588231317633, 52.940415174177986 ], [ 17.291670375469085, 52.940336584636768 ], [ 17.291689298778962, 52.940317251303753 ], [ 17.291726461821135, 52.940288377509383 ], [ 17.291868891914227, 52.940296810521552 ], [ 17.292047363956634, 52.940361520003663 ], [ 17.292930809936909, 52.940711285650728 ], [ 17.292775853946772, 52.940835684977976 ], [ 17.292544998940318, 52.941042631165132 ], [ 17.292511973423586, 52.941072284138784 ], [ 17.292447251063336, 52.941143210522803 ] ], [ [ 17.291338064397575, 52.936861915800598 ], [ 17.29137993647047, 52.936909912759894 ], [ 17.291446005388593, 52.936989824213818 ], [ 17.291752418517653, 52.937358369603842 ], [ 17.291956767972746, 52.937566984692957 ], [ 17.292297854126119, 52.937951135822843 ], [ 17.29263600796169, 52.93828892821444 ], [ 17.292718110332867, 52.938377612971316 ], [ 17.292998415543554, 52.938661152711006 ], [ 17.29314347131163, 52.938788063862816 ], [ 17.293233994809327, 52.938859512132851 ], [ 17.293315442195262, 52.938911944002953 ], [ 17.293418725062384, 52.938973143171133 ], [ 17.293503405983621, 52.93900772466678 ], [ 17.293540416817329, 52.939020487154593 ], [ 17.29389145401241, 52.939141002617205 ], [ 17.294840955527324, 52.939412021998315 ], [ 17.295586336458907, 52.939615893458239 ], [ 17.295612405470639, 52.939623012408589 ], [ 17.295889316594543, 52.939694344319051 ], [ 17.296259512958084, 52.939789766370602 ], [ 17.296466631723412, 52.939841569882098 ], [ 17.296761012533942, 52.939907844170406 ], [ 17.297709457820027, 52.940108047933172 ], [ 17.298388261764771, 52.940260315435694 ], [ 17.298408330333931, 52.940264829704411 ], [ 17.298981938812663, 52.940393103910388 ], [ 17.2991560707157, 52.940432109596237 ], [ 17.299334156616833, 52.94047279041569 ], [ 17.299471686371014, 52.94049994015365 ], [ 17.299658945801646, 52.940530679282688 ] ], [ [ 17.29207271876583, 52.945050545187264 ], [ 17.292077209720276, 52.945151964276079 ], [ 17.292081697149552, 52.94525347324538 ], [ 17.292112036265443, 52.945496188936694 ], [ 17.292206974896317, 52.945973658989274 ], [ 17.292308932709055, 52.946401496840011 ], [ 17.292333856408465, 52.946505817610976 ], [ 17.292389189921611, 52.946760403809378 ], [ 17.292404799743547, 52.946870616215293 ], [ 17.292438032619462, 52.947111754537346 ], [ 17.29245249052201, 52.947319257885354 ], [ 17.292455992720949, 52.947377764666335 ], [ 17.292475566549736, 52.947455388336351 ], [ 17.2925228850821, 52.947626221555282 ], [ 17.292534857457969, 52.947756976310821 ], [ 17.292602116682819, 52.948143575479691 ], [ 17.292672363720285, 52.948526170526939 ], [ 17.292735036804423, 52.948810000201838 ], [ 17.292810552349078, 52.949130706994254 ], [ 17.292867964325872, 52.94947633485485 ], [ 17.292918031735926, 52.949721132229485 ], [ 17.29295727453615, 52.949949676063035 ], [ 17.292987688507989, 52.950190683653517 ], [ 17.293022154835448, 52.950396855453782 ] ], [ [ 17.292153841400204, 52.945028328651048 ], [ 17.29207271876583, 52.945050545187264 ] ], [ [ 17.295081365249739, 52.944231836334282 ], [ 17.294453643554107, 52.944399545824332 ], [ 17.293921045743048, 52.944540918555361 ], [ 17.293456082512009, 52.944669770397475 ], [ 17.29327530780737, 52.944719784667029 ], [ 17.293231806608258, 52.944731840355097 ], [ 17.293068337681909, 52.944777156584706 ], [ 17.292257386187874, 52.945000049084456 ], [ 17.292153841400204, 52.945028328651048 ] ], [ [ 17.292447251063336, 52.941143210522803 ], [ 17.292730182883268, 52.941247012191987 ], [ 17.293618940342274, 52.941579671633704 ] ], [ [ 17.293022154835448, 52.950396855453782 ], [ 17.293061795299923, 52.950619109627972 ], [ 17.29311351081758, 52.950822111717699 ], [ 17.293146018194868, 52.950934365322567 ], [ 17.293189839301661, 52.951122325097614 ], [ 17.293221759264743, 52.951321355521792 ], [ 17.293272842727017, 52.951616080023939 ], [ 17.293327971549601, 52.951872371295586 ], [ 17.293359875108212, 52.952075628264147 ], [ 17.293389089151635, 52.952271562021956 ], [ 17.2934520975734, 52.952550899262391 ], [ 17.293521441830737, 52.952956773115652 ], [ 17.293604108373639, 52.953383612707448 ], [ 17.293645502946219, 52.953705177659884 ], [ 17.293697267793842, 52.954050813638531 ], [ 17.293721423457633, 52.954231565876718 ], [ 17.293736645714432, 52.954279898549913 ], [ 17.293773003754048, 52.954362529335647 ] ], [ [ 17.293022154835448, 52.950396855453782 ], [ 17.293405942338286, 52.950205954585797 ], [ 17.293902415825965, 52.949974132228071 ], [ 17.294467362881285, 52.949689690637562 ], [ 17.294866778289293, 52.949509981239551 ], [ 17.295363977582905, 52.949251722976676 ], [ 17.295740748178087, 52.949072135475319 ], [ 17.295880730525173, 52.949007233032773 ], [ 17.296204973542419, 52.948857018265272 ], [ 17.296334857887924, 52.948802762450555 ] ], [ [ 17.295394679546877, 52.959397939947245 ], [ 17.295297264990118, 52.959424781466396 ], [ 17.295217496642234, 52.959461139133886 ], [ 17.29518922076657, 52.959479529447165 ], [ 17.295160796019154, 52.95949791761803 ], [ 17.294855306721367, 52.959710632393524 ], [ 17.294426666312841, 52.960021224497602 ], [ 17.294088063332001, 52.960269075455884 ], [ 17.293924692537328, 52.960382293786296 ], [ 17.293695133864251, 52.960534851457176 ], [ 17.293400116420958, 52.960734672647618 ] ], [ [ 17.293618940342274, 52.941579671633704 ], [ 17.293680117561106, 52.941602583833408 ], [ 17.294375294443405, 52.941864917573547 ] ], [ [ 17.294375294443405, 52.941864917573547 ], [ 17.294510116043284, 52.941767926553084 ], [ 17.294620631389417, 52.941709797319824 ], [ 17.294633757153957, 52.941675091692844 ], [ 17.294608017836751, 52.941640637620353 ], [ 17.294324634623951, 52.941517858118537 ], [ 17.294186444579758, 52.94146964860866 ], [ 17.294107396714541, 52.941416622312794 ], [ 17.293988569531141, 52.941353042219582 ], [ 17.293878665694688, 52.941335096273598 ], [ 17.293816636230275, 52.941386816381993 ], [ 17.293618940342274, 52.941579671633704 ] ], [ [ 17.29362722167647, 52.943604903070387 ], [ 17.293907179253392, 52.943716663105754 ], [ 17.294650459602114, 52.944032476324296 ], [ 17.294946929584832, 52.944159849410802 ], [ 17.294982422257227, 52.944177266140201 ], [ 17.295081365249739, 52.944231836334282 ] ], [ [ 17.293773003754048, 52.954362529335647 ], [ 17.293900633950042, 52.954328208842817 ], [ 17.294215237356887, 52.954253854228249 ] ], [ [ 17.294215237356887, 52.954253854228249 ], [ 17.295455053643888, 52.954618336433668 ], [ 17.296595155232971, 52.954978048687359 ], [ 17.297485295404584, 52.9552568266352 ], [ 17.298127785598346, 52.955456237929234 ], [ 17.298405588856056, 52.95555302691465 ], [ 17.298497955241526, 52.955578631374784 ], [ 17.298590176431485, 52.955604143750605 ] ], [ [ 17.294215237356887, 52.954253854228249 ], [ 17.294515148033177, 52.954178208716343 ], [ 17.294857168948681, 52.954099569408164 ], [ 17.295484625030195, 52.953953527193519 ], [ 17.296088457532193, 52.95379086509697 ], [ 17.296781031068033, 52.953586663908773 ], [ 17.297666989915612, 52.953349436035424 ], [ 17.298408577676781, 52.953151863170113 ], [ 17.2995774216105, 52.95282415225725 ], [ 17.299659289426788, 52.952805988197056 ], [ 17.299724390045725, 52.952790102283608 ] ], [ [ 17.294375294443405, 52.941864917573547 ], [ 17.294422677392877, 52.941882774977287 ], [ 17.294607098091607, 52.941959257222571 ], [ 17.294652214076805, 52.94197798132506 ], [ 17.294760733876299, 52.942027383244167 ] ], [ [ 17.294609791609179, 52.964408524766405 ], [ 17.29467139599425, 52.96420193395366 ], [ 17.294703224463973, 52.964055530511011 ], [ 17.294738613134861, 52.963886784890562 ], [ 17.294744728152054, 52.963852518327414 ], [ 17.294786270772978, 52.963606878561968 ], [ 17.294848080437067, 52.963145241308027 ], [ 17.294913638733306, 52.962686715495757 ], [ 17.295007921110255, 52.962005388611701 ], [ 17.295131736980096, 52.961069256077685 ], [ 17.295290638064639, 52.959949084530564 ], [ 17.295324321936501, 52.959687233766175 ], [ 17.295342308280276, 52.959574536184739 ], [ 17.295347881960659, 52.959523714174559 ], [ 17.29536788085003, 52.959446928642727 ], [ 17.295394679546877, 52.959397939947245 ] ], [ [ 17.294760733876299, 52.942027383244167 ], [ 17.294995480685838, 52.94213399525659 ], [ 17.29512251498474, 52.942185820915675 ], [ 17.295288696933383, 52.942256734324666 ], [ 17.295432276143799, 52.942311854749171 ], [ 17.295473523962848, 52.942326745852476 ] ], [ [ 17.295176839230137, 52.941428914501671 ], [ 17.295146857739496, 52.941490987772568 ], [ 17.295093906520531, 52.941667755806122 ], [ 17.295051972371802, 52.94169305478875 ], [ 17.2949760720489, 52.94183253097156 ], [ 17.294915330567392, 52.941900727876629 ], [ 17.294823035991012, 52.94197629609338 ], [ 17.294760733876299, 52.942027383244167 ] ], [ [ 17.296679988016248, 52.943789540965881 ], [ 17.296466335931878, 52.943858064592199 ], [ 17.296244984276964, 52.943921710982117 ], [ 17.295518931359528, 52.944114186517737 ], [ 17.295081365249739, 52.944231836334282 ] ], [ [ 17.295176839230137, 52.941428914501671 ], [ 17.295231550324917, 52.941434555906099 ], [ 17.295292390659355, 52.941447120137624 ], [ 17.29541286424238, 52.941480235229925 ], [ 17.295656128951684, 52.941548117083101 ], [ 17.295845652196125, 52.941597061155591 ], [ 17.296004911302504, 52.941639545374443 ], [ 17.296273781693838, 52.941752939557233 ], [ 17.296560017146358, 52.941879082775117 ], [ 17.296732036303329, 52.941960600012152 ], [ 17.296819963223786, 52.941992347751423 ], [ 17.296943447044605, 52.942024695025758 ], [ 17.297052557584969, 52.942047752927188 ], [ 17.297392501618777, 52.942118006091029 ], [ 17.297727163420184, 52.942133233527969 ], [ 17.297924242040267, 52.942122566980288 ], [ 17.298036344969063, 52.942023897552154 ], [ 17.298119730344368, 52.942027250370458 ], [ 17.298249381348683, 52.942050421518537 ], [ 17.298453372742429, 52.94213293375946 ], [ 17.298690727975888, 52.942230222731219 ], [ 17.298842385308379, 52.942326194322703 ], [ 17.298960302870881, 52.942379054441787 ], [ 17.299096427350285, 52.942419404600692 ], [ 17.299395523403341, 52.94250264710228 ], [ 17.299487994656488, 52.942532479362448 ], [ 17.299526806332441, 52.942544995923633 ], [ 17.299876120852165, 52.942611868648086 ], [ 17.300041819393186, 52.942645985842155 ] ], [ [ 17.295176839230137, 52.941428914501671 ], [ 17.295206108594897, 52.941256213352133 ], [ 17.295226635834631, 52.941203627250083 ], [ 17.295401955500409, 52.940973845586896 ], [ 17.295532904820718, 52.940819960178281 ], [ 17.295588309218537, 52.940789008616569 ], [ 17.295698571696004, 52.940722061329069 ], [ 17.295800544163829, 52.940684223274864 ], [ 17.295912651236456, 52.940676388264059 ], [ 17.296115961485246, 52.940722921615638 ], [ 17.296648162626994, 52.940863113956368 ] ], [ [ 17.295394679546877, 52.959397939947245 ], [ 17.295416677561349, 52.959364980355311 ], [ 17.295467056233395, 52.95929960237396 ], [ 17.29551205647023, 52.959249795534078 ], [ 17.295583831984107, 52.959170515021086 ], [ 17.296093053507448, 52.9586774314674 ], [ 17.296432922326318, 52.958336152849576 ], [ 17.296548273045143, 52.958220444121444 ], [ 17.296935984473876, 52.957828768057219 ], [ 17.297049872810739, 52.957716095606564 ], [ 17.297146979297757, 52.957621169129666 ], [ 17.297305686751791, 52.95746696019328 ], [ 17.297479028157301, 52.957281394296942 ], [ 17.297626061196734, 52.957136190824698 ], [ 17.297699315796439, 52.957068351707768 ], [ 17.297751635463786, 52.95701406231165 ], [ 17.297801577102387, 52.956959648896365 ], [ 17.297847318223592, 52.956898430332309 ], [ 17.297999761292552, 52.956668497265518 ], [ 17.298252058485218, 52.95621660093579 ], [ 17.298393307706558, 52.955975805059524 ], [ 17.298590176431485, 52.955604143750605 ] ], [ [ 17.295473523962848, 52.942326745852476 ], [ 17.295637481067597, 52.942386115419396 ], [ 17.296168540645617, 52.942570990093692 ], [ 17.296390241644914, 52.942638471224917 ], [ 17.296608591789887, 52.942704105237802 ], [ 17.296782720619316, 52.942747161286817 ], [ 17.297282925546149, 52.94285361669376 ], [ 17.297647580810743, 52.942935464829915 ] ], [ [ 17.295473523962848, 52.942326745852476 ], [ 17.295464841806854, 52.942403693907018 ], [ 17.295462004419782, 52.942475869426453 ], [ 17.295469687144173, 52.942534166314879 ], [ 17.295520407292511, 52.942679236450402 ], [ 17.295581096734065, 52.942824449569677 ], [ 17.295622206928101, 52.942873153459814 ], [ 17.295666894860609, 52.942917951602134 ], [ 17.295741571133735, 52.942961111415116 ], [ 17.296033623617777, 52.94312502120971 ], [ 17.296221967001099, 52.943230695434771 ], [ 17.296358743336029, 52.943299926568478 ], [ 17.296400492690097, 52.943321029908645 ], [ 17.296511580044083, 52.943377211974152 ], [ 17.296533234067073, 52.943386875462075 ], [ 17.296662712030393, 52.943444849908886 ], [ 17.296713481537168, 52.943467521376306 ], [ 17.29681337289713, 52.943509333239369 ], [ 17.296892371373712, 52.94353726565879 ], [ 17.297010288229753, 52.943578796130602 ] ], [ [ 17.295854609216985, 52.945384178859697 ], [ 17.297008665429445, 52.945636529443902 ], [ 17.29796248820421, 52.94584328247781 ], [ 17.298419000436137, 52.945941102892554 ], [ 17.29844682179116, 52.945956789912287 ], [ 17.298464597766184, 52.945985643148269 ], [ 17.298464117906676, 52.946081324929089 ], [ 17.298445020974476, 52.946245448872148 ], [ 17.298407561591656, 52.946604284456235 ] ], [ [ 17.296334857887924, 52.948802762450555 ], [ 17.296389220446443, 52.94868869752618 ], [ 17.296416520175111, 52.948630542591097 ], [ 17.296432065636566, 52.948587327861361 ], [ 17.296437308636598, 52.948522111719775 ], [ 17.296435808226811, 52.948420106258688 ], [ 17.296425401136645, 52.948264373068071 ], [ 17.296377796496945, 52.947998118565252 ], [ 17.296299760838352, 52.947517387282744 ], [ 17.296240347730798, 52.947059136372182 ], [ 17.2961683174344, 52.946645401150761 ], [ 17.296143793388548, 52.946492792971632 ], [ 17.296106009515515, 52.946257076436673 ], [ 17.296085821559082, 52.946066129034165 ], [ 17.296076649665778, 52.945947196045559 ], [ 17.296075399727254, 52.945922176753569 ], [ 17.296072143104269, 52.945853511190791 ], [ 17.296058105717488, 52.945786399751185 ], [ 17.296038549903102, 52.945730900457697 ], [ 17.296033187847193, 52.945715804753775 ], [ 17.295976748878928, 52.945610043568287 ], [ 17.295924221589313, 52.945537343858177 ], [ 17.295882391619774, 52.945476578767149 ], [ 17.29586973681872, 52.945446269719234 ], [ 17.295854609216985, 52.945384178859697 ] ], [ [ 17.295854609216985, 52.945384178859697 ], [ 17.295865865851589, 52.94532885165362 ], [ 17.295868606592371, 52.945315940612026 ], [ 17.295874496015944, 52.945294890827775 ], [ 17.295888483143706, 52.945230699414694 ], [ 17.295912848913773, 52.945118362834883 ], [ 17.295940774619112, 52.944938177896383 ], [ 17.295984749950527, 52.944925408555655 ], [ 17.296177064234612, 52.944869620076147 ], [ 17.296275104120344, 52.944841168152706 ], [ 17.296668466892523, 52.944727017173584 ], [ 17.296684128949437, 52.944722475250096 ], [ 17.296965659558715, 52.944642963063416 ], [ 17.296980715775575, 52.944638682216507 ], [ 17.297041535800762, 52.944621567340029 ], [ 17.297162580521984, 52.944587328962442 ], [ 17.297393825451191, 52.944522023963643 ] ], [ [ 17.296334857887924, 52.948802762450555 ], [ 17.296606582975389, 52.948689295625371 ], [ 17.297138224430675, 52.948444474111703 ], [ 17.297459671456892, 52.94830078099254 ], [ 17.297620936830548, 52.948220802944064 ], [ 17.297737475936486, 52.948153673870891 ], [ 17.297870688940279, 52.948067627827662 ], [ 17.297978455179731, 52.947981217136601 ], [ 17.298106020039015, 52.947875934215709 ], [ 17.298159240044345, 52.947809786384141 ], [ 17.29820923015313, 52.947731091593297 ], [ 17.298244228739357, 52.947647415629575 ], [ 17.29831639825429, 52.947420918915839 ], [ 17.298381216697869, 52.94713891819687 ], [ 17.298401111159109, 52.947015185590281 ], [ 17.298405630875312, 52.94698728117416 ], [ 17.298406301188745, 52.946970203516493 ], [ 17.298411183872432, 52.94684580626096 ], [ 17.298405275267481, 52.946745986021483 ], [ 17.298401711517581, 52.946685050388609 ], [ 17.298407561591656, 52.946604284456235 ] ], [ [ 17.296679988016248, 52.943789540965881 ], [ 17.29676657977377, 52.943878107226176 ], [ 17.297098210692763, 52.944167948250971 ] ], [ [ 17.297010288229753, 52.943578796130602 ], [ 17.296979112836915, 52.943606858051616 ], [ 17.296921493046121, 52.943648660402594 ], [ 17.296861548938562, 52.943688990480936 ], [ 17.296801572444487, 52.9437263522763 ], [ 17.296746944378391, 52.943756416206497 ], [ 17.296679988016248, 52.943789540965881 ] ], [ [ 17.29717334069802, 52.943403605305519 ], [ 17.297157787716323, 52.943424336793875 ], [ 17.297151344795193, 52.943432967956305 ], [ 17.29709782714535, 52.943495423838648 ], [ 17.297010288229753, 52.943578796130602 ] ], [ [ 17.297025625846427, 52.933874788695732 ], [ 17.297091322177454, 52.934229707174175 ], [ 17.297223471928394, 52.935034074496933 ], [ 17.29723847503907, 52.935125841434086 ], [ 17.297291572089534, 52.935407463519681 ], [ 17.297304579475828, 52.935462868864661 ], [ 17.297317590422551, 52.935518184325481 ], [ 17.297357298879987, 52.935629011385892 ], [ 17.297394876820036, 52.935703115192609 ], [ 17.297554806144817, 52.936019992978437 ], [ 17.297814467067546, 52.936458270173212 ], [ 17.298069850754388, 52.936918429137698 ], [ 17.298230063792921, 52.937224517992767 ], [ 17.298336743651273, 52.937434420897659 ], [ 17.298460212096209, 52.937732428733625 ], [ 17.298497326600906, 52.937829818169583 ], [ 17.2985764041591, 52.938037616792883 ], [ 17.298703721215116, 52.938366616409695 ], [ 17.298797397457694, 52.938608348791256 ], [ 17.29896575396306, 52.939044866075399 ] ], [ [ 17.302307615880068, 52.931129813033422 ], [ 17.302242808272386, 52.931108651959484 ], [ 17.30215352468468, 52.931089209517197 ], [ 17.302075275320021, 52.931076849558934 ], [ 17.301996647574335, 52.931066552602161 ], [ 17.301893714659698, 52.931061214240408 ], [ 17.30163448006217, 52.931052742104555 ], [ 17.300428787574567, 52.931025876806295 ], [ 17.299118981542424, 52.930993461720043 ], [ 17.297605971792489, 52.930962257419608 ], [ 17.296584042186019, 52.930921528417976 ], [ 17.296639953749107, 52.931286649375132 ], [ 17.296771207257141, 52.932181657447195 ], [ 17.296881787802622, 52.932943717471915 ], [ 17.297025625846427, 52.933874788695732 ] ], [ [ 17.297025625846427, 52.933874788695732 ], [ 17.300634435145572, 52.933743179621253 ], [ 17.301298371018241, 52.933721737611066 ], [ 17.302282987633046, 52.933683200969192 ], [ 17.304277850810703, 52.933624275793555 ], [ 17.304328514588427, 52.933603774717099 ], [ 17.304334368908691, 52.933568244789313 ], [ 17.304291163101933, 52.933527428047753 ], [ 17.302366520807372, 52.931594619631205 ], [ 17.302153497690878, 52.931378883655654 ], [ 17.302113794929497, 52.931309517419088 ], [ 17.302110631767551, 52.93125344388902 ], [ 17.302140280699486, 52.931218433978003 ], [ 17.30217696057359, 52.9311863124667 ], [ 17.302234023792792, 52.931158169496115 ], [ 17.302307615880068, 52.931129813033422 ] ], [ [ 17.297098210692763, 52.944167948250971 ], [ 17.297183523489178, 52.944270165675754 ], [ 17.297372214378214, 52.944496083385154 ], [ 17.297393825451191, 52.944522023963643 ] ], [ [ 17.297098210692763, 52.944167948250971 ], [ 17.297537377173263, 52.944107961013884 ], [ 17.297714602195715, 52.944083700208303 ], [ 17.297918732426332, 52.944049122540982 ], [ 17.298024253826121, 52.944034805907243 ], [ 17.298165147217215, 52.94402962938937 ], [ 17.298281987080635, 52.944034180701557 ], [ 17.298323147445174, 52.944039986312312 ], [ 17.298366380366843, 52.944046091389694 ], [ 17.298423352459164, 52.944054911333495 ] ], [ [ 17.298480995838837, 52.943553461163752 ], [ 17.29812791399721, 52.943510362658706 ], [ 17.297857028311455, 52.94347824335108 ], [ 17.297839987698435, 52.943476200569336 ], [ 17.297551909546367, 52.943442125536173 ], [ 17.297271059702723, 52.943413549368529 ], [ 17.29717334069802, 52.943403605305519 ] ], [ [ 17.29717334069802, 52.943403605305519 ], [ 17.297238690697327, 52.943316587385901 ], [ 17.297343693753369, 52.943182742983034 ], [ 17.297391800662304, 52.943117781265826 ], [ 17.297435992756402, 52.943076685609959 ], [ 17.297485354199416, 52.943040430458638 ], [ 17.297647580810743, 52.942935464829915 ] ], [ [ 17.297393825451191, 52.944522023963643 ], [ 17.29745492610736, 52.944584953248643 ], [ 17.297565796503989, 52.944699857412452 ] ], [ [ 17.297565796503989, 52.944699857412452 ], [ 17.297960785449291, 52.945109225280845 ], [ 17.298052432201104, 52.945205687132137 ], [ 17.298118700514113, 52.945292522312357 ] ], [ [ 17.297565796503989, 52.944699857412452 ], [ 17.297780326255602, 52.944609040999097 ] ], [ [ 17.297647580810743, 52.942935464829915 ], [ 17.297926385954895, 52.942978130315929 ], [ 17.297969511311052, 52.9429831548088 ], [ 17.298345048155277, 52.943041953954051 ], [ 17.298683295094559, 52.943095001847027 ], [ 17.298849460679239, 52.943121033415778 ], [ 17.299031115621322, 52.943150703950252 ], [ 17.299285992736397, 52.943192394140205 ], [ 17.299390985698949, 52.943206667427006 ], [ 17.299465178023002, 52.943216722611318 ], [ 17.299536900106279, 52.943221436350512 ], [ 17.299556948274493, 52.943222712535103 ], [ 17.299689352926872, 52.94322892415844 ] ], [ [ 17.297780326255602, 52.944609040999097 ], [ 17.298052052166206, 52.944889207591416 ], [ 17.298117677220169, 52.944878636165463 ], [ 17.298345193206249, 52.944460738682324 ], [ 17.298331433279625, 52.944397858339023 ] ], [ [ 17.297780326255602, 52.944609040999097 ], [ 17.297831647057428, 52.94458738291533 ], [ 17.298331433279625, 52.944397858339023 ] ], [ [ 17.298118700514113, 52.945292522312357 ], [ 17.298218101711555, 52.945422819956413 ], [ 17.29826359556295, 52.945488942724417 ], [ 17.298369095171918, 52.945642170544083 ], [ 17.298419098723379, 52.945703411519439 ], [ 17.298479166038188, 52.945754814031162 ], [ 17.298557382741787, 52.945821765005206 ], [ 17.298888654902751, 52.945897555246646 ], [ 17.299143110005389, 52.945946614086168 ], [ 17.299237237180964, 52.945964778903978 ], [ 17.299307130215158, 52.945978279998968 ], [ 17.299569983375914, 52.946029616511069 ], [ 17.299652801233222, 52.946043841965626 ], [ 17.299764067764105, 52.946053977802258 ], [ 17.299942429169619, 52.946061656088034 ] ], [ [ 17.298118700514113, 52.945292522312357 ], [ 17.298255042282573, 52.9452896187261 ], [ 17.29845782349101, 52.945312308077611 ], [ 17.299200723428147, 52.945388865298 ] ], [ [ 17.298331433279625, 52.944397858339023 ], [ 17.298446499614592, 52.944216222838548 ], [ 17.298514651007498, 52.944069169129889 ] ], [ [ 17.298407561591656, 52.946604284456235 ], [ 17.298727016275699, 52.94661713268205 ], [ 17.299212852181878, 52.946654665102194 ], [ 17.299443234589642, 52.946668484712021 ], [ 17.299518507533676, 52.946666324409648 ], [ 17.299585765474585, 52.946659732578532 ], [ 17.299754496160698, 52.946632109535592 ] ], [ [ 17.298423352459164, 52.944054911333495 ], [ 17.29848032457523, 52.944063731250196 ], [ 17.298514651007498, 52.944069169129889 ] ], [ [ 17.298423352459164, 52.944054911333495 ], [ 17.298452355311202, 52.943983560167013 ], [ 17.298483198751292, 52.943903242054041 ], [ 17.298529394149384, 52.943811092756945 ], [ 17.299063767327659, 52.943897075451439 ], [ 17.299083077333151, 52.943947534478916 ], [ 17.299142341841836, 52.944091466205869 ], [ 17.299348530389917, 52.944118249831376 ], [ 17.29940304522373, 52.944132789841511 ], [ 17.29940613819517, 52.944133643506902 ] ], [ [ 17.298514651007498, 52.944069169129889 ], [ 17.298696947171468, 52.94409777013486 ], [ 17.298750918810978, 52.944107176488927 ], [ 17.299337703892274, 52.944212074811524 ] ], [ [ 17.299023708123247, 52.954556157808575 ], [ 17.298967067555925, 52.954697890536401 ], [ 17.298770139464107, 52.955196446827259 ], [ 17.298668010087049, 52.955438522710338 ], [ 17.298590176431485, 52.955604143750605 ] ], [ [ 17.298762240366003, 52.951524286007654 ], [ 17.298826388684365, 52.951502271524184 ], [ 17.298903092100311, 52.951486642111604 ], [ 17.299010135847844, 52.951464342278221 ], [ 17.299184192430388, 52.951430500888478 ], [ 17.299371330819461, 52.951397206203211 ], [ 17.299465651061968, 52.95138038963325 ], [ 17.299514483799513, 52.951372994518152 ], [ 17.299586535262272, 52.951362064535303 ], [ 17.299659495176218, 52.951358342136849 ], [ 17.299741197419745, 52.951359511227643 ], [ 17.299909156408273, 52.951386196273688 ], [ 17.300044954023132, 52.951401449168813 ], [ 17.300111358828037, 52.951397812579103 ], [ 17.300162013347961, 52.951393321111368 ], [ 17.300250238709697, 52.951376236865535 ] ], [ [ 17.29896575396306, 52.939044866075399 ], [ 17.299133293675052, 52.939433976672511 ], [ 17.299148298553288, 52.939468905624594 ], [ 17.299169313172069, 52.939513813238904 ], [ 17.299254885268873, 52.939696612975879 ] ], [ [ 17.29896575396306, 52.939044866075399 ], [ 17.299033033988831, 52.93902982123258 ], [ 17.299081845083602, 52.93901882873498 ], [ 17.299157943795038, 52.938995276499966 ], [ 17.299453084529084, 52.938878901029909 ], [ 17.299772794249435, 52.938750915334928 ], [ 17.299809975587415, 52.938740385645232 ], [ 17.299846892613129, 52.938736597138842 ], [ 17.299891520163438, 52.938744969979652 ], [ 17.299931332049493, 52.938762267198868 ], [ 17.300117513924164, 52.938789932515611 ], [ 17.300324615349478, 52.938777606816387 ], [ 17.300722065160134, 52.938637240735375 ], [ 17.300825869022919, 52.938624605849547 ], [ 17.300903396342285, 52.93867472807603 ], [ 17.301131511705563, 52.938882138036789 ], [ 17.301160960048506, 52.938947400811529 ] ], [ [ 17.299023708123247, 52.954556157808575 ], [ 17.299146903469257, 52.954570242008245 ], [ 17.300822235203473, 52.954800875378126 ], [ 17.300915701714239, 52.95480221183972 ], [ 17.301241048152637, 52.954711894315089 ] ], [ [ 17.29944133327816, 52.95351073052332 ], [ 17.299197608613639, 52.954120584199188 ], [ 17.299023708123247, 52.954556157808575 ] ], [ [ 17.299405076327009, 52.939704518518006 ], [ 17.299254885268873, 52.939696612975879 ] ], [ [ 17.299254885268873, 52.939696612975879 ], [ 17.299277583234403, 52.939744152722085 ], [ 17.299422695535753, 52.940048584631946 ], [ 17.299462726840918, 52.940132435569382 ] ], [ [ 17.299337703892274, 52.944212074811524 ], [ 17.299262960711289, 52.944314697671651 ], [ 17.299220694942111, 52.944386398775947 ], [ 17.299185402721488, 52.944447317800503 ], [ 17.299164743231081, 52.944514741584982 ], [ 17.299165712162377, 52.944524198415294 ], [ 17.299167302366182, 52.944540588976515 ], [ 17.299169861503994, 52.944566436367886 ], [ 17.299196283136784, 52.94462158374975 ], [ 17.299247236625739, 52.944685176240718 ], [ 17.299264699516279, 52.94470683024489 ], [ 17.299275915040937, 52.944720750522706 ], [ 17.299297013986703, 52.944748392141946 ], [ 17.299325324373036, 52.944785759802386 ], [ 17.299414373527014, 52.944902957924036 ], [ 17.299464829001337, 52.944952693513351 ], [ 17.299497370079454, 52.944973304218919 ], [ 17.29958680016486, 52.945004891492282 ], [ 17.29972933806717, 52.945041375588332 ], [ 17.299886469809916, 52.945081575713175 ], [ 17.300071366112562, 52.945135123199968 ], [ 17.300172204347604, 52.945164355120035 ], [ 17.300445328914478, 52.945253608499115 ] ], [ [ 17.29940613819517, 52.944133643506902 ], [ 17.299363821257412, 52.944176295583716 ], [ 17.299337703892274, 52.944212074811524 ] ], [ [ 17.299462726840918, 52.940132435569382 ], [ 17.299775278929996, 52.940001199734638 ], [ 17.299812654408377, 52.939981949315673 ], [ 17.299820986604363, 52.939966869869032 ], [ 17.299812045337134, 52.939948125787723 ], [ 17.29965362642584, 52.939808351149651 ], [ 17.299527043926307, 52.939741248161575 ], [ 17.299454894460737, 52.939713415475566 ], [ 17.299405076327009, 52.939704518518006 ] ], [ [ 17.299405076327009, 52.939704518518006 ], [ 17.299616574309301, 52.939618152149485 ], [ 17.299868167590425, 52.939515271883735 ], [ 17.299928531383866, 52.939490594664733 ], [ 17.300392606391693, 52.939268534533923 ], [ 17.300900621576389, 52.939057083564485 ], [ 17.301160960048506, 52.938947400811529 ] ], [ [ 17.299703582930999, 52.943902455886288 ], [ 17.299626263961954, 52.943960705163121 ], [ 17.299548944784522, 52.94401895438736 ], [ 17.299455557709429, 52.944088305147758 ], [ 17.29944011059694, 52.944102563269816 ], [ 17.29940613819517, 52.944133643506902 ] ], [ [ 17.301554804206216, 52.953803921173176 ], [ 17.300978601336602, 52.953721939093995 ], [ 17.299560135752277, 52.953526640036834 ], [ 17.29944133327816, 52.95351073052332 ] ], [ [ 17.299538609289048, 52.953266875781196 ], [ 17.29944133327816, 52.95351073052332 ] ], [ [ 17.299462726840918, 52.940132435569382 ], [ 17.299559327555727, 52.940326364730993 ], [ 17.299617563398634, 52.940443301697719 ], [ 17.299658945801646, 52.940530679282688 ] ], [ [ 17.300515604476022, 52.95341889968131 ], [ 17.299675664657624, 52.953288172556896 ], [ 17.299538609289048, 52.953266875781196 ] ], [ [ 17.299724390045725, 52.952790102283608 ], [ 17.299658501834912, 52.952966507035391 ], [ 17.299538609289048, 52.953266875781196 ] ], [ [ 17.299658945801646, 52.940530679282688 ], [ 17.299786276365175, 52.940798972935589 ] ], [ [ 17.299678231688134, 52.943546678041066 ], [ 17.299739904873334, 52.943557093491577 ], [ 17.299972883470932, 52.943595411096894 ], [ 17.300242544842945, 52.943639828864406 ], [ 17.300301564680797, 52.943649576532799 ], [ 17.300691947545701, 52.943724858434805 ], [ 17.300759525366235, 52.943744171228744 ], [ 17.30084330139621, 52.943783231078704 ], [ 17.300980855422623, 52.943882235753179 ] ], [ [ 17.299703582930999, 52.943902455886288 ], [ 17.299690480780793, 52.94386071936426 ], [ 17.299684320606382, 52.94382798554588 ], [ 17.2996789507703, 52.94377889523831 ], [ 17.299680188015415, 52.943747346474822 ], [ 17.299682207786649, 52.943695843792106 ], [ 17.29968066985597, 52.943640153280484 ], [ 17.299678231688134, 52.943546678041066 ] ], [ [ 17.299678231688134, 52.943546678041066 ], [ 17.299674734670219, 52.943419462785727 ], [ 17.299674174533255, 52.943399579584586 ], [ 17.299671181908103, 52.943350613225142 ], [ 17.299672577758926, 52.943315019745889 ], [ 17.299678883755629, 52.943279496533236 ], [ 17.299689352926872, 52.94322892415844 ] ], [ [ 17.299689352926872, 52.94322892415844 ], [ 17.299699619135037, 52.943191119359462 ] ], [ [ 17.299699619135037, 52.943191119359462 ], [ 17.299828315531077, 52.943219761003455 ], [ 17.30011404792787, 52.943283294965674 ], [ 17.300233887801564, 52.943310010798093 ], [ 17.300299568422695, 52.943324530272363 ], [ 17.300435939424734, 52.943354899832805 ], [ 17.300578213011637, 52.943386612721007 ], [ 17.300712370129865, 52.943416500631571 ], [ 17.300847677210939, 52.943455038397744 ], [ 17.301045414240487, 52.943511286169297 ], [ 17.30107530229952, 52.943519807498987 ], [ 17.301108360815853, 52.943527205025411 ] ], [ [ 17.300041819393186, 52.942645985842155 ], [ 17.299960120331665, 52.942770453262206 ], [ 17.299847917979925, 52.942943857355075 ], [ 17.299787910628805, 52.94303904709826 ], [ 17.299754627140931, 52.943090552075468 ], [ 17.299716711378842, 52.943150084721871 ], [ 17.299699619135037, 52.943191119359462 ] ], [ [ 17.300767638998931, 52.944479219262305 ], [ 17.300504109248273, 52.944342799099552 ], [ 17.300366792787987, 52.944279500659498 ], [ 17.300151822982578, 52.944180466958969 ], [ 17.29992029407078, 52.94407472075676 ], [ 17.29982130447468, 52.94402878752431 ], [ 17.299775834896096, 52.94399998786723 ], [ 17.299747247664008, 52.943977275419158 ], [ 17.299726156594662, 52.943953231307042 ], [ 17.299712356484893, 52.943929291525777 ], [ 17.299703582930999, 52.943902455886288 ] ], [ [ 17.299940703139818, 52.95222194388726 ], [ 17.299848189209722, 52.952458402679035 ], [ 17.299724390045725, 52.952790102283608 ] ], [ [ 17.299786276365175, 52.940798972935589 ], [ 17.299887803938169, 52.940992612563001 ], [ 17.30003453453994, 52.941305340606021 ], [ 17.300104030598181, 52.941454094820195 ], [ 17.300143865552652, 52.941535424561003 ], [ 17.300161234903936, 52.941570836857352 ], [ 17.30020650550836, 52.94165782018527 ] ], [ [ 17.299786276365175, 52.940798972935589 ], [ 17.300141658304359, 52.940741104807607 ], [ 17.300247432470226, 52.940723912005851 ], [ 17.300318530211946, 52.940710270036917 ], [ 17.300343243475577, 52.940698842347444 ], [ 17.300353604941545, 52.940681363703796 ], [ 17.300354527999513, 52.940657814463741 ], [ 17.300353986532784, 52.940610861694523 ], [ 17.300331906552962, 52.940429780509938 ], [ 17.300333632887995, 52.940385738036603 ], [ 17.300341842762986, 52.940362382969255 ], [ 17.3003813958296, 52.94032175946942 ], [ 17.300412714594909, 52.940289921534131 ], [ 17.300520764273561, 52.940203242837967 ], [ 17.300724452766346, 52.940122428574654 ], [ 17.301090896778536, 52.940044211130555 ], [ 17.301232104419949, 52.940045870454078 ], [ 17.301341946925369, 52.940133776589938 ], [ 17.301605711316292, 52.940366246903729 ], [ 17.301649168597553, 52.94040455002402 ] ], [ [ 17.299940703139818, 52.95222194388726 ], [ 17.300067275112507, 52.952248486217336 ], [ 17.300353509250183, 52.952308339079146 ], [ 17.300583880601668, 52.952327012492518 ], [ 17.300736238535396, 52.952352933621171 ], [ 17.300879031980486, 52.952406327167338 ], [ 17.300946987086263, 52.952420159237754 ] ], [ [ 17.300250238709697, 52.951376236865535 ], [ 17.300206187348781, 52.951527503301371 ], [ 17.30009973321771, 52.951815744066629 ], [ 17.299940703139818, 52.95222194388726 ] ], [ [ 17.299942429169619, 52.946061656088034 ], [ 17.300159504020549, 52.945712314640801 ], [ 17.300236740711146, 52.945587873206328 ], [ 17.300262006883919, 52.945547225233248 ], [ 17.300269316851267, 52.945535458657616 ], [ 17.300333813788129, 52.945432149018814 ], [ 17.300336994163029, 52.945426978403191 ], [ 17.300445328914478, 52.945253608499115 ] ], [ [ 17.299942429169619, 52.946061656088034 ], [ 17.29997290460523, 52.946059034403824 ], [ 17.300153528640696, 52.946043182319428 ], [ 17.300257677821573, 52.946037387677052 ], [ 17.300339518867197, 52.946038558404361 ], [ 17.300351869425491, 52.946038735072833 ], [ 17.300443475026334, 52.946041484331325 ], [ 17.300556781879873, 52.946048950620835 ], [ 17.300595789956574, 52.94605274612087 ], [ 17.300768435318677, 52.946069514569508 ], [ 17.30081358743475, 52.946076095850493 ], [ 17.30083727246808, 52.946079582209094 ], [ 17.300879019770697, 52.946085665110452 ], [ 17.301044328210143, 52.946118696027973 ], [ 17.301203813357422, 52.946155960236368 ], [ 17.301262827149976, 52.946169754295333 ], [ 17.301297496362125, 52.946177894244443 ] ], [ [ 17.301160960048506, 52.938947400811529 ], [ 17.301547732783373, 52.939303849077987 ], [ 17.301613579182746, 52.939367203856364 ], [ 17.3013806516337, 52.939468735857439 ], [ 17.301117898377562, 52.939579193967127 ], [ 17.300695007984427, 52.939772168076011 ], [ 17.300177847814773, 52.939985016226345 ], [ 17.299975810446625, 52.940069270635597 ] ], [ [ 17.300147111272462, 52.942485522982871 ], [ 17.300091382545894, 52.942570341866293 ], [ 17.300041819393186, 52.942645985842155 ] ], [ [ 17.300147111272462, 52.942485522982871 ], [ 17.300253235969993, 52.942497473451922 ], [ 17.300845187972293, 52.942595423610221 ], [ 17.301074612611224, 52.942633148663703 ], [ 17.301330424808288, 52.942723141843381 ], [ 17.301557723160965, 52.942826576543638 ], [ 17.301699017887326, 52.942871853979952 ], [ 17.301866713979667, 52.942908245487573 ], [ 17.302015939472678, 52.942918292243732 ] ], [ [ 17.300371932282594, 52.941976031334725 ], [ 17.300295384354694, 52.942174227777194 ], [ 17.300255028997622, 52.94226565190057 ], [ 17.300233383940359, 52.942316514110701 ], [ 17.300211735307442, 52.942367466198611 ], [ 17.300177160000825, 52.94243675954089 ], [ 17.300147111272462, 52.942485522982871 ] ], [ [ 17.30020650550836, 52.94165782018527 ], [ 17.3003383279651, 52.94166357312146 ], [ 17.300493800303041, 52.941685042737831 ] ], [ [ 17.30020650550836, 52.94165782018527 ], [ 17.300234743931426, 52.941712183958359 ], [ 17.300312410522974, 52.9418614146526 ], [ 17.300371932282594, 52.941976031334725 ] ], [ [ 17.300294615587845, 52.951224255605204 ], [ 17.300250238709697, 52.951376236865535 ] ], [ [ 17.300294615587845, 52.951224255605204 ], [ 17.300421762543451, 52.951251255467113 ], [ 17.300827133536, 52.951337183000142 ], [ 17.301012908315986, 52.951376621905126 ], [ 17.301238845557247, 52.951424728649734 ], [ 17.301662221023811, 52.951514867749033 ], [ 17.302094460652238, 52.95160684071093 ], [ 17.302113361883148, 52.951610887966986 ], [ 17.302513645553727, 52.951701413513042 ], [ 17.302907743751057, 52.95179023056685 ], [ 17.302948629562703, 52.951799448044262 ], [ 17.30358316146155, 52.951950422528405 ], [ 17.304122099925948, 52.95207475822474 ], [ 17.304574061960601, 52.95217671630283 ], [ 17.304598708019956, 52.952182373984492 ], [ 17.304848459485228, 52.95223477062342 ], [ 17.305007671560823, 52.952268248459198 ], [ 17.305139711193799, 52.952295942550045 ], [ 17.305444876069906, 52.952370712150895 ], [ 17.305899458729318, 52.952470544128971 ], [ 17.306064076798332, 52.952495284199166 ], [ 17.306160917187849, 52.952501610961185 ] ], [ [ 17.30064763301587, 52.949641270348096 ], [ 17.300646946575501, 52.949727146417693 ], [ 17.300644081824416, 52.949800220866543 ], [ 17.300629669707028, 52.949905775799081 ], [ 17.300597955361738, 52.950057668499063 ], [ 17.300511330224886, 52.950436575769999 ], [ 17.300334006733451, 52.951089290253002 ], [ 17.300294615587845, 52.951224255605204 ] ], [ [ 17.300371932282594, 52.941976031334725 ], [ 17.300494288845826, 52.941976432570328 ], [ 17.300666953369827, 52.941977103548872 ], [ 17.300868360356425, 52.94198511015523 ], [ 17.301406843889975, 52.942015112987313 ], [ 17.301552374654989, 52.942024388062734 ], [ 17.301618458673826, 52.942028570295967 ] ], [ [ 17.300371932282594, 52.941976031334725 ], [ 17.300493800303041, 52.941685042737831 ] ], [ [ 17.300445328914478, 52.945253608499115 ], [ 17.300702845777174, 52.945330856814913 ], [ 17.300754641928048, 52.945346436503428 ], [ 17.300991259282831, 52.945417539657626 ], [ 17.30101333621392, 52.945424060708355 ], [ 17.301370327659473, 52.945531238636754 ], [ 17.301509550348808, 52.945572619489731 ], [ 17.301585209795654, 52.94559474530044 ] ], [ [ 17.300445328914478, 52.945253608499115 ], [ 17.300627855109148, 52.94496123916278 ], [ 17.300695052499655, 52.944853561238119 ], [ 17.300721982759683, 52.944812217503724 ], [ 17.300767924152542, 52.944741647643426 ], [ 17.300879132722827, 52.944570836567479 ], [ 17.300903052319114, 52.944534126251746 ] ], [ [ 17.300493800303041, 52.941685042737831 ], [ 17.300538136818574, 52.941579376132431 ], [ 17.300580996448293, 52.941492394445866 ], [ 17.300621190176116, 52.94139746051146 ], [ 17.30065689800762, 52.941314423490034 ], [ 17.300695186730664, 52.941256694538211 ], [ 17.300736134185048, 52.941191898893514 ], [ 17.300845838258088, 52.941066842181328 ] ], [ [ 17.300515604476022, 52.95341889968131 ], [ 17.301654203020274, 52.953593010524607 ] ], [ [ 17.300515604476022, 52.95341889968131 ], [ 17.300777774520288, 52.952774772938263 ], [ 17.300848353174846, 52.952679913797191 ], [ 17.300875509469279, 52.952629130334884 ], [ 17.300918741756547, 52.952544312328442 ], [ 17.300946987086263, 52.952420159237754 ] ], [ [ 17.300640504559141, 52.948827995372504 ], [ 17.300765752471971, 52.948853888564123 ], [ 17.301021652734221, 52.948893161220965 ], [ 17.301549243910589, 52.949005745339868 ], [ 17.301571531423782, 52.949010740422885 ], [ 17.301991494080479, 52.949103797525048 ], [ 17.302412783805391, 52.949197231820733 ], [ 17.302647819099484, 52.94925230083814 ], [ 17.302830829636381, 52.949289898814179 ], [ 17.302925894739598, 52.949310951892947 ], [ 17.303255694563344, 52.949383381160281 ], [ 17.303666834209945, 52.949473788181798 ], [ 17.304055244577196, 52.94955910292164 ], [ 17.304079750821018, 52.949564488928758 ], [ 17.304484005142712, 52.94965209684252 ], [ 17.304929424311293, 52.949745596643751 ], [ 17.305357415239722, 52.949835518692041 ], [ 17.305781272753006, 52.949924570856091 ], [ 17.306053936492162, 52.949984756155978 ], [ 17.306196983583089, 52.950016383217253 ], [ 17.306917446208885, 52.950178007843455 ], [ 17.306952576690605, 52.950185882884931 ], [ 17.307048815295598, 52.950207488953815 ], [ 17.307450688111651, 52.950299189666055 ] ], [ [ 17.300640504559141, 52.948827995372504 ], [ 17.300639017372735, 52.94888112443379 ], [ 17.30065038552171, 52.949312784944368 ], [ 17.300650505612765, 52.949571793324409 ], [ 17.30064763301587, 52.949641270348096 ] ], [ [ 17.300814680091687, 52.947898152049589 ], [ 17.30080442069341, 52.947935777149922 ], [ 17.300717280553744, 52.948263415549498 ], [ 17.300692149501167, 52.948376551446117 ], [ 17.300676674031404, 52.948444679117713 ], [ 17.300660705222302, 52.948525390334851 ], [ 17.300650105985508, 52.948598264249064 ], [ 17.300644711570541, 52.94867130253202 ], [ 17.300640504559141, 52.948827995372504 ] ], [ [ 17.305385884465267, 52.950626973598588 ], [ 17.304974311881271, 52.950535846994022 ], [ 17.304769560940787, 52.950490477789046 ], [ 17.304547060180532, 52.950438289871791 ], [ 17.304435220009221, 52.950412052440242 ], [ 17.304136208283708, 52.950351667262552 ], [ 17.303921255167122, 52.950308309365418 ], [ 17.303739086541619, 52.950271894252673 ], [ 17.303696388050152, 52.950263370622672 ], [ 17.303490135090271, 52.950222204594631 ], [ 17.303282754278062, 52.950175626131511 ], [ 17.302840383612459, 52.950076497940103 ], [ 17.302441489681375, 52.94998887108958 ], [ 17.302029536851602, 52.949900156952147 ], [ 17.301607097351631, 52.949809312962749 ], [ 17.301509052005802, 52.949788306165722 ], [ 17.301194102767766, 52.949720670947244 ], [ 17.301036107672761, 52.949686845580487 ], [ 17.300803787525982, 52.949653665892527 ], [ 17.300719419537369, 52.949648412411477 ], [ 17.30064763301587, 52.949641270348096 ] ], [ [ 17.300903052319114, 52.944534126251746 ], [ 17.300767638998931, 52.944479219262305 ] ], [ [ 17.300767638998931, 52.944479219262305 ], [ 17.300784385697124, 52.944431794302083 ], [ 17.300801974973599, 52.944381863266756 ], [ 17.300861179641338, 52.944215974264971 ], [ 17.300884239061396, 52.944151822104743 ], [ 17.300906303489654, 52.944090263766647 ], [ 17.300953275149762, 52.943959183697032 ], [ 17.300980855422623, 52.943882235753179 ] ], [ [ 17.300814680091687, 52.947898152049589 ], [ 17.300903558124912, 52.947917409574352 ], [ 17.30110139388151, 52.9479602585007 ], [ 17.301385011697075, 52.948021600532734 ], [ 17.30144140938738, 52.948033828225725 ], [ 17.301620201285555, 52.948072536934028 ], [ 17.301657405355552, 52.948080623064975 ], [ 17.301793675111536, 52.948110180103626 ], [ 17.301833685495222, 52.948118845883968 ], [ 17.302040972985157, 52.948163716903601 ], [ 17.302146090906369, 52.948186533072679 ], [ 17.30224323658997, 52.948207616447718 ], [ 17.302444915931765, 52.948251237498937 ], [ 17.30249481587763, 52.948262112797401 ], [ 17.302840739327692, 52.94833702194547 ], [ 17.302871151382302, 52.948343661688682 ], [ 17.303193304163482, 52.948413463843828 ], [ 17.303300056712658, 52.948436392258991 ], [ 17.303491412938339, 52.948477525857811 ], [ 17.303537483033978, 52.948487356772034 ], [ 17.303739175573764, 52.948530705997811 ], [ 17.303891552537049, 52.948563458332245 ], [ 17.304135471697705, 52.948615953246183 ], [ 17.304296268219115, 52.94865044401373 ], [ 17.304536942649175, 52.948702172328822 ], [ 17.30464118442514, 52.948724614039001 ], [ 17.304688282672622, 52.948734818904214 ], [ 17.304967325751566, 52.948795367580288 ], [ 17.30508440917847, 52.948820690070811 ], [ 17.305226441656508, 52.948851494466396 ], [ 17.305409223207153, 52.948891153657563 ], [ 17.305438456100738, 52.948897506123167 ], [ 17.305791175525439, 52.948974032385451 ], [ 17.305826758287207, 52.948981734351612 ], [ 17.305928779775414, 52.949003873467568 ], [ 17.306137585075341, 52.949048219322762 ], [ 17.306236818073444, 52.949069329160388 ], [ 17.306495242409337, 52.949124184339098 ], [ 17.306620023791051, 52.949150694210381 ], [ 17.306662707745154, 52.949159576318124 ], [ 17.30677628485806, 52.949183228369137 ], [ 17.307050109945067, 52.949240280310704 ], [ 17.307067097116505, 52.949243759915987 ], [ 17.307334130200708, 52.949299365437078 ], [ 17.307471488085604, 52.949327942149203 ], [ 17.307612310983554, 52.94935548885956 ], [ 17.307955730061686, 52.949422523170405 ] ], [ [ 17.300887649746016, 52.947631914966763 ], [ 17.300814680091687, 52.947898152049589 ] ], [ [ 17.300845838258088, 52.941066842181328 ], [ 17.300891377593405, 52.941116596838633 ], [ 17.301134888490925, 52.941421534279137 ], [ 17.301438764190266, 52.941800719470024 ] ], [ [ 17.300845838258088, 52.941066842181328 ], [ 17.300948684315482, 52.9409610228902 ], [ 17.300960372305543, 52.940951477267433 ] ], [ [ 17.300887649746016, 52.947631914966763 ], [ 17.300773111335673, 52.947617776374301 ], [ 17.300696952022466, 52.947608323461637 ], [ 17.300626576964866, 52.947591848527246 ], [ 17.300601521211046, 52.947577730446554 ], [ 17.300574177240058, 52.947549819900502 ], [ 17.30056096997027, 52.947522111538362 ], [ 17.300551478807979, 52.947475570415982 ], [ 17.300546208738261, 52.947435295035049 ], [ 17.300544583770904, 52.947408381857151 ], [ 17.300543872785887, 52.947380942154084 ], [ 17.300553700759615, 52.947346728352152 ], [ 17.300577951538401, 52.947309213447205 ], [ 17.300617279612531, 52.947247902090012 ], [ 17.300699486871693, 52.947163821403969 ], [ 17.300714998104606, 52.947147945245504 ], [ 17.300791783562133, 52.947076827228535 ], [ 17.300862375165831, 52.947019380324392 ], [ 17.30088864253927, 52.947002578761186 ], [ 17.300928641271661, 52.946996315827334 ], [ 17.301062253431436, 52.946994808882231 ] ], [ [ 17.301044355066228, 52.947060203979419 ], [ 17.300989792310453, 52.947259524497589 ], [ 17.300942549841299, 52.947431610063134 ], [ 17.300887649746016, 52.947631914966763 ] ], [ [ 17.302022806010569, 52.944890799358525 ], [ 17.301703208787433, 52.944798277317233 ], [ 17.30122281401859, 52.944648956190029 ], [ 17.301089509480377, 52.944601004558784 ], [ 17.300903052319114, 52.944534126251746 ] ], [ [ 17.300946987086263, 52.952420159237754 ], [ 17.30156514536171, 52.952476031235776 ], [ 17.301702593412163, 52.952441662885846 ], [ 17.301918658627795, 52.952377031318228 ], [ 17.302076878027169, 52.952344578156783 ], [ 17.302291346741136, 52.952332084133047 ] ], [ [ 17.300960372305543, 52.940951477267433 ], [ 17.300933914470271, 52.940893451873585 ], [ 17.300924302578089, 52.940872809699997 ], [ 17.300909440365729, 52.940803798430338 ], [ 17.300914985132149, 52.940776268296496 ], [ 17.300934154606338, 52.940750551794288 ], [ 17.301006158196717, 52.940702388102267 ], [ 17.301023712055681, 52.940691307559703 ], [ 17.301065615360844, 52.940674279885719 ], [ 17.301106057204951, 52.940664156139775 ], [ 17.301149029231496, 52.940657845743338 ], [ 17.30119348205864, 52.940666935044419 ], [ 17.301223065365786, 52.940683186231695 ], [ 17.301294033524062, 52.940722242555864 ] ], [ [ 17.300960372305543, 52.940951477267433 ], [ 17.301021720081533, 52.94090172225868 ], [ 17.301151295370044, 52.940805188372821 ], [ 17.301257313044083, 52.940739973942861 ], [ 17.301294033524062, 52.940722242555864 ] ], [ [ 17.300980855422623, 52.943882235753179 ], [ 17.300998409014461, 52.943833203506451 ], [ 17.301016590371535, 52.943771949353255 ], [ 17.30103978401705, 52.943708158812385 ], [ 17.301108360815853, 52.943527205025411 ] ], [ [ 17.301044355066228, 52.947060203979419 ], [ 17.301129550102846, 52.947078419424358 ], [ 17.301387938305943, 52.947133734991745 ], [ 17.301886554396624, 52.947240507577384 ], [ 17.301905602518829, 52.947244556980273 ], [ 17.302263450473738, 52.947322696009806 ], [ 17.30247158876103, 52.947368567722037 ], [ 17.302608133363165, 52.947398667363686 ], [ 17.302961526723486, 52.947476560771946 ], [ 17.303135496102882, 52.947516727190646 ], [ 17.303306959653455, 52.947552450860535 ], [ 17.303470228528283, 52.947588327076602 ], [ 17.303665422056923, 52.947630234674044 ], [ 17.304011069587254, 52.947704506970531 ], [ 17.304302240550779, 52.947766939094414 ], [ 17.304359085189706, 52.947779171777924 ], [ 17.304647440357925, 52.947841293067583 ], [ 17.304755492915611, 52.947865227990398 ], [ 17.304871663288914, 52.947890987347932 ], [ 17.305144894169143, 52.947951542661684 ], [ 17.305539317863246, 52.948038916929356 ], [ 17.305706860278502, 52.948076020115174 ], [ 17.305895365323266, 52.948117738713826 ], [ 17.306160672257924, 52.948175390778538 ], [ 17.306241726105522, 52.948193003896556 ], [ 17.306591368953324, 52.948268134970093 ], [ 17.30690110104689, 52.948335861432881 ], [ 17.306947756505444, 52.948345969160044 ], [ 17.30722535438041, 52.948405412745494 ], [ 17.307508558709127, 52.948466194593621 ], [ 17.307785116471464, 52.948525622045203 ], [ 17.308067727151414, 52.94858639409496 ], [ 17.308401129934644, 52.94865814090582 ] ], [ [ 17.301062253431436, 52.946994808882231 ], [ 17.301044355066228, 52.947060203979419 ] ], [ [ 17.301238306356726, 52.946350978261613 ], [ 17.301236571784962, 52.946357248765871 ], [ 17.301220578479676, 52.946415836228653 ], [ 17.301205286006272, 52.946471735721857 ], [ 17.301195887559519, 52.946506405383538 ], [ 17.301142887393457, 52.94670008254851 ], [ 17.301089695661389, 52.946894836142704 ], [ 17.301062253431436, 52.946994808882231 ] ], [ [ 17.301108360815853, 52.943527205025411 ], [ 17.301230448867081, 52.943557369440661 ], [ 17.301392813542829, 52.943600700143548 ], [ 17.301472914002066, 52.943630983507276 ], [ 17.301510409224431, 52.943642940991829 ], [ 17.301556428878971, 52.94365771830654 ], [ 17.301652882809808, 52.943688595044854 ], [ 17.301711841523641, 52.94370751429571 ], [ 17.301737425386424, 52.943715704136743 ], [ 17.301792725102668, 52.943736819371779 ], [ 17.301834090090015, 52.943752609245131 ], [ 17.301897163346293, 52.943776713386043 ], [ 17.301993240186274, 52.943813430095432 ], [ 17.302028834017374, 52.943828328028147 ], [ 17.30205901047616, 52.943840900210596 ], [ 17.302197577302184, 52.943898908515997 ], [ 17.302216940149606, 52.943906289895324 ], [ 17.302513247485862, 52.944019342308756 ] ], [ [ 17.301238306356726, 52.946350978261613 ], [ 17.301527216278053, 52.946421388983467 ], [ 17.301923304687605, 52.946507540144879 ], [ 17.302045246775307, 52.946541658615018 ], [ 17.302281415456971, 52.946597823862028 ], [ 17.3025135657366, 52.946608335255476 ], [ 17.302698598532402, 52.946632022813318 ], [ 17.303204168766129, 52.946732234195821 ], [ 17.303923579036876, 52.946888646331651 ], [ 17.304109894311662, 52.946929077496328 ], [ 17.304139414260678, 52.946905216948998 ], [ 17.304186278134679, 52.946826205287074 ] ], [ [ 17.301297496362125, 52.946177894244443 ], [ 17.30124578614134, 52.946323475797691 ], [ 17.301238306356726, 52.946350978261613 ] ], [ [ 17.301241048152637, 52.954711894315089 ], [ 17.301324313687676, 52.954749327538835 ], [ 17.301412195818404, 52.954767760943483 ], [ 17.301893420452974, 52.954837951394012 ] ], [ [ 17.301320801407233, 52.954515991677837 ], [ 17.301241048152637, 52.954711894315089 ] ], [ [ 17.301294033524062, 52.940722242555864 ], [ 17.301431167663214, 52.940656933251347 ], [ 17.301493061360677, 52.940627420727999 ], [ 17.301760531867025, 52.940518288260385 ] ], [ [ 17.301952668913007, 52.946324226886269 ], [ 17.301859159631288, 52.946305443533625 ], [ 17.301387792221451, 52.946198880427353 ], [ 17.301297496362125, 52.946177894244443 ] ], [ [ 17.301297496362125, 52.946177894244443 ], [ 17.301322036339531, 52.94611016586672 ], [ 17.301325371608023, 52.946101040392037 ], [ 17.301384387588179, 52.945974179355979 ], [ 17.301485577867592, 52.945774086257984 ], [ 17.301585209795654, 52.94559474530044 ] ], [ [ 17.301320801407233, 52.954515991677837 ], [ 17.301960377256652, 52.954607511160908 ] ], [ [ 17.30145337980726, 52.954039894033698 ], [ 17.301364389059771, 52.954292951907178 ], [ 17.301320801407233, 52.954515991677837 ] ], [ [ 17.301438764190266, 52.941800719470024 ], [ 17.301618458673826, 52.942028570295967 ] ], [ [ 17.303675919575351, 52.940942614207401 ], [ 17.30284084573081, 52.94126020312369 ], [ 17.302648437802617, 52.941338034509613 ], [ 17.302493081000065, 52.941404883526623 ], [ 17.302372538322718, 52.941453253920734 ], [ 17.302054687531982, 52.941571470508215 ], [ 17.301438764190266, 52.941800719470024 ] ], [ [ 17.30145337980726, 52.954039894033698 ], [ 17.30236035552203, 52.954170486975038 ] ], [ [ 17.301554804206216, 52.953803921173176 ], [ 17.30145337980726, 52.954039894033698 ] ], [ [ 17.301554804206216, 52.953803921173176 ], [ 17.302318442924424, 52.953921313974803 ] ], [ [ 17.301554804206216, 52.953803921173176 ], [ 17.301654203020274, 52.953593010524607 ] ], [ [ 17.301585209795654, 52.94559474530044 ], [ 17.302231415809544, 52.94574553487498 ], [ 17.302308225681386, 52.945761111556841 ], [ 17.302221551907294, 52.945868152340417 ], [ 17.302025894503053, 52.946199457203896 ], [ 17.301989209120418, 52.946261796046926 ], [ 17.301952668913007, 52.946324226886269 ] ], [ [ 17.301585209795654, 52.94559474530044 ], [ 17.301816858019908, 52.945215032017693 ], [ 17.301988532335443, 52.944944808910719 ], [ 17.302022806010569, 52.944890799358525 ] ], [ [ 17.301618458673826, 52.942028570295967 ], [ 17.301815966870191, 52.942041106142938 ], [ 17.301998479242428, 52.942052617957472 ], [ 17.302163391483354, 52.942061180002099 ], [ 17.302216877881225, 52.942063922822733 ], [ 17.302273481804743, 52.942066890030986 ], [ 17.302418052370665, 52.942074081865456 ], [ 17.302468895799688, 52.942075887481181 ], [ 17.302576824751309, 52.942079767689549 ], [ 17.302711076707244, 52.942076739261999 ], [ 17.302825061748841, 52.942074230584687 ], [ 17.302905821211212, 52.942072416353227 ], [ 17.303111329119336, 52.942059343485305 ], [ 17.303236096156105, 52.942051412557312 ], [ 17.303440492020762, 52.942040121898955 ], [ 17.303600458504974, 52.942034311989687 ], [ 17.303693110396761, 52.942032936817832 ], [ 17.303770888065557, 52.942035036477122 ], [ 17.30387529184355, 52.942037696051209 ] ], [ [ 17.301649168597553, 52.94040455002402 ], [ 17.301704851919954, 52.940461374213591 ], [ 17.301760531867025, 52.940518288260385 ] ], [ [ 17.301649168597553, 52.94040455002402 ], [ 17.301722040013942, 52.940376003698766 ], [ 17.302006869199332, 52.940264510747859 ] ], [ [ 17.301654203020274, 52.953593010524607 ], [ 17.301868200318861, 52.953117626373661 ] ], [ [ 17.301760531867025, 52.940518288260385 ], [ 17.30190433714904, 52.940461257669746 ], [ 17.302109432805803, 52.940374885309744 ] ], [ [ 17.302605469641144, 52.953200825843474 ], [ 17.301868200318861, 52.953117626373661 ] ], [ [ 17.301868200318861, 52.953117626373661 ], [ 17.30197236243988, 52.95288007348352 ], [ 17.302095495491503, 52.952644770095603 ], [ 17.302291346741136, 52.952332084133047 ] ], [ [ 17.301893420452974, 52.954837951394012 ], [ 17.302428688901969, 52.954916106571225 ], [ 17.302604608396511, 52.954930041031773 ] ], [ [ 17.301893420452974, 52.954837951394012 ], [ 17.301960377256652, 52.954607511160908 ] ], [ [ 17.302859787187714, 52.94652316817826 ], [ 17.302163625829444, 52.94637022939029 ], [ 17.301952668913007, 52.946324226886269 ] ], [ [ 17.301960377256652, 52.954607511160908 ], [ 17.302287345825413, 52.954654361454359 ], [ 17.302497329432093, 52.954684431049415 ], [ 17.302692358761075, 52.954712308152089 ] ], [ [ 17.302006869199332, 52.940264510747859 ], [ 17.302109432805803, 52.940374885309744 ] ], [ [ 17.302006869199332, 52.940264510747859 ], [ 17.302318030900427, 52.940138194709029 ], [ 17.30234373651113, 52.940131817033588 ], [ 17.302380403691867, 52.94013063222102 ], [ 17.302408058970268, 52.940142898514999 ], [ 17.302439351351818, 52.940164929529686 ], [ 17.302509911627027, 52.940214411526171 ] ], [ [ 17.302022806010569, 52.944890799358525 ], [ 17.302138291577087, 52.944922397313128 ], [ 17.30237338382441, 52.944986820890534 ], [ 17.302580583563156, 52.94504877707687 ], [ 17.302666136775859, 52.945080576430996 ], [ 17.302740655375828, 52.945116624811817 ], [ 17.302842932778532, 52.945181398507238 ], [ 17.302991908031284, 52.945270311561309 ], [ 17.303143070158846, 52.945360424782045 ], [ 17.303528423672628, 52.945579967676082 ], [ 17.303635021247981, 52.945629513762917 ], [ 17.303755331172859, 52.945671071615969 ] ], [ [ 17.302513247485862, 52.944019342308756 ], [ 17.302456126294835, 52.944120779962041 ], [ 17.30242940168144, 52.944168332390838 ], [ 17.302388278848642, 52.944241399914048 ], [ 17.30232667049286, 52.944350957290141 ], [ 17.302317074007188, 52.94436790742914 ], [ 17.302273553418122, 52.944445167500355 ], [ 17.302257388112626, 52.9444739848539 ], [ 17.302248432514538, 52.944489775016812 ], [ 17.302182659049077, 52.944606827169345 ], [ 17.302177063966198, 52.944616639840604 ], [ 17.30209993347653, 52.94475376456942 ], [ 17.302052084784581, 52.944838876807964 ], [ 17.302022806010569, 52.944890799358525 ] ], [ [ 17.302109432805803, 52.940374885309744 ], [ 17.302509911627027, 52.940214411526171 ] ], [ [ 17.302291346741136, 52.952332084133047 ], [ 17.302488020843782, 52.95232149390565 ], [ 17.302733798027678, 52.952346048989703 ], [ 17.302859474667446, 52.952368888298054 ], [ 17.302881202456824, 52.952380620086984 ], [ 17.302899576198651, 52.95239814960108 ], [ 17.302898231808438, 52.952432484729641 ], [ 17.302869637552092, 52.952516253440152 ], [ 17.302605469641144, 52.953200825843474 ] ], [ [ 17.302307615880068, 52.931129813033422 ], [ 17.302485829036648, 52.931128312596243 ], [ 17.303785201785061, 52.931161261010821 ], [ 17.304553146791996, 52.931169884727225 ] ], [ [ 17.302318442924424, 52.953921313974803 ], [ 17.303064223264901, 52.954027115285875 ] ], [ [ 17.302318442924424, 52.953921313974803 ], [ 17.302605469641144, 52.953200825843474 ] ], [ [ 17.302689010873035, 52.940141786236644 ], [ 17.302501084558298, 52.939949342866875 ] ], [ [ 17.302501084558298, 52.939949342866875 ], [ 17.302268497362149, 52.939715161650398 ], [ 17.302289184046135, 52.939684880030605 ], [ 17.302401432482128, 52.939608691869921 ], [ 17.302579182833735, 52.93954764883496 ], [ 17.302649589854109, 52.939543978177277 ], [ 17.302767820382773, 52.939611588036463 ], [ 17.302884021536183, 52.939731060114397 ], [ 17.302866651242674, 52.939775508684171 ], [ 17.302826010279883, 52.939817376519358 ], [ 17.302619778704141, 52.939906251994643 ], [ 17.302501084558298, 52.939949342866875 ] ], [ [ 17.302509911627027, 52.940214411526171 ], [ 17.302584880243302, 52.940269172571455 ], [ 17.302604129971005, 52.94028320732513 ], [ 17.302962050406528, 52.940544449229463 ], [ 17.302977241410886, 52.940548083657994 ], [ 17.302992287152179, 52.940551626076832 ], [ 17.303025811592754, 52.940547068655647 ], [ 17.303382492165024, 52.94040638116018 ], [ 17.303508630200799, 52.940378504434008 ] ], [ [ 17.302509911627027, 52.940214411526171 ], [ 17.302689010873035, 52.940141786236644 ] ], [ [ 17.302513247485862, 52.944019342308756 ], [ 17.302569708319609, 52.943953778429623 ], [ 17.302665789063045, 52.943842105325707 ], [ 17.302696048600307, 52.943806924150884 ], [ 17.302849367374883, 52.94364022018955 ], [ 17.303026573201706, 52.943460367259156 ] ], [ [ 17.303064223264901, 52.954027115285875 ], [ 17.303353872973197, 52.954053374723713 ], [ 17.303522524129587, 52.954089327529708 ], [ 17.303563862988746, 52.954113659950828 ], [ 17.303611378872663, 52.954139969127588 ], [ 17.303649167792788, 52.954178909880603 ], [ 17.303660079683041, 52.954208293801379 ], [ 17.303663992162772, 52.95427193211767 ], [ 17.303615536292856, 52.954418010651715 ], [ 17.303426796280842, 52.954830535655674 ], [ 17.303354817843761, 52.954930772263694 ], [ 17.303328246013372, 52.954962858597142 ], [ 17.30327979363144, 52.954987078153586 ], [ 17.303215716223345, 52.955007207472548 ], [ 17.303152314433756, 52.955010079314924 ], [ 17.303060709766356, 52.955003015507465 ], [ 17.302604608396511, 52.954930041031773 ] ], [ [ 17.302692358761075, 52.954712308152089 ], [ 17.302604608396511, 52.954930041031773 ] ], [ [ 17.302605469641144, 52.953200825843474 ], [ 17.30320762953853, 52.953273907637161 ], [ 17.303270430606219, 52.953286315775465 ], [ 17.303304584070567, 52.953303980603174 ], [ 17.303328987437823, 52.953327261904178 ], [ 17.303333816679327, 52.953363663700898 ], [ 17.303319294467439, 52.953411300586851 ], [ 17.303064223264901, 52.954027115285875 ] ], [ [ 17.302689010873035, 52.940141786236644 ], [ 17.302815163505311, 52.940090707749761 ], [ 17.303505111816982, 52.939810167805852 ] ], [ [ 17.302899009038107, 52.954200034815933 ], [ 17.302692358761075, 52.954712308152089 ] ], [ [ 17.304186278134679, 52.946826205287074 ], [ 17.303753254461725, 52.946717321032374 ], [ 17.303215285315495, 52.94660037148293 ], [ 17.302859787187714, 52.94652316817826 ] ], [ [ 17.30367640571901, 52.945838928747698 ], [ 17.303547458407493, 52.945873510581698 ], [ 17.303366559289799, 52.945862204156768 ], [ 17.303071922716008, 52.946196773831538 ], [ 17.30296882091357, 52.946327952340212 ], [ 17.302859787187714, 52.94652316817826 ] ], [ [ 17.303505111816982, 52.939810167805852 ], [ 17.303525322585738, 52.939864326235856 ], [ 17.303536769867407, 52.939895156827625 ], [ 17.303547919973056, 52.939964024818622 ], [ 17.303530071038114, 52.940066383474196 ], [ 17.303513561803925, 52.94013449679673 ], [ 17.303508245252427, 52.940198093420086 ], [ 17.303513957246828, 52.9402651750354 ], [ 17.303508630200799, 52.940378504434008 ] ], [ [ 17.303505111816982, 52.939810167805852 ], [ 17.303599837951712, 52.93977087064156 ], [ 17.30412121636423, 52.93956004643735 ] ], [ [ 17.303508630200799, 52.940378504434008 ], [ 17.303553772854453, 52.940518365219958 ], [ 17.303588083179076, 52.940634508887001 ], [ 17.303646322854927, 52.940774466693945 ], [ 17.303675919575351, 52.940942614207401 ] ], [ [ 17.303508630200799, 52.940378504434008 ], [ 17.303599807213402, 52.940372881447907 ], [ 17.304174623258252, 52.940162370286778 ], [ 17.30423517870242, 52.940167011768871 ], [ 17.304348176942639, 52.940162958716016 ] ], [ [ 17.303675919575351, 52.940942614207401 ], [ 17.303696535214101, 52.940997857570018 ], [ 17.303743466977092, 52.941061570601057 ], [ 17.303787630986214, 52.941097095087315 ], [ 17.304038383153227, 52.941228829056136 ] ], [ [ 17.304886913810027, 52.946092098265929 ], [ 17.30426769734925, 52.945989372840486 ], [ 17.304132674378966, 52.945966131695961 ], [ 17.303729564753883, 52.945869185643971 ], [ 17.30367640571901, 52.945838928747698 ] ], [ [ 17.30367640571901, 52.945838928747698 ], [ 17.303665636474218, 52.945805949498826 ], [ 17.3037151397094, 52.945727964954067 ], [ 17.303755331172859, 52.945671071615969 ] ], [ [ 17.303755331172859, 52.945671071615969 ], [ 17.303910056572434, 52.945712041420556 ], [ 17.304344097195816, 52.94579467929357 ], [ 17.304817862470777, 52.945866640713731 ], [ 17.305805835343541, 52.945996835184964 ], [ 17.306028020148254, 52.946026083529709 ] ], [ [ 17.30387529184355, 52.942037696051209 ], [ 17.303936242372412, 52.942039915119388 ], [ 17.304050707542142, 52.942044157090251 ], [ 17.304685267339533, 52.942091884172648 ] ], [ [ 17.304038383153227, 52.941228829056136 ], [ 17.304003149943032, 52.941254226815744 ], [ 17.303981966703578, 52.941304826480255 ], [ 17.303966125804301, 52.941439589698767 ], [ 17.303960260271644, 52.941502009361756 ], [ 17.30394636668187, 52.941609820490868 ], [ 17.30387529184355, 52.942037696051209 ] ], [ [ 17.304038383153227, 52.941228829056136 ], [ 17.304161232154691, 52.94122419731147 ], [ 17.304358893337266, 52.94123655126694 ], [ 17.304625941610592, 52.94127138897781 ], [ 17.304854131183287, 52.941279681070156 ] ], [ [ 17.304559811337384, 52.939947261962068 ], [ 17.304198776025547, 52.939628513257489 ], [ 17.304180931869396, 52.93961279009789 ], [ 17.30412121636423, 52.93956004643735 ] ], [ [ 17.30412121636423, 52.93956004643735 ], [ 17.304465770864713, 52.939420801448087 ], [ 17.304963846005194, 52.939219443719161 ], [ 17.305218325079579, 52.939114704784011 ], [ 17.305948922485321, 52.938814046045152 ] ], [ [ 17.30579571869109, 52.947135780331813 ], [ 17.305216417752295, 52.947032280107635 ], [ 17.305073443364794, 52.947006678324058 ], [ 17.304771965439237, 52.94695282449549 ], [ 17.304620635056633, 52.946920088184733 ], [ 17.304430917901385, 52.946879069682005 ], [ 17.304416745107133, 52.946875989584356 ], [ 17.304186278134679, 52.946826205287074 ] ], [ [ 17.304348176942639, 52.940162958716016 ], [ 17.304479361760972, 52.940306745057313 ], [ 17.304656991461464, 52.940515316163832 ] ], [ [ 17.304559811337384, 52.939947261962068 ], [ 17.304599362754686, 52.940005563303586 ], [ 17.304597531833036, 52.940052392243857 ], [ 17.304576984809966, 52.940082946046942 ], [ 17.304348176942639, 52.940162958716016 ] ], [ [ 17.304553146791996, 52.931169884727225 ], [ 17.304763130993017, 52.93118565176286 ], [ 17.304866670470812, 52.931213569488627 ], [ 17.304946037526779, 52.931250675141655 ], [ 17.305016494061931, 52.931310136878537 ], [ 17.305302624340239, 52.931651198005873 ] ], [ [ 17.304553146791996, 52.931169884727225 ], [ 17.304714511131401, 52.931142509565838 ], [ 17.304825877645445, 52.931137713447853 ], [ 17.304978321759165, 52.931136740902708 ], [ 17.30575122728407, 52.931151722961928 ], [ 17.306811989844679, 52.931174040513675 ], [ 17.309613892003625, 52.931228779575591 ], [ 17.310561982283485, 52.931239837560803 ], [ 17.310782747654972, 52.931250171405836 ], [ 17.310919562744228, 52.931272171718931 ], [ 17.31104008177855, 52.931307520082441 ], [ 17.311346073087449, 52.931411065907874 ], [ 17.312301795702975, 52.931727181162088 ], [ 17.312500490976383, 52.931792237243272 ], [ 17.312847330609735, 52.93190571238749 ], [ 17.312931363920608, 52.931930198370289 ], [ 17.31327104027725, 52.93202891146769 ], [ 17.314582604517295, 52.932472908114406 ], [ 17.315732136531864, 52.932862521942404 ], [ 17.317279618844257, 52.933353720001527 ], [ 17.31816877118392, 52.933626935811716 ], [ 17.318456443397313, 52.933704752747936 ], [ 17.318548654831567, 52.933729620258205 ] ], [ [ 17.304559811337384, 52.939947261962068 ], [ 17.305256201289559, 52.939669142100932 ] ], [ [ 17.304802328001546, 52.960773314023577 ], [ 17.304742981067836, 52.961129140351048 ], [ 17.304619157811619, 52.96208218884972 ] ], [ [ 17.304685267339533, 52.942091884172648 ], [ 17.304834951181512, 52.942101574209836 ], [ 17.305056388867499, 52.942118942711836 ] ], [ [ 17.304685267339533, 52.942091884172648 ], [ 17.30483587905205, 52.941342913309441 ] ], [ [ 17.304802328001546, 52.960773314023577 ], [ 17.307823904730665, 52.961235643778323 ], [ 17.308728192541501, 52.961370735204781 ], [ 17.308946227411784, 52.96139389298294 ], [ 17.309096275518424, 52.961392160951753 ], [ 17.309196853855752, 52.961371918243643 ], [ 17.309337462091772, 52.961314383324535 ], [ 17.309926807800089, 52.961081477108252 ], [ 17.310104508472733, 52.961027526508886 ], [ 17.310369861430356, 52.960956295801068 ], [ 17.310669600395478, 52.96088933049051 ], [ 17.310792268580474, 52.960864004501609 ], [ 17.310889512514713, 52.960833730458049 ], [ 17.310965055249842, 52.960802338506156 ], [ 17.311029679222091, 52.960756851775365 ], [ 17.311077934602036, 52.960699531077438 ], [ 17.311121356886691, 52.960605718978869 ], [ 17.311215065268094, 52.960238147242642 ], [ 17.311252011098041, 52.96011177739409 ], [ 17.311258893796765, 52.960034533177115 ], [ 17.31125342720755, 52.959945512164339 ], [ 17.31118530029136, 52.959393077356722 ], [ 17.311179716584245, 52.959303245272523 ], [ 17.311190996230842, 52.959246927899393 ], [ 17.311245016106525, 52.959205966852913 ], [ 17.311326563876271, 52.959184732469488 ], [ 17.311400961559752, 52.959182642007192 ], [ 17.311497884286872, 52.95919490103708 ], [ 17.311688966598567, 52.95922153798459 ], [ 17.313677462506693, 52.959535937494742 ], [ 17.314368383513802, 52.959642417356932 ], [ 17.315237457001277, 52.959771204162656 ] ], [ [ 17.305996630577837, 52.953329438248119 ], [ 17.305817952674658, 52.954365254345426 ], [ 17.305724974719521, 52.955086628128164 ], [ 17.305654153983145, 52.95546972101728 ], [ 17.305625537752672, 52.955649358297805 ], [ 17.305538366141448, 52.956222065912854 ], [ 17.305521340599789, 52.956326145085185 ], [ 17.305491939952141, 52.956636263490964 ], [ 17.305404267394191, 52.957118851233396 ], [ 17.305312874982018, 52.957688890351129 ], [ 17.30526286064967, 52.958088107771786 ], [ 17.30522327963941, 52.958334768248029 ], [ 17.305194337170356, 52.958515030243767 ], [ 17.305070785545851, 52.959134163340607 ], [ 17.305040843390827, 52.959351373355197 ], [ 17.305028672459912, 52.959552109354043 ], [ 17.304979215343927, 52.959822730800894 ], [ 17.304831891464985, 52.960607720048976 ], [ 17.304802328001546, 52.960773314023577 ] ], [ [ 17.30483587905205, 52.941342913309441 ], [ 17.304923461387244, 52.941345511839394 ], [ 17.305009082622174, 52.941352578974168 ], [ 17.305079860553327, 52.941369956456036 ], [ 17.305081766089749, 52.941587801179239 ], [ 17.305079868216843, 52.94176584128828 ], [ 17.305056388867499, 52.942118942711836 ] ], [ [ 17.304854131183287, 52.941279681070156 ], [ 17.30483587905205, 52.941342913309441 ] ], [ [ 17.305341673549432, 52.940521756386737 ], [ 17.305274699846265, 52.940833677777867 ], [ 17.305258135785582, 52.940910873763656 ], [ 17.304964951692352, 52.941137189566618 ], [ 17.30491739592641, 52.941188402412813 ], [ 17.304854131183287, 52.941279681070156 ] ], [ [ 17.304999964201205, 52.943756535424534 ], [ 17.305349300120216, 52.943789037870658 ], [ 17.305492430219392, 52.943802770478598 ], [ 17.305654780784018, 52.943819924651841 ], [ 17.305911146848619, 52.943854247294077 ], [ 17.306006199813105, 52.943890586405246 ], [ 17.306052899344188, 52.943929923334757 ], [ 17.306078139936385, 52.94397740800769 ], [ 17.306097533622584, 52.944041177102434 ], [ 17.306107616284287, 52.944164169149488 ], [ 17.306125826332025, 52.944216320022292 ], [ 17.306148059215658, 52.944253149719806 ], [ 17.306157687052981, 52.944269654755324 ], [ 17.306196368359689, 52.944304650471437 ], [ 17.306271732245708, 52.944341967741551 ], [ 17.306353424768091, 52.944392595303675 ], [ 17.306442056245864, 52.944479025059081 ] ], [ [ 17.305056388867499, 52.942118942711836 ], [ 17.305516676621682, 52.942153836869061 ], [ 17.305830461488419, 52.942177647073756 ], [ 17.305926106073155, 52.942183507463177 ], [ 17.305976965155885, 52.942188729248926 ], [ 17.306305231409208, 52.942219129901098 ], [ 17.306449532937222, 52.942233237819003 ], [ 17.306523147730999, 52.942242830699854 ], [ 17.306670209719019, 52.942258686418477 ], [ 17.30678017195482, 52.942279139431911 ], [ 17.306921046685634, 52.942308576463773 ], [ 17.307130784560798, 52.942362556917459 ], [ 17.307246780309331, 52.942392448480099 ], [ 17.307411399748027, 52.94243526347941 ], [ 17.30759128176118, 52.942479914441002 ], [ 17.307713371538206, 52.942510072212414 ], [ 17.307800652124264, 52.942531909942147 ], [ 17.307970010526304, 52.942560132594913 ], [ 17.308108393175555, 52.942580989094886 ], [ 17.30818179352152, 52.942592286612239 ], [ 17.308339643921663, 52.942606405277509 ], [ 17.308621253773158, 52.942615540584448 ], [ 17.308717004930962, 52.942618702249128 ], [ 17.309111228986836, 52.942622334649776 ] ], [ [ 17.305341673549432, 52.940521756386737 ], [ 17.305343557178702, 52.940454513418885 ], [ 17.305324744904233, 52.940394979289941 ], [ 17.305248247139819, 52.94033354314849 ], [ 17.3051991282336, 52.94029147335339 ], [ 17.305166042608313, 52.940239110094758 ], [ 17.305170261146682, 52.940161648076796 ], [ 17.305222107734394, 52.939901582111332 ], [ 17.305245958389794, 52.939771249754408 ], [ 17.305256201289559, 52.939669142100932 ] ], [ [ 17.305256201289559, 52.939669142100932 ], [ 17.305285759346912, 52.939606071054982 ], [ 17.30529372051295, 52.939589007418505 ], [ 17.305316996276613, 52.939553366237192 ], [ 17.305349646386233, 52.939521635944551 ], [ 17.305416590826553, 52.93949228337074 ], [ 17.305696121262677, 52.939375040300632 ], [ 17.305938875367001, 52.939273190346007 ], [ 17.306084617956753, 52.939212045449409 ] ], [ [ 17.305704195448648, 52.940528545353445 ], [ 17.305341673549432, 52.940521756386737 ] ], [ [ 17.305704195448648, 52.940528545353445 ], [ 17.305845590157368, 52.940533079702384 ], [ 17.306094900763398, 52.9405341162309 ] ], [ [ 17.306196945638689, 52.939960629830018 ], [ 17.30612634113589, 52.939957914539036 ], [ 17.306102432960628, 52.939956404557165 ], [ 17.305806338642729, 52.939937433802847 ], [ 17.305755260488301, 52.940196971360848 ], [ 17.305740751128205, 52.940271138994639 ], [ 17.305718195073826, 52.940444567767948 ], [ 17.305704195448648, 52.940528545353445 ] ], [ [ 17.30579571869109, 52.947135780331813 ], [ 17.305946322049198, 52.947171922216668 ], [ 17.306558333224306, 52.94731860313879 ], [ 17.306655246129825, 52.947341837977191 ], [ 17.306800934649765, 52.94738186577036 ], [ 17.306961962340338, 52.947444685082324 ], [ 17.307072379893587, 52.947491944193949 ], [ 17.307179658018409, 52.947528096738651 ], [ 17.307241080414975, 52.947548936875386 ], [ 17.307542513806858, 52.947615554212234 ], [ 17.30972018738704, 52.94809288865779 ], [ 17.309824357412193, 52.948101924810388 ], [ 17.310001291951298, 52.948112085747987 ], [ 17.310094639160372, 52.948123755646492 ], [ 17.310166671574233, 52.948136021672674 ], [ 17.31021607625955, 52.94814436855583 ], [ 17.310435767822181, 52.948192099252957 ], [ 17.311100246364056, 52.94834570796133 ], [ 17.311491575043178, 52.948432658641153 ], [ 17.311578669853901, 52.948451972733629 ], [ 17.311984745240885, 52.948550282978132 ] ], [ [ 17.30579571869109, 52.947135780331813 ], [ 17.305842702090356, 52.946946961746562 ], [ 17.305877655562117, 52.946806895084592 ], [ 17.305889819817502, 52.946758504786267 ], [ 17.305937679850455, 52.946566281208263 ], [ 17.305946761581922, 52.946528189231351 ], [ 17.305982944017934, 52.946295689091265 ], [ 17.306002811564095, 52.946168267700322 ], [ 17.306010531734856, 52.946096431487838 ], [ 17.306028020148254, 52.946026083529709 ] ], [ [ 17.306289807339851, 52.93910003638927 ], [ 17.306005998542513, 52.938861984706421 ], [ 17.305948922485321, 52.938814046045152 ] ], [ [ 17.305948922485321, 52.938814046045152 ], [ 17.307041568366643, 52.938375279133616 ], [ 17.307145008431839, 52.938333765081737 ], [ 17.307781830195598, 52.93807807446786 ], [ 17.308887606072549, 52.937649010651079 ], [ 17.309609516165789, 52.937344608661782 ], [ 17.310604397905831, 52.936926002217902 ], [ 17.312500378874269, 52.936163965491303 ], [ 17.312604718596624, 52.936122009848013 ], [ 17.314117828428699, 52.935512161543102 ] ], [ [ 17.305996630577837, 52.953329438248119 ], [ 17.306125866508758, 52.953364195932224 ], [ 17.306223346693518, 52.953380874016155 ], [ 17.307038839023676, 52.953486115173909 ], [ 17.307580339467499, 52.953560828610421 ], [ 17.307794335732627, 52.953579614484312 ] ], [ [ 17.306160917187849, 52.952501610961185 ], [ 17.306122728920666, 52.952644329476733 ], [ 17.306075508052125, 52.952797171550344 ], [ 17.306058388159954, 52.952865636123697 ], [ 17.306043421089452, 52.952939977012676 ], [ 17.306019372819019, 52.953120938615143 ], [ 17.305996630577837, 52.953329438248119 ] ], [ [ 17.306028020148254, 52.946026083529709 ], [ 17.30696343511817, 52.946167929745812 ], [ 17.307439285935899, 52.946232445946059 ] ], [ [ 17.306028020148254, 52.946026083529709 ], [ 17.306045792974395, 52.945948455062585 ], [ 17.30611114247424, 52.945438118438716 ], [ 17.306116671455506, 52.945403303312034 ], [ 17.306151460038432, 52.945172132213578 ], [ 17.306190426464628, 52.944914040797563 ], [ 17.306204095357209, 52.944834735002956 ], [ 17.306212351270332, 52.944787278209162 ], [ 17.306226645993029, 52.944714816229911 ], [ 17.306239929373131, 52.944668240496647 ], [ 17.306252938834326, 52.944628675620507 ], [ 17.30627754261252, 52.944585768635733 ], [ 17.306316160508654, 52.944549986240617 ], [ 17.306366305943477, 52.944512569490087 ], [ 17.306442056245864, 52.944479025059081 ] ], [ [ 17.306084617956753, 52.939212045449409 ], [ 17.306161416112676, 52.939334369950437 ], [ 17.306229138660061, 52.939445143533362 ], [ 17.306260624472731, 52.939519427328115 ], [ 17.306268150973178, 52.939566839346682 ], [ 17.306265194935047, 52.939642520737415 ], [ 17.30624230937871, 52.939748225417134 ], [ 17.306225174761728, 52.939828650989526 ], [ 17.306218437549685, 52.939860121403463 ], [ 17.306196945638689, 52.939960629830018 ] ], [ [ 17.306084617956753, 52.939212045449409 ], [ 17.306289807339851, 52.93910003638927 ] ], [ [ 17.306196945638689, 52.939960629830018 ], [ 17.306094900763398, 52.9405341162309 ] ], [ [ 17.306094900763398, 52.9405341162309 ], [ 17.306264810165192, 52.940532761302727 ], [ 17.306301758467391, 52.940524384652058 ], [ 17.306341036806341, 52.940513523082387 ], [ 17.306363551753197, 52.940501163484534 ], [ 17.306373441167828, 52.940488084314559 ], [ 17.306391415688488, 52.940458572734812 ], [ 17.306423643223535, 52.940384297856724 ], [ 17.306450219811296, 52.940347984047747 ], [ 17.306466808720259, 52.940327266132591 ], [ 17.306508315882375, 52.940308881912323 ], [ 17.306561206914015, 52.940296325706349 ], [ 17.306630562858011, 52.940292907501608 ], [ 17.306898149867607, 52.940310031026812 ], [ 17.306970531986945, 52.940309173868641 ], [ 17.30701605884169, 52.94029840111584 ], [ 17.307042935917025, 52.940281067303893 ], [ 17.307059947048121, 52.940234274778319 ], [ 17.307114393125726, 52.939926400785353 ], [ 17.307116503438632, 52.939914289909787 ], [ 17.307118480408018, 52.939905594585149 ], [ 17.30714610385246, 52.939781431076177 ], [ 17.307201894829785, 52.939530593664792 ], [ 17.307219035938434, 52.939453765369088 ], [ 17.30722021838325, 52.939423474820472 ], [ 17.307183608699383, 52.939396512936433 ], [ 17.30679796709072, 52.939086145099353 ], [ 17.306764810681766, 52.939066067197686 ], [ 17.306730633912853, 52.939045435146994 ], [ 17.306681011531726, 52.939031507790176 ], [ 17.306621872242815, 52.939021132022155 ], [ 17.306556185940238, 52.939018307208514 ], [ 17.306505901578316, 52.939025144851634 ], [ 17.306448995074213, 52.939037643789206 ], [ 17.306334101565024, 52.939082681226253 ], [ 17.306289807339851, 52.93910003638927 ] ], [ [ 17.307450688111651, 52.950299189666055 ], [ 17.307333140124783, 52.950392394321959 ], [ 17.307306400001497, 52.950413687202904 ], [ 17.307197360696179, 52.950502516295913 ], [ 17.30714138812132, 52.950551721509484 ], [ 17.307088475280324, 52.950606456188353 ], [ 17.30703274452847, 52.950668525183019 ], [ 17.306961459671431, 52.95076283826652 ], [ 17.306917695869917, 52.950819681747504 ], [ 17.306846324886504, 52.950912374745705 ], [ 17.306769792996604, 52.951030445134094 ], [ 17.306755163304768, 52.951061892999419 ], [ 17.306736614306359, 52.951102188357169 ], [ 17.306660453350176, 52.951248862581394 ], [ 17.306645478872515, 52.951277697469493 ], [ 17.306607068311717, 52.951365194265129 ], [ 17.306536567919586, 52.951549900704798 ], [ 17.306477291706045, 52.951702661072602 ], [ 17.306475967681592, 52.951706059647535 ], [ 17.306373642247252, 52.951969723040278 ], [ 17.306351445212648, 52.952027143498988 ], [ 17.306182202007307, 52.952448494308491 ], [ 17.306160917187849, 52.952501610961185 ] ], [ [ 17.306442056245864, 52.944479025059081 ], [ 17.306468131670467, 52.944470853097101 ], [ 17.306528853029704, 52.94445616016759 ], [ 17.306536615046845, 52.944455641266622 ], [ 17.30659482139318, 52.944451974200298 ], [ 17.306663702493939, 52.944449448498929 ], [ 17.306735070222544, 52.944455681681873 ], [ 17.306816606679323, 52.944464577849068 ], [ 17.307162170153973, 52.94451761578209 ], [ 17.307528007461919, 52.944573819342025 ], [ 17.307668603696353, 52.944595337370629 ], [ 17.307784027269513, 52.944613349074416 ], [ 17.308092427320375, 52.944661178488346 ], [ 17.308332161074699, 52.944698406671598 ] ], [ [ 17.307439285935899, 52.946232445946059 ], [ 17.307602400307392, 52.946256982762279 ], [ 17.30808063691244, 52.946329084718748 ], [ 17.308749177879726, 52.946431053330556 ], [ 17.309449665289407, 52.946550020324025 ] ], [ [ 17.307998347568724, 52.94556878997745 ], [ 17.30795540992035, 52.945600824149672 ], [ 17.30788486710464, 52.945653509464989 ], [ 17.307714283995161, 52.945770780655877 ], [ 17.307610093390007, 52.945850146292379 ], [ 17.307542579570992, 52.945970144307331 ], [ 17.307510983389093, 52.946043439170481 ], [ 17.307475132988284, 52.946137987506468 ], [ 17.307439285935899, 52.946232445946059 ] ], [ [ 17.307822708309139, 52.949717676835192 ], [ 17.307768141154767, 52.949814836522478 ], [ 17.307731164621071, 52.949880950102312 ], [ 17.307591843526399, 52.950100919928204 ], [ 17.307450688111651, 52.950299189666055 ] ], [ [ 17.307794335732627, 52.953579614484312 ], [ 17.307838854399598, 52.953583575963123 ], [ 17.308182402168054, 52.953621473000851 ], [ 17.308553989985313, 52.953658239318301 ], [ 17.308773745453081, 52.953685918805213 ], [ 17.308879252133284, 52.953699201558912 ], [ 17.309205107893739, 52.953751682736929 ], [ 17.30943231590367, 52.953786841521172 ], [ 17.309596909530374, 52.953812385694093 ], [ 17.309883756737225, 52.953849471183695 ], [ 17.310238848798996, 52.953893102269632 ], [ 17.312033127452839, 52.954136870031881 ], [ 17.312500175140944, 52.954200430856602 ], [ 17.313664028053186, 52.954358686834986 ], [ 17.314783131134867, 52.954511440372734 ], [ 17.315224112837637, 52.954567695960833 ], [ 17.31570749354692, 52.954640379010286 ], [ 17.316045472885484, 52.954691664171726 ], [ 17.316340227753685, 52.954736310461485 ], [ 17.316760352464232, 52.954804405702838 ], [ 17.317603710512014, 52.954941175308853 ], [ 17.318163156163408, 52.955030213743143 ], [ 17.318809902672037, 52.955126060486101 ], [ 17.319999056513193, 52.955305116649328 ], [ 17.321277709104045, 52.955499814419987 ], [ 17.322137680975608, 52.955642811831829 ] ], [ [ 17.308734297551137, 52.951040975494735 ], [ 17.308544869489669, 52.951682647284073 ], [ 17.308385917607033, 52.952004951803445 ], [ 17.308259067218206, 52.952328792333191 ], [ 17.308216411507345, 52.952437363374628 ], [ 17.308124840653498, 52.952715660476471 ], [ 17.307984478640176, 52.953141381965878 ], [ 17.307904169359915, 52.953298969661034 ], [ 17.307794335732627, 52.953579614484312 ] ], [ [ 17.307822708309139, 52.949717676835192 ], [ 17.308512319295723, 52.949838112885423 ], [ 17.308582788763097, 52.949852336126121 ] ], [ [ 17.307955730061686, 52.949422523170405 ], [ 17.307909757686808, 52.949524571748775 ], [ 17.307822708309139, 52.949717676835192 ] ], [ [ 17.308320215064178, 52.94880861562045 ], [ 17.308180764627114, 52.949043513134093 ], [ 17.308041316162264, 52.949278320580042 ], [ 17.308022673546919, 52.949309621527 ], [ 17.307955730061686, 52.949422523170405 ] ], [ [ 17.307998347568724, 52.94556878997745 ], [ 17.308056553270212, 52.945568989289498 ], [ 17.308121313227524, 52.945569102034135 ], [ 17.308172203134479, 52.945569826648892 ], [ 17.308241762777989, 52.945576662697967 ], [ 17.308323451968306, 52.945589337167711 ], [ 17.308409815164119, 52.945604326443842 ], [ 17.308528268370786, 52.945624898654088 ], [ 17.3086567124118, 52.945645073364147 ], [ 17.308677131262318, 52.945648331798864 ], [ 17.308749495330925, 52.945659614176627 ], [ 17.308834440930976, 52.945672784308009 ], [ 17.30901236756576, 52.94569923874451 ], [ 17.309096445057985, 52.945711766803228 ], [ 17.309266809604399, 52.945733616600755 ], [ 17.309308946562126, 52.945737363825849 ], [ 17.309342920471483, 52.945740455289226 ], [ 17.309377043187489, 52.945743548860129 ] ], [ [ 17.308175756575267, 52.945101057400009 ], [ 17.308162509257542, 52.945135313050066 ], [ 17.308144133523008, 52.945182715801892 ], [ 17.308128907640373, 52.945221889581184 ], [ 17.308093334378661, 52.945313204467638 ], [ 17.308061374822145, 52.94539584731627 ], [ 17.308024980092267, 52.945489129006376 ], [ 17.308016705191903, 52.945510415185893 ], [ 17.307998347568724, 52.94556878997745 ] ], [ [ 17.309569554684238, 52.945315779489064 ], [ 17.309326992714961, 52.945278423658777 ], [ 17.309284667261977, 52.945271885837627 ], [ 17.309189950582162, 52.945257317920678 ], [ 17.309169677169102, 52.945254151575448 ], [ 17.309021832404792, 52.945231363059193 ], [ 17.308939396167112, 52.945218768366814 ], [ 17.308843351046136, 52.945203911466777 ], [ 17.308717260959209, 52.94518448991883 ], [ 17.308706606995166, 52.945182809410518 ], [ 17.308589838805396, 52.945164869408387 ], [ 17.30854914336118, 52.945158534392803 ], [ 17.308492610547276, 52.945149815515293 ], [ 17.308414171168874, 52.945137816952638 ], [ 17.308398337304716, 52.945135343209174 ], [ 17.308175756575267, 52.945101057400009 ] ], [ [ 17.308332161074699, 52.944698406671598 ], [ 17.308229708571002, 52.944962249835278 ], [ 17.308197105246904, 52.945046142615311 ], [ 17.308175756575267, 52.945101057400009 ] ], [ [ 17.308320215064178, 52.94880861562045 ], [ 17.30834296375156, 52.94881325626352 ], [ 17.308510634386725, 52.948847209635396 ], [ 17.309001823535251, 52.948946831615324 ] ], [ [ 17.308401129934644, 52.94865814090582 ], [ 17.308377206770373, 52.948702676784308 ], [ 17.308320215064178, 52.94880861562045 ] ], [ [ 17.308332161074699, 52.944698406671598 ], [ 17.308388246874159, 52.944707119265722 ], [ 17.30856466726468, 52.944733912689685 ], [ 17.308710157365603, 52.94475594880911 ], [ 17.308867931257812, 52.944779868307805 ], [ 17.309011791904631, 52.944801700998163 ], [ 17.309185708048755, 52.944827828325145 ], [ 17.309352368329652, 52.944852952825698 ], [ 17.309494606709251, 52.944874402113861 ], [ 17.309646765684509, 52.944897251424301 ], [ 17.309750799997097, 52.94491339045463 ] ], [ [ 17.308401129934644, 52.94865814090582 ], [ 17.308548804029193, 52.948403215255631 ], [ 17.308570996752863, 52.948364860071997 ], [ 17.308620680415768, 52.948362239790455 ], [ 17.308756736398987, 52.948374518668274 ], [ 17.308841471868607, 52.948389394488544 ], [ 17.308880667822429, 52.948403712058173 ], [ 17.308916648735647, 52.948431743573408 ], [ 17.308918403193886, 52.948459287972796 ], [ 17.308919018084687, 52.948516044306281 ], [ 17.308919100006065, 52.948586462836033 ], [ 17.308928400520927, 52.948638126680223 ], [ 17.308956580952966, 52.948721086023085 ], [ 17.308965708282781, 52.948739022608322 ], [ 17.308993498183945, 52.948793827424872 ], [ 17.309001044304534, 52.948817946865603 ], [ 17.309008735739198, 52.948842158306469 ], [ 17.309011007637046, 52.948852622839595 ], [ 17.309015945279565, 52.948874906502049 ], [ 17.309012229220393, 52.948893829433032 ], [ 17.309001823535251, 52.948946831615324 ] ], [ [ 17.308582788763097, 52.949852336126121 ], [ 17.308925700675612, 52.949913424812991 ], [ 17.309106843090913, 52.949945680446234 ], [ 17.309266916998503, 52.949976017234036 ], [ 17.309288766492841, 52.949980824761838 ], [ 17.309402436458143, 52.950006004454828 ], [ 17.309504348477216, 52.950027239585367 ] ], [ [ 17.309001823535251, 52.948946831615324 ], [ 17.308921117338389, 52.949118713691703 ], [ 17.308761673538314, 52.949446317799463 ], [ 17.308670900252693, 52.949647194633314 ], [ 17.308582788763097, 52.949852336126121 ] ], [ [ 17.309001823535251, 52.948946831615324 ], [ 17.309627242177847, 52.949101871152813 ], [ 17.309991729762281, 52.949209039499394 ], [ 17.310210768602875, 52.949308022957212 ], [ 17.310339218140552, 52.949370374301594 ], [ 17.310680058666737, 52.949484578731933 ], [ 17.310825847354913, 52.94953377607191 ], [ 17.311062247045001, 52.949599999415284 ] ], [ [ 17.309111228986836, 52.942622334649776 ], [ 17.309141724103252, 52.942622948492705 ], [ 17.30955444199909, 52.942629540590083 ], [ 17.30992192759734, 52.942635487861658 ], [ 17.309973256978793, 52.942636307909972 ], [ 17.310700013644482, 52.942641247034778 ], [ 17.310827566096879, 52.942642071218614 ], [ 17.311069867989797, 52.942643717050977 ], [ 17.311463535983073, 52.942646344476195 ], [ 17.311500726763839, 52.942647052867443 ], [ 17.3115580008491, 52.942648136576572 ] ], [ [ 17.3094735916501, 52.93967823233141 ], [ 17.309395382603441, 52.940546410797076 ], [ 17.309296335255667, 52.941234966444291 ], [ 17.309304008380561, 52.941293981662781 ], [ 17.309307800346495, 52.941322724207623 ], [ 17.309292377427521, 52.94144337452208 ], [ 17.309187243941899, 52.942116105150255 ], [ 17.309111228986836, 52.942622334649776 ] ], [ [ 17.309191799049803, 52.950416877904942 ], [ 17.309353926115733, 52.950344990246222 ], [ 17.309399294851811, 52.950296532465735 ], [ 17.309448814166242, 52.95021800624955 ], [ 17.309461435627181, 52.950176906686792 ], [ 17.309473908246677, 52.950135805004983 ], [ 17.309504348477216, 52.950027239585367 ] ], [ [ 17.309331282599967, 52.946806263207023 ], [ 17.310322150394015, 52.947000583143669 ], [ 17.310723249956457, 52.947077153266747 ] ], [ [ 17.309331282599967, 52.946806263207023 ], [ 17.308992459854416, 52.947274578152388 ], [ 17.30811210455381, 52.947052592603903 ], [ 17.307910368712587, 52.947010419288141 ], [ 17.307860596800968, 52.947019153438333 ], [ 17.30772648296103, 52.947247111703092 ], [ 17.307748826032039, 52.947277377540154 ], [ 17.308550974305476, 52.94749663370051 ], [ 17.308921823035476, 52.947612079891101 ], [ 17.309270229294349, 52.947703643186415 ], [ 17.309588368597115, 52.947769593685237 ], [ 17.309754298239202, 52.947790840036213 ], [ 17.309943845204305, 52.947744792629585 ], [ 17.31012054540512, 52.947692176990458 ], [ 17.31029951061209, 52.947715136827725 ] ], [ [ 17.309449665289407, 52.946550020324025 ], [ 17.309331282599967, 52.946806263207023 ] ], [ [ 17.309377043187489, 52.945743548860129 ], [ 17.309622150402479, 52.945761515292979 ], [ 17.30968420582025, 52.945766085348041 ] ], [ [ 17.309569554684238, 52.945315779489064 ], [ 17.309377043187489, 52.945743548860129 ] ], [ [ 17.309449665289407, 52.946550020324025 ], [ 17.310571165046106, 52.946723623619697 ], [ 17.310899682442653, 52.946779106138756 ] ], [ [ 17.309504348477216, 52.950027239585367 ], [ 17.309645909143814, 52.950039775587491 ], [ 17.309676391961677, 52.950040838749352 ], [ 17.309706871276276, 52.950041991786257 ], [ 17.3097500404294, 52.950038468957288 ], [ 17.309804633656537, 52.9500283636565 ], [ 17.309916672325688, 52.949999919735717 ], [ 17.310234376713847, 52.949897957760975 ], [ 17.310552224933346, 52.949796086921737 ], [ 17.310916777150506, 52.949668708717837 ], [ 17.311029171499552, 52.949615807108437 ], [ 17.311062247045001, 52.949599999415284 ] ], [ [ 17.309750799997097, 52.94491339045463 ], [ 17.309616987347258, 52.945210423513721 ], [ 17.309569554684238, 52.945315779489064 ] ], [ [ 17.30968420582025, 52.945766085348041 ], [ 17.3097726088935, 52.945793693239473 ], [ 17.309912054167562, 52.945837225741357 ], [ 17.310052892936927, 52.945890850370347 ], [ 17.31014267757266, 52.945925042726692 ], [ 17.310189150715072, 52.945943600285624 ], [ 17.31022037966844, 52.945956005469569 ], [ 17.31032301047069, 52.945996765605081 ], [ 17.310396192847193, 52.946021458595709 ], [ 17.310502127601961, 52.946050034696178 ], [ 17.310606187717017, 52.946069410902929 ], [ 17.310840068652837, 52.946108079596961 ], [ 17.311004471287809, 52.946133979038699 ], [ 17.311080457098068, 52.946144052409906 ], [ 17.311370756315949, 52.946182982377195 ] ], [ [ 17.30968420582025, 52.945766085348041 ], [ 17.310000704739128, 52.945667524415221 ], [ 17.310090529026038, 52.945639573813338 ], [ 17.310199396248407, 52.945611983899006 ], [ 17.310297337466636, 52.945601145876481 ], [ 17.310326381720049, 52.945600839441731 ], [ 17.310383878524373, 52.945600128204113 ], [ 17.31046293384858, 52.945607817440781 ], [ 17.310588373045459, 52.945624889614805 ], [ 17.310791677318804, 52.945657278038041 ], [ 17.310853305547695, 52.945665168922709 ], [ 17.31107028245313, 52.945698200900608 ], [ 17.31127275065548, 52.945729137687096 ], [ 17.311543808118955, 52.94577274007753 ] ], [ [ 17.309750799997097, 52.94491339045463 ], [ 17.309887543736199, 52.944934491307322 ], [ 17.309974266863584, 52.944947865781238 ], [ 17.310117817041213, 52.944970052439906 ], [ 17.310280602653719, 52.944995300389522 ], [ 17.31039618423452, 52.945013131922067 ], [ 17.310576586226116, 52.945040968220447 ], [ 17.310639036288297, 52.945050669563891 ], [ 17.310888843827023, 52.945089294845495 ], [ 17.311082710196349, 52.94511930029919 ], [ 17.311361819851559, 52.945162477991907 ], [ 17.311508032378843, 52.945185150461867 ], [ 17.311775170602658, 52.945226088601615 ] ], [ [ 17.310723249956457, 52.947077153266747 ], [ 17.312104969006263, 52.947344014208738 ], [ 17.31232473917062, 52.947389674093394 ], [ 17.312342122217032, 52.947413573303919 ], [ 17.312073042669763, 52.947762467432462 ], [ 17.311903347691938, 52.947967891291228 ], [ 17.311856611841591, 52.948028651376923 ], [ 17.311752630634683, 52.94802240760594 ], [ 17.310785829609689, 52.947813423186659 ], [ 17.31029951061209, 52.947715136827725 ] ], [ [ 17.31029951061209, 52.947715136827725 ], [ 17.31047290062974, 52.947613730034305 ], [ 17.3106029741882, 52.947420335435211 ], [ 17.31074714408296, 52.947132621756111 ], [ 17.310723249956457, 52.947077153266747 ] ], [ [ 17.310723249956457, 52.947077153266747 ], [ 17.310899682442653, 52.946779106138756 ] ], [ [ 17.310899682442653, 52.946779106138756 ], [ 17.310902198123909, 52.946779501631546 ], [ 17.310965062155351, 52.946790107997778 ], [ 17.311220156453096, 52.946830876113935 ], [ 17.311583545067801, 52.946885593284414 ], [ 17.31213724870365, 52.946947059901767 ] ], [ [ 17.311062247045001, 52.949599999415284 ], [ 17.311125978504961, 52.949569338871086 ], [ 17.311220722925377, 52.949514657362691 ], [ 17.311332132572911, 52.949441146879138 ] ], [ [ 17.311276296166241, 52.946406381918564 ], [ 17.311354669916383, 52.946225202033389 ], [ 17.311370756315949, 52.946182982377195 ] ], [ [ 17.311332132572911, 52.949441146879138 ], [ 17.311648242990518, 52.94951371793465 ], [ 17.312296812229878, 52.949659719232201 ], [ 17.31250024558851, 52.949704607068533 ], [ 17.313205322077817, 52.949860309183677 ], [ 17.313481468213098, 52.949926912030584 ], [ 17.313611096188701, 52.949966793342639 ], [ 17.313718170724862, 52.950004645729472 ], [ 17.313785786085571, 52.950038700492861 ], [ 17.314122739463336, 52.950111560679979 ], [ 17.314436994313759, 52.950174654989816 ], [ 17.314735857303869, 52.950262171718776 ], [ 17.314870765962791, 52.950300327881735 ], [ 17.315012954380563, 52.950335079745386 ], [ 17.315117828913419, 52.950356801710079 ], [ 17.315354574456624, 52.950406743526251 ], [ 17.315518348411484, 52.950414821006355 ], [ 17.315613894968269, 52.95038155136929 ], [ 17.315824553650607, 52.949884241906716 ], [ 17.315884876105159, 52.949845436570271 ], [ 17.315957925750585, 52.949831632997082 ], [ 17.31604139197756, 52.949829488382761 ], [ 17.316352150720999, 52.949886772387529 ], [ 17.317489078985567, 52.950141467572195 ], [ 17.317719789720055, 52.950204988977895 ], [ 17.317803044869887, 52.950250504433235 ], [ 17.317927589012807, 52.950329429728924 ], [ 17.317977109377455, 52.950346408527629 ], [ 17.318034908917351, 52.950349564938136 ], [ 17.318116888987497, 52.950332019343129 ] ], [ [ 17.311984745240885, 52.948550282978132 ], [ 17.311853881343282, 52.948752571151999 ], [ 17.311812053654446, 52.948817268057113 ], [ 17.311765789548048, 52.94888882673601 ], [ 17.311642729925627, 52.94906271688432 ], [ 17.311627600164091, 52.949084175694708 ], [ 17.311548159039329, 52.94919708159258 ], [ 17.31148194608167, 52.949283825123274 ], [ 17.311455329500728, 52.949313484425012 ], [ 17.311428716384309, 52.949343053837403 ], [ 17.311332132572911, 52.949441146879138 ] ], [ [ 17.311370756315949, 52.946182982377195 ], [ 17.311442182838558, 52.946011956037971 ], [ 17.311482343272548, 52.945917377872263 ], [ 17.311543808118955, 52.94577274007753 ] ], [ [ 17.311543808118955, 52.94577274007753 ], [ 17.311568846645798, 52.945714729502825 ], [ 17.31160435701695, 52.945632495941268 ], [ 17.311655048088419, 52.945512166711509 ], [ 17.311697705598622, 52.945410789061512 ], [ 17.311775170602658, 52.945226088601615 ] ], [ [ 17.3115580008491, 52.942648136576572 ], [ 17.311769986240638, 52.942652228012314 ], [ 17.312066850977661, 52.94265959337384 ], [ 17.312161937402582, 52.942664541472197 ], [ 17.312353598235426, 52.942674458575205 ], [ 17.312402774686046, 52.942677045649361 ], [ 17.312500303190841, 52.942684276482574 ], [ 17.312621143003003, 52.942693097355033 ], [ 17.312951926290374, 52.942716410637324 ], [ 17.313015624944381, 52.942720732512022 ], [ 17.313327585571933, 52.942741888905893 ], [ 17.313398114734039, 52.942746667269496 ], [ 17.313434626568689, 52.942749523803997 ], [ 17.313917145872541, 52.942787308941455 ] ], [ [ 17.3115580008491, 52.942648136576572 ], [ 17.311588626911156, 52.942251608286121 ], [ 17.311592164595176, 52.942076649268124 ], [ 17.311645655866069, 52.941983699374525 ], [ 17.311820595288118, 52.941902997251177 ], [ 17.312262989164335, 52.941900468743405 ], [ 17.312556127774247, 52.94191929138637 ] ], [ [ 17.311775170602658, 52.945226088601615 ], [ 17.311871216829967, 52.945240943140199 ], [ 17.312126843822018, 52.945279288752488 ], [ 17.312267756336595, 52.945300446068657 ], [ 17.312500290129844, 52.945335405135602 ], [ 17.312884246310972, 52.945393108492681 ] ], [ [ 17.311984745240885, 52.948550282978132 ], [ 17.312223872341523, 52.948198355562987 ] ], [ [ 17.31213724870365, 52.946947059901767 ], [ 17.31250029805307, 52.946999071451792 ], [ 17.312946855337142, 52.947063059510647 ] ], [ [ 17.312884246310972, 52.945393108492681 ], [ 17.312775887253522, 52.945618110500284 ], [ 17.312747807899129, 52.945677786862682 ], [ 17.312716892616372, 52.945741469921707 ], [ 17.31267707249112, 52.945823552668031 ], [ 17.312628659018305, 52.945923679785139 ], [ 17.312602280684597, 52.945977894370337 ], [ 17.312582163892209, 52.946020416680582 ], [ 17.312529757003581, 52.946127501800305 ], [ 17.312500292253535, 52.946188327554253 ], [ 17.312480705638492, 52.946228698990438 ], [ 17.312455130423675, 52.94628139609182 ], [ 17.312385674410685, 52.946424841640777 ], [ 17.31233549675035, 52.946528181159863 ], [ 17.312310887484042, 52.94657900336167 ], [ 17.312172641750884, 52.946864015124973 ], [ 17.31213724870365, 52.946947059901767 ] ], [ [ 17.313028596917839, 52.948662324749286 ], [ 17.313241741636531, 52.948365694811223 ], [ 17.313241767553713, 52.948319110027846 ], [ 17.313222229678107, 52.948281690459353 ], [ 17.313174314837195, 52.948250343203291 ], [ 17.313018455976358, 52.948203613804502 ], [ 17.312915361631681, 52.948193696404346 ], [ 17.312807896670428, 52.948208088625407 ], [ 17.312694252317929, 52.94824352719349 ], [ 17.312614476639709, 52.948265686914695 ], [ 17.312547793907182, 52.948268966782223 ], [ 17.312462021020121, 52.948257766120634 ], [ 17.312223872341523, 52.948198355562987 ] ], [ [ 17.312223872341523, 52.948198355562987 ], [ 17.312295416085377, 52.948093161195253 ], [ 17.312423657194561, 52.947904594998192 ], [ 17.312500234535566, 52.947784812961061 ], [ 17.312550174222903, 52.947706741107012 ], [ 17.312668600595149, 52.947521632573185 ], [ 17.312749938143433, 52.947394273690385 ], [ 17.312797725267227, 52.947314102713811 ], [ 17.312902074496364, 52.947138686662008 ], [ 17.312946855337142, 52.947063059510647 ] ], [ [ 17.312884246310972, 52.945393108492681 ], [ 17.313359944128674, 52.945461555848638 ], [ 17.313759696527413, 52.945518940990205 ], [ 17.314208052669755, 52.945586097578683 ], [ 17.314307430118959, 52.945599558475301 ], [ 17.314669087776423, 52.945648845733899 ], [ 17.314769496651159, 52.945662590669954 ], [ 17.3151008403105, 52.94571423457225 ], [ 17.315410876019147, 52.945762517736945 ], [ 17.31561983571444, 52.945795067982942 ], [ 17.315775152750103, 52.945821101813927 ], [ 17.316030757537369, 52.945864025233405 ], [ 17.316282149686177, 52.945911924637436 ], [ 17.31663638962549, 52.945960651098986 ], [ 17.317024372771613, 52.946003109490896 ], [ 17.317637101886628, 52.946058911370322 ], [ 17.317969500721436, 52.946098870917581 ], [ 17.318366272750822, 52.946129758075855 ], [ 17.31864425773734, 52.946137019506544 ], [ 17.318990248241011, 52.946137508201176 ], [ 17.319009526501198, 52.946139489659267 ], [ 17.319062389418097, 52.946154626744786 ], [ 17.319158483192787, 52.946202930990538 ] ], [ [ 17.313917145872541, 52.942787308941455 ], [ 17.313871517701006, 52.942957623677053 ], [ 17.31382244431531, 52.943159096178292 ], [ 17.313796349664447, 52.943248208980386 ], [ 17.313716841703492, 52.943520206482212 ], [ 17.31367351200063, 52.943658177950049 ], [ 17.313607051126514, 52.943870285443104 ], [ 17.313560775830158, 52.943999761378024 ], [ 17.313521803208459, 52.944090759784466 ], [ 17.313490187072986, 52.944164865301246 ], [ 17.313481484257565, 52.944181918933388 ], [ 17.313381021613989, 52.944380143679702 ], [ 17.313128866747491, 52.944899343318845 ], [ 17.313087670544675, 52.944982395928371 ], [ 17.313039194136788, 52.945080363934302 ], [ 17.313026261927369, 52.945106620560558 ], [ 17.312884246310972, 52.945393108492681 ] ], [ [ 17.312946855337142, 52.947063059510647 ], [ 17.313561308699075, 52.947139861155776 ] ], [ [ 17.313917145872541, 52.942787308941455 ], [ 17.313961040298761, 52.942366776542912 ], [ 17.313981517493406, 52.942100506300349 ], [ 17.313997164811592, 52.941966098932653 ], [ 17.314012812023559, 52.941831691559166 ], [ 17.314005936280601, 52.941805603411332 ], [ 17.313988640369566, 52.941783324442461 ], [ 17.313938369892831, 52.941766782908935 ], [ 17.313362856526386, 52.94178541458961 ], [ 17.313321318172662, 52.941781677276822 ], [ 17.313281699335434, 52.941763038351851 ], [ 17.313263653696442, 52.941721772807391 ], [ 17.313291109872836, 52.941482851353342 ], [ 17.313311190840825, 52.941307227827267 ], [ 17.313320913677689, 52.941221839738439 ], [ 17.31332166266127, 52.941217893326765 ], [ 17.313367255567282, 52.940937500475918 ] ], [ [ 17.313561308699075, 52.947139861155776 ], [ 17.313615686496838, 52.947146658423414 ], [ 17.313945255842729, 52.947194413187212 ] ], [ [ 17.313561308699075, 52.947139861155776 ], [ 17.313745063295524, 52.946672210764028 ], [ 17.313801187727197, 52.946530733647172 ], [ 17.313828414885833, 52.946462321479601 ], [ 17.313943637849853, 52.946171765056221 ], [ 17.313945286684035, 52.946167651546837 ], [ 17.31395617037985, 52.946140466430705 ], [ 17.314019002526951, 52.945983436091183 ], [ 17.314016691626527, 52.94595480468719 ], [ 17.313978412453704, 52.945924583716099 ], [ 17.313913463209456, 52.945902527891199 ], [ 17.313617501542154, 52.945856059354874 ] ], [ [ 17.313917145872541, 52.942787308941455 ], [ 17.31436038588663, 52.942813023470343 ], [ 17.314730829356222, 52.942846337378661 ], [ 17.31482340311846, 52.942854665148367 ], [ 17.315181681294284, 52.94288690577693 ], [ 17.3153568440489, 52.942900001524627 ], [ 17.31597689035986, 52.942946383148573 ], [ 17.316689075364813, 52.943004678984757 ], [ 17.316891106552625, 52.943023639011862 ], [ 17.31696046720317, 52.943027859105577 ], [ 17.317093248520596, 52.943032078131601 ], [ 17.317189552554712, 52.943021031413153 ], [ 17.317274476238456, 52.943007844924253 ] ], [ [ 17.313923603278749, 52.948049725893789 ], [ 17.314005178496775, 52.948069319614724 ], [ 17.314322258323479, 52.94813596179911 ], [ 17.314780362102745, 52.948244173695933 ], [ 17.315180488529744, 52.948338611440796 ], [ 17.31551196084342, 52.94841813500711 ], [ 17.315637521414743, 52.948443837039036 ], [ 17.31579334165421, 52.948453330295798 ] ], [ [ 17.315620451962605, 52.948760517874412 ], [ 17.315053431728742, 52.948677025205029 ], [ 17.314821597889424, 52.948604399401418 ], [ 17.314711048791253, 52.948498959245477 ], [ 17.314499497875278, 52.948440829844365 ], [ 17.314153177674772, 52.948360283389007 ], [ 17.313972660197585, 52.948312036270082 ], [ 17.313890705135261, 52.948271572749839 ], [ 17.313844332786353, 52.948250320119463 ], [ 17.313855943544606, 52.948162350817178 ], [ 17.313899847985752, 52.948078616940954 ], [ 17.313923603278749, 52.948049725893789 ] ], [ [ 17.313945255842729, 52.947194413187212 ], [ 17.313904743060348, 52.94727136032629 ], [ 17.313754742620027, 52.947556386914478 ], [ 17.313729958252797, 52.94765001488939 ], [ 17.313674523836394, 52.947922983396111 ], [ 17.313683477454077, 52.947964569451351 ], [ 17.313719329819222, 52.947992148008986 ], [ 17.313815625428195, 52.948023731952944 ], [ 17.313923603278749, 52.948049725893789 ] ], [ [ 17.313945255842729, 52.947194413187212 ], [ 17.314245065997987, 52.94723787772638 ], [ 17.314638560738373, 52.947307311925663 ] ], [ [ 17.314098407969329, 52.934797908694222 ], [ 17.314138418440972, 52.934844612025834 ], [ 17.314161242723021, 52.934896917115267 ], [ 17.314173009407845, 52.934996280068631 ], [ 17.314101392234271, 52.93543719407824 ], [ 17.314117828428699, 52.935512161543102 ] ], [ [ 17.314117828428699, 52.935512161543102 ], [ 17.314330591503094, 52.935426416702455 ], [ 17.315623046312702, 52.934901282946143 ], [ 17.31674552757509, 52.934448011754171 ], [ 17.317670558878703, 52.934080698014974 ], [ 17.31788685500382, 52.933991759315674 ] ], [ [ 17.314638560738373, 52.947307311925663 ], [ 17.314961034616516, 52.947326994138777 ], [ 17.315361191946458, 52.947351464126463 ], [ 17.315510668842492, 52.947359338988633 ], [ 17.315987622081611, 52.947384625743943 ], [ 17.31612110261997, 52.947386517432854 ], [ 17.316211875346916, 52.947387803780067 ], [ 17.316297542348373, 52.947382542555658 ], [ 17.316361843851585, 52.947375359745926 ], [ 17.316434369445176, 52.947363437061831 ], [ 17.316531312489246, 52.947343856272809 ], [ 17.316625765384259, 52.947319383761098 ], [ 17.316766232645534, 52.947279375139985 ], [ 17.317013029448511, 52.947181247074766 ] ], [ [ 17.314638560738373, 52.947307311925663 ], [ 17.315020615952321, 52.947395288597548 ], [ 17.315282435865782, 52.947481559333745 ], [ 17.315400877438776, 52.94752946401168 ], [ 17.315539708141614, 52.947581434787942 ], [ 17.315625271935364, 52.947624826175854 ], [ 17.315712266757561, 52.947673543814894 ], [ 17.315898156647414, 52.947805771652277 ], [ 17.316097102620098, 52.947985219014051 ] ], [ [ 17.316518714885717, 52.940686136664269 ], [ 17.316486897478505, 52.940669767733255 ], [ 17.316363375470136, 52.940645804044735 ], [ 17.315161928959014, 52.940621398523938 ] ], [ [ 17.315161928959014, 52.940621398523938 ], [ 17.315143339582757, 52.940846956192608 ], [ 17.315144059228707, 52.940981685737761 ], [ 17.315199246187856, 52.940998116616647 ], [ 17.316117855919931, 52.941033981997904 ], [ 17.316562814184316, 52.941045683253272 ] ], [ [ 17.315161928959014, 52.940621398523938 ], [ 17.315238574949831, 52.940522300230178 ], [ 17.315444329565629, 52.940456598894194 ], [ 17.315936379492889, 52.940451523234223 ], [ 17.316147962456409, 52.940438873716126 ], [ 17.316179246284772, 52.940250458196061 ], [ 17.316223249707875, 52.940194514072637 ], [ 17.316400346949411, 52.940195854569346 ], [ 17.316678738579238, 52.940206993712231 ], [ 17.316677408520295, 52.940317951935498 ], [ 17.316632541437642, 52.94062623539795 ], [ 17.316518714885717, 52.940686136664269 ] ], [ [ 17.315620451962605, 52.948760517874412 ], [ 17.315559677151839, 52.948868474900088 ], [ 17.315589157094447, 52.948914488675769 ], [ 17.315816029886719, 52.948980747355336 ], [ 17.315976504455531, 52.949077451095746 ], [ 17.316048554202347, 52.949169843795246 ], [ 17.316056341952642, 52.94923767346733 ], [ 17.316030751752461, 52.949290820749397 ], [ 17.315898580259024, 52.949339399780349 ], [ 17.315758280329455, 52.949394068806441 ], [ 17.315512549449149, 52.949341752060676 ] ], [ [ 17.31579334165421, 52.948453330295798 ], [ 17.315620451962605, 52.948760517874412 ] ], [ [ 17.31579334165421, 52.948453330295798 ], [ 17.315973430669853, 52.948497341722081 ], [ 17.316259182542147, 52.948811029433287 ], [ 17.316340894834699, 52.948903828674993 ], [ 17.316665293189697, 52.949234700489896 ], [ 17.316715617750752, 52.949242428155884 ], [ 17.316800813038125, 52.949230235050358 ], [ 17.31686310040072, 52.949209803321921 ], [ 17.3169592402771, 52.949149651156084 ] ], [ [ 17.31579334165421, 52.948453330295798 ], [ 17.316044046109766, 52.948067025320512 ], [ 17.316097102620098, 52.947985219014051 ] ], [ [ 17.316097102620098, 52.947985219014051 ], [ 17.31618361862898, 52.94806162878092 ], [ 17.316414486889947, 52.948308617733367 ], [ 17.316735494368803, 52.948699876124138 ], [ 17.317182806605594, 52.949209115419549 ], [ 17.317540085995383, 52.949625256932151 ], [ 17.317907220828104, 52.950079218592954 ], [ 17.317939903640141, 52.950119521407302 ], [ 17.317997382096124, 52.950188503984805 ], [ 17.318116888987497, 52.950332019343129 ] ], [ [ 17.316562814184316, 52.941045683253272 ], [ 17.316561975077946, 52.94104045526278 ], [ 17.316578971323288, 52.940828904365638 ], [ 17.316581682674677, 52.940759065005693 ], [ 17.316550532317002, 52.94070250558692 ], [ 17.316518714885717, 52.940686136664269 ] ], [ [ 17.316562814184316, 52.941045683253272 ], [ 17.316571875908458, 52.941099861248198 ], [ 17.316650319824355, 52.941199808786351 ], [ 17.316800458181557, 52.941205443212418 ], [ 17.317118098930639, 52.941214259455627 ], [ 17.317578944700696, 52.941227081247362 ] ], [ [ 17.317013029448511, 52.947181247074766 ], [ 17.317626602391073, 52.946897295157903 ], [ 17.317708959772563, 52.946858351236116 ] ], [ [ 17.323683717427855, 52.949309998277535 ], [ 17.322487611001652, 52.949072063856818 ], [ 17.322207762279433, 52.949027822926929 ], [ 17.322102773561753, 52.949020584756276 ], [ 17.32195266031524, 52.949009741471166 ], [ 17.321886578183463, 52.949001343826566 ], [ 17.321863976704471, 52.948996707865852 ], [ 17.321848061407554, 52.94899243612781 ], [ 17.32183169433716, 52.948980603668126 ], [ 17.321813818848678, 52.948950043919858 ], [ 17.321751864518397, 52.948881179851575 ], [ 17.321679989632393, 52.948822427944812 ], [ 17.321620987909174, 52.948784991990365 ], [ 17.321563290801368, 52.948748473760155 ], [ 17.32136357229146, 52.948657518516129 ], [ 17.321025289756715, 52.948519009261865 ], [ 17.32093868837849, 52.948471470250716 ], [ 17.320768532198368, 52.948359257957222 ], [ 17.320495227432072, 52.948127056290311 ], [ 17.320308265112178, 52.947972157561921 ], [ 17.320168879372716, 52.947869012883764 ], [ 17.320064813587063, 52.947795775377344 ], [ 17.320010465087229, 52.947761282232811 ], [ 17.3199538084538, 52.94774024632499 ], [ 17.319877543449444, 52.947733412289864 ], [ 17.319742253480229, 52.947724394563387 ], [ 17.319517997630932, 52.947709711788477 ], [ 17.319353789681518, 52.947690032310788 ], [ 17.319073532236917, 52.947641281499692 ], [ 17.318661139488512, 52.94754443498605 ], [ 17.318297584328164, 52.94743991450374 ], [ 17.31780834661765, 52.9472899063596 ], [ 17.317527829910677, 52.947209581829014 ], [ 17.317395060421475, 52.947181711240077 ], [ 17.317270973934448, 52.947175637247206 ], [ 17.317013029448511, 52.947181247074766 ] ], [ [ 17.317708959772563, 52.946858351236116 ], [ 17.317646919513539, 52.946807290402873 ], [ 17.317426107484568, 52.94660811051407 ], [ 17.317383567263839, 52.94654950152286 ], [ 17.317345270705406, 52.946465951320697 ], [ 17.317315751191323, 52.946401770998847 ], [ 17.317277446248749, 52.946356801781505 ], [ 17.317171666130715, 52.946281918604676 ], [ 17.317101705825223, 52.946231644630203 ], [ 17.31708278185496, 52.946182183411544 ], [ 17.317088586153908, 52.946059507475901 ] ], [ [ 17.317615475339469, 52.940753652811246 ], [ 17.317343156681947, 52.94076238710521 ], [ 17.317247095031149, 52.940755810529446 ], [ 17.317192073946863, 52.940727421893889 ], [ 17.317143160395613, 52.940675917080618 ], [ 17.31712940199014, 52.940623830992934 ], [ 17.317136192114859, 52.940222557145617 ] ], [ [ 17.317274476238456, 52.943007844924253 ], [ 17.317437263309795, 52.94306366024675 ], [ 17.31757760990358, 52.943087771065329 ], [ 17.318464564468631, 52.943154106629073 ], [ 17.319071997465077, 52.943203441188523 ] ], [ [ 17.317507965600495, 52.942258324406133 ], [ 17.317503761897427, 52.942324455387109 ], [ 17.317477455825752, 52.942565012721751 ], [ 17.317454861722631, 52.942717578446924 ], [ 17.3174380903464, 52.942839019957475 ], [ 17.317425457790964, 52.942880659794803 ], [ 17.317394709696046, 52.94292492093912 ], [ 17.317333399738281, 52.942970278122871 ], [ 17.317274476238456, 52.943007844924253 ] ], [ [ 17.317507965600495, 52.942258324406133 ], [ 17.317122714194451, 52.942238389250427 ], [ 17.316881962518632, 52.942231381747632 ], [ 17.316732586468671, 52.942232862935256 ], [ 17.316623076954592, 52.942231311458791 ], [ 17.316525749841635, 52.942222737870303 ], [ 17.316466737646881, 52.942205084296639 ], [ 17.316452405047514, 52.942163961802883 ], [ 17.316461019459364, 52.942095465159987 ], [ 17.316520595018712, 52.941998912101262 ], [ 17.316684256700583, 52.941936209495594 ], [ 17.316782235693619, 52.941927974765491 ], [ 17.317170332240707, 52.941935900350707 ], [ 17.317290858171518, 52.941960450267977 ], [ 17.317527048276876, 52.941966043366058 ] ], [ [ 17.317527048276876, 52.941966043366058 ], [ 17.317507965600495, 52.942258324406133 ] ], [ [ 17.317578944700696, 52.941227081247362 ], [ 17.317533014244592, 52.941873676969365 ], [ 17.317531658774996, 52.941893263117159 ], [ 17.317527048276876, 52.941966043366058 ] ], [ [ 17.317615475339469, 52.940753652811246 ], [ 17.317578944700696, 52.941227081247362 ] ], [ [ 17.317647038611604, 52.940009186522936 ], [ 17.317650884587405, 52.940243875611969 ], [ 17.31763803647555, 52.940509804782934 ], [ 17.317615475339469, 52.940753652811246 ] ], [ [ 17.317636561344599, 52.939814963214943 ], [ 17.317647038611604, 52.940009186522936 ] ], [ [ 17.317636561344599, 52.939814963214943 ], [ 17.317590178783085, 52.939736604509726 ], [ 17.317517537635347, 52.939659762533381 ], [ 17.317406934646193, 52.939533099739215 ], [ 17.317269702884378, 52.93940983687493 ], [ 17.317220790691774, 52.939358332093924 ], [ 17.317035288352216, 52.939205426902845 ], [ 17.31698967894755, 52.939149382232578 ], [ 17.316977024753836, 52.939065025874932 ], [ 17.317021322079988, 52.938947751447927 ], [ 17.317065835839486, 52.938878594121924 ], [ 17.317126083872168, 52.938814426082821 ], [ 17.317211280873636, 52.93877480330643 ], [ 17.317293706538049, 52.938756725093391 ], [ 17.317385721313588, 52.938744718190449 ], [ 17.317506981344017, 52.938750122662725 ], [ 17.317558337698369, 52.938761641846234 ], [ 17.317570665150679, 52.93885444719615 ], [ 17.317567031818164, 52.939255046366767 ], [ 17.317592362294356, 52.939473132350358 ], [ 17.317651591974219, 52.939642415157145 ], [ 17.317636561344599, 52.939814963214943 ] ], [ [ 17.317647038611604, 52.940009186522936 ], [ 17.317852831357079, 52.939934668173514 ], [ 17.317950348611593, 52.939892161578683 ], [ 17.318009799611985, 52.93985622071083 ], [ 17.318046315954167, 52.939812850455624 ], [ 17.318059280608978, 52.939777960201518 ], [ 17.318065778540994, 52.939683352966476 ], [ 17.318074234900781, 52.939315647578681 ], [ 17.31808263627979, 52.939183475375607 ], [ 17.318096327766032, 52.938968639886745 ], [ 17.318103456443414, 52.938857763731974 ], [ 17.318110588564149, 52.938746797690982 ], [ 17.318102054217995, 52.938694335991144 ], [ 17.318092036834848, 52.938649407651148 ], [ 17.318049164089938, 52.938614896067151 ], [ 17.317983789986599, 52.938584832355339 ], [ 17.317886348546839, 52.93854487166243 ], [ 17.317840342475773, 52.938518229726334 ], [ 17.317795126792166, 52.938475051326769 ], [ 17.317766962448562, 52.938429776085222 ], [ 17.317752773916858, 52.938392612807561 ], [ 17.317742125786811, 52.938329419142789 ], [ 17.317746709612603, 52.938146021116609 ], [ 17.317765444751554, 52.938065976388273 ], [ 17.317781648396693, 52.938016652834939 ], [ 17.317801230891291, 52.937983834823697 ], [ 17.31787340758002, 52.937903737330743 ], [ 17.317968572143315, 52.937833498120085 ], [ 17.318021102182524, 52.937791703570376 ], [ 17.318067240538699, 52.937741994359918 ], [ 17.318110304323046, 52.937675604037807 ], [ 17.318153337718186, 52.93760615555442 ], [ 17.31818586309911, 52.937573520695949 ], [ 17.318229834846651, 52.93754896194114 ], [ 17.31830318620063, 52.937542176059686 ], [ 17.318378708796093, 52.937540816833092 ], [ 17.318448043213738, 52.937533974007209 ], [ 17.318516800792857, 52.937511294802846 ], [ 17.318562175067822, 52.937481269874489 ], [ 17.318590159337326, 52.937465927671823 ], [ 17.318608798093742, 52.93726546141648 ], [ 17.318631048715769, 52.937152281095962 ], [ 17.318661447630618, 52.936974824186393 ], [ 17.318721005230991, 52.936648041755348 ], [ 17.318801548615138, 52.936183059696774 ], [ 17.318878258459897, 52.935686366960525 ], [ 17.318980778567411, 52.935191927931811 ], [ 17.3190451429804, 52.934840841490299 ], [ 17.319074838176043, 52.934681450975923 ] ], [ [ 17.317708959772563, 52.946858351236116 ], [ 17.317788243230492, 52.946821881854099 ], [ 17.318548097872569, 52.946481989541333 ], [ 17.319158483192787, 52.946202930990538 ] ], [ [ 17.317848958668705, 52.950817010565579 ], [ 17.31794761326497, 52.950607694963487 ], [ 17.318015173297454, 52.950459093328398 ], [ 17.318116888987497, 52.950332019343129 ] ], [ [ 17.31788685500382, 52.933991759315674 ], [ 17.317972056552286, 52.934043867611834 ], [ 17.318203692432707, 52.934158123982485 ], [ 17.318526853205999, 52.934361090018051 ], [ 17.318872088766256, 52.934566795699233 ], [ 17.319074838176043, 52.934681450975923 ] ], [ [ 17.31788685500382, 52.933991759315674 ], [ 17.318548654831567, 52.933729620258205 ] ], [ [ 17.318116888987497, 52.950332019343129 ], [ 17.318171879876363, 52.950388376052175 ], [ 17.318264197913326, 52.950488158895752 ], [ 17.318334095473624, 52.950544096970198 ], [ 17.318429720600676, 52.950627738608652 ], [ 17.318520801010084, 52.950690361553953 ], [ 17.318624750070931, 52.950762879241296 ], [ 17.318729287575984, 52.950824073650438 ], [ 17.318745946232781, 52.950832223423298 ], [ 17.31898622082511, 52.950948758024474 ], [ 17.31918427388111, 52.951036725865329 ] ], [ [ 17.32161562859201, 52.932481551937684 ], [ 17.321334532306462, 52.932595392495799 ], [ 17.320217702711698, 52.933047437524309 ], [ 17.319322208580349, 52.933410332373505 ], [ 17.318863538566109, 52.933600795881347 ], [ 17.318548654831567, 52.933729620258205 ] ], [ [ 17.31918427388111, 52.951036725865329 ], [ 17.31906211518595, 52.951203351700514 ], [ 17.318975667631197, 52.951351416903776 ], [ 17.318791674195328, 52.95171097245337 ] ], [ [ 17.319071997465077, 52.943203441188523 ], [ 17.318995582206092, 52.943600042592593 ], [ 17.318960626977393, 52.943683725071999 ], [ 17.31891449876634, 52.943752230697314 ], [ 17.318886329675252, 52.943833670917058 ], [ 17.318863814019345, 52.943980482270412 ] ], [ [ 17.319071997465077, 52.943203441188523 ], [ 17.319738313457847, 52.943250817432208 ], [ 17.320465626816546, 52.943310833354069 ], [ 17.320782474628889, 52.943332848594949 ], [ 17.321422447639787, 52.943380112862336 ], [ 17.32206735669255, 52.943426813850607 ], [ 17.322708190639119, 52.943474982657605 ], [ 17.323683947615528, 52.943562947409291 ], [ 17.324308528066592, 52.943615734610724 ], [ 17.324553848399056, 52.943631874625048 ], [ 17.32467119084329, 52.943646569444219 ], [ 17.324784827616067, 52.943683964859581 ] ], [ [ 17.319074838176043, 52.934681450975923 ], [ 17.319411376432065, 52.934839007861605 ], [ 17.319800926038631, 52.935011432939497 ], [ 17.320917562263034, 52.935453950597115 ], [ 17.321159575864993, 52.935565829631919 ] ], [ [ 17.319158483192787, 52.946202930990538 ], [ 17.3192486697715, 52.946161668583002 ], [ 17.319938601716292, 52.945850546094313 ], [ 17.320445759279348, 52.945614627973882 ], [ 17.320549008483773, 52.945566624417872 ], [ 17.320687735075694, 52.945502124915265 ], [ 17.321090645598801, 52.945320578864042 ], [ 17.321281424690518, 52.945234420927243 ], [ 17.321405232598398, 52.945178343355408 ], [ 17.321927004664829, 52.944945233491858 ], [ 17.322499917268971, 52.944690809879894 ], [ 17.323084047688408, 52.944423321755281 ], [ 17.32350212035989, 52.944234157461032 ], [ 17.323852343475625, 52.944074701622952 ], [ 17.324276493323641, 52.943882202922552 ], [ 17.324487448004479, 52.94379371638756 ], [ 17.324617683558973, 52.943740603988864 ], [ 17.324784827616067, 52.943683964859581 ] ], [ [ 17.31918427388111, 52.951036725865329 ], [ 17.319643740319357, 52.951233791385164 ], [ 17.319880322902915, 52.951338131031896 ], [ 17.319929972126157, 52.951359517521446 ], [ 17.320312100223639, 52.95152365077189 ], [ 17.320717859972078, 52.951700527435982 ], [ 17.321456728293317, 52.952023392679763 ], [ 17.322617175060003, 52.952526764094372 ], [ 17.323232025781259, 52.952792019283599 ], [ 17.323764570740927, 52.953021756008269 ], [ 17.324134071409993, 52.953182011384826 ], [ 17.324701875373911, 52.953428249079316 ], [ 17.325440195874407, 52.953735972718512 ], [ 17.325778733588287, 52.953876990660994 ], [ 17.326614859641563, 52.954212884721478 ], [ 17.32690851910673, 52.9543246688743 ], [ 17.327069374191048, 52.954381792351263 ], [ 17.327449202392398, 52.954506569377287 ], [ 17.327792694896672, 52.954608260811469 ], [ 17.328389998869046, 52.954774046440967 ] ], [ [ 17.320885925075327, 52.936859332967231 ], [ 17.320936015039344, 52.936726670544523 ], [ 17.321157345133599, 52.93568882618289 ], [ 17.321159575864993, 52.935565829631919 ] ], [ [ 17.321159575864993, 52.935565829631919 ], [ 17.321752862262329, 52.935804979254165 ], [ 17.322065406515396, 52.935936828501141 ], [ 17.322199561956513, 52.935989625061985 ], [ 17.322424832233029, 52.936088134837085 ], [ 17.32261601653979, 52.936175101212882 ], [ 17.322714920512684, 52.936215708222747 ], [ 17.322823869436732, 52.936250611319636 ], [ 17.323006828262749, 52.936296271730839 ], [ 17.323425268505272, 52.936376641625316 ], [ 17.323662121102373, 52.936425939377436 ], [ 17.324260752845902, 52.936535108949869 ], [ 17.324386283995356, 52.936564668650988 ], [ 17.324567576469786, 52.936622713855385 ], [ 17.324782289734532, 52.936717293048076 ], [ 17.325008740026924, 52.936835599693104 ], [ 17.325277308688413, 52.936977252578799 ], [ 17.325640165624886, 52.937159714128384 ], [ 17.326000440667464, 52.93737829111992 ], [ 17.326384024975326, 52.937598544326349 ], [ 17.32656966287427, 52.937659885211914 ], [ 17.327139210877579, 52.93785604504577 ], [ 17.327536651389863, 52.937987456185979 ], [ 17.327917477863661, 52.938148309948716 ], [ 17.328149269707232, 52.938255893735395 ], [ 17.328307189210761, 52.938302722395633 ], [ 17.328467323202251, 52.938353898766913 ], [ 17.328852227660864, 52.938459318400582 ], [ 17.328985665921454, 52.938507960188467 ], [ 17.329132552997798, 52.938566863415666 ], [ 17.329550079493153, 52.938752959453389 ], [ 17.330160907866766, 52.939045283371492 ], [ 17.330565824684719, 52.939242080397129 ] ], [ [ 17.322137680975608, 52.955642811831829 ], [ 17.322367625681636, 52.955684729319536 ], [ 17.32406827620343, 52.95594641793361 ], [ 17.326120470094441, 52.956275627414747 ], [ 17.326251897561644, 52.956285122887117 ], [ 17.326322695015325, 52.956268133550374 ], [ 17.327036675434421, 52.955765122721971 ], [ 17.3274518496955, 52.955468254359012 ], [ 17.32767988001855, 52.955305178553999 ], [ 17.328389998869046, 52.954774046440967 ] ], [ [ 17.323198774052063, 52.953774692490477 ], [ 17.323071771566241, 52.954008973170346 ], [ 17.32283071306124, 52.954393000416047 ], [ 17.322679393756754, 52.954597529535185 ], [ 17.322536065672818, 52.954834097314787 ], [ 17.322349074367825, 52.955179136637355 ], [ 17.322137680975608, 52.955642811831829 ] ], [ [ 17.324784827616067, 52.943683964859581 ], [ 17.324870498923769, 52.943662959347954 ], [ 17.324971450429768, 52.943647205415921 ], [ 17.325073366530962, 52.943637310617703 ], [ 17.325161797243105, 52.943629653826157 ], [ 17.325250224453544, 52.94362208685228 ], [ 17.325365133276733, 52.943618850087553 ], [ 17.325554761267249, 52.943619903794016 ], [ 17.326110104935292, 52.943622872343276 ], [ 17.32694771410436, 52.943629813161245 ], [ 17.327932199480486, 52.943630721147024 ], [ 17.329026261169179, 52.943631543243058 ], [ 17.33017401427702, 52.943629872261347 ], [ 17.331225693831847, 52.94363331603941 ], [ 17.332357107592795, 52.943634542118048 ], [ 17.333533143724381, 52.943644567133234 ], [ 17.334513374371568, 52.94364383204141 ], [ 17.334764147944536, 52.94364599790925 ] ], [ [ 17.328389998869046, 52.954774046440967 ], [ 17.328466761410159, 52.95479536104218 ], [ 17.329005053809297, 52.954931445135159 ], [ 17.329362173923219, 52.955023610908796 ], [ 17.329371155841923, 52.955026255292175 ], [ 17.329675891465129, 52.955102125328601 ], [ 17.32984996464354, 52.955168064302086 ], [ 17.3299958219087, 52.955231987703733 ], [ 17.330124296883863, 52.955298724363182 ], [ 17.330209890344225, 52.955353706711215 ], [ 17.330313198604149, 52.955432050534228 ], [ 17.330372237065262, 52.955503746796808 ], [ 17.330417049937463, 52.9555581560031 ], [ 17.330456840494037, 52.955615372467044 ], [ 17.330499985006011, 52.955686035965364 ], [ 17.330510229883128, 52.955737081638333 ], [ 17.330528362438717, 52.955846244523656 ], [ 17.330545666389469, 52.956069699843361 ], [ 17.330554734063579, 52.956159040171933 ], [ 17.330584881733994, 52.956528456319347 ], [ 17.330600476835617, 52.956699636879286 ], [ 17.330635872053222, 52.957130010920245 ], [ 17.330646828903582, 52.957324958379019 ] ], [ [ 17.331088537436276, 52.952989855570536 ], [ 17.330996540863843, 52.953050976587761 ], [ 17.330863803079776, 52.953114403108053 ], [ 17.330702867013688, 52.953183099103406 ], [ 17.330175244902641, 52.953531908376597 ], [ 17.329941484368096, 52.953693469451075 ], [ 17.329594355212492, 52.953933476366274 ], [ 17.329452650335561, 52.954032388525221 ], [ 17.328389998869046, 52.954774046440967 ] ], [ [ 17.330565824684719, 52.939242080397129 ], [ 17.331060761854815, 52.939482588742756 ], [ 17.331519577527011, 52.939694798561717 ], [ 17.332053337025066, 52.939940254558451 ], [ 17.332304417947892, 52.940046122354396 ], [ 17.332433031486296, 52.940100448169993 ], [ 17.332582375724684, 52.940177008330757 ], [ 17.332759824930008, 52.940285349156369 ], [ 17.332895020266019, 52.940396963946249 ], [ 17.332981526511816, 52.940462389567685 ], [ 17.333137691805451, 52.940582302287304 ], [ 17.333217219446443, 52.940643402995626 ], [ 17.33328742192711, 52.940699246680211 ], [ 17.333467629666274, 52.940813380797159 ], [ 17.333673124700599, 52.940920314943085 ], [ 17.333687865488422, 52.940927986078748 ], [ 17.33389682749662, 52.941018330926561 ], [ 17.334078754454126, 52.941087791716924 ], [ 17.334701110620156, 52.941310285903903 ], [ 17.334951865501157, 52.941401754216763 ], [ 17.335040344098804, 52.941450838214301 ] ], [ [ 17.330788022974804, 52.938775484143903 ], [ 17.330704595810676, 52.939009216079448 ], [ 17.330662421704137, 52.939122568180942 ], [ 17.330646775481814, 52.939153914702239 ], [ 17.330565824684719, 52.939242080397129 ] ], [ [ 17.331088537436276, 52.952989855570536 ], [ 17.331507728656348, 52.953101682617735 ], [ 17.332616023240533, 52.953377413572632 ], [ 17.333218473690213, 52.953564291341678 ], [ 17.333738929489254, 52.95373436806495 ], [ 17.334076794382923, 52.953858715270343 ], [ 17.334299160833858, 52.953935127385996 ], [ 17.334388417879559, 52.953976218554352 ], [ 17.334770764070413, 52.954152178886581 ], [ 17.335065170202032, 52.954287695360698 ], [ 17.336222562467267, 52.954810314958948 ], [ 17.336296924926572, 52.954843821671574 ], [ 17.33723025591285, 52.955253126961217 ], [ 17.337426939840636, 52.955339426046187 ], [ 17.337646328831053, 52.95543557525037 ], [ 17.337813893257255, 52.95549295778013 ], [ 17.338052479245551, 52.955581730494615 ], [ 17.338301018740907, 52.955698341059126 ], [ 17.338610122929044, 52.955835582964227 ], [ 17.338795279335237, 52.955923607156237 ], [ 17.339099158809848, 52.95607291558651 ] ], [ [ 17.333725840677427, 52.951599728784892 ], [ 17.333460752287259, 52.951794402182237 ], [ 17.33335746758868, 52.951843315744682 ], [ 17.333229156543197, 52.951904108992053 ], [ 17.332882229262822, 52.95205842261592 ], [ 17.3320534501458, 52.952460121700604 ], [ 17.331473349239189, 52.952768539825023 ], [ 17.33111653439213, 52.952974330733106 ], [ 17.331088537436276, 52.952989855570536 ] ], [ [ 17.334764147944536, 52.94364599790925 ], [ 17.334733785709517, 52.943789194611774 ], [ 17.334658176161753, 52.944610387871776 ], [ 17.334591703744607, 52.945364169758875 ], [ 17.334542137349896, 52.94624364431894 ], [ 17.334511861212139, 52.946868970161376 ], [ 17.334488619871124, 52.947163892712219 ], [ 17.334465315816797, 52.947289921186481 ], [ 17.334405365284347, 52.947486212823428 ], [ 17.334284924937755, 52.94781916321282 ], [ 17.33423818414423, 52.947993246753583 ], [ 17.334149322049335, 52.948302537779576 ], [ 17.334070120946798, 52.948561871800791 ], [ 17.333929724809121, 52.949115595999508 ], [ 17.33386241871149, 52.949317180149478 ], [ 17.33380054474306, 52.949454898457624 ], [ 17.333786071157579, 52.9495021798378 ], [ 17.333781415467847, 52.94954195462909 ], [ 17.333788765291974, 52.949579289725406 ], [ 17.333799864459007, 52.949635293412179 ], [ 17.333837639948591, 52.94979527333232 ], [ 17.333851105269726, 52.949936925876365 ], [ 17.333911661104988, 52.950406862566382 ], [ 17.333942813500578, 52.950820538885772 ], [ 17.333953168767707, 52.951124475816215 ], [ 17.333948017634032, 52.951258492838448 ], [ 17.333935940124416, 52.951328650656663 ], [ 17.333907728036394, 52.951407935221312 ], [ 17.333874063377181, 52.951466368937027 ], [ 17.333828114887833, 52.951515097566151 ], [ 17.333725840677427, 52.951599728784892 ] ], [ [ 17.340649782392095, 52.946646286629992 ], [ 17.340303730497141, 52.947106224179258 ], [ 17.340018382346788, 52.947419339788702 ], [ 17.339763992539776, 52.9476626500809 ], [ 17.339479408764674, 52.947889529921213 ], [ 17.339308454773484, 52.948006840797042 ], [ 17.339240134576766, 52.94806847887866 ], [ 17.339170642618999, 52.948156810466919 ], [ 17.338994563500233, 52.948415602862141 ], [ 17.338839160234823, 52.948616587718405 ], [ 17.338690804884951, 52.948796806595766 ], [ 17.338417395353311, 52.949135805994686 ], [ 17.33832268186028, 52.949229450146916 ], [ 17.338215177963132, 52.949330469671224 ], [ 17.338076512345509, 52.949432582117659 ], [ 17.337892247617717, 52.949566702041423 ], [ 17.33770812711732, 52.949700913633443 ], [ 17.337628497979676, 52.949735053147073 ], [ 17.337447360815549, 52.949787557525781 ], [ 17.33723358144448, 52.949871980526609 ], [ 17.33685610650414, 52.950043235108957 ], [ 17.336524019850316, 52.950199565609637 ], [ 17.336248498659586, 52.950321343774 ], [ 17.335615658714843, 52.950686330385594 ], [ 17.335398293271592, 52.950809640624719 ], [ 17.335087749362305, 52.950955297186233 ], [ 17.334347778206912, 52.951344856438581 ], [ 17.334107448825446, 52.951464964610224 ], [ 17.333935632506513, 52.951538098953186 ], [ 17.333725840677427, 52.951599728784892 ] ], [ [ 17.334764147944536, 52.94364599790925 ], [ 17.335739999055669, 52.943654634228579 ], [ 17.336590771476875, 52.943659982688459 ], [ 17.338317701680253, 52.943664811000957 ], [ 17.339528621708233, 52.94367364570541 ], [ 17.339883588928792, 52.943680224580277 ], [ 17.340095826498501, 52.94368957495287 ], [ 17.340170274782007, 52.943697090115499 ], [ 17.340271258805561, 52.94371145103819 ] ], [ [ 17.335040344098804, 52.941450838214301 ], [ 17.335080119839873, 52.941597446037996 ], [ 17.335085710604954, 52.941727117174167 ], [ 17.33506896520657, 52.941957739360092 ], [ 17.335004696610461, 52.942332666843136 ], [ 17.33495986833552, 52.942507586956189 ], [ 17.334973331855881, 52.942610568511014 ], [ 17.334976222813356, 52.942806661938796 ], [ 17.334960591190292, 52.943008251478595 ], [ 17.334935390086958, 52.943121752899486 ], [ 17.334892355815796, 52.943288694118124 ], [ 17.334764147944536, 52.94364599790925 ] ], [ [ 17.335040344098804, 52.941450838214301 ], [ 17.335241726278817, 52.941537117408593 ], [ 17.335700928165483, 52.941821801787711 ], [ 17.336418012347263, 52.942299673057029 ], [ 17.336605303048536, 52.94240418875421 ], [ 17.336767395639292, 52.94247480659471 ], [ 17.336861405780162, 52.94250786871482 ], [ 17.336971640813506, 52.942537110890534 ], [ 17.337112699109223, 52.942558420626874 ], [ 17.337272584724634, 52.942577925218657 ], [ 17.337854426340488, 52.942623298151418 ], [ 17.338508813521784, 52.942683082637245 ], [ 17.338816216503027, 52.942703029091092 ], [ 17.338941939505958, 52.94272052494285 ], [ 17.3389931212288, 52.942740755797658 ], [ 17.339029345178492, 52.942766713076843 ], [ 17.339065714522018, 52.94279276230953 ], [ 17.339306163055692, 52.942943882325238 ], [ 17.339507978252595, 52.943093112954102 ], [ 17.339602584259126, 52.943180680282786 ], [ 17.339741696629666, 52.943280110992283 ], [ 17.339950066341469, 52.943417651278587 ], [ 17.340002798282015, 52.943447975782227 ], [ 17.340193599829067, 52.943546689161288 ], [ 17.340240830908414, 52.943580713876479 ], [ 17.340268670396004, 52.94360016843968 ], [ 17.34028391549359, 52.943625832275899 ], [ 17.340286215290725, 52.943651315284292 ], [ 17.340281820984124, 52.943668880662742 ], [ 17.340271258805561, 52.94371145103819 ] ], [ [ 17.33547775096978, 52.940081088685105 ], [ 17.335282717364247, 52.940589622804218 ], [ 17.335125082640939, 52.941089417588572 ], [ 17.335040344098804, 52.941450838214301 ] ], [ [ 17.340271258805561, 52.94371145103819 ], [ 17.340441378461719, 52.943743774757024 ], [ 17.340547202485499, 52.943767825816572 ], [ 17.3406343031284, 52.943794852868308 ], [ 17.340745075639873, 52.943833541913889 ], [ 17.340984580351616, 52.943924030794562 ], [ 17.341152869087491, 52.943992570692338 ], [ 17.3412581001467, 52.944036038238778 ], [ 17.341345016094881, 52.944067918535296 ], [ 17.341468309644029, 52.944106242089177 ], [ 17.341658521934374, 52.94416213700751 ], [ 17.341883463283914, 52.944216987414521 ], [ 17.342341180827173, 52.944308719828264 ], [ 17.342413365272439, 52.944320968410494 ], [ 17.342301880106874, 52.944581206344893 ], [ 17.342204120275504, 52.944864028841415 ], [ 17.342184972266651, 52.944952075309963 ], [ 17.342190157688638, 52.945011143318631 ], [ 17.342213879452029, 52.945064354544421 ], [ 17.342268616490923, 52.945178612922561 ], [ 17.342354875488372, 52.945344572502982 ], [ 17.342407437551792, 52.945449537428011 ], [ 17.342449794283347, 52.945552741179348 ], [ 17.342470512755149, 52.945618321120477 ], [ 17.342497357411769, 52.945726164808036 ], [ 17.342500366320344, 52.945822704239546 ], [ 17.342498272819245, 52.945861885559445 ], [ 17.342511256373015, 52.945911709353965 ], [ 17.342552495387682, 52.94597406816051 ], [ 17.342633194790317, 52.946059640328954 ], [ 17.342862196362095, 52.946265631837775 ], [ 17.343090144797426, 52.946545982275218 ], [ 17.343268132641089, 52.946781838594191 ], [ 17.343327114618724, 52.946874751707711 ], [ 17.3433394815459, 52.946893989794177 ], [ 17.343351696240926, 52.946913315689109 ], [ 17.343375149358035, 52.946938553941017 ], [ 17.34339860593694, 52.946963702303933 ], [ 17.343483549964894, 52.947031796227229 ], [ 17.343542491716299, 52.94707902302455 ], [ 17.343568348884222, 52.947099798132214 ], [ 17.343600347253911, 52.947139094977238 ], [ 17.343608300359335, 52.947199820255058 ], [ 17.343608881733182, 52.947246952915968 ], [ 17.343597545811967, 52.947274763856321 ], [ 17.343513981954217, 52.947373154060209 ], [ 17.343423484429067, 52.947454270459758 ], [ 17.343299267228783, 52.94754112198968 ], [ 17.343117196219673, 52.947649649776473 ], [ 17.343059605936403, 52.947683920338683 ], [ 17.343030201584593, 52.9477130980504 ], [ 17.343026486527375, 52.947744072908748 ], [ 17.343029046661776, 52.947778372838343 ], [ 17.343031610235204, 52.947812582883294 ], [ 17.343078048224502, 52.9479064902971 ], [ 17.343086472991086, 52.9479236949228 ], [ 17.343093393556941, 52.94794519532595 ], [ 17.343096853842358, 52.947955945527355 ], [ 17.343114009917848, 52.948009604573365 ], [ 17.343114607753357, 52.94806797900771 ], [ 17.343101881233743, 52.948198383324829 ], [ 17.343104390699388, 52.948335295356152 ], [ 17.343126057485101, 52.948442347177036 ], [ 17.343165057504137, 52.948567267419861 ], [ 17.343188902556271, 52.948617332489718 ], [ 17.34321259884814, 52.94866739547993 ], [ 17.343264166637574, 52.948747884474678 ], [ 17.343282998217951, 52.948777195182906 ], [ 17.343342918179559, 52.948861218019545 ], [ 17.343402689555404, 52.948945238752032 ], [ 17.343505260148447, 52.949085973885168 ], [ 17.343551694902793, 52.94914885438083 ], [ 17.343590216189618, 52.949216211093216 ], [ 17.343604089124771, 52.94925840287857 ], [ 17.343575785170696, 52.949313316708405 ], [ 17.343558314017773, 52.949334117324732 ], [ 17.343501533469929, 52.94936273365451 ], [ 17.343288181489072, 52.949405175032673 ], [ 17.342975628813445, 52.949452438045341 ], [ 17.342867651504541, 52.949468738851834 ], [ 17.342759822933399, 52.949485041635015 ], [ 17.342738512232422, 52.949489420897628 ], [ 17.342717346907769, 52.949493892116394 ], [ 17.342447765397797, 52.949550476503731 ], [ 17.34227495915631, 52.949607241305294 ] ] ] } }
]
}
