{
"type": "FeatureCollection",
"name": "komunikacja_2023",
"crs": { "type": "name", "properties": { "name": "urn:ogc:def:crs:EPSG::3857" } },
"features": [
{ "type": "Feature", "properties": { "TERYT": "3028", "LOKALNYID": "2EBDC9DC-3DCF-7DB6-E053-CC2BA8C07DDB", "WERSJAID": "2020-01-20T00:00:00", "PNAZW": "PL.PZGiK.308.BDOT10k", "GMLID": "OT_SKDR_L.452", "X_KOD": "SKDR04", "X_SKRKARTO": null, "X_SKRK_NIL": "inapplicable", "X_KATDOKG": "dokladny", "X_DOKLGEOM": null, "X_ZRODLOG": "ortofotomapa", "X_ZRODLOA": "pomiarTerenowy", "X_KATIST": "eksploatowany", "X_KATI_NIL": null, "X_RODZREPG": "osGeometryczna", "X_UWAGI": null, "X_UZYTKOWN": "Uzytkownik30.xml", "X_AKTG": "2011-01-01", "X_AKTA": "2020-01-20", "POCZWERS": "2020-01-20", "KONIECWERS": null, "X_DATAUTW": "2012-11-13", "X_INFDOD": null, "KOD10K": null, "KOD10K_NIL": "inapplicable", "KOD25K": "0025_115", "KOD25K_NIL": null, "KOD50K": "0050_115", "KOD50K_NIL": null, "KOD100K": "0100_115", "KOD100_NIL": null, "KOD250K": null, "KOD250_NIL": "inapplicable", "KOD500K": null, "KOD500_NIL": "inapplicable", "KOD1000K": null, "KOD1000_NI": "inapplicable", "KATZARZ": "wojewodzka", "KATZA_NIL": null, "KLASADROGI": "glowna", "KLDROG_NIL": null, "MATNAWIERZ": "masaBitumiczna", "MATNAW_NIL": null, "NAZWADROGI": null, "LJEZDNIDR": 1, "LJEZD_NIL": null, "NRODCIREF": null, "SZL_NUMER": "194", "SZLNR_NIL": null, "length": 104.23 }, "geometry": { "type": "MultiLineString", "coordinates": [ [ [ 1925917.880496599012986, 6973366.297656065784395 ], [ 1925916.738425606861711, 6973373.248898793943226 ], [ 1925907.038029631832615, 6973433.780396070331335 ], [ 1925904.240453655831516, 6973454.682464077137411 ], [ 1925902.517732241889462, 6973467.269204897806048 ], [ 1925900.740092544117942, 6973482.180809765122831 ], [ 1925899.56019090116024, 6973495.644476668909192 ], [ 1925898.959687374066561, 6973509.138533933088183 ], [ 1925898.491365007124841, 6973538.088116149418056 ] ] ] } },
{ "type": "Feature", "properties": { "TERYT": "3028", "LOKALNYID": "2EBDC9DC-3DD0-7DB6-E053-CC2BA8C07DDB", "WERSJAID": "2020-01-20T00:00:00", "PNAZW": "PL.PZGiK.308.BDOT10k", "GMLID": "OT_SKDR_L.453", "X_KOD": "SKDR04", "X_SKRKARTO": null, "X_SKRK_NIL": "inapplicable", "X_KATDOKG": "dokladny", "X_DOKLGEOM": null, "X_ZRODLOG": "ortofotomapa", "X_ZRODLOA": "pomiarTerenowy", "X_KATIST": "eksploatowany", "X_KATI_NIL": null, "X_RODZREPG": "osGeometryczna", "X_UWAGI": null, "X_UZYTKOWN": "Uzytkownik30.xml", "X_AKTG": "2011-01-01", "X_AKTA": "2020-01-20", "POCZWERS": "2020-01-20", "KONIECWERS": null, "X_DATAUTW": "2012-11-13", "X_INFDOD": null, "KOD10K": null, "KOD10K_NIL": "inapplicable", "KOD25K": "0025_115", "KOD25K_NIL": null, "KOD50K": "0050_115", "KOD50K_NIL": null, "KOD100K": "0100_115", "KOD100_NIL": null, "KOD250K": null, "KOD250_NIL": "inapplicable", "KOD500K": null, "KOD500_NIL": "inapplicable", "KOD1000K": null, "KOD1000_NI": "inapplicable", "KATZARZ": "wojewodzka", "KATZA_NIL": null, "KLASADROGI": "glowna", "KLDROG_NIL": null, "MATNAWIERZ": "masaBitumiczna", "MATNAW_NIL": null, "NAZWADROGI": null, "LJEZDNIDR": 1, "LJEZD_NIL": null, "NRODCIREF": null, "SZL_NUMER": "194", "SZLNR_NIL": null, "length": 177.85 }, "geometry": { "type": "MultiLineString", "coordinates": [ [ [ 1925899.284901180770248, 6973688.345362595282495 ], [ 1925899.208486988209188, 6973704.211627088487148 ], [ 1925898.889584355987608, 6973717.712718471884727 ], [ 1925897.285234787268564, 6973737.214880384504795 ], [ 1925893.754810018930584, 6973765.278418227098882 ], [ 1925884.111743894638494, 6973835.285362497903407 ], [ 1925864.372183121973649, 6973955.882392092607915 ], [ 1925859.987180851632729, 6973980.81912814732641 ] ] ] } },
{ "type": "Feature", "properties": { "TERYT": "3028", "LOKALNYID": "2EBDC9DC-376E-7DB6-E053-CC2BA8C07DDB", "WERSJAID": "2020-01-20T00:00:00", "PNAZW": "PL.PZGiK.308.BDOT10k", "GMLID": "OT_SKDR_L.563", "X_KOD": "SKDR06", "X_SKRKARTO": null, "X_SKRK_NIL": "inapplicable", "X_KATDOKG": "dokladny", "X_DOKLGEOM": null, "X_ZRODLOG": "ortofotomapa", "X_ZRODLOA": "pomiarTerenowy", "X_KATIST": "eksploatowany", "X_KATI_NIL": null, "X_RODZREPG": "osGeometryczna", "X_UWAGI": null, "X_UZYTKOWN": "Uzytkownik30.xml", "X_AKTG": "2011-01-01", "X_AKTA": "2020-01-20", "POCZWERS": "2020-01-20", "KONIECWERS": null, "X_DATAUTW": "2012-11-13", "X_INFDOD": null, "KOD10K": null, "KOD10K_NIL": "inapplicable", "KOD25K": "0025_121", "KOD25K_NIL": null, "KOD50K": "0050_121", "KOD50K_NIL": null, "KOD100K": "0100_121", "KOD100_NIL": null, "KOD250K": null, "KOD250_NIL": "inapplicable", "KOD500K": null, "KOD500_NIL": "inapplicable", "KOD1000K": null, "KOD1000_NI": "inapplicable", "KATZARZ": "gminna", "KATZA_NIL": null, "KLASADROGI": "lokalna", "KLDROG_NIL": null, "MATNAWIERZ": "masaBitumiczna", "MATNAW_NIL": null, "NAZWADROGI": null, "LJEZDNIDR": 1, "LJEZD_NIL": null, "NRODCIREF": null, "SZL_NUMER": "207009P", "SZLNR_NIL": null, "length": 108.51 }, "geometry": { "type": "MultiLineString", "coordinates": [ [ [ 1927161.326461135176942, 6973486.779795221984386 ], [ 1927146.758758691139519, 6973524.153199167922139 ], [ 1927142.102521668653935, 6973536.106201583519578 ], [ 1927136.95242490246892, 6973549.326963959261775 ], [ 1927123.253490397008136, 6973581.453980390913785 ], [ 1927121.569253047229722, 6973585.418604708276689 ], [ 1927112.725907490821555, 6973606.278575765900314 ], [ 1927105.355114760342985, 6973622.304945953190327 ], [ 1927102.392170522827655, 6973627.784681269899011 ], [ 1927099.429611954838037, 6973633.247812727466226 ], [ 1927088.677951251156628, 6973651.371134416200221 ] ] ] } },
{ "type": "Feature", "properties": { "TERYT": "3028", "LOKALNYID": "2EBDC9DC-376F-7DB6-E053-CC2BA8C07DDB", "WERSJAID": "2020-01-20T00:00:00", "PNAZW": "PL.PZGiK.308.BDOT10k", "GMLID": "OT_SKDR_L.564", "X_KOD": "SKDR06", "X_SKRKARTO": null, "X_SKRK_NIL": "inapplicable", "X_KATDOKG": "dokladny", "X_DOKLGEOM": null, "X_ZRODLOG": "ortofotomapa", "X_ZRODLOA": "pomiarTerenowy", "X_KATIST": "eksploatowany", "X_KATI_NIL": null, "X_RODZREPG": "osGeometryczna", "X_UWAGI": null, "X_UZYTKOWN": "Uzytkownik30.xml", "X_AKTG": "2011-01-01", "X_AKTA": "2020-01-20", "POCZWERS": "2020-01-20", "KONIECWERS": null, "X_DATAUTW": "2012-11-13", "X_INFDOD": null, "KOD10K": null, "KOD10K_NIL": "inapplicable", "KOD25K": "0025_121", "KOD25K_NIL": null, "KOD50K": "0050_121", "KOD50K_NIL": null, "KOD100K": "0100_121", "KOD100_NIL": null, "KOD250K": null, "KOD250_NIL": "inapplicable", "KOD500K": null, "KOD500_NIL": "inapplicable", "KOD1000K": null, "KOD1000_NI": "inapplicable", "KATZARZ": "gminna", "KATZA_NIL": null, "KLASADROGI": "lokalna", "KLDROG_NIL": null, "MATNAWIERZ": "masaBitumiczna", "MATNAW_NIL": null, "NAZWADROGI": null, "LJEZDNIDR": 1, "LJEZD_NIL": null, "NRODCIREF": null, "SZL_NUMER": "207009P", "SZLNR_NIL": null, "length": 34.02 }, "geometry": { "type": "MultiLineString", "coordinates": [ [ [ 1926712.818542988505214, 6973647.930281032808125 ], [ 1926707.700921626761556, 6973666.784449109807611 ], [ 1926698.010629230411723, 6973702.462047328241169 ] ] ] } },
{ "type": "Feature", "properties": { "TERYT": "3028", "LOKALNYID": "2EBDC9DC-383C-7DB6-E053-CC2BA8C07DDB", "WERSJAID": "2020-01-20T00:00:00", "PNAZW": "PL.PZGiK.308.BDOT10k", "GMLID": "OT_SKDR_L.575", "X_KOD": "SKDR06", "X_SKRKARTO": null, "X_SKRK_NIL": "inapplicable", "X_KATDOKG": "dokladny", "X_DOKLGEOM": null, "X_ZRODLOG": "ortofotomapa", "X_ZRODLOA": "pomiarTerenowy", "X_KATIST": "eksploatowany", "X_KATI_NIL": null, "X_RODZREPG": "osGeometryczna", "X_UWAGI": null, "X_UZYTKOWN": "Uzytkownik30.xml", "X_AKTG": "2011-01-01", "X_AKTA": "2020-01-20", "POCZWERS": "2020-01-20", "KONIECWERS": null, "X_DATAUTW": "2012-11-13", "X_INFDOD": null, "KOD10K": null, "KOD10K_NIL": "inapplicable", "KOD25K": "0025_121", "KOD25K_NIL": null, "KOD50K": "0050_121", "KOD50K_NIL": null, "KOD100K": "0100_121", "KOD100_NIL": null, "KOD250K": null, "KOD250_NIL": "inapplicable", "KOD500K": null, "KOD500_NIL": "inapplicable", "KOD1000K": null, "KOD1000_NI": "inapplicable", "KATZARZ": "gminna", "KATZA_NIL": null, "KLASADROGI": "lokalna", "KLDROG_NIL": null, "MATNAWIERZ": "masaBitumiczna", "MATNAW_NIL": null, "NAZWADROGI": null, "LJEZDNIDR": 1, "LJEZD_NIL": null, "NRODCIREF": null, "SZL_NUMER": "207009P", "SZLNR_NIL": null, "length": 17.6 }, "geometry": { "type": "MultiLineString", "coordinates": [ [ [ 1926762.400230045663193, 6973506.706879554316401 ], [ 1926759.737115580588579, 6973514.935034767724574 ], [ 1926753.392827867530286, 6973534.507629548199475 ] ] ] } },
{ "type": "Feature", "properties": { "TERYT": "3028", "LOKALNYID": "2EBDC9DC-3B88-7DB6-E053-CC2BA8C07DDB", "WERSJAID": "2020-01-20T00:00:00", "PNAZW": "PL.PZGiK.308.BDOT10k", "GMLID": "OT_SKDR_L.1038", "X_KOD": "SKDR04", "X_SKRKARTO": null, "X_SKRK_NIL": "inapplicable", "X_KATDOKG": "dokladny", "X_DOKLGEOM": null, "X_ZRODLOG": "ortofotomapa", "X_ZRODLOA": "pomiarTerenowy", "X_KATIST": "eksploatowany", "X_KATI_NIL": null, "X_RODZREPG": "osGeometryczna", "X_UWAGI": null, "X_UZYTKOWN": "Uzytkownik30.xml", "X_AKTG": "2011-01-01", "X_AKTA": "2020-01-20", "POCZWERS": "2020-01-20", "KONIECWERS": null, "X_DATAUTW": "2012-11-13", "X_INFDOD": null, "KOD10K": null, "KOD10K_NIL": "inapplicable", "KOD25K": "0025_115", "KOD25K_NIL": null, "KOD50K": "0050_115", "KOD50K_NIL": null, "KOD100K": "0100_115", "KOD100_NIL": null, "KOD250K": null, "KOD250_NIL": "inapplicable", "KOD500K": null, "KOD500_NIL": "inapplicable", "KOD1000K": null, "KOD1000_NI": "inapplicable", "KATZARZ": "wojewodzka", "KATZA_NIL": null, "KLASADROGI": "glowna", "KLDROG_NIL": null, "MATNAWIERZ": "masaBitumiczna", "MATNAW_NIL": null, "NAZWADROGI": null, "LJEZDNIDR": 1, "LJEZD_NIL": null, "NRODCIREF": null, "SZL_NUMER": "193", "SZLNR_NIL": null, "length": 91.5 }, "geometry": { "type": "MultiLineString", "coordinates": [ [ [ 1924668.652994721196592, 6972964.133233528584242 ], [ 1924579.027941286563873, 6973003.610566937364638 ], [ 1924529.993625141214579, 6973025.582330068573356 ] ] ] } },
{ "type": "Feature", "properties": { "TERYT": "3028", "LOKALNYID": "2EBDC9DC-3B89-7DB6-E053-CC2BA8C07DDB", "WERSJAID": "2020-01-20T00:00:00", "PNAZW": "PL.PZGiK.308.BDOT10k", "GMLID": "OT_SKDR_L.1039", "X_KOD": "SKDR04", "X_SKRKARTO": null, "X_SKRK_NIL": "inapplicable", "X_KATDOKG": "dokladny", "X_DOKLGEOM": null, "X_ZRODLOG": "ortofotomapa", "X_ZRODLOA": "pomiarTerenowy", "X_KATIST": "eksploatowany", "X_KATI_NIL": null, "X_RODZREPG": "osGeometryczna", "X_UWAGI": null, "X_UZYTKOWN": "Uzytkownik30.xml", "X_AKTG": "2011-01-01", "X_AKTA": "2020-01-20", "POCZWERS": "2020-01-20", "KONIECWERS": null, "X_DATAUTW": "2012-11-13", "X_INFDOD": null, "KOD10K": null, "KOD10K_NIL": "inapplicable", "KOD25K": "0025_115", "KOD25K_NIL": null, "KOD50K": "0050_115", "KOD50K_NIL": null, "KOD100K": "0100_115", "KOD100_NIL": null, "KOD250K": null, "KOD250_NIL": "inapplicable", "KOD500K": null, "KOD500_NIL": "inapplicable", "KOD1000K": null, "KOD1000_NI": "inapplicable", "KATZARZ": "wojewodzka", "KATZA_NIL": null, "KLASADROGI": "glowna", "KLDROG_NIL": null, "MATNAWIERZ": "masaBitumiczna", "MATNAW_NIL": null, "NAZWADROGI": null, "LJEZDNIDR": 1, "LJEZD_NIL": null, "NRODCIREF": null, "SZL_NUMER": "193", "SZLNR_NIL": null, "length": 5.98 }, "geometry": { "type": "MultiLineString", "coordinates": [ [ [ 1924953.760343620087951, 6972836.115185264497995 ], [ 1924944.729813270037994, 6972840.219420528039336 ] ] ] } },
{ "type": "Feature", "properties": { "TERYT": "3028", "LOKALNYID": "2EBDC9DC-3C4E-7DB6-E053-CC2BA8C07DDB", "WERSJAID": "2020-01-20T00:00:00", "PNAZW": "PL.PZGiK.308.BDOT10k", "GMLID": "OT_SKDR_L.842", "X_KOD": "SKDR08", "X_SKRKARTO": null, "X_SKRK_NIL": "inapplicable", "X_KATDOKG": "dokladny", "X_DOKLGEOM": null, "X_ZRODLOG": "ortofotomapa", "X_ZRODLOA": "pomiarTerenowy", "X_KATIST": "eksploatowany", "X_KATI_NIL": null, "X_RODZREPG": "osGeometryczna", "X_UWAGI": null, "X_UZYTKOWN": "Uzytkownik30.xml", "X_AKTG": "2011-01-01", "X_AKTA": "2020-01-20", "POCZWERS": "2020-01-20", "KONIECWERS": null, "X_DATAUTW": "2012-11-13", "X_INFDOD": null, "KOD10K": null, "KOD10K_NIL": "inapplicable", "KOD25K": "0025_121", "KOD25K_NIL": null, "KOD50K": "0050_121", "KOD50K_NIL": null, "KOD100K": "0100_121", "KOD100_NIL": null, "KOD250K": null, "KOD250_NIL": "inapplicable", "KOD500K": null, "KOD500_NIL": "inapplicable", "KOD1000K": null, "KOD1000_NI": "inapplicable", "KATZARZ": "zakladowa", "KATZA_NIL": null, "KLASADROGI": "inna", "KLDROG_NIL": null, "MATNAWIERZ": "kostkaPrefabrykowana", "MATNAW_NIL": null, "NAZWADROGI": null, "LJEZDNIDR": 1, "LJEZD_NIL": null, "NRODCIREF": null, "SZL_NUMER": null, "SZLNR_NIL": null, "length": 58.64 }, "geometry": { "type": "MultiLineString", "coordinates": [ [ [ 1926149.906933560268953, 6974530.655720897950232 ], [ 1926126.902729948284104, 6974625.312603789381683 ] ] ] } },
{ "type": "Feature", "properties": { "TERYT": "3028", "LOKALNYID": "2EBDC9DC-3C4F-7DB6-E053-CC2BA8C07DDB", "WERSJAID": "2020-01-20T00:00:00", "PNAZW": "PL.PZGiK.308.BDOT10k", "GMLID": "OT_SKDR_L.843", "X_KOD": "SKDR08", "X_SKRKARTO": null, "X_SKRK_NIL": "inapplicable", "X_KATDOKG": "dokladny", "X_DOKLGEOM": null, "X_ZRODLOG": "ortofotomapa", "X_ZRODLOA": "pomiarTerenowy", "X_KATIST": "eksploatowany", "X_KATI_NIL": null, "X_RODZREPG": "osGeometryczna", "X_UWAGI": null, "X_UZYTKOWN": "Uzytkownik30.xml", "X_AKTG": "2011-01-01", "X_AKTA": "2020-01-20", "POCZWERS": "2020-01-20", "KONIECWERS": null, "X_DATAUTW": "2012-11-13", "X_INFDOD": null, "KOD10K": null, "KOD10K_NIL": "inapplicable", "KOD25K": "0025_121", "KOD25K_NIL": null, "KOD50K": "0050_121", "KOD50K_NIL": null, "KOD100K": "0100_121", "KOD100_NIL": null, "KOD250K": null, "KOD250_NIL": "inapplicable", "KOD500K": null, "KOD500_NIL": "inapplicable", "KOD1000K": null, "KOD1000_NI": "inapplicable", "KATZARZ": "zakladowa", "KATZA_NIL": null, "KLASADROGI": "inna", "KLDROG_NIL": null, "MATNAWIERZ": "kostkaPrefabrykowana", "MATNAW_NIL": null, "NAZWADROGI": null, "LJEZDNIDR": 1, "LJEZD_NIL": null, "NRODCIREF": null, "SZL_NUMER": null, "SZLNR_NIL": null, "length": 27.12 }, "geometry": { "type": "MultiLineString", "coordinates": [ [ [ 1926000.270736152073368, 6974457.463371677324176 ], [ 1925988.980223706457764, 6974501.06544485129416 ] ] ] } },
{ "type": "Feature", "properties": { "TERYT": "3028", "LOKALNYID": "2EBDC9DC-3C50-7DB6-E053-CC2BA8C07DDB", "WERSJAID": "2020-01-20T00:00:00", "PNAZW": "PL.PZGiK.308.BDOT10k", "GMLID": "OT_SKDR_L.844", "X_KOD": "SKDR08", "X_SKRKARTO": null, "X_SKRK_NIL": "inapplicable", "X_KATDOKG": "dokladny", "X_DOKLGEOM": null, "X_ZRODLOG": "ortofotomapa", "X_ZRODLOA": "pomiarTerenowy", "X_KATIST": "eksploatowany", "X_KATI_NIL": null, "X_RODZREPG": "osGeometryczna", "X_UWAGI": null, "X_UZYTKOWN": "Uzytkownik30.xml", "X_AKTG": "2011-01-01", "X_AKTA": "2020-01-20", "POCZWERS": "2020-01-20", "KONIECWERS": null, "X_DATAUTW": "2012-11-13", "X_INFDOD": null, "KOD10K": null, "KOD10K_NIL": "inapplicable", "KOD25K": "0025_121", "KOD25K_NIL": null, "KOD50K": "0050_121", "KOD50K_NIL": null, "KOD100K": "0100_121", "KOD100_NIL": null, "KOD250K": null, "KOD250_NIL": "inapplicable", "KOD500K": null, "KOD500_NIL": "inapplicable", "KOD1000K": null, "KOD1000_NI": "inapplicable", "KATZARZ": "zakladowa", "KATZA_NIL": null, "KLASADROGI": "inna", "KLDROG_NIL": null, "MATNAWIERZ": "kostkaPrefabrykowana", "MATNAW_NIL": null, "NAZWADROGI": null, "LJEZDNIDR": 1, "LJEZD_NIL": null, "NRODCIREF": null, "SZL_NUMER": null, "SZLNR_NIL": null, "length": 78.9 }, "geometry": { "type": "MultiLineString", "coordinates": [ [ [ 1925884.587551354430616, 6974386.321229744702578 ], [ 1926011.335761518217623, 6974418.49239001609385 ] ] ] } },
{ "type": "Feature", "properties": { "TERYT": "3028", "LOKALNYID": "2EBDC9DC-3C58-7DB6-E053-CC2BA8C07DDB", "WERSJAID": "2020-01-20T00:00:00", "PNAZW": "PL.PZGiK.308.BDOT10k", "GMLID": "OT_SKDR_L.1048", "X_KOD": "SKDR04", "X_SKRKARTO": null, "X_SKRK_NIL": "inapplicable", "X_KATDOKG": "dokladny", "X_DOKLGEOM": null, "X_ZRODLOG": "ortofotomapa", "X_ZRODLOA": "pomiarTerenowy", "X_KATIST": "eksploatowany", "X_KATI_NIL": null, "X_RODZREPG": "osGeometryczna", "X_UWAGI": null, "X_UZYTKOWN": "Uzytkownik30.xml", "X_AKTG": "2011-01-01", "X_AKTA": "2020-01-20", "POCZWERS": "2020-01-20", "KONIECWERS": null, "X_DATAUTW": "2012-11-13", "X_INFDOD": null, "KOD10K": null, "KOD10K_NIL": "inapplicable", "KOD25K": "0025_115", "KOD25K_NIL": null, "KOD50K": "0050_115", "KOD50K_NIL": null, "KOD100K": "0100_115", "KOD100_NIL": null, "KOD250K": null, "KOD250_NIL": "inapplicable", "KOD500K": null, "KOD500_NIL": "inapplicable", "KOD1000K": null, "KOD1000_NI": "inapplicable", "KATZARZ": "wojewodzka", "KATZA_NIL": null, "KLASADROGI": "glowna", "KLDROG_NIL": null, "MATNAWIERZ": "masaBitumiczna", "MATNAW_NIL": null, "NAZWADROGI": null, "LJEZDNIDR": 1, "LJEZD_NIL": null, "NRODCIREF": null, "SZL_NUMER": "193", "SZLNR_NIL": null, "length": 118.18 }, "geometry": { "type": "MultiLineString", "coordinates": [ [ [ 1925457.608680173987523, 6972607.267539666034281 ], [ 1925433.825038935057819, 6972619.926091773435473 ], [ 1925409.184285423951223, 6972631.683676959015429 ], [ 1925328.360444365534931, 6972667.24035516101867 ], [ 1925279.650807835627347, 6972688.974294738844037 ] ] ] } },
{ "type": "Feature", "properties": { "TERYT": "3028", "LOKALNYID": "2EBDC9DC-3C59-7DB6-E053-CC2BA8C07DDB", "WERSJAID": "2020-01-20T00:00:00", "PNAZW": "PL.PZGiK.308.BDOT10k", "GMLID": "OT_SKDR_L.1049", "X_KOD": "SKDR04", "X_SKRKARTO": null, "X_SKRK_NIL": "inapplicable", "X_KATDOKG": "dokladny", "X_DOKLGEOM": null, "X_ZRODLOG": "ortofotomapa", "X_ZRODLOA": "pomiarTerenowy", "X_KATIST": "eksploatowany", "X_KATI_NIL": null, "X_RODZREPG": "osGeometryczna", "X_UWAGI": null, "X_UZYTKOWN": "Uzytkownik30.xml", "X_AKTG": "2011-01-01", "X_AKTA": "2020-01-20", "POCZWERS": "2020-01-20", "KONIECWERS": null, "X_DATAUTW": "2012-11-13", "X_INFDOD": null, "KOD10K": null, "KOD10K_NIL": "inapplicable", "KOD25K": "0025_115", "KOD25K_NIL": null, "KOD50K": "0050_115", "KOD50K_NIL": null, "KOD100K": "0100_115", "KOD100_NIL": null, "KOD250K": null, "KOD250_NIL": "inapplicable", "KOD500K": null, "KOD500_NIL": "inapplicable", "KOD1000K": null, "KOD1000_NI": "inapplicable", "KATZARZ": "wojewodzka", "KATZA_NIL": null, "KLASADROGI": "glowna", "KLDROG_NIL": null, "MATNAWIERZ": "masaBitumiczna", "MATNAW_NIL": null, "NAZWADROGI": null, "LJEZDNIDR": 1, "LJEZD_NIL": null, "NRODCIREF": null, "SZL_NUMER": "193", "SZLNR_NIL": null, "length": 22.39 }, "geometry": { "type": "MultiLineString", "coordinates": [ [ [ 1925512.528449490433559, 6972535.972991064190865 ], [ 1925510.797099487390369, 6972539.802737879566848 ], [ 1925510.079876787960529, 6972541.397180953994393 ], [ 1925504.122319259447977, 6972552.934726644307375 ], [ 1925494.377531750127673, 6972568.336210263893008 ] ] ] } },
{ "type": "Feature", "properties": { "TERYT": "3028", "LOKALNYID": "2EBDC9DC-3AC6-7DB6-E053-CC2BA8C07DDB", "WERSJAID": "2020-01-20T00:00:00", "PNAZW": "PL.PZGiK.308.BDOT10k", "GMLID": "OT_SKDR_L.1031", "X_KOD": "SKDR04", "X_SKRKARTO": null, "X_SKRK_NIL": "inapplicable", "X_KATDOKG": "dokladny", "X_DOKLGEOM": null, "X_ZRODLOG": "ortofotomapa", "X_ZRODLOA": "pomiarTerenowy", "X_KATIST": "eksploatowany", "X_KATI_NIL": null, "X_RODZREPG": "osGeometryczna", "X_UWAGI": null, "X_UZYTKOWN": "Uzytkownik30.xml", "X_AKTG": "2011-01-01", "X_AKTA": "2020-01-20", "POCZWERS": "2020-01-20", "KONIECWERS": null, "X_DATAUTW": "2012-11-13", "X_INFDOD": null, "KOD10K": null, "KOD10K_NIL": "inapplicable", "KOD25K": "0025_115", "KOD25K_NIL": null, "KOD50K": "0050_115", "KOD50K_NIL": null, "KOD100K": "0100_115", "KOD100_NIL": null, "KOD250K": null, "KOD250_NIL": "inapplicable", "KOD500K": null, "KOD500_NIL": "inapplicable", "KOD1000K": null, "KOD1000_NI": "inapplicable", "KATZARZ": "wojewodzka", "KATZA_NIL": null, "KLASADROGI": "glowna", "KLDROG_NIL": null, "MATNAWIERZ": "masaBitumiczna", "MATNAW_NIL": null, "NAZWADROGI": null, "LJEZDNIDR": 1, "LJEZD_NIL": null, "NRODCIREF": null, "SZL_NUMER": "194", "SZLNR_NIL": null, "length": 90.47 }, "geometry": { "type": "MultiLineString", "coordinates": [ [ [ 1925898.491365007124841, 6973538.088116149418056 ], [ 1925898.325812173774466, 6973547.903930664993823 ], [ 1925899.591308729257435, 6973627.655447947792709 ], [ 1925899.604677203809842, 6973675.508971041999757 ], [ 1925899.284901180770248, 6973688.345362595282495 ] ] ] } },
{ "type": "Feature", "properties": { "TERYT": "3028", "LOKALNYID": "2EBDC9DC-3AC7-7DB6-E053-CC2BA8C07DDB", "WERSJAID": "2020-01-20T00:00:00", "PNAZW": "PL.PZGiK.308.BDOT10k", "GMLID": "OT_SKDR_L.1230", "X_KOD": "SKDR08", "X_SKRKARTO": null, "X_SKRK_NIL": "inapplicable", "X_KATDOKG": "dokladny", "X_DOKLGEOM": null, "X_ZRODLOG": "ortofotomapa", "X_ZRODLOA": "pomiarTerenowy", "X_KATIST": "eksploatowany", "X_KATI_NIL": null, "X_RODZREPG": "osGeometryczna", "X_UWAGI": null, "X_UZYTKOWN": "Uzytkownik30.xml", "X_AKTG": "2011-01-01", "X_AKTA": "2020-01-20", "POCZWERS": "2020-01-20", "KONIECWERS": null, "X_DATAUTW": "2012-11-13", "X_INFDOD": null, "KOD10K": null, "KOD10K_NIL": "inapplicable", "KOD25K": "0025_121", "KOD25K_NIL": null, "KOD50K": "0050_121", "KOD50K_NIL": null, "KOD100K": "0100_121", "KOD100_NIL": null, "KOD250K": null, "KOD250_NIL": "inapplicable", "KOD500K": null, "KOD500_NIL": "inapplicable", "KOD1000K": null, "KOD1000_NI": "inapplicable", "KATZARZ": "inna", "KATZA_NIL": null, "KLASADROGI": "inna", "KLDROG_NIL": null, "MATNAWIERZ": "masaBitumiczna", "MATNAW_NIL": null, "NAZWADROGI": null, "LJEZDNIDR": 1, "LJEZD_NIL": null, "NRODCIREF": null, "SZL_NUMER": null, "SZLNR_NIL": null, "length": 150.83 }, "geometry": { "type": "MultiLineString", "coordinates": [ [ [ 1924480.321989143034443, 6972769.267515304498374 ], [ 1924487.640535555314273, 6972777.217829723842442 ], [ 1924495.221779135987163, 6972784.576324746012688 ], [ 1924526.421203231438994, 6972814.87851797696203 ], [ 1924591.144809574587271, 6972877.415828777477145 ], [ 1924620.418414640473202, 6972906.492363409139216 ], [ 1924639.699103159131482, 6972925.079156572930515 ], [ 1924648.144303818233311, 6972933.754191609099507 ], [ 1924657.6239296910353, 6972945.62726413924247 ] ] ] } },
{ "type": "Feature", "properties": { "TERYT": "3028", "LOKALNYID": "2EBDC9DC-4447-7DB6-E053-CC2BA8C07DDB", "WERSJAID": "2020-01-20T00:00:00", "PNAZW": "PL.PZGiK.308.BDOT10k", "GMLID": "OT_SKDR_L.6030", "X_KOD": "SKDR04", "X_SKRKARTO": null, "X_SKRK_NIL": "inapplicable", "X_KATDOKG": "dokladny", "X_DOKLGEOM": null, "X_ZRODLOG": "ortofotomapa", "X_ZRODLOA": "pomiarTerenowy", "X_KATIST": "eksploatowany", "X_KATI_NIL": null, "X_RODZREPG": "osGeometryczna", "X_UWAGI": null, "X_UZYTKOWN": "Uzytkownik30.xml", "X_AKTG": "2011-01-01", "X_AKTA": "2020-01-20", "POCZWERS": "2020-01-20", "KONIECWERS": null, "X_DATAUTW": "2012-11-13", "X_INFDOD": null, "KOD10K": null, "KOD10K_NIL": "inapplicable", "KOD25K": "0025_115", "KOD25K_NIL": null, "KOD50K": "0050_115", "KOD50K_NIL": null, "KOD100K": "0100_115", "KOD100_NIL": null, "KOD250K": null, "KOD250_NIL": "inapplicable", "KOD500K": null, "KOD500_NIL": "inapplicable", "KOD1000K": null, "KOD1000_NI": "inapplicable", "KATZARZ": "wojewodzka", "KATZA_NIL": null, "KLASADROGI": "glowna", "KLDROG_NIL": null, "MATNAWIERZ": "masaBitumiczna", "MATNAW_NIL": null, "NAZWADROGI": null, "LJEZDNIDR": 1, "LJEZD_NIL": null, "NRODCIREF": null, "SZL_NUMER": "194", "SZLNR_NIL": null, "length": 148.22 }, "geometry": { "type": "MultiLineString", "coordinates": [ [ [ 1926285.962430747691542, 6971825.980550915002823 ], [ 1926324.318062292179093, 6971800.260029111988842 ], [ 1926379.763533307472244, 6971763.066550903953612 ], [ 1926408.092014285502955, 6971743.719930616207421 ], [ 1926489.421745467465371, 6971688.184678127989173 ] ] ] } },
{ "type": "Feature", "properties": { "TERYT": "3028", "LOKALNYID": "2EBDC9DC-4449-7DB6-E053-CC2BA8C07DDB", "WERSJAID": "2020-01-20T00:00:00", "PNAZW": "PL.PZGiK.308.BDOT10k", "GMLID": "OT_SKDR_L.6032", "X_KOD": "SKDR06", "X_SKRKARTO": null, "X_SKRK_NIL": "inapplicable", "X_KATDOKG": "dokladny", "X_DOKLGEOM": null, "X_ZRODLOG": "ortofotomapa", "X_ZRODLOA": "pomiarTerenowy", "X_KATIST": "eksploatowany", "X_KATI_NIL": null, "X_RODZREPG": "osGeometryczna", "X_UWAGI": null, "X_UZYTKOWN": "Uzytkownik30.xml", "X_AKTG": "2011-01-01", "X_AKTA": "2020-01-20", "POCZWERS": "2020-01-20", "KONIECWERS": null, "X_DATAUTW": "2012-11-13", "X_INFDOD": null, "KOD10K": null, "KOD10K_NIL": "inapplicable", "KOD25K": "0025_121", "KOD25K_NIL": null, "KOD50K": "0050_121", "KOD50K_NIL": null, "KOD100K": "0100_121", "KOD100_NIL": null, "KOD250K": null, "KOD250_NIL": "inapplicable", "KOD500K": null, "KOD500_NIL": "inapplicable", "KOD1000K": null, "KOD1000_NI": "inapplicable", "KATZARZ": "gminna", "KATZA_NIL": null, "KLASADROGI": "lokalna", "KLDROG_NIL": null, "MATNAWIERZ": "masaBitumiczna", "MATNAW_NIL": null, "NAZWADROGI": null, "LJEZDNIDR": 1, "LJEZD_NIL": null, "NRODCIREF": null, "SZL_NUMER": "207009P", "SZLNR_NIL": null, "length": 64.91 }, "geometry": { "type": "MultiLineString", "coordinates": [ [ [ 1926782.622398327337578, 6973727.341445222496986 ], [ 1926820.79517781524919, 6973738.628101911395788 ], [ 1926840.959859247552231, 6973744.587612095288932 ], [ 1926858.779205129714683, 6973750.19260286539793 ], [ 1926861.211479713441804, 6973751.080836654640734 ], [ 1926873.865162369329482, 6973755.733011893928051 ], [ 1926885.209956438513473, 6973759.656395771540701 ] ] ] } },
{ "type": "Feature", "properties": { "TERYT": "3028", "LOKALNYID": "2EBDC9DC-3960-7DB6-E053-CC2BA8C07DDB", "WERSJAID": "2020-01-20T00:00:00", "PNAZW": "PL.PZGiK.308.BDOT10k", "GMLID": "OT_SKDR_L.1995", "X_KOD": "SKDR06", "X_SKRKARTO": null, "X_SKRK_NIL": "inapplicable", "X_KATDOKG": "dokladny", "X_DOKLGEOM": null, "X_ZRODLOG": "ortofotomapa", "X_ZRODLOA": "pomiarTerenowy", "X_KATIST": "eksploatowany", "X_KATI_NIL": null, "X_RODZREPG": "osGeometryczna", "X_UWAGI": null, "X_UZYTKOWN": "Uzytkownik30.xml", "X_AKTG": "2011-01-01", "X_AKTA": "2020-01-20", "POCZWERS": "2020-01-20", "KONIECWERS": null, "X_DATAUTW": "2012-11-13", "X_INFDOD": null, "KOD10K": null, "KOD10K_NIL": "inapplicable", "KOD25K": "0025_121", "KOD25K_NIL": null, "KOD50K": "0050_121", "KOD50K_NIL": null, "KOD100K": "0100_121", "KOD100_NIL": null, "KOD250K": null, "KOD250_NIL": "inapplicable", "KOD500K": null, "KOD500_NIL": "inapplicable", "KOD1000K": null, "KOD1000_NI": "inapplicable", "KATZARZ": "gminna", "KATZA_NIL": null, "KLASADROGI": "lokalna", "KLDROG_NIL": null, "MATNAWIERZ": "masaBitumiczna", "MATNAW_NIL": null, "NAZWADROGI": null, "LJEZDNIDR": 1, "LJEZD_NIL": null, "NRODCIREF": null, "SZL_NUMER": "207010P", "SZLNR_NIL": null, "length": 508.84 }, "geometry": { "type": "MultiLineString", "coordinates": [ [ [ 1925917.880496599012986, 6973366.297656065784395 ], [ 1925927.774354000110179, 6973369.855485796928406 ], [ 1925949.797329685417935, 6973377.771835138089955 ], [ 1925981.369520494015887, 6973389.104803808964789 ], [ 1925987.647682660492137, 6973391.363877639174461 ], [ 1926007.550705723464489, 6973398.515339617617428 ], [ 1926011.692243851022795, 6973400.009258992038667 ], [ 1926026.86172369774431, 6973405.469948682934046 ], [ 1926031.315659236162901, 6973407.070960165932775 ], [ 1926054.390797063242644, 6973415.360930523835123 ], [ 1926066.09247052599676, 6973419.576246218755841 ], [ 1926076.906678556930274, 6973423.4714280301705 ], [ 1926099.357520189136267, 6973431.530481765046716 ], [ 1926104.912356753600761, 6973433.539710507728159 ], [ 1926143.420379067771137, 6973447.379308858886361 ], [ 1926146.805833501275629, 6973448.60601438395679 ], [ 1926182.66771705984138, 6973461.502110258676112 ], [ 1926194.551356474868953, 6973465.738188021816313 ], [ 1926215.853034077445045, 6973473.337721220217645 ], [ 1926220.981533664977178, 6973475.154007787816226 ], [ 1926243.433844490908086, 6973483.162893137894571 ], [ 1926260.396370452363044, 6973489.213979808613658 ], [ 1926287.549327211687341, 6973498.912573586218059 ], [ 1926305.449114096350968, 6973505.28485338948667 ], [ 1926332.240869097411633, 6973514.841834851540625 ], [ 1926343.845010517165065, 6973518.988020391203463 ], [ 1926349.087963443715125, 6973520.873406138271093 ], [ 1926380.150896901497617, 6973532.060002133250237 ], [ 1926393.184564365074039, 6973536.738432293757796 ], [ 1926408.995547496248037, 6973542.429669761098921 ], [ 1926429.342696640407667, 6973549.756872723810375 ], [ 1926432.596887468593195, 6973550.930518180131912 ], [ 1926471.861434219405055, 6973565.069089202210307 ], [ 1926475.822489140089601, 6973566.492063467390835 ], [ 1926487.179469257360324, 6973570.582370070740581 ], [ 1926510.423568919999525, 6973578.775483299046755 ], [ 1926521.470135739073157, 6973582.675631801597774 ], [ 1926550.237801219336689, 6973592.810410419479012 ], [ 1926564.128401091787964, 6973597.708251166157424 ], [ 1926568.879957127617672, 6973599.349268825724721 ], [ 1926581.523303502239287, 6973603.719115397892892 ], [ 1926612.005372754298151, 6973614.259785364381969 ], [ 1926613.89637602888979, 6973614.902662635780871 ], [ 1926643.622362987138331, 6973625.176112417131662 ], [ 1926658.912972790189087, 6973630.455834588967264 ], [ 1926674.589306082110852, 6973635.54526094160974 ], [ 1926712.818542988505214, 6973647.930281032808125 ] ] ] } },
{ "type": "Feature", "properties": { "TERYT": "3028", "LOKALNYID": "2EBDC9DC-3961-7DB6-E053-CC2BA8C07DDB", "WERSJAID": "2020-01-20T00:00:00", "PNAZW": "PL.PZGiK.308.BDOT10k", "GMLID": "OT_SKDR_L.1996", "X_KOD": "SKDR06", "X_SKRKARTO": null, "X_SKRK_NIL": "inapplicable", "X_KATDOKG": "dokladny", "X_DOKLGEOM": null, "X_ZRODLOG": "ortofotomapa", "X_ZRODLOA": "pomiarTerenowy", "X_KATIST": "eksploatowany", "X_KATI_NIL": null, "X_RODZREPG": "osGeometryczna", "X_UWAGI": null, "X_UZYTKOWN": "Uzytkownik30.xml", "X_AKTG": "2011-01-01", "X_AKTA": "2020-01-20", "POCZWERS": "2020-01-20", "KONIECWERS": null, "X_DATAUTW": "2012-11-13", "X_INFDOD": null, "KOD10K": null, "KOD10K_NIL": "inapplicable", "KOD25K": "0025_121", "KOD25K_NIL": null, "KOD50K": "0050_121", "KOD50K_NIL": null, "KOD100K": "0100_121", "KOD100_NIL": null, "KOD250K": null, "KOD250_NIL": "inapplicable", "KOD500K": null, "KOD500_NIL": "inapplicable", "KOD1000K": null, "KOD1000_NI": "inapplicable", "KATZARZ": "gminna", "KATZA_NIL": null, "KLASADROGI": "lokalna", "KLDROG_NIL": null, "MATNAWIERZ": "masaBitumiczna", "MATNAW_NIL": null, "NAZWADROGI": null, "LJEZDNIDR": 1, "LJEZD_NIL": null, "NRODCIREF": null, "SZL_NUMER": "207007P", "SZLNR_NIL": null, "length": 109.37 }, "geometry": { "type": "MultiLineString", "coordinates": [ [ [ 1925950.572885268833488, 6972558.805707566440105 ], [ 1925964.163664963562042, 6972564.378024124540389 ], [ 1925982.238017990486696, 6972572.382575060240924 ], [ 1925991.154760325327516, 6972577.976874655112624 ], [ 1925995.328709385823458, 6972580.185803103260696 ], [ 1926000.451593895908445, 6972582.915644885972142 ], [ 1926011.188796361675486, 6972588.619567179121077 ], [ 1926017.752050363458693, 6972592.114560649730265 ], [ 1926020.600032940972596, 6972593.627487886697054 ], [ 1926026.755969194229692, 6972597.528152732178569 ], [ 1926031.360698522301391, 6972600.445052784867585 ], [ 1926038.381981293903664, 6972604.897868887521327 ], [ 1926049.077206197660416, 6972611.680639958009124 ], [ 1926053.039493350777775, 6972614.432774583809078 ], [ 1926056.39872137713246, 6972616.755267933011055 ], [ 1926071.823909890837967, 6972627.471308199688792 ], [ 1926073.979372206144035, 6972628.834892558865249 ], [ 1926106.964153996668756, 6972649.719433282501996 ] ] ] } },
{ "type": "Feature", "properties": { "TERYT": "3028", "LOKALNYID": "2EBDC9DC-3962-7DB6-E053-CC2BA8C07DDB", "WERSJAID": "2020-01-20T00:00:00", "PNAZW": "PL.PZGiK.308.BDOT10k", "GMLID": "OT_SKDR_L.1997", "X_KOD": "SKDR06", "X_SKRKARTO": null, "X_SKRK_NIL": "inapplicable", "X_KATDOKG": "dokladny", "X_DOKLGEOM": null, "X_ZRODLOG": "ortofotomapa", "X_ZRODLOA": "pomiarTerenowy", "X_KATIST": "eksploatowany", "X_KATI_NIL": null, "X_RODZREPG": "osGeometryczna", "X_UWAGI": null, "X_UZYTKOWN": "Uzytkownik30.xml", "X_AKTG": "2011-01-01", "X_AKTA": "2020-01-20", "POCZWERS": "2020-01-20", "KONIECWERS": null, "X_DATAUTW": "2012-11-13", "X_INFDOD": null, "KOD10K": null, "KOD10K_NIL": "inapplicable", "KOD25K": "0025_121", "KOD25K_NIL": null, "KOD50K": "0050_121", "KOD50K_NIL": null, "KOD100K": "0100_121", "KOD100_NIL": null, "KOD250K": null, "KOD250_NIL": "inapplicable", "KOD500K": null, "KOD500_NIL": "inapplicable", "KOD1000K": null, "KOD1000_NI": "inapplicable", "KATZARZ": "gminna", "KATZA_NIL": null, "KLASADROGI": "lokalna", "KLDROG_NIL": null, "MATNAWIERZ": "masaBitumiczna", "MATNAW_NIL": null, "NAZWADROGI": null, "LJEZDNIDR": 1, "LJEZD_NIL": null, "NRODCIREF": null, "SZL_NUMER": "207014P", "SZLNR_NIL": null, "length": 84.02 }, "geometry": { "type": "MultiLineString", "coordinates": [ [ [ 1925868.594035940710455, 6972272.260359064675868 ], [ 1925882.214706254890189, 6972272.334477221593261 ], [ 1925901.43563314480707, 6972272.458423586562276 ], [ 1925923.85615633497946, 6972273.937442321330309 ], [ 1925983.79986909055151, 6972279.479711828753352 ], [ 1926000.000279746484011, 6972281.193049785681069 ], [ 1926007.356719073140994, 6972281.965612781234086 ] ] ] } },
{ "type": "Feature", "properties": { "TERYT": "3028", "LOKALNYID": "2EBDC9DC-3840-7DB6-E053-CC2BA8C07DDB", "WERSJAID": "2020-01-20T00:00:00", "PNAZW": "PL.PZGiK.308.BDOT10k", "GMLID": "OT_SKDR_L.579", "X_KOD": "SKDR06", "X_SKRKARTO": null, "X_SKRK_NIL": "inapplicable", "X_KATDOKG": "dokladny", "X_DOKLGEOM": null, "X_ZRODLOG": "ortofotomapa", "X_ZRODLOA": "pomiarTerenowy", "X_KATIST": "eksploatowany", "X_KATI_NIL": null, "X_RODZREPG": "osGeometryczna", "X_UWAGI": null, "X_UZYTKOWN": "Uzytkownik30.xml", "X_AKTG": "2011-01-01", "X_AKTA": "2020-01-20", "POCZWERS": "2020-01-20", "KONIECWERS": null, "X_DATAUTW": "2012-11-13", "X_INFDOD": null, "KOD10K": null, "KOD10K_NIL": "inapplicable", "KOD25K": "0025_121", "KOD25K_NIL": null, "KOD50K": "0050_121", "KOD50K_NIL": null, "KOD100K": "0100_121", "KOD100_NIL": null, "KOD250K": null, "KOD250_NIL": "inapplicable", "KOD500K": null, "KOD500_NIL": "inapplicable", "KOD1000K": null, "KOD1000_NI": "inapplicable", "KATZARZ": "powiatowa", "KATZA_NIL": null, "KLASADROGI": "lokalna", "KLDROG_NIL": null, "MATNAWIERZ": "masaBitumiczna", "MATNAW_NIL": null, "NAZWADROGI": null, "LJEZDNIDR": 1, "LJEZD_NIL": null, "NRODCIREF": null, "SZL_NUMER": "1600P", "SZLNR_NIL": null, "length": 58.36 }, "geometry": { "type": "MultiLineString", "coordinates": [ [ [ 1925243.958286612061784, 6972281.746334639377892 ], [ 1925270.090181915089488, 6972301.440262346528471 ], [ 1925284.231575382407755, 6972311.013786276802421 ], [ 1925302.730865284102038, 6972324.113324088044465 ], [ 1925318.714029876282439, 6972334.295504680834711 ], [ 1925323.305716089205816, 6972337.046282220631838 ] ] ] } },
{ "type": "Feature", "properties": { "TERYT": "3028", "LOKALNYID": "2EBDC9DC-3B8D-7DB6-E053-CC2BA8C07DDB", "WERSJAID": "2020-01-20T00:00:00", "PNAZW": "PL.PZGiK.308.BDOT10k", "GMLID": "OT_SKDR_L.1043", "X_KOD": "SKDR04", "X_SKRKARTO": null, "X_SKRK_NIL": "inapplicable", "X_KATDOKG": "dokladny", "X_DOKLGEOM": null, "X_ZRODLOG": "ortofotomapa", "X_ZRODLOA": "pomiarTerenowy", "X_KATIST": "eksploatowany", "X_KATI_NIL": null, "X_RODZREPG": "osGeometryczna", "X_UWAGI": null, "X_UZYTKOWN": "Uzytkownik30.xml", "X_AKTG": "2011-01-01", "X_AKTA": "2020-01-20", "POCZWERS": "2020-01-20", "KONIECWERS": null, "X_DATAUTW": "2012-11-13", "X_INFDOD": null, "KOD10K": null, "KOD10K_NIL": "inapplicable", "KOD25K": "0025_115", "KOD25K_NIL": null, "KOD50K": "0050_115", "KOD50K_NIL": null, "KOD100K": "0100_115", "KOD100_NIL": null, "KOD250K": null, "KOD250_NIL": "inapplicable", "KOD500K": null, "KOD500_NIL": "inapplicable", "KOD1000K": null, "KOD1000_NI": "inapplicable", "KATZARZ": "wojewodzka", "KATZA_NIL": null, "KLASADROGI": "glowna", "KLDROG_NIL": null, "MATNAWIERZ": "masaBitumiczna", "MATNAW_NIL": null, "NAZWADROGI": null, "LJEZDNIDR": 1, "LJEZD_NIL": null, "NRODCIREF": null, "SZL_NUMER": "194", "SZLNR_NIL": null, "length": 17.17 }, "geometry": { "type": "MultiLineString", "coordinates": [ [ [ 1925859.987180851632729, 6973980.81912814732641 ], [ 1925855.047169373370707, 6974008.899884308688343 ] ] ] } },
{ "type": "Feature", "properties": { "TERYT": "3028", "LOKALNYID": "2EBDC9DC-3B8E-7DB6-E053-CC2BA8C07DDB", "WERSJAID": "2020-01-20T00:00:00", "PNAZW": "PL.PZGiK.308.BDOT10k", "GMLID": "OT_SKDR_L.1044", "X_KOD": "SKDR04", "X_SKRKARTO": null, "X_SKRK_NIL": "inapplicable", "X_KATDOKG": "dokladny", "X_DOKLGEOM": null, "X_ZRODLOG": "ortofotomapa", "X_ZRODLOA": "pomiarTerenowy", "X_KATIST": "eksploatowany", "X_KATI_NIL": null, "X_RODZREPG": "osGeometryczna", "X_UWAGI": null, "X_UZYTKOWN": "Uzytkownik30.xml", "X_AKTG": "2011-01-01", "X_AKTA": "2020-01-20", "POCZWERS": "2020-01-20", "KONIECWERS": null, "X_DATAUTW": "2012-11-13", "X_INFDOD": null, "KOD10K": null, "KOD10K_NIL": "inapplicable", "KOD25K": "0025_115", "KOD25K_NIL": null, "KOD50K": "0050_115", "KOD50K_NIL": null, "KOD100K": "0100_115", "KOD100_NIL": null, "KOD250K": null, "KOD250_NIL": "inapplicable", "KOD500K": null, "KOD500_NIL": "inapplicable", "KOD1000K": null, "KOD1000_NI": "inapplicable", "KATZARZ": "wojewodzka", "KATZA_NIL": null, "KLASADROGI": "glowna", "KLDROG_NIL": null, "MATNAWIERZ": "masaBitumiczna", "MATNAW_NIL": null, "NAZWADROGI": null, "LJEZDNIDR": 1, "LJEZD_NIL": null, "NRODCIREF": null, "SZL_NUMER": "194", "SZLNR_NIL": null, "length": 64.84 }, "geometry": { "type": "MultiLineString", "coordinates": [ [ [ 1925820.589827351504937, 6974165.158402720466256 ], [ 1925810.291223762091249, 6974208.848666328005493 ], [ 1925796.509963865624741, 6974270.136885899119079 ] ] ] } },
{ "type": "Feature", "properties": { "TERYT": "3028", "LOKALNYID": "2EBDC9DC-3B8F-7DB6-E053-CC2BA8C07DDB", "WERSJAID": "2020-01-20T00:00:00", "PNAZW": "PL.PZGiK.308.BDOT10k", "GMLID": "OT_SKDR_L.1045", "X_KOD": "SKDR04", "X_SKRKARTO": null, "X_SKRK_NIL": "inapplicable", "X_KATDOKG": "dokladny", "X_DOKLGEOM": null, "X_ZRODLOG": "ortofotomapa", "X_ZRODLOA": "pomiarTerenowy", "X_KATIST": "eksploatowany", "X_KATI_NIL": null, "X_RODZREPG": "osGeometryczna", "X_UWAGI": null, "X_UZYTKOWN": "Uzytkownik30.xml", "X_AKTG": "2011-01-01", "X_AKTA": "2020-01-20", "POCZWERS": "2020-01-20", "KONIECWERS": null, "X_DATAUTW": "2012-11-13", "X_INFDOD": null, "KOD10K": null, "KOD10K_NIL": "inapplicable", "KOD25K": "0025_115", "KOD25K_NIL": null, "KOD50K": "0050_115", "KOD50K_NIL": null, "KOD100K": "0100_115", "KOD100_NIL": null, "KOD250K": null, "KOD250_NIL": "inapplicable", "KOD500K": null, "KOD500_NIL": "inapplicable", "KOD1000K": null, "KOD1000_NI": "inapplicable", "KATZARZ": "wojewodzka", "KATZA_NIL": null, "KLASADROGI": "glowna", "KLDROG_NIL": null, "MATNAWIERZ": "masaBitumiczna", "MATNAW_NIL": null, "NAZWADROGI": null, "LJEZDNIDR": 1, "LJEZD_NIL": null, "NRODCIREF": null, "SZL_NUMER": "194", "SZLNR_NIL": null, "length": 27.9 }, "geometry": { "type": "MultiLineString", "coordinates": [ [ [ 1925775.828944633016363, 6974358.231268646195531 ], [ 1925765.000228634802625, 6974403.289167353883386 ] ] ] } },
{ "type": "Feature", "properties": { "TERYT": "3028", "LOKALNYID": "2EBDC9DC-3B90-7DB6-E053-CC2BA8C07DDB", "WERSJAID": "2020-01-20T00:00:00", "PNAZW": "PL.PZGiK.308.BDOT10k", "GMLID": "OT_SKDR_L.1046", "X_KOD": "SKDR04", "X_SKRKARTO": null, "X_SKRK_NIL": "inapplicable", "X_KATDOKG": "dokladny", "X_DOKLGEOM": null, "X_ZRODLOG": "ortofotomapa", "X_ZRODLOA": "pomiarTerenowy", "X_KATIST": "eksploatowany", "X_KATI_NIL": null, "X_RODZREPG": "osGeometryczna", "X_UWAGI": null, "X_UZYTKOWN": "Uzytkownik30.xml", "X_AKTG": "2011-01-01", "X_AKTA": "2020-01-20", "POCZWERS": "2020-01-20", "KONIECWERS": null, "X_DATAUTW": "2012-11-13", "X_INFDOD": null, "KOD10K": null, "KOD10K_NIL": "inapplicable", "KOD25K": "0025_115", "KOD25K_NIL": null, "KOD50K": "0050_115", "KOD50K_NIL": null, "KOD100K": "0100_115", "KOD100_NIL": null, "KOD250K": null, "KOD250_NIL": "inapplicable", "KOD500K": null, "KOD500_NIL": "inapplicable", "KOD1000K": null, "KOD1000_NI": "inapplicable", "KATZARZ": "wojewodzka", "KATZA_NIL": null, "KLASADROGI": "glowna", "KLDROG_NIL": null, "MATNAWIERZ": "masaBitumiczna", "MATNAW_NIL": null, "NAZWADROGI": null, "LJEZDNIDR": 1, "LJEZD_NIL": null, "NRODCIREF": null, "SZL_NUMER": "194", "SZLNR_NIL": null, "length": 120.16 }, "geometry": { "type": "MultiLineString", "coordinates": [ [ [ 1925718.510409046895802, 6974596.459324507042766 ], [ 1925712.205209934385493, 6974622.648529126308858 ], [ 1925690.283275030553341, 6974714.771848651580513 ], [ 1925678.914284781552851, 6974759.503056137822568 ], [ 1925670.249881877796724, 6974790.106947544030845 ] ] ] } },
{ "type": "Feature", "properties": { "TERYT": "3028", "LOKALNYID": "2EBDC9DC-3EA1-7DB6-E053-CC2BA8C07DDB", "WERSJAID": "2020-01-20T00:00:00", "PNAZW": "PL.PZGiK.308.BDOT10k", "GMLID": "OT_SKDR_L.471", "X_KOD": "SKDR04", "X_SKRKARTO": null, "X_SKRK_NIL": "inapplicable", "X_KATDOKG": "dokladny", "X_DOKLGEOM": null, "X_ZRODLOG": "ortofotomapa", "X_ZRODLOA": "pomiarTerenowy", "X_KATIST": "eksploatowany", "X_KATI_NIL": null, "X_RODZREPG": "osGeometryczna", "X_UWAGI": null, "X_UZYTKOWN": "Uzytkownik30.xml", "X_AKTG": "2011-01-01", "X_AKTA": "2020-01-20", "POCZWERS": "2020-01-20", "KONIECWERS": null, "X_DATAUTW": "2012-11-13", "X_INFDOD": null, "KOD10K": null, "KOD10K_NIL": "inapplicable", "KOD25K": "0025_115", "KOD25K_NIL": null, "KOD50K": "0050_115", "KOD50K_NIL": null, "KOD100K": "0100_115", "KOD100_NIL": null, "KOD250K": null, "KOD250_NIL": "inapplicable", "KOD500K": null, "KOD500_NIL": "inapplicable", "KOD1000K": null, "KOD1000_NI": "inapplicable", "KATZARZ": "wojewodzka", "KATZA_NIL": null, "KLASADROGI": "glowna", "KLDROG_NIL": null, "MATNAWIERZ": "masaBitumiczna", "MATNAW_NIL": null, "NAZWADROGI": null, "LJEZDNIDR": 1, "LJEZD_NIL": null, "NRODCIREF": null, "SZL_NUMER": "194", "SZLNR_NIL": null, "length": 119.61 }, "geometry": { "type": "MultiLineString", "coordinates": [ [ [ 1925765.000228634802625, 6974403.289167353883386 ], [ 1925737.86892308620736, 6974515.975089007988572 ], [ 1925718.510409046895802, 6974596.459324507042766 ] ] ] } },
{ "type": "Feature", "properties": { "TERYT": "3028", "LOKALNYID": "2EBDC9DC-3905-7DB6-E053-CC2BA8C07DDB", "WERSJAID": "2020-01-20T00:00:00", "PNAZW": "PL.PZGiK.308.BDOT10k", "GMLID": "OT_SKDR_L.581", "X_KOD": "SKDR06", "X_SKRKARTO": null, "X_SKRK_NIL": "inapplicable", "X_KATDOKG": "dokladny", "X_DOKLGEOM": null, "X_ZRODLOG": "ortofotomapa", "X_ZRODLOA": "pomiarTerenowy", "X_KATIST": "eksploatowany", "X_KATI_NIL": null, "X_RODZREPG": "osGeometryczna", "X_UWAGI": null, "X_UZYTKOWN": "Uzytkownik30.xml", "X_AKTG": "2011-01-01", "X_AKTA": "2020-01-20", "POCZWERS": "2020-01-20", "KONIECWERS": null, "X_DATAUTW": "2012-11-13", "X_INFDOD": null, "KOD10K": null, "KOD10K_NIL": "inapplicable", "KOD25K": "0025_121", "KOD25K_NIL": null, "KOD50K": "0050_121", "KOD50K_NIL": null, "KOD100K": "0100_121", "KOD100_NIL": null, "KOD250K": null, "KOD250_NIL": "inapplicable", "KOD500K": null, "KOD500_NIL": "inapplicable", "KOD1000K": null, "KOD1000_NI": "inapplicable", "KATZARZ": "gminna", "KATZA_NIL": null, "KLASADROGI": "lokalna", "KLDROG_NIL": null, "MATNAWIERZ": "masaBitumiczna", "MATNAW_NIL": null, "NAZWADROGI": null, "LJEZDNIDR": 1, "LJEZD_NIL": null, "NRODCIREF": null, "SZL_NUMER": "207015P", "SZLNR_NIL": null, "length": 62.76 }, "geometry": { "type": "MultiLineString", "coordinates": [ [ [ 1927112.241565250093117, 6972973.637303948402405 ], [ 1927115.028841308318079, 6972962.920380286872387 ], [ 1927118.981837743194774, 6972947.728505744598806 ], [ 1927124.624742006883025, 6972925.498868020251393 ], [ 1927129.373354321112856, 6972906.770395620726049 ], [ 1927137.996719124726951, 6972872.649008627980947 ] ] ] } },
{ "type": "Feature", "properties": { "TERYT": "3028", "LOKALNYID": "2EBDC9DC-3B76-7DB6-E053-CC2BA8C07DDB", "WERSJAID": "2020-01-20T00:00:00", "PNAZW": "PL.PZGiK.308.BDOT10k", "GMLID": "OT_SKDR_L.631", "X_KOD": "SKDR08", "X_SKRKARTO": null, "X_SKRK_NIL": "inapplicable", "X_KATDOKG": "dokladny", "X_DOKLGEOM": null, "X_ZRODLOG": "ortofotomapa", "X_ZRODLOA": "pomiarTerenowy", "X_KATIST": "eksploatowany", "X_KATI_NIL": null, "X_RODZREPG": "osGeometryczna", "X_UWAGI": null, "X_UZYTKOWN": "Uzytkownik30.xml", "X_AKTG": "2011-01-01", "X_AKTA": "2020-01-20", "POCZWERS": "2020-01-20", "KONIECWERS": null, "X_DATAUTW": "2012-11-13", "X_INFDOD": null, "KOD10K": null, "KOD10K_NIL": "inapplicable", "KOD25K": "0025_121", "KOD25K_NIL": null, "KOD50K": "0050_121", "KOD50K_NIL": null, "KOD100K": "0100_121", "KOD100_NIL": null, "KOD250K": null, "KOD250_NIL": "inapplicable", "KOD500K": null, "KOD500_NIL": "inapplicable", "KOD1000K": null, "KOD1000_NI": "inapplicable", "KATZARZ": "inna", "KATZA_NIL": null, "KLASADROGI": "inna", "KLDROG_NIL": null, "MATNAWIERZ": "masaBitumiczna", "MATNAW_NIL": null, "NAZWADROGI": null, "LJEZDNIDR": 1, "LJEZD_NIL": null, "NRODCIREF": null, "SZL_NUMER": null, "SZLNR_NIL": null, "length": 56.09 }, "geometry": { "type": "MultiLineString", "coordinates": [ [ [ 1926334.78659982397221, 6971897.505178018473089 ], [ 1926412.308374693850055, 6971846.132123054005206 ] ] ] } },
{ "type": "Feature", "properties": { "TERYT": "3028", "LOKALNYID": "2EBDC9DC-3C47-7DB6-E053-CC2BA8C07DDB", "WERSJAID": "2020-01-20T00:00:00", "PNAZW": "PL.PZGiK.308.BDOT10k", "GMLID": "OT_SKDR_L.643", "X_KOD": "SKDR06", "X_SKRKARTO": null, "X_SKRK_NIL": "inapplicable", "X_KATDOKG": "dokladny", "X_DOKLGEOM": null, "X_ZRODLOG": "ortofotomapa", "X_ZRODLOA": "pomiarTerenowy", "X_KATIST": "eksploatowany", "X_KATI_NIL": null, "X_RODZREPG": "osGeometryczna", "X_UWAGI": null, "X_UZYTKOWN": "Uzytkownik30.xml", "X_AKTG": "2011-01-01", "X_AKTA": "2020-01-20", "POCZWERS": "2020-01-20", "KONIECWERS": null, "X_DATAUTW": "2012-11-13", "X_INFDOD": null, "KOD10K": null, "KOD10K_NIL": "inapplicable", "KOD25K": "0025_121", "KOD25K_NIL": null, "KOD50K": "0050_121", "KOD50K_NIL": null, "KOD100K": "0100_121", "KOD100_NIL": null, "KOD250K": null, "KOD250_NIL": "inapplicable", "KOD500K": null, "KOD500_NIL": "inapplicable", "KOD1000K": null, "KOD1000_NI": "inapplicable", "KATZARZ": "gminna", "KATZA_NIL": null, "KLASADROGI": "lokalna", "KLDROG_NIL": null, "MATNAWIERZ": "masaBitumiczna", "MATNAW_NIL": null, "NAZWADROGI": null, "LJEZDNIDR": 1, "LJEZD_NIL": null, "NRODCIREF": null, "SZL_NUMER": "207017P", "SZLNR_NIL": null, "length": 98.27 }, "geometry": { "type": "MultiLineString", "coordinates": [ [ [ 1926754.722651675809175, 6972775.166354232467711 ], [ 1926760.966094312490895, 6972776.775887666270137 ], [ 1926780.605122350854799, 6972781.725610869936645 ], [ 1926796.801006301306188, 6972785.796488610096276 ], [ 1926814.364315642043948, 6972790.215297779068351 ], [ 1926830.37880959152244, 6972794.248599001206458 ], [ 1926849.739066195907071, 6972799.075280301272869 ], [ 1926868.291603800840676, 6972803.716705309227109 ], [ 1926884.125507789198309, 6972807.679184714332223 ], [ 1926901.063767434330657, 6972811.900302345864475 ], [ 1926912.644814136670902, 6972814.881782960146666 ] ] ] } },
{ "type": "Feature", "properties": { "TERYT": "3028", "LOKALNYID": "2EBDC9DC-3EAD-7DB6-E053-CC2BA8C07DDB", "WERSJAID": "2020-01-20T00:00:00", "PNAZW": "PL.PZGiK.308.BDOT10k", "GMLID": "OT_SKDR_L.675", "X_KOD": "SKDR08", "X_SKRKARTO": null, "X_SKRK_NIL": "inapplicable", "X_KATDOKG": "dokladny", "X_DOKLGEOM": null, "X_ZRODLOG": "ortofotomapa", "X_ZRODLOA": "pomiarTerenowy", "X_KATIST": "eksploatowany", "X_KATI_NIL": null, "X_RODZREPG": "osGeometryczna", "X_UWAGI": null, "X_UZYTKOWN": "Uzytkownik30.xml", "X_AKTG": "2011-01-01", "X_AKTA": "2020-01-20", "POCZWERS": "2020-01-20", "KONIECWERS": null, "X_DATAUTW": "2012-11-13", "X_INFDOD": null, "KOD10K": null, "KOD10K_NIL": "inapplicable", "KOD25K": "0025_121", "KOD25K_NIL": null, "KOD50K": "0050_121", "KOD50K_NIL": null, "KOD100K": "0100_121", "KOD100_NIL": null, "KOD250K": null, "KOD250_NIL": "inapplicable", "KOD500K": null, "KOD500_NIL": "inapplicable", "KOD1000K": null, "KOD1000_NI": "inapplicable", "KATZARZ": "zakladowa", "KATZA_NIL": null, "KLASADROGI": "inna", "KLDROG_NIL": null, "MATNAWIERZ": "kostkaPrefabrykowana", "MATNAW_NIL": null, "NAZWADROGI": null, "LJEZDNIDR": 1, "LJEZD_NIL": null, "NRODCIREF": null, "SZL_NUMER": null, "SZLNR_NIL": null, "length": 48.91 }, "geometry": { "type": "MultiLineString", "coordinates": [ [ [ 1926037.9653243154753, 6974648.52889187540859 ], [ 1926097.551135495072231, 6974662.970395910553634 ], [ 1926117.134404048323631, 6974665.545206557959318 ] ] ] } },
{ "type": "Feature", "properties": { "TERYT": "3028", "LOKALNYID": "2EBDC9DC-36F2-7DB6-E053-CC2BA8C07DDB", "WERSJAID": "2020-01-20T00:00:00", "PNAZW": "PL.PZGiK.308.BDOT10k", "GMLID": "OT_SKDR_L.1772", "X_KOD": "SKDR06", "X_SKRKARTO": null, "X_SKRK_NIL": "inapplicable", "X_KATDOKG": "dokladny", "X_DOKLGEOM": null, "X_ZRODLOG": "ortofotomapa", "X_ZRODLOA": "pomiarTerenowy", "X_KATIST": "eksploatowany", "X_KATI_NIL": null, "X_RODZREPG": "osGeometryczna", "X_UWAGI": null, "X_UZYTKOWN": "Uzytkownik30.xml", "X_AKTG": "2011-01-01", "X_AKTA": "2020-01-20", "POCZWERS": "2020-01-20", "KONIECWERS": null, "X_DATAUTW": "2012-11-13", "X_INFDOD": null, "KOD10K": null, "KOD10K_NIL": "inapplicable", "KOD25K": "0025_121", "KOD25K_NIL": null, "KOD50K": "0050_121", "KOD50K_NIL": null, "KOD100K": "0100_121", "KOD100_NIL": null, "KOD250K": null, "KOD250_NIL": "inapplicable", "KOD500K": null, "KOD500_NIL": "inapplicable", "KOD1000K": null, "KOD1000_NI": "inapplicable", "KATZARZ": "powiatowa", "KATZA_NIL": null, "KLASADROGI": "lokalna", "KLDROG_NIL": null, "MATNAWIERZ": "masaBitumiczna", "MATNAW_NIL": null, "NAZWADROGI": null, "LJEZDNIDR": 1, "LJEZD_NIL": null, "NRODCIREF": null, "SZL_NUMER": "1600P", "SZLNR_NIL": null, "length": 168.42 }, "geometry": { "type": "MultiLineString", "coordinates": [ [ [ 1924235.838109987787902, 6971651.941433632746339 ], [ 1924232.098509061383083, 6971649.625946434214711 ], [ 1924214.821613748790696, 6971638.913099966011941 ], [ 1924195.553928839275613, 6971626.906690994277596 ], [ 1924160.121097779134288, 6971604.828583267517388 ], [ 1924125.737314163241535, 6971583.240627784281969 ], [ 1924080.692323396913707, 6971554.968518528155982 ], [ 1923999.398412331240252, 6971503.45195547491312 ] ] ] } },
{ "type": "Feature", "properties": { "TERYT": "3028", "LOKALNYID": "2EBDC9DC-3C4D-7DB6-E053-CC2BA8C07DDB", "WERSJAID": "2020-01-20T00:00:00", "PNAZW": "PL.PZGiK.308.BDOT10k", "GMLID": "OT_SKDR_L.841", "X_KOD": "SKDR08", "X_SKRKARTO": null, "X_SKRK_NIL": "inapplicable", "X_KATDOKG": "dokladny", "X_DOKLGEOM": null, "X_ZRODLOG": "ortofotomapa", "X_ZRODLOA": "pomiarTerenowy", "X_KATIST": "eksploatowany", "X_KATI_NIL": null, "X_RODZREPG": "osGeometryczna", "X_UWAGI": null, "X_UZYTKOWN": "Uzytkownik30.xml", "X_AKTG": "2011-01-01", "X_AKTA": "2020-01-20", "POCZWERS": "2020-01-20", "KONIECWERS": null, "X_DATAUTW": "2012-11-13", "X_INFDOD": null, "KOD10K": null, "KOD10K_NIL": "inapplicable", "KOD25K": "0025_121", "KOD25K_NIL": null, "KOD50K": "0050_121", "KOD50K_NIL": null, "KOD100K": "0100_121", "KOD100_NIL": null, "KOD250K": null, "KOD250_NIL": "inapplicable", "KOD500K": null, "KOD500_NIL": "inapplicable", "KOD1000K": null, "KOD1000_NI": "inapplicable", "KATZARZ": "zakladowa", "KATZA_NIL": null, "KLASADROGI": "inna", "KLDROG_NIL": null, "MATNAWIERZ": "kostkaPrefabrykowana", "MATNAW_NIL": null, "NAZWADROGI": null, "LJEZDNIDR": 1, "LJEZD_NIL": null, "NRODCIREF": null, "SZL_NUMER": null, "SZLNR_NIL": null, "length": 131.84 }, "geometry": { "type": "MultiLineString", "coordinates": [ [ [ 1926117.230277362279594, 6974346.027032982558012 ], [ 1926184.262410515453666, 6974359.530565857887268 ], [ 1926191.253393391612917, 6974361.823255468159914 ], [ 1926195.055339651880786, 6974365.087240769527853 ], [ 1926197.771910068579018, 6974369.38900139182806 ], [ 1926198.309498773887753, 6974376.115082712844014 ], [ 1926196.692893541418016, 6974384.917117470875382 ], [ 1926168.298497158568352, 6974498.704235455021262 ] ] ] } },
{ "type": "Feature", "properties": { "TERYT": "3028", "LOKALNYID": "2EBDC9DC-3D11-7DB6-E053-CC2BA8C07DDB", "WERSJAID": "2020-01-20T00:00:00", "PNAZW": "PL.PZGiK.308.BDOT10k", "GMLID": "OT_SKDR_L.651", "X_KOD": "SKDR08", "X_SKRKARTO": null, "X_SKRK_NIL": "inapplicable", "X_KATDOKG": "dokladny", "X_DOKLGEOM": null, "X_ZRODLOG": "ortofotomapa", "X_ZRODLOA": "pomiarTerenowy", "X_KATIST": "eksploatowany", "X_KATI_NIL": null, "X_RODZREPG": "osGeometryczna", "X_UWAGI": null, "X_UZYTKOWN": "Uzytkownik30.xml", "X_AKTG": "2011-01-01", "X_AKTA": "2020-01-20", "POCZWERS": "2020-01-20", "KONIECWERS": null, "X_DATAUTW": "2012-11-13", "X_INFDOD": null, "KOD10K": null, "KOD10K_NIL": "inapplicable", "KOD25K": "0025_121", "KOD25K_NIL": null, "KOD50K": "0050_121", "KOD50K_NIL": null, "KOD100K": "0100_121", "KOD100_NIL": null, "KOD250K": null, "KOD250_NIL": "inapplicable", "KOD500K": null, "KOD500_NIL": "inapplicable", "KOD1000K": null, "KOD1000_NI": "inapplicable", "KATZARZ": "inna", "KATZA_NIL": null, "KLASADROGI": "inna", "KLDROG_NIL": null, "MATNAWIERZ": "masaBitumiczna", "MATNAW_NIL": null, "NAZWADROGI": null, "LJEZDNIDR": 1, "LJEZD_NIL": null, "NRODCIREF": null, "SZL_NUMER": null, "SZLNR_NIL": null, "length": 50.95 }, "geometry": { "type": "MultiLineString", "coordinates": [ [ [ 1924660.080770220374689, 6972707.739975305274129 ], [ 1924591.788894273107871, 6972657.994844869710505 ] ] ] } },
{ "type": "Feature", "properties": { "TERYT": "3028", "LOKALNYID": "2EBDC9DC-3D13-7DB6-E053-CC2BA8C07DDB", "WERSJAID": "2020-01-20T00:00:00", "PNAZW": "PL.PZGiK.308.BDOT10k", "GMLID": "OT_SKDR_L.653", "X_KOD": "SKDR08", "X_SKRKARTO": null, "X_SKRK_NIL": "inapplicable", "X_KATDOKG": "dokladny", "X_DOKLGEOM": null, "X_ZRODLOG": "ortofotomapa", "X_ZRODLOA": "pomiarTerenowy", "X_KATIST": "eksploatowany", "X_KATI_NIL": null, "X_RODZREPG": "osGeometryczna", "X_UWAGI": null, "X_UZYTKOWN": "Uzytkownik30.xml", "X_AKTG": "2011-01-01", "X_AKTA": "2020-01-20", "POCZWERS": "2020-01-20", "KONIECWERS": null, "X_DATAUTW": "2012-11-13", "X_INFDOD": null, "KOD10K": null, "KOD10K_NIL": "inapplicable", "KOD25K": "0025_121", "KOD25K_NIL": null, "KOD50K": "0050_121", "KOD50K_NIL": null, "KOD100K": "0100_121", "KOD100_NIL": null, "KOD250K": null, "KOD250_NIL": "inapplicable", "KOD500K": null, "KOD500_NIL": "inapplicable", "KOD1000K": null, "KOD1000_NI": "inapplicable", "KATZARZ": "inna", "KATZA_NIL": null, "KLASADROGI": "inna", "KLDROG_NIL": null, "MATNAWIERZ": "masaBitumiczna", "MATNAW_NIL": null, "NAZWADROGI": null, "LJEZDNIDR": 1, "LJEZD_NIL": null, "NRODCIREF": null, "SZL_NUMER": null, "SZLNR_NIL": null, "length": 14.04 }, "geometry": { "type": "MultiLineString", "coordinates": [ [ [ 1924467.930709486594424, 6972749.532951639033854 ], [ 1924480.321989143034443, 6972769.267515304498374 ] ] ] } },
{ "type": "Feature", "properties": { "TERYT": "3028", "LOKALNYID": "2EBDC9DC-3D14-7DB6-E053-CC2BA8C07DDB", "WERSJAID": "2020-01-20T00:00:00", "PNAZW": "PL.PZGiK.308.BDOT10k", "GMLID": "OT_SKDR_L.654", "X_KOD": "SKDR06", "X_SKRKARTO": null, "X_SKRK_NIL": "inapplicable", "X_KATDOKG": "dokladny", "X_DOKLGEOM": null, "X_ZRODLOG": "ortofotomapa", "X_ZRODLOA": "pomiarTerenowy", "X_KATIST": "eksploatowany", "X_KATI_NIL": null, "X_RODZREPG": "osGeometryczna", "X_UWAGI": null, "X_UZYTKOWN": "Uzytkownik30.xml", "X_AKTG": "2011-01-01", "X_AKTA": "2020-01-20", "POCZWERS": "2020-01-20", "KONIECWERS": null, "X_DATAUTW": "2012-11-13", "X_INFDOD": null, "KOD10K": null, "KOD10K_NIL": "inapplicable", "KOD25K": "0025_121", "KOD25K_NIL": null, "KOD50K": "0050_121", "KOD50K_NIL": null, "KOD100K": "0100_121", "KOD100_NIL": null, "KOD250K": null, "KOD250_NIL": "inapplicable", "KOD500K": null, "KOD500_NIL": "inapplicable", "KOD1000K": null, "KOD1000_NI": "inapplicable", "KATZARZ": "gminna", "KATZA_NIL": null, "KLASADROGI": "lokalna", "KLDROG_NIL": null, "MATNAWIERZ": "masaBitumiczna", "MATNAW_NIL": null, "NAZWADROGI": null, "LJEZDNIDR": 1, "LJEZD_NIL": null, "NRODCIREF": null, "SZL_NUMER": "207001P", "SZLNR_NIL": null, "length": 94.97 }, "geometry": { "type": "MultiLineString", "coordinates": [ [ [ 1926717.562702171038836, 6972935.959449911490083 ], [ 1926724.042131221620366, 6972935.996270842850208 ], [ 1926731.251176693476737, 6972936.017099301330745 ], [ 1926736.916215222328901, 6972936.15096471644938 ], [ 1926744.659559317398816, 6972937.413857347331941 ], [ 1926753.753158387262374, 6972939.755341132171452 ], [ 1926763.367065367987379, 6972942.524463543668389 ], [ 1926776.553216016851366, 6972946.324980084784329 ], [ 1926790.851541258161888, 6972950.052064072340727 ], [ 1926793.124557300470769, 6972950.654028763994575 ], [ 1926801.180088569875807, 6972952.738340649753809 ], [ 1926810.636189512209967, 6972955.171397731639445 ], [ 1926830.442891895072535, 6972960.058606651611626 ], [ 1926839.802355516701937, 6972962.37304899096489 ], [ 1926858.767250072676688, 6972966.409597488120198 ], [ 1926863.457914750324562, 6972967.101862956769764 ], [ 1926867.239873040467501, 6972967.672982506453991 ], [ 1926871.038396410644054, 6972968.244491442106664 ] ] ] } },
{ "type": "Feature", "properties": { "TERYT": "3028", "LOKALNYID": "2EBDC9DC-3D15-7DB6-E053-CC2BA8C07DDB", "WERSJAID": "2020-01-20T00:00:00", "PNAZW": "PL.PZGiK.308.BDOT10k", "GMLID": "OT_SKDR_L.655", "X_KOD": "SKDR08", "X_SKRKARTO": null, "X_SKRK_NIL": "inapplicable", "X_KATDOKG": "dokladny", "X_DOKLGEOM": null, "X_ZRODLOG": "ortofotomapa", "X_ZRODLOA": "pomiarTerenowy", "X_KATIST": "eksploatowany", "X_KATI_NIL": null, "X_RODZREPG": "osGeometryczna", "X_UWAGI": null, "X_UZYTKOWN": "Uzytkownik30.xml", "X_AKTG": "2011-01-01", "X_AKTA": "2020-01-20", "POCZWERS": "2020-01-20", "KONIECWERS": null, "X_DATAUTW": "2012-11-13", "X_INFDOD": null, "KOD10K": null, "KOD10K_NIL": "inapplicable", "KOD25K": "0025_121", "KOD25K_NIL": null, "KOD50K": "0050_121", "KOD50K_NIL": null, "KOD100K": "0100_121", "KOD100_NIL": null, "KOD250K": null, "KOD250_NIL": "inapplicable", "KOD500K": null, "KOD500_NIL": "inapplicable", "KOD1000K": null, "KOD1000_NI": "inapplicable", "KATZARZ": "inna", "KATZA_NIL": null, "KLASADROGI": "inna", "KLDROG_NIL": null, "MATNAWIERZ": "masaBitumiczna", "MATNAW_NIL": null, "NAZWADROGI": null, "LJEZDNIDR": 1, "LJEZD_NIL": null, "NRODCIREF": null, "SZL_NUMER": null, "SZLNR_NIL": null, "length": 40.41 }, "geometry": { "type": "MultiLineString", "coordinates": [ [ [ 1925936.379049821291119, 6972624.391299540176988 ], [ 1925938.333106726175174, 6972615.333434828557074 ], [ 1925940.357046137331054, 6972604.017797418870032 ], [ 1925942.93895094608888, 6972592.233623615466058 ], [ 1925950.572885268833488, 6972558.805707566440105 ] ] ] } },
{ "type": "Feature", "properties": { "TERYT": "3028", "LOKALNYID": "2EBDC9DC-3D33-7DB6-E053-CC2BA8C07DDB", "WERSJAID": "2020-01-20T00:00:00", "PNAZW": "PL.PZGiK.308.BDOT10k", "GMLID": "OT_SKDR_L.1267", "X_KOD": "SKDR08", "X_SKRKARTO": null, "X_SKRK_NIL": "inapplicable", "X_KATDOKG": "dokladny", "X_DOKLGEOM": null, "X_ZRODLOG": "ortofotomapa", "X_ZRODLOA": "pomiarTerenowy", "X_KATIST": "eksploatowany", "X_KATI_NIL": null, "X_RODZREPG": "osGeometryczna", "X_UWAGI": null, "X_UZYTKOWN": "Uzytkownik30.xml", "X_AKTG": "2011-01-01", "X_AKTA": "2020-01-20", "POCZWERS": "2020-01-20", "KONIECWERS": null, "X_DATAUTW": "2012-11-13", "X_INFDOD": null, "KOD10K": null, "KOD10K_NIL": "inapplicable", "KOD25K": "0025_121", "KOD25K_NIL": null, "KOD50K": "0050_121", "KOD50K_NIL": null, "KOD100K": "0100_121", "KOD100_NIL": null, "KOD250K": null, "KOD250_NIL": "inapplicable", "KOD500K": null, "KOD500_NIL": "inapplicable", "KOD1000K": null, "KOD1000_NI": "inapplicable", "KATZARZ": "zakladowa", "KATZA_NIL": null, "KLASADROGI": "inna", "KLDROG_NIL": null, "MATNAWIERZ": "kostkaPrefabrykowana", "MATNAW_NIL": null, "NAZWADROGI": null, "LJEZDNIDR": 1, "LJEZD_NIL": null, "NRODCIREF": null, "SZL_NUMER": null, "SZLNR_NIL": null, "length": 44.15 }, "geometry": { "type": "MultiLineString", "coordinates": [ [ [ 1925974.221663725329563, 6974589.037490323185921 ], [ 1926045.418921606149524, 6974605.948325865902007 ] ] ] } },
{ "type": "Feature", "properties": { "TERYT": "3028", "LOKALNYID": "2EBDC9DC-3FB4-7DB6-E053-CC2BA8C07DDB", "WERSJAID": "2020-01-20T00:00:00", "PNAZW": "PL.PZGiK.308.BDOT10k", "GMLID": "OT_SKDR_L.1697", "X_KOD": "SKDR06", "X_SKRKARTO": null, "X_SKRK_NIL": "inapplicable", "X_KATDOKG": "dokladny", "X_DOKLGEOM": null, "X_ZRODLOG": "ortofotomapa", "X_ZRODLOA": "pomiarTerenowy", "X_KATIST": "eksploatowany", "X_KATI_NIL": null, "X_RODZREPG": "osGeometryczna", "X_UWAGI": null, "X_UZYTKOWN": "Uzytkownik30.xml", "X_AKTG": "2011-01-01", "X_AKTA": "2020-01-20", "POCZWERS": "2020-01-20", "KONIECWERS": null, "X_DATAUTW": "2012-11-13", "X_INFDOD": null, "KOD10K": null, "KOD10K_NIL": "inapplicable", "KOD25K": "0025_121", "KOD25K_NIL": null, "KOD50K": "0050_121", "KOD50K_NIL": null, "KOD100K": "0100_121", "KOD100_NIL": null, "KOD250K": null, "KOD250_NIL": "inapplicable", "KOD500K": null, "KOD500_NIL": "inapplicable", "KOD1000K": null, "KOD1000_NI": "inapplicable", "KATZARZ": "gminna", "KATZA_NIL": null, "KLASADROGI": "lokalna", "KLDROG_NIL": null, "MATNAWIERZ": "masaBitumiczna", "MATNAW_NIL": null, "NAZWADROGI": null, "LJEZDNIDR": 1, "LJEZD_NIL": null, "NRODCIREF": null, "SZL_NUMER": "207016P", "SZLNR_NIL": null, "length": 85.73 }, "geometry": { "type": "MultiLineString", "coordinates": [ [ [ 1925876.764511628076434, 6972877.732999037019908 ], [ 1925897.083234675228596, 6972823.721229842863977 ], [ 1925904.563613969134167, 6972803.829101630486548 ], [ 1925907.561476802220568, 6972796.191385250538588 ], [ 1925912.675649261567742, 6972783.154539675451815 ], [ 1925925.055330677889287, 6972751.599547249265015 ], [ 1925927.7180479564704, 6972744.817838567309082 ] ] ] } },
{ "type": "Feature", "properties": { "TERYT": "3028", "LOKALNYID": "2EBDC9DC-354A-7DB6-E053-CC2BA8C07DDB", "WERSJAID": "2020-01-20T00:00:00", "PNAZW": "PL.PZGiK.308.BDOT10k", "GMLID": "OT_SKDR_L.1736", "X_KOD": "SKDR08", "X_SKRKARTO": null, "X_SKRK_NIL": "inapplicable", "X_KATDOKG": "dokladny", "X_DOKLGEOM": null, "X_ZRODLOG": "ortofotomapa", "X_ZRODLOA": "pomiarTerenowy", "X_KATIST": "eksploatowany", "X_KATI_NIL": null, "X_RODZREPG": "osGeometryczna", "X_UWAGI": null, "X_UZYTKOWN": "Uzytkownik30.xml", "X_AKTG": "2011-01-01", "X_AKTA": "2020-01-20", "POCZWERS": "2020-01-20", "KONIECWERS": null, "X_DATAUTW": "2012-11-13", "X_INFDOD": null, "KOD10K": null, "KOD10K_NIL": "inapplicable", "KOD25K": "0025_121", "KOD25K_NIL": null, "KOD50K": "0050_121", "KOD50K_NIL": null, "KOD100K": "0100_121", "KOD100_NIL": null, "KOD250K": null, "KOD250_NIL": "inapplicable", "KOD500K": null, "KOD500_NIL": "inapplicable", "KOD1000K": null, "KOD1000_NI": "inapplicable", "KATZARZ": "inna", "KATZA_NIL": null, "KLASADROGI": "inna", "KLDROG_NIL": null, "MATNAWIERZ": "masaBitumiczna", "MATNAW_NIL": null, "NAZWADROGI": null, "LJEZDNIDR": 1, "LJEZD_NIL": null, "NRODCIREF": null, "SZL_NUMER": null, "SZLNR_NIL": null, "length": 42.32 }, "geometry": { "type": "MultiLineString", "coordinates": [ [ [ 1926050.594380991067737, 6971956.106355836614966 ], [ 1926085.232743111206219, 6971932.773610950447619 ], [ 1926088.094278605189174, 6971931.595546413213015 ], [ 1926092.176050493726507, 6971931.376691508106887 ], [ 1926095.25462200306356, 6971933.642483593896031 ], [ 1926098.738073983229697, 6971937.71198645606637 ], [ 1926106.592807889450341, 6971946.85215978231281 ] ] ] } },
{ "type": "Feature", "properties": { "TERYT": "3028", "LOKALNYID": "2EBDC9DC-354B-7DB6-E053-CC2BA8C07DDB", "WERSJAID": "2020-01-20T00:00:00", "PNAZW": "PL.PZGiK.308.BDOT10k", "GMLID": "OT_SKDR_L.1737", "X_KOD": "SKDR08", "X_SKRKARTO": null, "X_SKRK_NIL": "inapplicable", "X_KATDOKG": "dokladny", "X_DOKLGEOM": null, "X_ZRODLOG": "ortofotomapa", "X_ZRODLOA": "pomiarTerenowy", "X_KATIST": "eksploatowany", "X_KATI_NIL": null, "X_RODZREPG": "osGeometryczna", "X_UWAGI": null, "X_UZYTKOWN": "Uzytkownik30.xml", "X_AKTG": "2011-01-01", "X_AKTA": "2020-01-20", "POCZWERS": "2020-01-20", "KONIECWERS": null, "X_DATAUTW": "2012-11-13", "X_INFDOD": null, "KOD10K": null, "KOD10K_NIL": "inapplicable", "KOD25K": "0025_121", "KOD25K_NIL": null, "KOD50K": "0050_121", "KOD50K_NIL": null, "KOD100K": "0100_121", "KOD100_NIL": null, "KOD250K": null, "KOD250_NIL": "inapplicable", "KOD500K": null, "KOD500_NIL": "inapplicable", "KOD1000K": null, "KOD1000_NI": "inapplicable", "KATZARZ": "inna", "KATZA_NIL": null, "KLASADROGI": "inna", "KLDROG_NIL": null, "MATNAWIERZ": "masaBitumiczna", "MATNAW_NIL": null, "NAZWADROGI": null, "LJEZDNIDR": 1, "LJEZD_NIL": null, "NRODCIREF": null, "SZL_NUMER": null, "SZLNR_NIL": null, "length": 63.65 }, "geometry": { "type": "MultiLineString", "coordinates": [ [ [ 1926217.377986273029819, 6971872.181718302890658 ], [ 1926219.627838759450242, 6971882.185627614147961 ], [ 1926220.902144325431436, 6971887.880525842308998 ], [ 1926222.143368408782408, 6971900.601548346690834 ], [ 1926220.156434059841558, 6971919.50887116137892 ], [ 1926218.318634516792372, 6971932.090543973259628 ], [ 1926217.726798710878938, 6971943.837924591265619 ], [ 1926218.362655019154772, 6971956.229061351157725 ], [ 1926217.769650967791677, 6971977.163008723407984 ] ] ] } },
{ "type": "Feature", "properties": { "TERYT": "3028", "LOKALNYID": "2EBDC9DC-354D-7DB6-E053-CC2BA8C07DDB", "WERSJAID": "2020-01-20T00:00:00", "PNAZW": "PL.PZGiK.308.BDOT10k", "GMLID": "OT_SKDR_L.1739", "X_KOD": "SKDR08", "X_SKRKARTO": null, "X_SKRK_NIL": "inapplicable", "X_KATDOKG": "dokladny", "X_DOKLGEOM": null, "X_ZRODLOG": "ortofotomapa", "X_ZRODLOA": "pomiarTerenowy", "X_KATIST": "eksploatowany", "X_KATI_NIL": null, "X_RODZREPG": "osGeometryczna", "X_UWAGI": null, "X_UZYTKOWN": "Uzytkownik30.xml", "X_AKTG": "2011-01-01", "X_AKTA": "2020-01-20", "POCZWERS": "2020-01-20", "KONIECWERS": null, "X_DATAUTW": "2012-11-13", "X_INFDOD": null, "KOD10K": null, "KOD10K_NIL": "inapplicable", "KOD25K": "0025_121", "KOD25K_NIL": null, "KOD50K": "0050_121", "KOD50K_NIL": null, "KOD100K": "0100_121", "KOD100_NIL": null, "KOD250K": null, "KOD250_NIL": "inapplicable", "KOD500K": null, "KOD500_NIL": "inapplicable", "KOD1000K": null, "KOD1000_NI": "inapplicable", "KATZARZ": "inna", "KATZA_NIL": null, "KLASADROGI": "inna", "KLDROG_NIL": null, "MATNAWIERZ": "masaBitumiczna", "MATNAW_NIL": null, "NAZWADROGI": null, "LJEZDNIDR": 1, "LJEZD_NIL": null, "NRODCIREF": null, "SZL_NUMER": null, "SZLNR_NIL": null, "length": 39.2 }, "geometry": { "type": "MultiLineString", "coordinates": [ [ [ 1926527.368873892817646, 6971741.01049432810396 ], [ 1926495.77542309067212, 6971697.039494367316365 ], [ 1926489.421745467465371, 6971688.184678127989173 ] ] ] } },
{ "type": "Feature", "properties": { "TERYT": "3028", "LOKALNYID": "2EBDC9DC-354E-7DB6-E053-CC2BA8C07DDB", "WERSJAID": "2020-01-20T00:00:00", "PNAZW": "PL.PZGiK.308.BDOT10k", "GMLID": "OT_SKDR_L.1740", "X_KOD": "SKDR08", "X_SKRKARTO": null, "X_SKRK_NIL": "inapplicable", "X_KATDOKG": "dokladny", "X_DOKLGEOM": null, "X_ZRODLOG": "ortofotomapa", "X_ZRODLOA": "pomiarTerenowy", "X_KATIST": "eksploatowany", "X_KATI_NIL": null, "X_RODZREPG": "osGeometryczna", "X_UWAGI": null, "X_UZYTKOWN": "Uzytkownik30.xml", "X_AKTG": "2011-01-01", "X_AKTA": "2020-01-20", "POCZWERS": "2020-01-20", "KONIECWERS": null, "X_DATAUTW": "2012-11-13", "X_INFDOD": null, "KOD10K": null, "KOD10K_NIL": "inapplicable", "KOD25K": "0025_121", "KOD25K_NIL": null, "KOD50K": "0050_121", "KOD50K_NIL": null, "KOD100K": "0100_121", "KOD100_NIL": null, "KOD250K": null, "KOD250_NIL": "inapplicable", "KOD500K": null, "KOD500_NIL": "inapplicable", "KOD1000K": null, "KOD1000_NI": "inapplicable", "KATZARZ": "inna", "KATZA_NIL": null, "KLASADROGI": "inna", "KLDROG_NIL": null, "MATNAWIERZ": "masaBitumiczna", "MATNAW_NIL": null, "NAZWADROGI": null, "LJEZDNIDR": 1, "LJEZD_NIL": null, "NRODCIREF": null, "SZL_NUMER": null, "SZLNR_NIL": null, "length": 72.21 }, "geometry": { "type": "MultiLineString", "coordinates": [ [ [ 1925767.38174914685078, 6971931.709800428710878 ], [ 1925802.174888549372554, 6971907.468359992839396 ], [ 1925806.335507771233097, 6971903.912493760697544 ], [ 1925807.26304358523339, 6971901.127075225114822 ], [ 1925806.267706270329654, 6971897.6647405391559 ], [ 1925788.632593733258545, 6971871.846153696067631 ], [ 1925774.541494341567159, 6971859.451199882663786 ], [ 1925766.509852573275566, 6971854.310080401599407 ], [ 1925760.964123294455931, 6971852.666678023524582 ] ] ] } },
{ "type": "Feature", "properties": { "TERYT": "3028", "LOKALNYID": "2EBDC9DC-41EF-7DB6-E053-CC2BA8C07DDB", "WERSJAID": "2020-01-20T00:00:00", "PNAZW": "PL.PZGiK.308.BDOT10k", "GMLID": "OT_SKDR_L.5990", "X_KOD": "SKDR08", "X_SKRKARTO": null, "X_SKRK_NIL": "inapplicable", "X_KATDOKG": "dokladny", "X_DOKLGEOM": null, "X_ZRODLOG": "ortofotomapa", "X_ZRODLOA": "pomiarTerenowy", "X_KATIST": "eksploatowany", "X_KATI_NIL": null, "X_RODZREPG": "osGeometryczna", "X_UWAGI": null, "X_UZYTKOWN": "Uzytkownik30.xml", "X_AKTG": "2011-01-01", "X_AKTA": "2020-01-20", "POCZWERS": "2020-01-20", "KONIECWERS": null, "X_DATAUTW": "2012-11-13", "X_INFDOD": null, "KOD10K": null, "KOD10K_NIL": "inapplicable", "KOD25K": "0025_121", "KOD25K_NIL": null, "KOD50K": "0050_121", "KOD50K_NIL": null, "KOD100K": "0100_121", "KOD100_NIL": null, "KOD250K": null, "KOD250_NIL": "inapplicable", "KOD500K": null, "KOD500_NIL": "inapplicable", "KOD1000K": null, "KOD1000_NI": "inapplicable", "KATZARZ": "inna", "KATZA_NIL": null, "KLASADROGI": "inna", "KLDROG_NIL": null, "MATNAWIERZ": "masaBitumiczna", "MATNAW_NIL": null, "NAZWADROGI": null, "LJEZDNIDR": 1, "LJEZD_NIL": null, "NRODCIREF": null, "SZL_NUMER": null, "SZLNR_NIL": null, "length": 14.7 }, "geometry": { "type": "MultiLineString", "coordinates": [ [ [ 1926010.775332144461572, 6971981.974098302423954 ], [ 1926016.973971239756793, 6971992.470559624023736 ], [ 1926023.172234595520422, 6972002.98363302461803 ] ] ] } },
{ "type": "Feature", "properties": { "TERYT": "3028", "LOKALNYID": "2EBDC9DC-41F0-7DB6-E053-CC2BA8C07DDB", "WERSJAID": "2020-01-20T00:00:00", "PNAZW": "PL.PZGiK.308.BDOT10k", "GMLID": "OT_SKDR_L.5991", "X_KOD": "SKDR08", "X_SKRKARTO": null, "X_SKRK_NIL": "inapplicable", "X_KATDOKG": "dokladny", "X_DOKLGEOM": null, "X_ZRODLOG": "ortofotomapa", "X_ZRODLOA": "pomiarTerenowy", "X_KATIST": "eksploatowany", "X_KATI_NIL": null, "X_RODZREPG": "osGeometryczna", "X_UWAGI": null, "X_UZYTKOWN": "Uzytkownik30.xml", "X_AKTG": "2011-01-01", "X_AKTA": "2020-01-20", "POCZWERS": "2020-01-20", "KONIECWERS": null, "X_DATAUTW": "2012-11-13", "X_INFDOD": null, "KOD10K": null, "KOD10K_NIL": "inapplicable", "KOD25K": "0025_121", "KOD25K_NIL": null, "KOD50K": "0050_121", "KOD50K_NIL": null, "KOD100K": "0100_121", "KOD100_NIL": null, "KOD250K": null, "KOD250_NIL": "inapplicable", "KOD500K": null, "KOD500_NIL": "inapplicable", "KOD1000K": null, "KOD1000_NI": "inapplicable", "KATZARZ": "inna", "KATZA_NIL": null, "KLASADROGI": "inna", "KLDROG_NIL": null, "MATNAWIERZ": "masaBitumiczna", "MATNAW_NIL": null, "NAZWADROGI": null, "LJEZDNIDR": 1, "LJEZD_NIL": null, "NRODCIREF": null, "SZL_NUMER": null, "SZLNR_NIL": null, "length": 14.08 }, "geometry": { "type": "MultiLineString", "coordinates": [ [ [ 1926050.594380991067737, 6971956.106355836614966 ], [ 1926062.011709437239915, 6971976.49449151661247 ] ] ] } },
{ "type": "Feature", "properties": { "TERYT": "3028", "LOKALNYID": "2EBDC9DC-3C3C-7DB6-E053-CC2BA8C07DDB", "WERSJAID": "2020-01-20T00:00:00", "PNAZW": "PL.PZGiK.308.BDOT10k", "GMLID": "OT_SKDR_L.632", "X_KOD": "SKDR08", "X_SKRKARTO": null, "X_SKRK_NIL": "inapplicable", "X_KATDOKG": "dokladny", "X_DOKLGEOM": null, "X_ZRODLOG": "ortofotomapa", "X_ZRODLOA": "pomiarTerenowy", "X_KATIST": "eksploatowany", "X_KATI_NIL": null, "X_RODZREPG": "osGeometryczna", "X_UWAGI": null, "X_UZYTKOWN": "Uzytkownik30.xml", "X_AKTG": "2011-01-01", "X_AKTA": "2020-01-20", "POCZWERS": "2020-01-20", "KONIECWERS": null, "X_DATAUTW": "2012-11-13", "X_INFDOD": null, "KOD10K": null, "KOD10K_NIL": "inapplicable", "KOD25K": "0025_121", "KOD25K_NIL": null, "KOD50K": "0050_121", "KOD50K_NIL": null, "KOD100K": "0100_121", "KOD100_NIL": null, "KOD250K": null, "KOD250_NIL": "inapplicable", "KOD500K": null, "KOD500_NIL": "inapplicable", "KOD1000K": null, "KOD1000_NI": "inapplicable", "KATZARZ": "inna", "KATZA_NIL": null, "KLASADROGI": "inna", "KLDROG_NIL": null, "MATNAWIERZ": "masaBitumiczna", "MATNAW_NIL": null, "NAZWADROGI": null, "LJEZDNIDR": 1, "LJEZD_NIL": null, "NRODCIREF": null, "SZL_NUMER": null, "SZLNR_NIL": null, "length": 18.58 }, "geometry": { "type": "MultiLineString", "coordinates": [ [ [ 1926504.527296250453219, 6971761.699994365684688 ], [ 1926527.368873892817646, 6971741.01049432810396 ] ] ] } },
{ "type": "Feature", "properties": { "TERYT": "3028", "LOKALNYID": "2EBDC9DC-3D01-7DB6-E053-CC2BA8C07DDB", "WERSJAID": "2020-01-20T00:00:00", "PNAZW": "PL.PZGiK.308.BDOT10k", "GMLID": "OT_SKDR_L.440", "X_KOD": "SKDR04", "X_SKRKARTO": null, "X_SKRK_NIL": "inapplicable", "X_KATDOKG": "dokladny", "X_DOKLGEOM": null, "X_ZRODLOG": "ortofotomapa", "X_ZRODLOA": "pomiarTerenowy", "X_KATIST": "eksploatowany", "X_KATI_NIL": null, "X_RODZREPG": "osGeometryczna", "X_UWAGI": null, "X_UZYTKOWN": "Uzytkownik30.xml", "X_AKTG": "2011-01-01", "X_AKTA": "2020-01-20", "POCZWERS": "2020-01-20", "KONIECWERS": null, "X_DATAUTW": "2012-11-13", "X_INFDOD": null, "KOD10K": null, "KOD10K_NIL": "inapplicable", "KOD25K": "0025_115", "KOD25K_NIL": null, "KOD50K": "0050_115", "KOD50K_NIL": null, "KOD100K": "0100_115", "KOD100_NIL": null, "KOD250K": null, "KOD250_NIL": "inapplicable", "KOD500K": null, "KOD500_NIL": "inapplicable", "KOD1000K": null, "KOD1000_NI": "inapplicable", "KATZARZ": "wojewodzka", "KATZA_NIL": null, "KLASADROGI": "glowna", "KLDROG_NIL": null, "MATNAWIERZ": "masaBitumiczna", "MATNAW_NIL": null, "NAZWADROGI": null, "LJEZDNIDR": 1, "LJEZD_NIL": null, "NRODCIREF": null, "SZL_NUMER": "194", "SZLNR_NIL": null, "length": 35.42 }, "geometry": { "type": "MultiLineString", "coordinates": [ [ [ 1925791.371639002347365, 6972562.402985791675746 ], [ 1925790.982352749211714, 6972538.902357730083168 ], [ 1925790.919998587109149, 6972535.22931616473943 ], [ 1925790.586861079093069, 6972526.183723906986415 ], [ 1925790.742246481822804, 6972519.608520247042179 ], [ 1925791.444226823979989, 6972513.046302370727062 ], [ 1925792.609649636084214, 6972503.704055796377361 ] ] ] } },
{ "type": "Feature", "properties": { "TERYT": "3028", "LOKALNYID": "2EBDC9DC-3D02-7DB6-E053-CC2BA8C07DDB", "WERSJAID": "2020-01-20T00:00:00", "PNAZW": "PL.PZGiK.308.BDOT10k", "GMLID": "OT_SKDR_L.441", "X_KOD": "SKDR04", "X_SKRKARTO": null, "X_SKRK_NIL": "inapplicable", "X_KATDOKG": "dokladny", "X_DOKLGEOM": null, "X_ZRODLOG": "ortofotomapa", "X_ZRODLOA": "pomiarTerenowy", "X_KATIST": "eksploatowany", "X_KATI_NIL": null, "X_RODZREPG": "osGeometryczna", "X_UWAGI": null, "X_UZYTKOWN": "Uzytkownik30.xml", "X_AKTG": "2011-01-01", "X_AKTA": "2020-01-20", "POCZWERS": "2020-01-20", "KONIECWERS": null, "X_DATAUTW": "2012-11-13", "X_INFDOD": null, "KOD10K": null, "KOD10K_NIL": "inapplicable", "KOD25K": "0025_115", "KOD25K_NIL": null, "KOD50K": "0050_115", "KOD50K_NIL": null, "KOD100K": "0100_115", "KOD100_NIL": null, "KOD250K": null, "KOD250_NIL": "inapplicable", "KOD500K": null, "KOD500_NIL": "inapplicable", "KOD1000K": null, "KOD1000_NI": "inapplicable", "KATZARZ": "wojewodzka", "KATZA_NIL": null, "KLASADROGI": "glowna", "KLDROG_NIL": null, "MATNAWIERZ": "masaBitumiczna", "MATNAW_NIL": null, "NAZWADROGI": null, "LJEZDNIDR": 1, "LJEZD_NIL": null, "NRODCIREF": null, "SZL_NUMER": "194", "SZLNR_NIL": null, "length": 85.1 }, "geometry": { "type": "MultiLineString", "coordinates": [ [ [ 1926052.368458703160286, 6972810.708365553058684 ], [ 1926016.791058564558625, 6972793.616119026206434 ], [ 1925963.313757517375052, 6972766.031055531464517 ], [ 1925948.474364203168079, 6972757.172658855095506 ], [ 1925927.7180479564704, 6972744.817838567309082 ] ] ] } },
{ "type": "Feature", "properties": { "TERYT": "3028", "LOKALNYID": "2EBDC9DC-4CCF-7DB6-E053-CC2BA8C07DDB", "WERSJAID": "2020-01-20T00:00:00", "PNAZW": "PL.PZGiK.308.BDOT10k", "GMLID": "OT_SKDR_L.8317", "X_KOD": "SKDR06", "X_SKRKARTO": null, "X_SKRK_NIL": "inapplicable", "X_KATDOKG": "dokladny", "X_DOKLGEOM": null, "X_ZRODLOG": "ortofotomapa", "X_ZRODLOA": "pomiarTerenowy", "X_KATIST": "eksploatowany", "X_KATI_NIL": null, "X_RODZREPG": "osGeometryczna", "X_UWAGI": null, "X_UZYTKOWN": "Uzytkownik30.xml", "X_AKTG": "2011-01-01", "X_AKTA": "2020-01-20", "POCZWERS": "2020-01-20", "KONIECWERS": null, "X_DATAUTW": "2012-11-13", "X_INFDOD": null, "KOD10K": null, "KOD10K_NIL": "inapplicable", "KOD25K": "0025_121", "KOD25K_NIL": null, "KOD50K": "0050_121", "KOD50K_NIL": null, "KOD100K": "0100_121", "KOD100_NIL": null, "KOD250K": null, "KOD250_NIL": "inapplicable", "KOD500K": null, "KOD500_NIL": "inapplicable", "KOD1000K": null, "KOD1000_NI": "inapplicable", "KATZARZ": "gminna", "KATZA_NIL": null, "KLASADROGI": "lokalna", "KLDROG_NIL": null, "MATNAWIERZ": "masaBitumiczna", "MATNAW_NIL": null, "NAZWADROGI": null, "LJEZDNIDR": 1, "LJEZD_NIL": null, "NRODCIREF": null, "SZL_NUMER": "207003P", "SZLNR_NIL": null, "length": 179.98 }, "geometry": { "type": "MultiLineString", "coordinates": [ [ [ 1927261.458462225738913, 6972903.504097873345017 ], [ 1927249.395987126976252, 6972945.070934232324362 ], [ 1927246.270207694033161, 6972956.0955725396052 ], [ 1927242.828734159935266, 6972967.860426574014127 ], [ 1927238.39597809384577, 6972983.024477596394718 ], [ 1927233.006614952348173, 6973001.522103200666606 ], [ 1927230.070192276267335, 6973011.53780041821301 ], [ 1927227.830801191274077, 6973019.393455110490322 ], [ 1927221.996893035015091, 6973039.176603601314127 ], [ 1927218.716892063384876, 6973050.413713489659131 ], [ 1927216.536520050605759, 6973057.872047600336373 ], [ 1927213.689500160282478, 6973067.607470677234232 ], [ 1927205.957692161668092, 6973094.108098547905684 ], [ 1927200.371940563898534, 6973113.199453913606703 ], [ 1927197.632449569413438, 6973122.588567128404975 ], [ 1927182.243004950229079, 6973175.24307647626847 ], [ 1927178.303068954264745, 6973190.585252275690436 ] ] ] } },
{ "type": "Feature", "properties": { "TERYT": "3028", "LOKALNYID": "2EBDC9DC-4CD0-7DB6-E053-CC2BA8C07DDB", "WERSJAID": "2020-01-20T00:00:00", "PNAZW": "PL.PZGiK.308.BDOT10k", "GMLID": "OT_SKDR_L.8318", "X_KOD": "SKDR06", "X_SKRKARTO": null, "X_SKRK_NIL": "inapplicable", "X_KATDOKG": "dokladny", "X_DOKLGEOM": null, "X_ZRODLOG": "ortofotomapa", "X_ZRODLOA": "pomiarTerenowy", "X_KATIST": "eksploatowany", "X_KATI_NIL": null, "X_RODZREPG": "osGeometryczna", "X_UWAGI": null, "X_UZYTKOWN": "Uzytkownik30.xml", "X_AKTG": "2011-01-01", "X_AKTA": "2020-01-20", "POCZWERS": "2020-01-20", "KONIECWERS": null, "X_DATAUTW": "2012-11-13", "X_INFDOD": null, "KOD10K": null, "KOD10K_NIL": "inapplicable", "KOD25K": "0025_121", "KOD25K_NIL": null, "KOD50K": "0050_121", "KOD50K_NIL": null, "KOD100K": "0100_121", "KOD100_NIL": null, "KOD250K": null, "KOD250_NIL": "inapplicable", "KOD500K": null, "KOD500_NIL": "inapplicable", "KOD1000K": null, "KOD1000_NI": "inapplicable", "KATZARZ": "powiatowa", "KATZA_NIL": null, "KLASADROGI": "lokalna", "KLDROG_NIL": null, "MATNAWIERZ": "masaBitumiczna", "MATNAW_NIL": null, "NAZWADROGI": null, "LJEZDNIDR": 1, "LJEZD_NIL": null, "NRODCIREF": null, "SZL_NUMER": "1560P", "SZLNR_NIL": null, "length": 55.9 }, "geometry": { "type": "MultiLineString", "coordinates": [ [ [ 1927178.303068954264745, 6973190.585252275690436 ], [ 1927218.717537664808333, 6973200.194183994084597 ], [ 1927268.428067137720063, 6973212.015745020471513 ] ] ] } },
{ "type": "Feature", "properties": { "TERYT": "3028", "LOKALNYID": "2EBDC9DC-4CD4-7DB6-E053-CC2BA8C07DDB", "WERSJAID": "2020-01-20T00:00:00", "PNAZW": "PL.PZGiK.308.BDOT10k", "GMLID": "OT_SKDR_L.8322", "X_KOD": "SKDR04", "X_SKRKARTO": null, "X_SKRK_NIL": "inapplicable", "X_KATDOKG": "dokladny", "X_DOKLGEOM": null, "X_ZRODLOG": "ortofotomapa", "X_ZRODLOA": "pomiarTerenowy", "X_KATIST": "eksploatowany", "X_KATI_NIL": null, "X_RODZREPG": "osGeometryczna", "X_UWAGI": null, "X_UZYTKOWN": "Uzytkownik30.xml", "X_AKTG": "2011-01-01", "X_AKTA": "2020-01-20", "POCZWERS": "2020-01-20", "KONIECWERS": null, "X_DATAUTW": "2012-11-13", "X_INFDOD": null, "KOD10K": null, "KOD10K_NIL": "inapplicable", "KOD25K": "0025_115", "KOD25K_NIL": null, "KOD50K": "0050_115", "KOD50K_NIL": null, "KOD100K": "0100_115", "KOD100_NIL": null, "KOD250K": null, "KOD250_NIL": "inapplicable", "KOD500K": null, "KOD500_NIL": "inapplicable", "KOD1000K": null, "KOD1000_NI": "inapplicable", "KATZARZ": "wojewodzka", "KATZA_NIL": null, "KLASADROGI": "glowna", "KLDROG_NIL": null, "MATNAWIERZ": "masaBitumiczna", "MATNAW_NIL": null, "NAZWADROGI": null, "LJEZDNIDR": 1, "LJEZD_NIL": null, "NRODCIREF": null, "SZL_NUMER": "194", "SZLNR_NIL": null, "length": 475.74 }, "geometry": { "type": "MultiLineString", "coordinates": [ [ [ 1925314.528795851161703, 6975491.166681064292789 ], [ 1925316.97760362084955, 6975485.075777285732329 ], [ 1925322.585731739643961, 6975472.993997221812606 ], [ 1925327.595135189825669, 6975463.789759474806488 ], [ 1925335.585148846264929, 6975449.138848023489118 ], [ 1925392.271429525222629, 6975358.01840241625905 ], [ 1925430.105453378288075, 6975294.951687915250659 ], [ 1925442.946236660704017, 6975273.569361627101898 ], [ 1925486.106075481977314, 6975201.190238594077528 ], [ 1925498.784067149041221, 6975180.369242995046079 ], [ 1925509.593911836389452, 6975162.827607910148799 ], [ 1925527.261144804768264, 6975134.331142176873982 ], [ 1925546.557421799516305, 6975100.040318600833416 ], [ 1925562.925064879236743, 6975073.208192090503871 ], [ 1925571.079729616176337, 6975060.67224335949868 ], [ 1925576.903928343905136, 6975050.640153378248215 ], [ 1925582.463406122289598, 6975040.585158638656139 ], [ 1925587.555284443078563, 6975029.272663122974336 ], [ 1925604.525169254746288, 6974986.783786247484386 ], [ 1925632.610764270881191, 6974903.279415112920105 ], [ 1925648.334555665263906, 6974858.783928306773305 ], [ 1925670.249881877796724, 6974790.106947544030845 ] ] ] } },
{ "type": "Feature", "properties": { "TERYT": "3028", "LOKALNYID": "2EBDC9DC-3E9B-7DB6-E053-CC2BA8C07DDB", "WERSJAID": "2020-01-20T00:00:00", "PNAZW": "PL.PZGiK.308.BDOT10k", "GMLID": "OT_SKDR_L.465", "X_KOD": "SKDR04", "X_SKRKARTO": null, "X_SKRK_NIL": "inapplicable", "X_KATDOKG": "dokladny", "X_DOKLGEOM": null, "X_ZRODLOG": "ortofotomapa", "X_ZRODLOA": "pomiarTerenowy", "X_KATIST": "eksploatowany", "X_KATI_NIL": null, "X_RODZREPG": "osGeometryczna", "X_UWAGI": null, "X_UZYTKOWN": "Uzytkownik30.xml", "X_AKTG": "2011-01-01", "X_AKTA": "2020-01-20", "POCZWERS": "2020-01-20", "KONIECWERS": null, "X_DATAUTW": "2012-11-13", "X_INFDOD": null, "KOD10K": null, "KOD10K_NIL": "inapplicable", "KOD25K": "0025_115", "KOD25K_NIL": null, "KOD50K": "0050_115", "KOD50K_NIL": null, "KOD100K": "0100_115", "KOD100_NIL": null, "KOD250K": null, "KOD250_NIL": "inapplicable", "KOD500K": null, "KOD500_NIL": "inapplicable", "KOD1000K": null, "KOD1000_NI": "inapplicable", "KATZARZ": "wojewodzka", "KATZA_NIL": null, "KLASADROGI": "glowna", "KLDROG_NIL": null, "MATNAWIERZ": "masaBitumiczna", "MATNAW_NIL": null, "NAZWADROGI": null, "LJEZDNIDR": 1, "LJEZD_NIL": null, "NRODCIREF": null, "SZL_NUMER": "194", "SZLNR_NIL": null, "length": 49.88 }, "geometry": { "type": "MultiLineString", "coordinates": [ [ [ 1926217.377986273029819, 6971872.181718302890658 ], [ 1926227.922851355746388, 6971864.922925104387105 ], [ 1926285.962430747691542, 6971825.980550915002823 ] ] ] } },
{ "type": "Feature", "properties": { "TERYT": "3028", "LOKALNYID": "2EBDC9DC-3E9C-7DB6-E053-CC2BA8C07DDB", "WERSJAID": "2020-01-20T00:00:00", "PNAZW": "PL.PZGiK.308.BDOT10k", "GMLID": "OT_SKDR_L.466", "X_KOD": "SKDR04", "X_SKRKARTO": null, "X_SKRK_NIL": "inapplicable", "X_KATDOKG": "dokladny", "X_DOKLGEOM": null, "X_ZRODLOG": "ortofotomapa", "X_ZRODLOA": "pomiarTerenowy", "X_KATIST": "eksploatowany", "X_KATI_NIL": null, "X_RODZREPG": "osGeometryczna", "X_UWAGI": null, "X_UZYTKOWN": "Uzytkownik30.xml", "X_AKTG": "2011-01-01", "X_AKTA": "2020-01-20", "POCZWERS": "2020-01-20", "KONIECWERS": null, "X_DATAUTW": "2012-11-13", "X_INFDOD": null, "KOD10K": null, "KOD10K_NIL": "inapplicable", "KOD25K": "0025_115", "KOD25K_NIL": null, "KOD50K": "0050_115", "KOD50K_NIL": null, "KOD100K": "0100_115", "KOD100_NIL": null, "KOD250K": null, "KOD250_NIL": "inapplicable", "KOD500K": null, "KOD500_NIL": "inapplicable", "KOD1000K": null, "KOD1000_NI": "inapplicable", "KATZARZ": "wojewodzka", "KATZA_NIL": null, "KLASADROGI": "glowna", "KLDROG_NIL": null, "MATNAWIERZ": "masaBitumiczna", "MATNAW_NIL": null, "NAZWADROGI": null, "LJEZDNIDR": 1, "LJEZD_NIL": null, "NRODCIREF": null, "SZL_NUMER": "194", "SZLNR_NIL": null, "length": 96.36 }, "geometry": { "type": "MultiLineString", "coordinates": [ [ [ 1925855.047169373370707, 6974008.899884308688343 ], [ 1925850.143394307233393, 6974036.848664191551507 ], [ 1925838.292974643642083, 6974090.105810021050274 ], [ 1925820.589827351504937, 6974165.158402720466256 ] ] ] } },
{ "type": "Feature", "properties": { "TERYT": "3028", "LOKALNYID": "2EBDC9DC-3E9D-7DB6-E053-CC2BA8C07DDB", "WERSJAID": "2020-01-20T00:00:00", "PNAZW": "PL.PZGiK.308.BDOT10k", "GMLID": "OT_SKDR_L.467", "X_KOD": "SKDR04", "X_SKRKARTO": null, "X_SKRK_NIL": "inapplicable", "X_KATDOKG": "dokladny", "X_DOKLGEOM": null, "X_ZRODLOG": "ortofotomapa", "X_ZRODLOA": "pomiarTerenowy", "X_KATIST": "eksploatowany", "X_KATI_NIL": null, "X_RODZREPG": "osGeometryczna", "X_UWAGI": null, "X_UZYTKOWN": "Uzytkownik30.xml", "X_AKTG": "2011-01-01", "X_AKTA": "2020-01-20", "POCZWERS": "2020-01-20", "KONIECWERS": null, "X_DATAUTW": "2012-11-13", "X_INFDOD": null, "KOD10K": null, "KOD10K_NIL": "inapplicable", "KOD25K": "0025_115", "KOD25K_NIL": null, "KOD50K": "0050_115", "KOD50K_NIL": null, "KOD100K": "0100_115", "KOD100_NIL": null, "KOD250K": null, "KOD250_NIL": "inapplicable", "KOD500K": null, "KOD500_NIL": "inapplicable", "KOD1000K": null, "KOD1000_NI": "inapplicable", "KATZARZ": "wojewodzka", "KATZA_NIL": null, "KLASADROGI": "glowna", "KLDROG_NIL": null, "MATNAWIERZ": "masaBitumiczna", "MATNAW_NIL": null, "NAZWADROGI": null, "LJEZDNIDR": 1, "LJEZD_NIL": null, "NRODCIREF": null, "SZL_NUMER": "194", "SZLNR_NIL": null, "length": 54.48 }, "geometry": { "type": "MultiLineString", "coordinates": [ [ [ 1925796.509963865624741, 6974270.136885899119079 ], [ 1925789.175321788527071, 6974302.731427828781307 ], [ 1925775.828944633016363, 6974358.231268646195531 ] ] ] } },
{ "type": "Feature", "properties": { "TERYT": "3028", "LOKALNYID": "2EBDC9DC-3EA0-7DB6-E053-CC2BA8C07DDB", "WERSJAID": "2020-01-20T00:00:00", "PNAZW": "PL.PZGiK.308.BDOT10k", "GMLID": "OT_SKDR_L.470", "X_KOD": "SKDR04", "X_SKRKARTO": null, "X_SKRK_NIL": "inapplicable", "X_KATDOKG": "dokladny", "X_DOKLGEOM": null, "X_ZRODLOG": "ortofotomapa", "X_ZRODLOA": "pomiarTerenowy", "X_KATIST": "eksploatowany", "X_KATI_NIL": null, "X_RODZREPG": "osGeometryczna", "X_UWAGI": null, "X_UZYTKOWN": "Uzytkownik30.xml", "X_AKTG": "2011-01-01", "X_AKTA": "2020-01-20", "POCZWERS": "2020-01-20", "KONIECWERS": null, "X_DATAUTW": "2012-11-13", "X_INFDOD": null, "KOD10K": null, "KOD10K_NIL": "inapplicable", "KOD25K": "0025_115", "KOD25K_NIL": null, "KOD50K": "0050_115", "KOD50K_NIL": null, "KOD100K": "0100_115", "KOD100_NIL": null, "KOD250K": null, "KOD250_NIL": "inapplicable", "KOD500K": null, "KOD500_NIL": "inapplicable", "KOD1000K": null, "KOD1000_NI": "inapplicable", "KATZARZ": "wojewodzka", "KATZA_NIL": null, "KLASADROGI": "glowna", "KLDROG_NIL": null, "MATNAWIERZ": "masaBitumiczna", "MATNAW_NIL": null, "NAZWADROGI": null, "LJEZDNIDR": 1, "LJEZD_NIL": null, "NRODCIREF": null, "SZL_NUMER": "193", "SZLNR_NIL": null, "length": 215.73 }, "geometry": { "type": "MultiLineString", "coordinates": [ [ [ 1925279.650807835627347, 6972688.974294738844037 ], [ 1925209.773148318286985, 6972719.956068029627204 ], [ 1925150.484631193103269, 6972746.072619615122676 ], [ 1925098.725161076290533, 6972769.876193805597723 ], [ 1925078.601413007592782, 6972779.115649114362895 ], [ 1925073.758881673682481, 6972781.3427749350667 ], [ 1925055.561604032060131, 6972789.714342889375985 ], [ 1924965.28689665812999, 6972830.890881815925241 ], [ 1924953.760343620087951, 6972836.115185264497995 ] ] ] } },
{ "type": "Feature", "properties": { "TERYT": "3028", "LOKALNYID": "2EBDC9DC-361C-7DB6-E053-CC2BA8C07DDB", "WERSJAID": "2020-01-20T00:00:00", "PNAZW": "PL.PZGiK.308.BDOT10k", "GMLID": "OT_SKDR_L.1754", "X_KOD": "SKDR06", "X_SKRKARTO": null, "X_SKRK_NIL": "inapplicable", "X_KATDOKG": "dokladny", "X_DOKLGEOM": null, "X_ZRODLOG": "ortofotomapa", "X_ZRODLOA": "pomiarTerenowy", "X_KATIST": "eksploatowany", "X_KATI_NIL": null, "X_RODZREPG": "osGeometryczna", "X_UWAGI": null, "X_UZYTKOWN": "Uzytkownik30.xml", "X_AKTG": "2011-01-01", "X_AKTA": "2020-01-20", "POCZWERS": "2020-01-20", "KONIECWERS": null, "X_DATAUTW": "2012-11-13", "X_INFDOD": null, "KOD10K": null, "KOD10K_NIL": "inapplicable", "KOD25K": "0025_121", "KOD25K_NIL": null, "KOD50K": "0050_121", "KOD50K_NIL": null, "KOD100K": "0100_121", "KOD100_NIL": null, "KOD250K": null, "KOD250_NIL": "inapplicable", "KOD500K": null, "KOD500_NIL": "inapplicable", "KOD1000K": null, "KOD1000_NI": "inapplicable", "KATZARZ": "gminna", "KATZA_NIL": null, "KLASADROGI": "lokalna", "KLDROG_NIL": null, "MATNAWIERZ": "masaBitumiczna", "MATNAW_NIL": null, "NAZWADROGI": null, "LJEZDNIDR": 1, "LJEZD_NIL": null, "NRODCIREF": null, "SZL_NUMER": "207017P", "SZLNR_NIL": null, "length": 140.39 }, "geometry": { "type": "MultiLineString", "coordinates": [ [ [ 1926912.644814136670902, 6972814.881782960146666 ], [ 1926927.867057542549446, 6972818.779898835346103 ], [ 1926937.52103192335926, 6972821.250664859078825 ], [ 1926953.50096460012719, 6972825.349372986704111 ], [ 1926971.622176092816517, 6972830.013618942350149 ], [ 1926984.488658812595531, 6972833.307775350287557 ], [ 1927004.57091665524058, 6972838.450191956013441 ], [ 1927011.522825777065009, 6972840.242397606372833 ], [ 1927039.331273784395307, 6972847.377954348921776 ], [ 1927060.91237929998897, 6972852.921105840243399 ], [ 1927091.982723993482068, 6972860.897678920067847 ], [ 1927108.259028078289703, 6972865.086155416443944 ], [ 1927137.996719124726951, 6972872.649008627980947 ] ] ] } },
{ "type": "Feature", "properties": { "TERYT": "3028", "LOKALNYID": "2EBDC9DC-361D-7DB6-E053-CC2BA8C07DDB", "WERSJAID": "2020-01-20T00:00:00", "PNAZW": "PL.PZGiK.308.BDOT10k", "GMLID": "OT_SKDR_L.1755", "X_KOD": "SKDR06", "X_SKRKARTO": null, "X_SKRK_NIL": "inapplicable", "X_KATDOKG": "dokladny", "X_DOKLGEOM": null, "X_ZRODLOG": "ortofotomapa", "X_ZRODLOA": "pomiarTerenowy", "X_KATIST": "eksploatowany", "X_KATI_NIL": null, "X_RODZREPG": "osGeometryczna", "X_UWAGI": null, "X_UZYTKOWN": "Uzytkownik30.xml", "X_AKTG": "2011-01-01", "X_AKTA": "2020-01-20", "POCZWERS": "2020-01-20", "KONIECWERS": null, "X_DATAUTW": "2012-11-13", "X_INFDOD": null, "KOD10K": null, "KOD10K_NIL": "inapplicable", "KOD25K": "0025_121", "KOD25K_NIL": null, "KOD50K": "0050_121", "KOD50K_NIL": null, "KOD100K": "0100_121", "KOD100_NIL": null, "KOD250K": null, "KOD250_NIL": "inapplicable", "KOD500K": null, "KOD500_NIL": "inapplicable", "KOD1000K": null, "KOD1000_NI": "inapplicable", "KATZARZ": "gminna", "KATZA_NIL": null, "KLASADROGI": "lokalna", "KLDROG_NIL": null, "MATNAWIERZ": "masaBitumiczna", "MATNAW_NIL": null, "NAZWADROGI": null, "LJEZDNIDR": 1, "LJEZD_NIL": null, "NRODCIREF": null, "SZL_NUMER": "207002P", "SZLNR_NIL": null, "length": 46.0 }, "geometry": { "type": "MultiLineString", "coordinates": [ [ [ 1926754.722651675809175, 6972775.166354232467711 ], [ 1926743.317691133823246, 6972823.907938977703452 ], [ 1926739.688305697171018, 6972839.406098657287657 ], [ 1926737.311782441334799, 6972849.550946249626577 ] ] ] } },
{ "type": "Feature", "properties": { "TERYT": "3028", "LOKALNYID": "2EBDC9DC-361E-7DB6-E053-CC2BA8C07DDB", "WERSJAID": "2020-01-20T00:00:00", "PNAZW": "PL.PZGiK.308.BDOT10k", "GMLID": "OT_SKDR_L.1756", "X_KOD": "SKDR06", "X_SKRKARTO": null, "X_SKRK_NIL": "inapplicable", "X_KATDOKG": "dokladny", "X_DOKLGEOM": null, "X_ZRODLOG": "ortofotomapa", "X_ZRODLOA": "pomiarTerenowy", "X_KATIST": "eksploatowany", "X_KATI_NIL": null, "X_RODZREPG": "osGeometryczna", "X_UWAGI": null, "X_UZYTKOWN": "Uzytkownik30.xml", "X_AKTG": "2011-01-01", "X_AKTA": "2020-01-20", "POCZWERS": "2020-01-20", "KONIECWERS": null, "X_DATAUTW": "2012-11-13", "X_INFDOD": null, "KOD10K": null, "KOD10K_NIL": "inapplicable", "KOD25K": "0025_121", "KOD25K_NIL": null, "KOD50K": "0050_121", "KOD50K_NIL": null, "KOD100K": "0100_121", "KOD100_NIL": null, "KOD250K": null, "KOD250_NIL": "inapplicable", "KOD500K": null, "KOD500_NIL": "inapplicable", "KOD1000K": null, "KOD1000_NI": "inapplicable", "KATZARZ": "gminna", "KATZA_NIL": null, "KLASADROGI": "lokalna", "KLDROG_NIL": null, "MATNAWIERZ": "masaBitumiczna", "MATNAW_NIL": null, "NAZWADROGI": null, "LJEZDNIDR": 1, "LJEZD_NIL": null, "NRODCIREF": null, "SZL_NUMER": "207015P", "SZLNR_NIL": null, "length": 47.09 }, "geometry": { "type": "MultiLineString", "coordinates": [ [ [ 1927092.977526658447459, 6973049.42623077891767 ], [ 1927100.928690784377977, 6973017.830418843775988 ], [ 1927105.399329846259207, 6973000.357877616770566 ], [ 1927112.241565250093117, 6972973.637303948402405 ] ] ] } },
{ "type": "Feature", "properties": { "TERYT": "3028", "LOKALNYID": "2EBDC9DC-3A1E-7DB6-E053-CC2BA8C07DDB", "WERSJAID": "2020-01-20T00:00:00", "PNAZW": "PL.PZGiK.308.BDOT10k", "GMLID": "OT_SKDR_L.1814", "X_KOD": "SKDR08", "X_SKRKARTO": null, "X_SKRK_NIL": "inapplicable", "X_KATDOKG": "dokladny", "X_DOKLGEOM": null, "X_ZRODLOG": "ortofotomapa", "X_ZRODLOA": "pomiarTerenowy", "X_KATIST": "eksploatowany", "X_KATI_NIL": null, "X_RODZREPG": "osGeometryczna", "X_UWAGI": null, "X_UZYTKOWN": "Uzytkownik30.xml", "X_AKTG": "2011-01-01", "X_AKTA": "2020-01-20", "POCZWERS": "2020-01-20", "KONIECWERS": null, "X_DATAUTW": "2012-11-13", "X_INFDOD": null, "KOD10K": null, "KOD10K_NIL": "inapplicable", "KOD25K": "0025_121", "KOD25K_NIL": null, "KOD50K": "0050_121", "KOD50K_NIL": null, "KOD100K": "0100_121", "KOD100_NIL": null, "KOD250K": null, "KOD250_NIL": "inapplicable", "KOD500K": null, "KOD500_NIL": "inapplicable", "KOD1000K": null, "KOD1000_NI": "inapplicable", "KATZARZ": "zakladowa", "KATZA_NIL": null, "KLASADROGI": "inna", "KLDROG_NIL": null, "MATNAWIERZ": "kostkaPrefabrykowana", "MATNAW_NIL": null, "NAZWADROGI": null, "LJEZDNIDR": 1, "LJEZD_NIL": null, "NRODCIREF": null, "SZL_NUMER": null, "SZLNR_NIL": null, "length": 50.53 }, "geometry": { "type": "MultiLineString", "coordinates": [ [ [ 1926045.418921606149524, 6974605.948325865902007 ], [ 1926081.816896185744554, 6974614.605268065817654 ], [ 1926105.192164356587455, 6974620.161497465334833 ], [ 1926126.902729948284104, 6974625.312603789381683 ] ] ] } },
{ "type": "Feature", "properties": { "TERYT": "3028", "LOKALNYID": "2EBDC9DC-41ED-7DB6-E053-CC2BA8C07DDB", "WERSJAID": "2020-01-20T00:00:00", "PNAZW": "PL.PZGiK.308.BDOT10k", "GMLID": "OT_SKDR_L.5988", "X_KOD": "SKDR08", "X_SKRKARTO": null, "X_SKRK_NIL": "inapplicable", "X_KATDOKG": "dokladny", "X_DOKLGEOM": null, "X_ZRODLOG": "ortofotomapa", "X_ZRODLOA": "pomiarTerenowy", "X_KATIST": "eksploatowany", "X_KATI_NIL": null, "X_RODZREPG": "osGeometryczna", "X_UWAGI": null, "X_UZYTKOWN": "Uzytkownik30.xml", "X_AKTG": "2011-01-01", "X_AKTA": "2020-01-20", "POCZWERS": "2020-01-20", "KONIECWERS": null, "X_DATAUTW": "2012-11-13", "X_INFDOD": null, "KOD10K": null, "KOD10K_NIL": "inapplicable", "KOD25K": "0025_121", "KOD25K_NIL": null, "KOD50K": "0050_121", "KOD50K_NIL": null, "KOD100K": "0100_121", "KOD100_NIL": null, "KOD250K": null, "KOD250_NIL": "inapplicable", "KOD500K": null, "KOD500_NIL": "inapplicable", "KOD1000K": null, "KOD1000_NI": "inapplicable", "KATZARZ": "inna", "KATZA_NIL": null, "KLASADROGI": "inna", "KLDROG_NIL": null, "MATNAWIERZ": "masaBitumiczna", "MATNAW_NIL": null, "NAZWADROGI": null, "LJEZDNIDR": 1, "LJEZD_NIL": null, "NRODCIREF": null, "SZL_NUMER": null, "SZLNR_NIL": null, "length": 194.42 }, "geometry": { "type": "MultiLineString", "coordinates": [ [ [ 1924657.6239296910353, 6972945.62726413924247 ], [ 1924677.59309049602598, 6972940.837597837671638 ], [ 1924681.868678986793384, 6972939.461064616218209 ], [ 1924703.912363984389231, 6972930.367961668409407 ], [ 1924764.035440001869574, 6972902.728914920240641 ], [ 1924828.20055247284472, 6972874.454974066466093 ], [ 1924903.952155440114439, 6972839.811459901742637 ], [ 1924925.576882500201464, 6972830.890619709156454 ], [ 1924930.784295863239095, 6972829.353449007496238 ], [ 1924936.118709777947515, 6972828.749689819291234 ], [ 1924941.464571692980826, 6972829.05997116304934 ], [ 1924946.224403261905536, 6972831.017671601846814 ], [ 1924953.760343620087951, 6972836.115185264497995 ] ] ] } },
{ "type": "Feature", "properties": { "TERYT": "3028", "LOKALNYID": "2EBDC9DC-437D-7DB6-E053-CC2BA8C07DDB", "WERSJAID": "2020-01-20T00:00:00", "PNAZW": "PL.PZGiK.308.BDOT10k", "GMLID": "OT_SKDR_L.6018", "X_KOD": "SKDR06", "X_SKRKARTO": null, "X_SKRK_NIL": "inapplicable", "X_KATDOKG": "dokladny", "X_DOKLGEOM": null, "X_ZRODLOG": "ortofotomapa", "X_ZRODLOA": "pomiarTerenowy", "X_KATIST": "eksploatowany", "X_KATI_NIL": null, "X_RODZREPG": "osGeometryczna", "X_UWAGI": null, "X_UZYTKOWN": "Uzytkownik30.xml", "X_AKTG": "2011-01-01", "X_AKTA": "2020-01-20", "POCZWERS": "2020-01-20", "KONIECWERS": null, "X_DATAUTW": "2012-11-13", "X_INFDOD": null, "KOD10K": null, "KOD10K_NIL": "inapplicable", "KOD25K": "0025_121", "KOD25K_NIL": null, "KOD50K": "0050_121", "KOD50K_NIL": null, "KOD100K": "0100_121", "KOD100_NIL": null, "KOD250K": null, "KOD250_NIL": "inapplicable", "KOD500K": null, "KOD500_NIL": "inapplicable", "KOD1000K": null, "KOD1000_NI": "inapplicable", "KATZARZ": "gminna", "KATZA_NIL": null, "KLASADROGI": "lokalna", "KLDROG_NIL": null, "MATNAWIERZ": "masaBitumiczna", "MATNAW_NIL": null, "NAZWADROGI": null, "LJEZDNIDR": 1, "LJEZD_NIL": null, "NRODCIREF": null, "SZL_NUMER": "207013P", "SZLNR_NIL": null, "length": 67.93 }, "geometry": { "type": "MultiLineString", "coordinates": [ [ [ 1925912.643906106939539, 6972734.674563977867365 ], [ 1925914.508140022400767, 6972725.913496765308082 ], [ 1925916.466169322840869, 6972716.68947924207896 ], [ 1925923.056802788050845, 6972686.044025301001966 ], [ 1925925.623765686992556, 6972674.192927137948573 ], [ 1925928.079966605175287, 6972662.821013159118593 ], [ 1925933.308827890316024, 6972638.606130113825202 ], [ 1925936.379049821291119, 6972624.391299540176988 ] ] ] } },
{ "type": "Feature", "properties": { "TERYT": "3028", "LOKALNYID": "2EBDC9DC-437F-7DB6-E053-CC2BA8C07DDB", "WERSJAID": "2020-01-20T00:00:00", "PNAZW": "PL.PZGiK.308.BDOT10k", "GMLID": "OT_SKDR_L.6020", "X_KOD": "SKDR08", "X_SKRKARTO": null, "X_SKRK_NIL": "inapplicable", "X_KATDOKG": "dokladny", "X_DOKLGEOM": null, "X_ZRODLOG": "ortofotomapa", "X_ZRODLOA": "pomiarTerenowy", "X_KATIST": "eksploatowany", "X_KATI_NIL": null, "X_RODZREPG": "osGeometryczna", "X_UWAGI": null, "X_UZYTKOWN": "Uzytkownik30.xml", "X_AKTG": "2011-01-01", "X_AKTA": "2020-01-20", "POCZWERS": "2020-01-20", "KONIECWERS": null, "X_DATAUTW": "2012-11-13", "X_INFDOD": null, "KOD10K": null, "KOD10K_NIL": "inapplicable", "KOD25K": "0025_121", "KOD25K_NIL": null, "KOD50K": "0050_121", "KOD50K_NIL": null, "KOD100K": "0100_121", "KOD100_NIL": null, "KOD250K": null, "KOD250_NIL": "inapplicable", "KOD500K": null, "KOD500_NIL": "inapplicable", "KOD1000K": null, "KOD1000_NI": "inapplicable", "KATZARZ": "zakladowa", "KATZA_NIL": null, "KLASADROGI": "inna", "KLDROG_NIL": null, "MATNAWIERZ": "masaBitumiczna", "MATNAW_NIL": null, "NAZWADROGI": null, "LJEZDNIDR": 1, "LJEZD_NIL": null, "NRODCIREF": null, "SZL_NUMER": null, "SZLNR_NIL": null, "length": 50.38 }, "geometry": { "type": "MultiLineString", "coordinates": [ [ [ 1926117.230277362279594, 6974346.027032982558012 ], [ 1926035.157831828575581, 6974330.654055812396109 ] ] ] } },
{ "type": "Feature", "properties": { "TERYT": "3028", "LOKALNYID": "2EBDC9DC-48FE-7DB6-E053-CC2BA8C07DDB", "WERSJAID": "2020-01-20T00:00:00", "PNAZW": "PL.PZGiK.308.BDOT10k", "GMLID": "OT_SKDR_L.5665", "X_KOD": "SKDR08", "X_SKRKARTO": null, "X_SKRK_NIL": "inapplicable", "X_KATDOKG": "dokladny", "X_DOKLGEOM": null, "X_ZRODLOG": "ortofotomapa", "X_ZRODLOA": "pomiarTerenowy", "X_KATIST": "eksploatowany", "X_KATI_NIL": null, "X_RODZREPG": "osGeometryczna", "X_UWAGI": null, "X_UZYTKOWN": "Uzytkownik30.xml", "X_AKTG": "2011-01-01", "X_AKTA": "2020-01-20", "POCZWERS": "2020-01-20", "KONIECWERS": null, "X_DATAUTW": "2012-11-13", "X_INFDOD": null, "KOD10K": null, "KOD10K_NIL": "inapplicable", "KOD25K": "0025_123", "KOD25K_NIL": null, "KOD50K": "0050_123", "KOD50K_NIL": null, "KOD100K": "0100_123", "KOD100_NIL": null, "KOD250K": null, "KOD250_NIL": "inapplicable", "KOD500K": null, "KOD500_NIL": "inapplicable", "KOD1000K": null, "KOD1000_NI": "inapplicable", "KATZARZ": "zakladowa", "KATZA_NIL": null, "KLASADROGI": "inna", "KLDROG_NIL": null, "MATNAWIERZ": "plytyBetonowe", "MATNAW_NIL": null, "NAZWADROGI": null, "LJEZDNIDR": 1, "LJEZD_NIL": null, "NRODCIREF": null, "SZL_NUMER": null, "SZLNR_NIL": null, "length": 52.87 }, "geometry": { "type": "MultiLineString", "coordinates": [ [ [ 1927585.297474503982812, 6973468.867530959658325 ], [ 1927605.34489202266559, 6973476.998753291554749 ], [ 1927637.154644939349964, 6973534.953591023571789 ] ] ] } },
{ "type": "Feature", "properties": { "TERYT": "3028", "LOKALNYID": "2EBDC9DC-3D0D-7DB6-E053-CC2BA8C07DDB", "WERSJAID": "2020-01-20T00:00:00", "PNAZW": "PL.PZGiK.308.BDOT10k", "GMLID": "OT_SKDR_L.647", "X_KOD": "SKDR06", "X_SKRKARTO": null, "X_SKRK_NIL": "inapplicable", "X_KATDOKG": "dokladny", "X_DOKLGEOM": null, "X_ZRODLOG": "ortofotomapa", "X_ZRODLOA": "pomiarTerenowy", "X_KATIST": "eksploatowany", "X_KATI_NIL": null, "X_RODZREPG": "osGeometryczna", "X_UWAGI": null, "X_UZYTKOWN": "Uzytkownik30.xml", "X_AKTG": "2011-01-01", "X_AKTA": "2020-01-20", "POCZWERS": "2020-01-20", "KONIECWERS": null, "X_DATAUTW": "2012-11-13", "X_INFDOD": null, "KOD10K": null, "KOD10K_NIL": "inapplicable", "KOD25K": "0025_121", "KOD25K_NIL": null, "KOD50K": "0050_121", "KOD50K_NIL": null, "KOD100K": "0100_121", "KOD100_NIL": null, "KOD250K": null, "KOD250_NIL": "inapplicable", "KOD500K": null, "KOD500_NIL": "inapplicable", "KOD1000K": null, "KOD1000_NI": "inapplicable", "KATZARZ": "gminna", "KATZA_NIL": null, "KLASADROGI": "lokalna", "KLDROG_NIL": null, "MATNAWIERZ": "masaBitumiczna", "MATNAW_NIL": null, "NAZWADROGI": null, "LJEZDNIDR": 1, "LJEZD_NIL": null, "NRODCIREF": null, "SZL_NUMER": "207009P", "SZLNR_NIL": null, "length": 68.35 }, "geometry": { "type": "MultiLineString", "coordinates": [ [ [ 1926656.597530281404033, 6973809.901821687817574 ], [ 1926643.512148239184171, 6973827.122362270951271 ], [ 1926640.535451331408694, 6973831.056451207958162 ], [ 1926628.397251387126744, 6973847.468603136017919 ], [ 1926622.166412855498493, 6973856.55982203874737 ], [ 1926616.276182339293882, 6973866.67268425039947 ], [ 1926610.072263421490788, 6973878.140661248005927 ], [ 1926602.136869434500113, 6973895.566144508309662 ], [ 1926597.26510533480905, 6973906.068683714605868 ] ] ] } },
{ "type": "Feature", "properties": { "TERYT": "3028", "LOKALNYID": "2EBDC9DC-3DF9-7DB6-E053-CC2BA8C07DDB", "WERSJAID": "2020-01-20T00:00:00", "PNAZW": "PL.PZGiK.308.BDOT10k", "GMLID": "OT_SKDR_L.1079", "X_KOD": "SKDR05", "X_SKRKARTO": null, "X_SKRK_NIL": "inapplicable", "X_KATDOKG": "dokladny", "X_DOKLGEOM": null, "X_ZRODLOG": "ortofotomapa", "X_ZRODLOA": "pomiarTerenowy", "X_KATIST": "eksploatowany", "X_KATI_NIL": null, "X_RODZREPG": "osGeometryczna", "X_UWAGI": null, "X_UZYTKOWN": "Uzytkownik30.xml", "X_AKTG": "2011-01-01", "X_AKTA": "2020-01-20", "POCZWERS": "2020-01-20", "KONIECWERS": null, "X_DATAUTW": "2012-11-13", "X_INFDOD": null, "KOD10K": null, "KOD10K_NIL": "inapplicable", "KOD25K": "0025_119", "KOD25K_NIL": null, "KOD50K": "0050_119", "KOD50K_NIL": null, "KOD100K": "0100_117", "KOD100_NIL": null, "KOD250K": null, "KOD250_NIL": "inapplicable", "KOD500K": null, "KOD500_NIL": "inapplicable", "KOD1000K": null, "KOD1000_NI": "inapplicable", "KATZARZ": "powiatowa", "KATZA_NIL": null, "KLASADROGI": "zbiorcza", "KLDROG_NIL": null, "MATNAWIERZ": "masaBitumiczna", "MATNAW_NIL": null, "NAZWADROGI": null, "LJEZDNIDR": 1, "LJEZD_NIL": null, "NRODCIREF": null, "SZL_NUMER": "1562P", "SZLNR_NIL": null, "length": 31.04 }, "geometry": { "type": "MultiLineString", "coordinates": [ [ [ 1925789.224743939004838, 6972005.272485052235425 ], [ 1925803.399117433698848, 6972054.831467982381582 ] ] ] } },
{ "type": "Feature", "properties": { "TERYT": "3028", "LOKALNYID": "2EBDC9DC-3FA5-7DB6-E053-CC2BA8C07DDB", "WERSJAID": "2020-01-20T00:00:00", "PNAZW": "PL.PZGiK.308.BDOT10k", "GMLID": "OT_SKDR_L.1312", "X_KOD": "SKDR08", "X_SKRKARTO": null, "X_SKRK_NIL": "inapplicable", "X_KATDOKG": "dokladny", "X_DOKLGEOM": null, "X_ZRODLOG": "ortofotomapa", "X_ZRODLOA": "pomiarTerenowy", "X_KATIST": "eksploatowany", "X_KATI_NIL": null, "X_RODZREPG": "osGeometryczna", "X_UWAGI": null, "X_UZYTKOWN": "Uzytkownik30.xml", "X_AKTG": "2011-01-01", "X_AKTA": "2020-01-20", "POCZWERS": "2020-01-20", "KONIECWERS": null, "X_DATAUTW": "2012-11-13", "X_INFDOD": null, "KOD10K": null, "KOD10K_NIL": "inapplicable", "KOD25K": "0025_121", "KOD25K_NIL": null, "KOD50K": "0050_121", "KOD50K_NIL": null, "KOD100K": "0100_121", "KOD100_NIL": null, "KOD250K": null, "KOD250_NIL": "inapplicable", "KOD500K": null, "KOD500_NIL": "inapplicable", "KOD1000K": null, "KOD1000_NI": "inapplicable", "KATZARZ": "inna", "KATZA_NIL": null, "KLASADROGI": "inna", "KLDROG_NIL": null, "MATNAWIERZ": "kostkaPrefabrykowana", "MATNAW_NIL": null, "NAZWADROGI": null, "LJEZDNIDR": 1, "LJEZD_NIL": null, "NRODCIREF": null, "SZL_NUMER": null, "SZLNR_NIL": null, "length": 53.56 }, "geometry": { "type": "MultiLineString", "coordinates": [ [ [ 1925934.098879657918587, 6972083.002079732716084 ], [ 1925931.153606907930225, 6972072.283612875267863 ], [ 1925930.08361596474424, 6972068.470588307827711 ], [ 1925928.429162052925676, 6972055.722832217812538 ], [ 1925929.046402626903728, 6972050.637473817914724 ], [ 1925931.180338732898235, 6972045.887131854891777 ], [ 1925939.195741748670116, 6972036.990361597388983 ], [ 1925941.149828390218318, 6972034.94357137195766 ], [ 1925945.814482983434573, 6972031.798232131637633 ], [ 1925950.316448475932702, 6972029.928181914612651 ], [ 1925955.100072589470074, 6972028.762530777603388 ], [ 1925960.048538671573624, 6972030.441498905420303 ], [ 1925963.3417373590637, 6972033.443405564874411 ], [ 1925971.241876601008698, 6972040.657863963395357 ] ] ] } },
{ "type": "Feature", "properties": { "TERYT": "3028", "LOKALNYID": "2EBDC9DC-37B5-7DB6-E053-CC2BA8C07DDB", "WERSJAID": "2020-01-20T00:00:00", "PNAZW": "PL.PZGiK.308.BDOT10k", "GMLID": "OT_SKDR_L.1776", "X_KOD": "SKDR06", "X_SKRKARTO": null, "X_SKRK_NIL": "inapplicable", "X_KATDOKG": "dokladny", "X_DOKLGEOM": null, "X_ZRODLOG": "ortofotomapa", "X_ZRODLOA": "pomiarTerenowy", "X_KATIST": "eksploatowany", "X_KATI_NIL": null, "X_RODZREPG": "osGeometryczna", "X_UWAGI": null, "X_UZYTKOWN": "Uzytkownik30.xml", "X_AKTG": "2011-01-01", "X_AKTA": "2020-01-20", "POCZWERS": "2020-01-20", "KONIECWERS": null, "X_DATAUTW": "2012-11-13", "X_INFDOD": null, "KOD10K": null, "KOD10K_NIL": "inapplicable", "KOD25K": "0025_121", "KOD25K_NIL": null, "KOD50K": "0050_121", "KOD50K_NIL": null, "KOD100K": "0100_121", "KOD100_NIL": null, "KOD250K": null, "KOD250_NIL": "inapplicable", "KOD500K": null, "KOD500_NIL": "inapplicable", "KOD1000K": null, "KOD1000_NI": "inapplicable", "KATZARZ": "gminna", "KATZA_NIL": null, "KLASADROGI": "lokalna", "KLDROG_NIL": null, "MATNAWIERZ": "masaBitumiczna", "MATNAW_NIL": null, "NAZWADROGI": null, "LJEZDNIDR": 1, "LJEZD_NIL": null, "NRODCIREF": null, "SZL_NUMER": "207001P", "SZLNR_NIL": null, "length": 20.79 }, "geometry": { "type": "MultiLineString", "coordinates": [ [ [ 1926871.038396410644054, 6972968.244491442106664 ], [ 1926898.323606773046777, 6972971.563626436516643 ], [ 1926905.231584280263633, 6972972.407902746461332 ] ] ] } },
{ "type": "Feature", "properties": { "TERYT": "3028", "LOKALNYID": "2EBDC9DC-4FCD-7DB6-E053-CC2BA8C07DDB", "WERSJAID": "2020-01-20T00:00:00", "PNAZW": "PL.PZGiK.308.BDOT10k", "GMLID": "OT_SKDR_L.7973", "X_KOD": "SKDR06", "X_SKRKARTO": null, "X_SKRK_NIL": "inapplicable", "X_KATDOKG": "dokladny", "X_DOKLGEOM": null, "X_ZRODLOG": "ortofotomapa", "X_ZRODLOA": "pomiarTerenowy", "X_KATIST": "eksploatowany", "X_KATI_NIL": null, "X_RODZREPG": "osGeometryczna", "X_UWAGI": null, "X_UZYTKOWN": "Uzytkownik30.xml", "X_AKTG": "2011-01-01", "X_AKTA": "2020-01-20", "POCZWERS": "2020-01-20", "KONIECWERS": null, "X_DATAUTW": "2012-11-13", "X_INFDOD": null, "KOD10K": null, "KOD10K_NIL": "inapplicable", "KOD25K": "0025_121", "KOD25K_NIL": null, "KOD50K": "0050_121", "KOD50K_NIL": null, "KOD100K": "0100_121", "KOD100_NIL": null, "KOD250K": null, "KOD250_NIL": "inapplicable", "KOD500K": null, "KOD500_NIL": "inapplicable", "KOD1000K": null, "KOD1000_NI": "inapplicable", "KATZARZ": "powiatowa", "KATZA_NIL": null, "KLASADROGI": "lokalna", "KLDROG_NIL": null, "MATNAWIERZ": "masaBitumiczna", "MATNAW_NIL": null, "NAZWADROGI": null, "LJEZDNIDR": 1, "LJEZD_NIL": null, "NRODCIREF": null, "SZL_NUMER": "1560P", "SZLNR_NIL": null, "length": 42.16 }, "geometry": { "type": "MultiLineString", "coordinates": [ [ [ 1927268.428067137720063, 6973212.015745020471513 ], [ 1927336.828702504513785, 6973226.204592574387789 ] ] ] } },
{ "type": "Feature", "properties": { "TERYT": "3028", "LOKALNYID": "2EBDC9DC-4E5B-7DB6-E053-CC2BA8C07DDB", "WERSJAID": "2020-01-20T00:00:00", "PNAZW": "PL.PZGiK.308.BDOT10k", "GMLID": "OT_SKDR_L.8342", "X_KOD": "SKDR06", "X_SKRKARTO": null, "X_SKRK_NIL": "inapplicable", "X_KATDOKG": "dokladny", "X_DOKLGEOM": null, "X_ZRODLOG": "ortofotomapa", "X_ZRODLOA": "pomiarTerenowy", "X_KATIST": "eksploatowany", "X_KATI_NIL": null, "X_RODZREPG": "osGeometryczna", "X_UWAGI": null, "X_UZYTKOWN": "Uzytkownik30.xml", "X_AKTG": "2011-01-01", "X_AKTA": "2020-01-20", "POCZWERS": "2020-01-20", "KONIECWERS": null, "X_DATAUTW": "2012-11-13", "X_INFDOD": null, "KOD10K": null, "KOD10K_NIL": "inapplicable", "KOD25K": "0025_121", "KOD25K_NIL": null, "KOD50K": "0050_121", "KOD50K_NIL": null, "KOD100K": "0100_121", "KOD100_NIL": null, "KOD250K": null, "KOD250_NIL": "inapplicable", "KOD500K": null, "KOD500_NIL": "inapplicable", "KOD1000K": null, "KOD1000_NI": "inapplicable", "KATZARZ": "gminna", "KATZA_NIL": null, "KLASADROGI": "lokalna", "KLDROG_NIL": null, "MATNAWIERZ": "masaBitumiczna", "MATNAW_NIL": null, "NAZWADROGI": null, "LJEZDNIDR": 1, "LJEZD_NIL": null, "NRODCIREF": null, "SZL_NUMER": "207017P", "SZLNR_NIL": null, "length": 76.79 }, "geometry": { "type": "MultiLineString", "coordinates": [ [ [ 1927137.996719124726951, 6972872.649008627980947 ], [ 1927148.688536241417751, 6972875.393216547556221 ], [ 1927177.144802829483524, 6972882.477138877846301 ], [ 1927192.831112198531628, 6972886.385718728415668 ], [ 1927218.716655655065551, 6972892.844023372046649 ], [ 1927261.458462225738913, 6972903.504097873345017 ] ] ] } },
{ "type": "Feature", "properties": { "TERYT": "3028", "LOKALNYID": "2EBDC9DC-31FC-7DB6-E053-CC2BA8C07DDB", "WERSJAID": "2020-01-20T00:00:00", "PNAZW": "PL.PZGiK.308.BDOT10k", "GMLID": "OT_SKDR_L.399", "X_KOD": "SKDR06", "X_SKRKARTO": null, "X_SKRK_NIL": "inapplicable", "X_KATDOKG": "dokladny", "X_DOKLGEOM": null, "X_ZRODLOG": "ortofotomapa", "X_ZRODLOA": "pomiarTerenowy", "X_KATIST": "eksploatowany", "X_KATI_NIL": null, "X_RODZREPG": "osGeometryczna", "X_UWAGI": null, "X_UZYTKOWN": "Uzytkownik30.xml", "X_AKTG": "2011-01-01", "X_AKTA": "2020-01-20", "POCZWERS": "2020-01-20", "KONIECWERS": null, "X_DATAUTW": "2012-11-13", "X_INFDOD": null, "KOD10K": null, "KOD10K_NIL": "inapplicable", "KOD25K": "0025_123", "KOD25K_NIL": null, "KOD50K": "0050_123", "KOD50K_NIL": null, "KOD100K": "0100_123", "KOD100_NIL": null, "KOD250K": null, "KOD250_NIL": "inapplicable", "KOD500K": null, "KOD500_NIL": "inapplicable", "KOD1000K": null, "KOD1000_NI": "inapplicable", "KATZARZ": "gminna", "KATZA_NIL": null, "KLASADROGI": "lokalna", "KLDROG_NIL": null, "MATNAWIERZ": "tluczen", "MATNAW_NIL": null, "NAZWADROGI": null, "LJEZDNIDR": 1, "LJEZD_NIL": null, "NRODCIREF": null, "SZL_NUMER": "206015P", "SZLNR_NIL": null, "length": 85.37 }, "geometry": { "type": "MultiLineString", "coordinates": [ [ [ 1925335.863945705350488, 6971836.296309952624142 ], [ 1925338.765934817260131, 6971837.611284838058054 ], [ 1925369.591540124965832, 6971850.787350290454924 ], [ 1925410.80161080788821, 6971868.413257284089923 ], [ 1925433.857966298004612, 6971877.982171533629298 ], [ 1925466.628288225503638, 6971890.224080022424459 ] ] ] } },
{ "type": "Feature", "properties": { "TERYT": "3028", "LOKALNYID": "2EBDC9DC-3201-7DB6-E053-CC2BA8C07DDB", "WERSJAID": "2020-01-20T00:00:00", "PNAZW": "PL.PZGiK.308.BDOT10k", "GMLID": "OT_SKDR_L.404", "X_KOD": "SKDR06", "X_SKRKARTO": null, "X_SKRK_NIL": "inapplicable", "X_KATDOKG": "dokladny", "X_DOKLGEOM": null, "X_ZRODLOG": "ortofotomapa", "X_ZRODLOA": "pomiarTerenowy", "X_KATIST": "eksploatowany", "X_KATI_NIL": null, "X_RODZREPG": "osGeometryczna", "X_UWAGI": null, "X_UZYTKOWN": "Uzytkownik30.xml", "X_AKTG": "2011-01-01", "X_AKTA": "2020-01-20", "POCZWERS": "2020-01-20", "KONIECWERS": null, "X_DATAUTW": "2012-11-13", "X_INFDOD": null, "KOD10K": null, "KOD10K_NIL": "inapplicable", "KOD25K": "0025_123", "KOD25K_NIL": null, "KOD50K": "0050_123", "KOD50K_NIL": null, "KOD100K": "0100_123", "KOD100_NIL": null, "KOD250K": null, "KOD250_NIL": "inapplicable", "KOD500K": null, "KOD500_NIL": "inapplicable", "KOD1000K": null, "KOD1000_NI": "inapplicable", "KATZARZ": "gminna", "KATZA_NIL": null, "KLASADROGI": "lokalna", "KLDROG_NIL": null, "MATNAWIERZ": "tluczen", "MATNAW_NIL": null, "NAZWADROGI": null, "LJEZDNIDR": 1, "LJEZD_NIL": null, "NRODCIREF": null, "SZL_NUMER": "207009P", "SZLNR_NIL": null, "length": 92.84 }, "geometry": { "type": "MultiLineString", "coordinates": [ [ [ 1926513.020887803984806, 6974216.832244888879359 ], [ 1926508.769789346726611, 6974243.202349722385406 ], [ 1926503.513186305994168, 6974271.443081214092672 ], [ 1926501.607408626703545, 6974284.093358283862472 ], [ 1926499.941281960112974, 6974297.829431554302573 ], [ 1926497.264240741031244, 6974331.266066512092948 ], [ 1926494.732586033176631, 6974369.791131557896733 ] ] ] } },
{ "type": "Feature", "properties": { "TERYT": "3028", "LOKALNYID": "2EBDC9DC-45E1-7DB6-E053-CC2BA8C07DDB", "WERSJAID": "2020-01-20T00:00:00", "PNAZW": "PL.PZGiK.308.BDOT10k", "GMLID": "OT_SKDR_L.6057", "X_KOD": "SKDR08", "X_SKRKARTO": null, "X_SKRK_NIL": "inapplicable", "X_KATDOKG": "dokladny", "X_DOKLGEOM": null, "X_ZRODLOG": "ortofotomapa", "X_ZRODLOA": "pomiarTerenowy", "X_KATIST": "eksploatowany", "X_KATI_NIL": null, "X_RODZREPG": "osGeometryczna", "X_UWAGI": null, "X_UZYTKOWN": "Uzytkownik30.xml", "X_AKTG": "2011-01-01", "X_AKTA": "2020-01-20", "POCZWERS": "2020-01-20", "KONIECWERS": null, "X_DATAUTW": "2012-11-13", "X_INFDOD": null, "KOD10K": null, "KOD10K_NIL": "inapplicable", "KOD25K": "0025_121", "KOD25K_NIL": null, "KOD50K": "0050_121", "KOD50K_NIL": null, "KOD100K": "0100_121", "KOD100_NIL": null, "KOD250K": null, "KOD250_NIL": "inapplicable", "KOD500K": null, "KOD500_NIL": "inapplicable", "KOD1000K": null, "KOD1000_NI": "inapplicable", "KATZARZ": "zakladowa", "KATZA_NIL": null, "KLASADROGI": "inna", "KLDROG_NIL": null, "MATNAWIERZ": "masaBitumiczna", "MATNAW_NIL": null, "NAZWADROGI": null, "LJEZDNIDR": 1, "LJEZD_NIL": null, "NRODCIREF": null, "SZL_NUMER": null, "SZLNR_NIL": null, "length": 91.96 }, "geometry": { "type": "MultiLineString", "coordinates": [ [ [ 1926035.157831828575581, 6974330.654055812396109 ], [ 1926046.753106100019068, 6974286.760968232527375 ], [ 1926060.460214706370607, 6974243.283763023093343 ], [ 1926082.262276086723432, 6974185.508880319073796 ] ] ] } },
{ "type": "Feature", "properties": { "TERYT": "3028", "LOKALNYID": "2EBDC9DC-45E2-7DB6-E053-CC2BA8C07DDB", "WERSJAID": "2020-01-20T00:00:00", "PNAZW": "PL.PZGiK.308.BDOT10k", "GMLID": "OT_SKDR_L.6058", "X_KOD": "SKDR08", "X_SKRKARTO": null, "X_SKRK_NIL": "inapplicable", "X_KATDOKG": "dokladny", "X_DOKLGEOM": null, "X_ZRODLOG": "ortofotomapa", "X_ZRODLOA": "pomiarTerenowy", "X_KATIST": "eksploatowany", "X_KATI_NIL": null, "X_RODZREPG": "osGeometryczna", "X_UWAGI": null, "X_UZYTKOWN": "Uzytkownik30.xml", "X_AKTG": "2011-01-01", "X_AKTA": "2020-01-20", "POCZWERS": "2020-01-20", "KONIECWERS": null, "X_DATAUTW": "2012-11-13", "X_INFDOD": null, "KOD10K": null, "KOD10K_NIL": "inapplicable", "KOD25K": "0025_121", "KOD25K_NIL": null, "KOD50K": "0050_121", "KOD50K_NIL": null, "KOD100K": "0100_121", "KOD100_NIL": null, "KOD250K": null, "KOD250_NIL": "inapplicable", "KOD500K": null, "KOD500_NIL": "inapplicable", "KOD1000K": null, "KOD1000_NI": "inapplicable", "KATZARZ": "zakladowa", "KATZA_NIL": null, "KLASADROGI": "inna", "KLDROG_NIL": null, "MATNAWIERZ": "masaBitumiczna", "MATNAW_NIL": null, "NAZWADROGI": null, "LJEZDNIDR": 1, "LJEZD_NIL": null, "NRODCIREF": null, "SZL_NUMER": null, "SZLNR_NIL": null, "length": 26.02 }, "geometry": { "type": "MultiLineString", "coordinates": [ [ [ 1926037.9653243154753, 6974648.52889187540859 ], [ 1926045.418921606149524, 6974605.948325865902007 ] ] ] } },
{ "type": "Feature", "properties": { "TERYT": "3028", "LOKALNYID": "2EBDC9DC-45E3-7DB6-E053-CC2BA8C07DDB", "WERSJAID": "2020-01-20T00:00:00", "PNAZW": "PL.PZGiK.308.BDOT10k", "GMLID": "OT_SKDR_L.6059", "X_KOD": "SKDR08", "X_SKRKARTO": null, "X_SKRK_NIL": "inapplicable", "X_KATDOKG": "dokladny", "X_DOKLGEOM": null, "X_ZRODLOG": "ortofotomapa", "X_ZRODLOA": "pomiarTerenowy", "X_KATIST": "eksploatowany", "X_KATI_NIL": null, "X_RODZREPG": "osGeometryczna", "X_UWAGI": null, "X_UZYTKOWN": "Uzytkownik30.xml", "X_AKTG": "2011-01-01", "X_AKTA": "2020-01-20", "POCZWERS": "2020-01-20", "KONIECWERS": null, "X_DATAUTW": "2012-11-13", "X_INFDOD": null, "KOD10K": null, "KOD10K_NIL": "inapplicable", "KOD25K": "0025_121", "KOD25K_NIL": null, "KOD50K": "0050_121", "KOD50K_NIL": null, "KOD100K": "0100_121", "KOD100_NIL": null, "KOD250K": null, "KOD250_NIL": "inapplicable", "KOD500K": null, "KOD500_NIL": "inapplicable", "KOD1000K": null, "KOD1000_NI": "inapplicable", "KATZARZ": "inna", "KATZA_NIL": null, "KLASADROGI": "inna", "KLDROG_NIL": null, "MATNAWIERZ": "masaBitumiczna", "MATNAW_NIL": null, "NAZWADROGI": null, "LJEZDNIDR": 1, "LJEZD_NIL": null, "NRODCIREF": null, "SZL_NUMER": null, "SZLNR_NIL": null, "length": 63.83 }, "geometry": { "type": "MultiLineString", "coordinates": [ [ [ 1926217.769650967791677, 6971977.163008723407984 ], [ 1926222.794908185489476, 6972002.99784888792783 ], [ 1926226.61431605136022, 6972024.451767724938691 ], [ 1926233.097527110949159, 6972050.304682427085936 ], [ 1926236.392218958120793, 6972081.364891892299056 ] ] ] } },
{ "type": "Feature", "properties": { "TERYT": "3028", "LOKALNYID": "2EBDC9DC-48F9-7DB6-E053-CC2BA8C07DDB", "WERSJAID": "2020-01-20T00:00:00", "PNAZW": "PL.PZGiK.308.BDOT10k", "GMLID": "OT_SKDR_L.5660", "X_KOD": "SKDR08", "X_SKRKARTO": null, "X_SKRK_NIL": "inapplicable", "X_KATDOKG": "dokladny", "X_DOKLGEOM": null, "X_ZRODLOG": "ortofotomapa", "X_ZRODLOA": "pomiarTerenowy", "X_KATIST": "eksploatowany", "X_KATI_NIL": null, "X_RODZREPG": "osGeometryczna", "X_UWAGI": null, "X_UZYTKOWN": "Uzytkownik30.xml", "X_AKTG": "2011-01-01", "X_AKTA": "2020-01-20", "POCZWERS": "2020-01-20", "KONIECWERS": null, "X_DATAUTW": "2012-11-13", "X_INFDOD": null, "KOD10K": null, "KOD10K_NIL": "inapplicable", "KOD25K": "0025_123", "KOD25K_NIL": null, "KOD50K": "0050_123", "KOD50K_NIL": null, "KOD100K": "0100_123", "KOD100_NIL": null, "KOD250K": null, "KOD250_NIL": "inapplicable", "KOD500K": null, "KOD500_NIL": "inapplicable", "KOD1000K": null, "KOD1000_NI": "inapplicable", "KATZARZ": "zakladowa", "KATZA_NIL": null, "KLASADROGI": "inna", "KLDROG_NIL": null, "MATNAWIERZ": "plytyBetonowe", "MATNAW_NIL": null, "NAZWADROGI": null, "LJEZDNIDR": 1, "LJEZD_NIL": null, "NRODCIREF": null, "SZL_NUMER": null, "SZLNR_NIL": null, "length": 9.77 }, "geometry": { "type": "MultiLineString", "coordinates": [ [ [ 1927613.205766835948452, 6973397.497064625844359 ], [ 1927619.111990549368784, 6973382.383299535140395 ] ] ] } },
{ "type": "Feature", "properties": { "TERYT": "3028", "LOKALNYID": "2EBDC9DC-3DF7-7DB6-E053-CC2BA8C07DDB", "WERSJAID": "2020-01-20T00:00:00", "PNAZW": "PL.PZGiK.308.BDOT10k", "GMLID": "OT_SKDR_L.1077", "X_KOD": "SKDR05", "X_SKRKARTO": null, "X_SKRK_NIL": "inapplicable", "X_KATDOKG": "dokladny", "X_DOKLGEOM": null, "X_ZRODLOG": "ortofotomapa", "X_ZRODLOA": "pomiarTerenowy", "X_KATIST": "eksploatowany", "X_KATI_NIL": null, "X_RODZREPG": "osGeometryczna", "X_UWAGI": null, "X_UZYTKOWN": "Uzytkownik30.xml", "X_AKTG": "2011-01-01", "X_AKTA": "2020-01-20", "POCZWERS": "2020-01-20", "KONIECWERS": null, "X_DATAUTW": "2012-11-13", "X_INFDOD": null, "KOD10K": null, "KOD10K_NIL": "inapplicable", "KOD25K": "0025_119", "KOD25K_NIL": null, "KOD50K": "0050_119", "KOD50K_NIL": null, "KOD100K": "0100_117", "KOD100_NIL": null, "KOD250K": null, "KOD250_NIL": "inapplicable", "KOD500K": null, "KOD500_NIL": "inapplicable", "KOD1000K": null, "KOD1000_NI": "inapplicable", "KATZARZ": "powiatowa", "KATZA_NIL": null, "KLASADROGI": "zbiorcza", "KLDROG_NIL": null, "MATNAWIERZ": "masaBitumiczna", "MATNAW_NIL": null, "NAZWADROGI": null, "LJEZDNIDR": 1, "LJEZD_NIL": null, "NRODCIREF": null, "SZL_NUMER": "1562P", "SZLNR_NIL": null, "length": 50.45 }, "geometry": { "type": "MultiLineString", "coordinates": [ [ [ 1925744.244931181194261, 6971851.20640532579273 ], [ 1925746.77165714581497, 6971859.987716478295624 ], [ 1925762.92548464005813, 6971916.221129804849625 ], [ 1925767.38174914685078, 6971931.709800428710878 ] ] ] } },
{ "type": "Feature", "properties": { "TERYT": "3028", "LOKALNYID": "2EBDC9DC-3C85-7DB6-E053-CC2BA8C07DDB", "WERSJAID": "2020-01-20T00:00:00", "PNAZW": "PL.PZGiK.308.BDOT10k", "GMLID": "OT_SKDR_L.1657", "X_KOD": "SKDR05", "X_SKRKARTO": null, "X_SKRK_NIL": "inapplicable", "X_KATDOKG": "dokladny", "X_DOKLGEOM": null, "X_ZRODLOG": "ortofotomapa", "X_ZRODLOA": "pomiarTerenowy", "X_KATIST": "eksploatowany", "X_KATI_NIL": null, "X_RODZREPG": "osGeometryczna", "X_UWAGI": null, "X_UZYTKOWN": "Uzytkownik30.xml", "X_AKTG": "2011-01-01", "X_AKTA": "2020-01-20", "POCZWERS": "2020-01-20", "KONIECWERS": null, "X_DATAUTW": "2012-11-13", "X_INFDOD": null, "KOD10K": null, "KOD10K_NIL": "inapplicable", "KOD25K": "0025_119", "KOD25K_NIL": null, "KOD50K": "0050_119", "KOD50K_NIL": null, "KOD100K": "0100_117", "KOD100_NIL": null, "KOD250K": null, "KOD250_NIL": "inapplicable", "KOD500K": null, "KOD500_NIL": "inapplicable", "KOD1000K": null, "KOD1000_NI": "inapplicable", "KATZARZ": "powiatowa", "KATZA_NIL": null, "KLASADROGI": "zbiorcza", "KLDROG_NIL": null, "MATNAWIERZ": "masaBitumiczna", "MATNAW_NIL": null, "NAZWADROGI": null, "LJEZDNIDR": 1, "LJEZD_NIL": null, "NRODCIREF": null, "SZL_NUMER": "1562P", "SZLNR_NIL": null, "length": 75.05 }, "geometry": { "type": "MultiLineString", "coordinates": [ [ [ 1925712.058981445617974, 6971730.819854352623224 ], [ 1925730.709416872356087, 6971802.693676132708788 ], [ 1925732.379752276930958, 6971809.145542508922517 ], [ 1925734.719088939018548, 6971817.44061512965709 ], [ 1925744.244931181194261, 6971851.20640532579273 ] ] ] } },
{ "type": "Feature", "properties": { "TERYT": "3028", "LOKALNYID": "2EBDC9DC-548A-7DB6-E053-CC2BA8C07DDB", "WERSJAID": "2020-01-20T00:00:00", "PNAZW": "PL.PZGiK.308.BDOT10k", "GMLID": "OT_SKDR_L.8245", "X_KOD": "SKDR08", "X_SKRKARTO": null, "X_SKRK_NIL": "inapplicable", "X_KATDOKG": "dokladny", "X_DOKLGEOM": null, "X_ZRODLOG": "ortofotomapa", "X_ZRODLOA": "pomiarTerenowy", "X_KATIST": "eksploatowany", "X_KATI_NIL": null, "X_RODZREPG": "osGeometryczna", "X_UWAGI": null, "X_UZYTKOWN": "Uzytkownik30.xml", "X_AKTG": "2011-01-01", "X_AKTA": "2020-01-20", "POCZWERS": "2020-01-20", "KONIECWERS": null, "X_DATAUTW": "2012-11-13", "X_INFDOD": null, "KOD10K": null, "KOD10K_NIL": "inapplicable", "KOD25K": "0025_123", "KOD25K_NIL": null, "KOD50K": "0050_123", "KOD50K_NIL": null, "KOD100K": "0100_123", "KOD100_NIL": null, "KOD250K": null, "KOD250_NIL": "inapplicable", "KOD500K": null, "KOD500_NIL": "inapplicable", "KOD1000K": null, "KOD1000_NI": "inapplicable", "KATZARZ": "inna", "KATZA_NIL": null, "KLASADROGI": "inna", "KLDROG_NIL": null, "MATNAWIERZ": "tluczen", "MATNAW_NIL": null, "NAZWADROGI": null, "LJEZDNIDR": 1, "LJEZD_NIL": null, "NRODCIREF": null, "SZL_NUMER": null, "SZLNR_NIL": null, "length": 391.07 }, "geometry": { "type": "MultiLineString", "coordinates": [ [ [ 1929229.762763211969286, 6971767.24784086085856 ], [ 1929284.858916961820796, 6971811.673007385805249 ], [ 1929335.93404395901598, 6971850.871255739592016 ], [ 1929395.351879488676786, 6971896.210797755979002 ], [ 1929423.302079965360463, 6971915.766306413337588 ], [ 1929437.619273569900542, 6971925.801189203746617 ], [ 1929454.244198139756918, 6971939.943147191777825 ], [ 1929473.99775331793353, 6971959.955574835650623 ], [ 1929489.047629280248657, 6971980.572812807746232 ], [ 1929498.677460513077676, 6971992.658114117570221 ], [ 1929516.061701480066404, 6972014.808220135979354 ], [ 1929524.914677979424596, 6972026.094679174944758 ], [ 1929532.729582379339263, 6972036.410080215893686 ], [ 1929552.790216140216216, 6972057.492885018698871 ], [ 1929575.665818722220138, 6972077.245764741674066 ], [ 1929577.306755716213956, 6972078.66277910489589 ], [ 1929600.568300063954666, 6972095.351324022747576 ], [ 1929620.820316334953532, 6972108.182179222814739 ], [ 1929690.100687829777598, 6972149.281629906967282 ], [ 1929718.014593496453017, 6972166.177851350046694 ], [ 1929727.863985932664946, 6972175.244766576215625 ] ] ] } },
{ "type": "Feature", "properties": { "TERYT": "3028", "LOKALNYID": "2EBDC9DC-409C-7DB6-E053-CC2BA8C07DDB", "WERSJAID": "2020-01-20T00:00:00", "PNAZW": "PL.PZGiK.308.BDOT10k", "GMLID": "OT_SKDR_L.6745", "X_KOD": "SKDR06", "X_SKRKARTO": null, "X_SKRK_NIL": "inapplicable", "X_KATDOKG": "dokladny", "X_DOKLGEOM": null, "X_ZRODLOG": "ortofotomapa", "X_ZRODLOA": "pomiarTerenowy", "X_KATIST": "eksploatowany", "X_KATI_NIL": null, "X_RODZREPG": "osGeometryczna", "X_UWAGI": null, "X_UZYTKOWN": "Uzytkownik30.xml", "X_AKTG": "2011-01-01", "X_AKTA": "2020-01-20", "POCZWERS": "2020-01-20", "KONIECWERS": null, "X_DATAUTW": "2012-11-13", "X_INFDOD": null, "KOD10K": null, "KOD10K_NIL": "inapplicable", "KOD25K": "0025_121", "KOD25K_NIL": null, "KOD50K": "0050_121", "KOD50K_NIL": null, "KOD100K": "0100_121", "KOD100_NIL": null, "KOD250K": null, "KOD250_NIL": "inapplicable", "KOD500K": null, "KOD500_NIL": "inapplicable", "KOD1000K": null, "KOD1000_NI": "inapplicable", "KATZARZ": "powiatowa", "KATZA_NIL": null, "KLASADROGI": "lokalna", "KLDROG_NIL": null, "MATNAWIERZ": "masaBitumiczna", "MATNAW_NIL": null, "NAZWADROGI": null, "LJEZDNIDR": 1, "LJEZD_NIL": null, "NRODCIREF": null, "SZL_NUMER": "1560P", "SZLNR_NIL": null, "length": 48.25 }, "geometry": { "type": "MultiLineString", "coordinates": [ [ [ 1927379.569503027014434, 6973236.282913574017584 ], [ 1927412.944216845324263, 6973244.312863375991583 ], [ 1927456.747850974788889, 6973257.14065065421164 ] ] ] } },
{ "type": "Feature", "properties": { "TERYT": "3028", "LOKALNYID": "2EBDC9DC-43AB-7DB6-E053-CC2BA8C07DDB", "WERSJAID": "2020-01-20T00:00:00", "PNAZW": "PL.PZGiK.308.BDOT10k", "GMLID": "OT_SKDR_L.6747", "X_KOD": "SKDR06", "X_SKRKARTO": null, "X_SKRK_NIL": "inapplicable", "X_KATDOKG": "dokladny", "X_DOKLGEOM": null, "X_ZRODLOG": "ortofotomapa", "X_ZRODLOA": "pomiarTerenowy", "X_KATIST": "eksploatowany", "X_KATI_NIL": null, "X_RODZREPG": "osGeometryczna", "X_UWAGI": null, "X_UZYTKOWN": "Uzytkownik30.xml", "X_AKTG": "2011-01-01", "X_AKTA": "2020-01-20", "POCZWERS": "2020-01-20", "KONIECWERS": null, "X_DATAUTW": "2012-11-13", "X_INFDOD": null, "KOD10K": null, "KOD10K_NIL": "inapplicable", "KOD25K": "0025_121", "KOD25K_NIL": null, "KOD50K": "0050_121", "KOD50K_NIL": null, "KOD100K": "0100_121", "KOD100_NIL": null, "KOD250K": null, "KOD250_NIL": "inapplicable", "KOD500K": null, "KOD500_NIL": "inapplicable", "KOD1000K": null, "KOD1000_NI": "inapplicable", "KATZARZ": "powiatowa", "KATZA_NIL": null, "KLASADROGI": "lokalna", "KLDROG_NIL": null, "MATNAWIERZ": "masaBitumiczna", "MATNAW_NIL": null, "NAZWADROGI": null, "LJEZDNIDR": 1, "LJEZD_NIL": null, "NRODCIREF": null, "SZL_NUMER": "1560P", "SZLNR_NIL": null, "length": 160.03 }, "geometry": { "type": "MultiLineString", "coordinates": [ [ [ 1930310.16674747178331, 6972592.841803658753633 ], [ 1930329.10438096919097, 6972598.813037105835974 ], [ 1930340.884657410439104, 6972603.256046446971595 ], [ 1930350.580656625796109, 6972608.248820841312408 ], [ 1930362.911796196829528, 6972615.395949753001332 ], [ 1930389.573338750516996, 6972632.112223076634109 ], [ 1930408.307155134622008, 6972644.773820411413908 ], [ 1930420.0214230613783, 6972652.803731464780867 ], [ 1930429.696862154640257, 6972658.693094661459327 ], [ 1930443.42183726420626, 6972665.772749986499548 ], [ 1930464.596172567689791, 6972676.098441288806498 ], [ 1930489.636529056821018, 6972686.231188816949725 ], [ 1930540.589412899687886, 6972703.177334046922624 ], [ 1930548.624948589829728, 6972705.440072967670858 ] ] ] } },
{ "type": "Feature", "properties": { "TERYT": "3028", "LOKALNYID": "2EBDC9DC-4933-7DB6-E053-CC2BA8C07DDB", "WERSJAID": "2020-01-20T00:00:00", "PNAZW": "PL.PZGiK.308.BDOT10k", "GMLID": "OT_SKDR_L.6669", "X_KOD": "SKDR04", "X_SKRKARTO": null, "X_SKRK_NIL": "inapplicable", "X_KATDOKG": "dokladny", "X_DOKLGEOM": null, "X_ZRODLOG": "ortofotomapa", "X_ZRODLOA": "pomiarTerenowy", "X_KATIST": "eksploatowany", "X_KATI_NIL": null, "X_RODZREPG": "osGeometryczna", "X_UWAGI": null, "X_UZYTKOWN": "Uzytkownik30.xml", "X_AKTG": "2011-01-01", "X_AKTA": "2020-01-20", "POCZWERS": "2020-01-20", "KONIECWERS": null, "X_DATAUTW": "2012-11-13", "X_INFDOD": null, "KOD10K": null, "KOD10K_NIL": "inapplicable", "KOD25K": "0025_115", "KOD25K_NIL": null, "KOD50K": "0050_115", "KOD50K_NIL": null, "KOD100K": "0100_115", "KOD100_NIL": null, "KOD250K": null, "KOD250_NIL": "inapplicable", "KOD500K": null, "KOD500_NIL": "inapplicable", "KOD1000K": null, "KOD1000_NI": "inapplicable", "KATZARZ": "wojewodzka", "KATZA_NIL": null, "KLASADROGI": "glowna", "KLDROG_NIL": null, "MATNAWIERZ": "masaBitumiczna", "MATNAW_NIL": null, "NAZWADROGI": null, "LJEZDNIDR": 1, "LJEZD_NIL": null, "NRODCIREF": null, "SZL_NUMER": "194", "SZLNR_NIL": null, "length": 304.55 }, "geometry": { "type": "MultiLineString", "coordinates": [ [ [ 1927398.780195422237739, 6971078.312643618322909 ], [ 1927422.464872523676604, 6971062.475828727707267 ], [ 1927566.340283802477643, 6970965.485883538611233 ], [ 1927691.294326356612146, 6970881.769591082818806 ], [ 1927794.26834004255943, 6970813.929733977653086 ], [ 1927818.346314551541582, 6970797.50356690492481 ] ] ] } },
{ "type": "Feature", "properties": { "TERYT": "3028", "LOKALNYID": "2EBDC9DC-3C7C-7DB6-E053-CC2BA8C07DDB", "WERSJAID": "2020-01-20T00:00:00", "PNAZW": "PL.PZGiK.308.BDOT10k", "GMLID": "OT_SKDR_L.1648", "X_KOD": "SKDR04", "X_SKRKARTO": null, "X_SKRK_NIL": "inapplicable", "X_KATDOKG": "dokladny", "X_DOKLGEOM": null, "X_ZRODLOG": "ortofotomapa", "X_ZRODLOA": "pomiarTerenowy", "X_KATIST": "eksploatowany", "X_KATI_NIL": null, "X_RODZREPG": "osGeometryczna", "X_UWAGI": null, "X_UZYTKOWN": "Uzytkownik30.xml", "X_AKTG": "2011-01-01", "X_AKTA": "2020-01-20", "POCZWERS": "2020-01-20", "KONIECWERS": null, "X_DATAUTW": "2012-11-13", "X_INFDOD": null, "KOD10K": null, "KOD10K_NIL": "inapplicable", "KOD25K": "0025_115", "KOD25K_NIL": null, "KOD50K": "0050_115", "KOD50K_NIL": null, "KOD100K": "0100_115", "KOD100_NIL": null, "KOD250K": null, "KOD250_NIL": "inapplicable", "KOD500K": null, "KOD500_NIL": "inapplicable", "KOD1000K": null, "KOD1000_NI": "inapplicable", "KATZARZ": "wojewodzka", "KATZA_NIL": null, "KLASADROGI": "glowna", "KLDROG_NIL": null, "MATNAWIERZ": "masaBitumiczna", "MATNAW_NIL": null, "NAZWADROGI": null, "LJEZDNIDR": 1, "LJEZD_NIL": null, "NRODCIREF": null, "SZL_NUMER": "194", "SZLNR_NIL": null, "length": 28.36 }, "geometry": { "type": "MultiLineString", "coordinates": [ [ [ 1926023.172234595520422, 6972002.98363302461803 ], [ 1926039.180565362563357, 6971992.449031841009855 ], [ 1926062.011709437239915, 6971976.49449151661247 ] ] ] } },
{ "type": "Feature", "properties": { "TERYT": "3028", "LOKALNYID": "2EBDC9DC-3D44-7DB6-E053-CC2BA8C07DDB", "WERSJAID": "2020-01-20T00:00:00", "PNAZW": "PL.PZGiK.308.BDOT10k", "GMLID": "OT_SKDR_L.1467", "X_KOD": "SKDR08", "X_SKRKARTO": null, "X_SKRK_NIL": "inapplicable", "X_KATDOKG": "dokladny", "X_DOKLGEOM": null, "X_ZRODLOG": "ortofotomapa", "X_ZRODLOA": "pomiarTerenowy", "X_KATIST": "eksploatowany", "X_KATI_NIL": null, "X_RODZREPG": "osGeometryczna", "X_UWAGI": null, "X_UZYTKOWN": "Uzytkownik30.xml", "X_AKTG": "2011-01-01", "X_AKTA": "2020-01-20", "POCZWERS": "2020-01-20", "KONIECWERS": null, "X_DATAUTW": "2012-11-13", "X_INFDOD": null, "KOD10K": null, "KOD10K_NIL": "inapplicable", "KOD25K": "0025_121", "KOD25K_NIL": null, "KOD50K": "0050_121", "KOD50K_NIL": null, "KOD100K": "0100_121", "KOD100_NIL": null, "KOD250K": null, "KOD250_NIL": "inapplicable", "KOD500K": null, "KOD500_NIL": "inapplicable", "KOD1000K": null, "KOD1000_NI": "inapplicable", "KATZARZ": "zakladowa", "KATZA_NIL": null, "KLASADROGI": "inna", "KLDROG_NIL": null, "MATNAWIERZ": "kostkaPrefabrykowana", "MATNAW_NIL": null, "NAZWADROGI": null, "LJEZDNIDR": 1, "LJEZD_NIL": null, "NRODCIREF": null, "SZL_NUMER": null, "SZLNR_NIL": null, "length": 54.79 }, "geometry": { "type": "MultiLineString", "coordinates": [ [ [ 1926011.335761518217623, 6974418.49239001609385 ], [ 1926035.157831828575581, 6974330.654055812396109 ] ] ] } },
{ "type": "Feature", "properties": { "TERYT": "3028", "LOKALNYID": "2EBDC9DC-3D45-7DB6-E053-CC2BA8C07DDB", "WERSJAID": "2020-01-20T00:00:00", "PNAZW": "PL.PZGiK.308.BDOT10k", "GMLID": "OT_SKDR_L.1468", "X_KOD": "SKDR08", "X_SKRKARTO": null, "X_SKRK_NIL": "inapplicable", "X_KATDOKG": "dokladny", "X_DOKLGEOM": null, "X_ZRODLOG": "ortofotomapa", "X_ZRODLOA": "pomiarTerenowy", "X_KATIST": "eksploatowany", "X_KATI_NIL": null, "X_RODZREPG": "osGeometryczna", "X_UWAGI": null, "X_UZYTKOWN": "Uzytkownik30.xml", "X_AKTG": "2011-01-01", "X_AKTA": "2020-01-20", "POCZWERS": "2020-01-20", "KONIECWERS": null, "X_DATAUTW": "2012-11-13", "X_INFDOD": null, "KOD10K": null, "KOD10K_NIL": "inapplicable", "KOD25K": "0025_121", "KOD25K_NIL": null, "KOD50K": "0050_121", "KOD50K_NIL": null, "KOD100K": "0100_121", "KOD100_NIL": null, "KOD250K": null, "KOD250_NIL": "inapplicable", "KOD500K": null, "KOD500_NIL": "inapplicable", "KOD1000K": null, "KOD1000_NI": "inapplicable", "KATZARZ": "zakladowa", "KATZA_NIL": null, "KLASADROGI": "inna", "KLDROG_NIL": null, "MATNAWIERZ": "kostkaPrefabrykowana", "MATNAW_NIL": null, "NAZWADROGI": null, "LJEZDNIDR": 1, "LJEZD_NIL": null, "NRODCIREF": null, "SZL_NUMER": null, "SZLNR_NIL": null, "length": 82.42 }, "geometry": { "type": "MultiLineString", "coordinates": [ [ [ 1926085.27860941295512, 6974479.154690323397517 ], [ 1926117.230277362279594, 6974346.027032982558012 ] ] ] } },
{ "type": "Feature", "properties": { "TERYT": "3028", "LOKALNYID": "2EBDC9DC-3D46-7DB6-E053-CC2BA8C07DDB", "WERSJAID": "2020-01-20T00:00:00", "PNAZW": "PL.PZGiK.308.BDOT10k", "GMLID": "OT_SKDR_L.1469", "X_KOD": "SKDR08", "X_SKRKARTO": null, "X_SKRK_NIL": "inapplicable", "X_KATDOKG": "dokladny", "X_DOKLGEOM": null, "X_ZRODLOG": "ortofotomapa", "X_ZRODLOA": "pomiarTerenowy", "X_KATIST": "eksploatowany", "X_KATI_NIL": null, "X_RODZREPG": "osGeometryczna", "X_UWAGI": null, "X_UZYTKOWN": "Uzytkownik30.xml", "X_AKTG": "2011-01-01", "X_AKTA": "2020-01-20", "POCZWERS": "2020-01-20", "KONIECWERS": null, "X_DATAUTW": "2012-11-13", "X_INFDOD": null, "KOD10K": null, "KOD10K_NIL": "inapplicable", "KOD25K": "0025_121", "KOD25K_NIL": null, "KOD50K": "0050_121", "KOD50K_NIL": null, "KOD100K": "0100_121", "KOD100_NIL": null, "KOD250K": null, "KOD250_NIL": "inapplicable", "KOD500K": null, "KOD500_NIL": "inapplicable", "KOD1000K": null, "KOD1000_NI": "inapplicable", "KATZARZ": "zakladowa", "KATZA_NIL": null, "KLASADROGI": "inna", "KLDROG_NIL": null, "MATNAWIERZ": "kostkaPrefabrykowana", "MATNAW_NIL": null, "NAZWADROGI": null, "LJEZDNIDR": 1, "LJEZD_NIL": null, "NRODCIREF": null, "SZL_NUMER": null, "SZLNR_NIL": null, "length": 62.63 }, "geometry": { "type": "MultiLineString", "coordinates": [ [ [ 1925988.980223706457764, 6974501.06544485129416 ], [ 1926089.944298436166719, 6974525.19596182461828 ] ] ] } },
{ "type": "Feature", "properties": { "TERYT": "3028", "LOKALNYID": "2EBDC9DC-3D47-7DB6-E053-CC2BA8C07DDB", "WERSJAID": "2020-01-20T00:00:00", "PNAZW": "PL.PZGiK.308.BDOT10k", "GMLID": "OT_SKDR_L.1470", "X_KOD": "SKDR08", "X_SKRKARTO": null, "X_SKRK_NIL": "inapplicable", "X_KATDOKG": "dokladny", "X_DOKLGEOM": null, "X_ZRODLOG": "ortofotomapa", "X_ZRODLOA": "pomiarTerenowy", "X_KATIST": "eksploatowany", "X_KATI_NIL": null, "X_RODZREPG": "osGeometryczna", "X_UWAGI": null, "X_UZYTKOWN": "Uzytkownik30.xml", "X_AKTG": "2011-01-01", "X_AKTA": "2020-01-20", "POCZWERS": "2020-01-20", "KONIECWERS": null, "X_DATAUTW": "2012-11-13", "X_INFDOD": null, "KOD10K": null, "KOD10K_NIL": "inapplicable", "KOD25K": "0025_121", "KOD25K_NIL": null, "KOD50K": "0050_121", "KOD50K_NIL": null, "KOD100K": "0100_121", "KOD100_NIL": null, "KOD250K": null, "KOD250_NIL": "inapplicable", "KOD500K": null, "KOD500_NIL": "inapplicable", "KOD1000K": null, "KOD1000_NI": "inapplicable", "KATZARZ": "zakladowa", "KATZA_NIL": null, "KLASADROGI": "inna", "KLDROG_NIL": null, "MATNAWIERZ": "kostkaPrefabrykowana", "MATNAW_NIL": null, "NAZWADROGI": null, "LJEZDNIDR": 1, "LJEZD_NIL": null, "NRODCIREF": null, "SZL_NUMER": null, "SZLNR_NIL": null, "length": 67.77 }, "geometry": { "type": "MultiLineString", "coordinates": [ [ [ 1925884.587551354430616, 6974386.321229744702578 ], [ 1925791.085878473008052, 6974362.166338700801134 ], [ 1925775.828944633016363, 6974358.231268646195531 ] ] ] } },
{ "type": "Feature", "properties": { "TERYT": "3028", "LOKALNYID": "2EBDC9DC-3D48-7DB6-E053-CC2BA8C07DDB", "WERSJAID": "2020-01-20T00:00:00", "PNAZW": "PL.PZGiK.308.BDOT10k", "GMLID": "OT_SKDR_L.1471", "X_KOD": "SKDR08", "X_SKRKARTO": null, "X_SKRK_NIL": "inapplicable", "X_KATDOKG": "dokladny", "X_DOKLGEOM": null, "X_ZRODLOG": "ortofotomapa", "X_ZRODLOA": "pomiarTerenowy", "X_KATIST": "eksploatowany", "X_KATI_NIL": null, "X_RODZREPG": "osGeometryczna", "X_UWAGI": null, "X_UZYTKOWN": "Uzytkownik30.xml", "X_AKTG": "2011-01-01", "X_AKTA": "2020-01-20", "POCZWERS": "2020-01-20", "KONIECWERS": null, "X_DATAUTW": "2012-11-13", "X_INFDOD": null, "KOD10K": null, "KOD10K_NIL": "inapplicable", "KOD25K": "0025_121", "KOD25K_NIL": null, "KOD50K": "0050_121", "KOD50K_NIL": null, "KOD100K": "0100_121", "KOD100_NIL": null, "KOD250K": null, "KOD250_NIL": "inapplicable", "KOD500K": null, "KOD500_NIL": "inapplicable", "KOD1000K": null, "KOD1000_NI": "inapplicable", "KATZARZ": "zakladowa", "KATZA_NIL": null, "KLASADROGI": "inna", "KLDROG_NIL": null, "MATNAWIERZ": "kostkaPrefabrykowana", "MATNAW_NIL": null, "NAZWADROGI": null, "LJEZDNIDR": 1, "LJEZD_NIL": null, "NRODCIREF": null, "SZL_NUMER": null, "SZLNR_NIL": null, "length": 145.67 }, "geometry": { "type": "MultiLineString", "coordinates": [ [ [ 1926000.270736152073368, 6974457.463371677324176 ], [ 1925936.128126112744212, 6974442.315123411826789 ], [ 1925778.225259558064863, 6974406.228832970373333 ], [ 1925765.000228634802625, 6974403.289167353883386 ] ] ] } },
{ "type": "Feature", "properties": { "TERYT": "3028", "LOKALNYID": "2EBDC9DC-56B9-7DB6-E053-CC2BA8C07DDB", "WERSJAID": "2020-01-20T00:00:00", "PNAZW": "PL.PZGiK.308.BDOT10k", "GMLID": "OT_SKDR_L.7882", "X_KOD": "SKDR06", "X_SKRKARTO": null, "X_SKRK_NIL": "inapplicable", "X_KATDOKG": "dokladny", "X_DOKLGEOM": null, "X_ZRODLOG": "ortofotomapa", "X_ZRODLOA": "pomiarTerenowy", "X_KATIST": "eksploatowany", "X_KATI_NIL": null, "X_RODZREPG": "osGeometryczna", "X_UWAGI": null, "X_UZYTKOWN": "Uzytkownik30.xml", "X_AKTG": "2011-01-01", "X_AKTA": "2020-01-20", "POCZWERS": "2020-01-20", "KONIECWERS": null, "X_DATAUTW": "2012-11-13", "X_INFDOD": null, "KOD10K": null, "KOD10K_NIL": "inapplicable", "KOD25K": "0025_121", "KOD25K_NIL": null, "KOD50K": "0050_121", "KOD50K_NIL": null, "KOD100K": "0100_121", "KOD100_NIL": null, "KOD250K": null, "KOD250_NIL": "inapplicable", "KOD500K": null, "KOD500_NIL": "inapplicable", "KOD1000K": null, "KOD1000_NI": "inapplicable", "KATZARZ": "powiatowa", "KATZA_NIL": null, "KLASADROGI": "lokalna", "KLDROG_NIL": null, "MATNAWIERZ": "masaBitumiczna", "MATNAW_NIL": null, "NAZWADROGI": null, "LJEZDNIDR": 1, "LJEZD_NIL": null, "NRODCIREF": null, "SZL_NUMER": "1557P", "SZLNR_NIL": null, "length": 126.85 }, "geometry": { "type": "MultiLineString", "coordinates": [ [ [ 1927456.747850974788889, 6973257.14065065421164 ], [ 1927499.278042846359313, 6973273.394140965305269 ], [ 1927528.42370229284279, 6973289.332495637238026 ], [ 1927541.608557886909693, 6973298.182807632721961 ], [ 1927557.06312103336677, 6973307.784335820935667 ], [ 1927566.588038983754814, 6973315.800842855125666 ], [ 1927576.272258292650804, 6973324.801377997733653 ], [ 1927596.965426174690947, 6973349.230389947071671 ], [ 1927619.111990549368784, 6973382.383299535140395 ] ] ] } },
{ "type": "Feature", "properties": { "TERYT": "3028", "LOKALNYID": "2EBDC9DC-3DD8-7DB6-E053-CC2BA8C07DDB", "WERSJAID": "2020-01-20T00:00:00", "PNAZW": "PL.PZGiK.308.BDOT10k", "GMLID": "OT_SKDR_L.461", "X_KOD": "SKDR04", "X_SKRKARTO": null, "X_SKRK_NIL": "inapplicable", "X_KATDOKG": "dokladny", "X_DOKLGEOM": null, "X_ZRODLOG": "ortofotomapa", "X_ZRODLOA": "pomiarTerenowy", "X_KATIST": "eksploatowany", "X_KATI_NIL": null, "X_RODZREPG": "osGeometryczna", "X_UWAGI": null, "X_UZYTKOWN": "Uzytkownik30.xml", "X_AKTG": "2011-01-01", "X_AKTA": "2020-01-20", "POCZWERS": "2020-01-20", "KONIECWERS": null, "X_DATAUTW": "2012-11-13", "X_INFDOD": null, "KOD10K": null, "KOD10K_NIL": "inapplicable", "KOD25K": "0025_115", "KOD25K_NIL": null, "KOD50K": "0050_115", "KOD50K_NIL": null, "KOD100K": "0100_115", "KOD100_NIL": null, "KOD250K": null, "KOD250_NIL": "inapplicable", "KOD500K": null, "KOD500_NIL": "inapplicable", "KOD1000K": null, "KOD1000_NI": "inapplicable", "KATZARZ": "wojewodzka", "KATZA_NIL": null, "KLASADROGI": "glowna", "KLDROG_NIL": null, "MATNAWIERZ": "masaBitumiczna", "MATNAW_NIL": null, "NAZWADROGI": null, "LJEZDNIDR": 1, "LJEZD_NIL": null, "NRODCIREF": null, "SZL_NUMER": "193", "SZLNR_NIL": null, "length": 182.56 }, "geometry": { "type": "MultiLineString", "coordinates": [ [ [ 1924944.729813270037994, 6972840.219420528039336 ], [ 1924824.033834823407233, 6972894.973658628761768 ], [ 1924723.690367821836844, 6972939.895095993764699 ], [ 1924668.652994721196592, 6972964.133233528584242 ] ] ] } },
{ "type": "Feature", "properties": { "TERYT": "3028", "LOKALNYID": "2EBDC9DC-3DD9-7DB6-E053-CC2BA8C07DDB", "WERSJAID": "2020-01-20T00:00:00", "PNAZW": "PL.PZGiK.308.BDOT10k", "GMLID": "OT_SKDR_L.462", "X_KOD": "SKDR04", "X_SKRKARTO": null, "X_SKRK_NIL": "inapplicable", "X_KATDOKG": "dokladny", "X_DOKLGEOM": null, "X_ZRODLOG": "ortofotomapa", "X_ZRODLOA": "pomiarTerenowy", "X_KATIST": "eksploatowany", "X_KATI_NIL": null, "X_RODZREPG": "osGeometryczna", "X_UWAGI": null, "X_UZYTKOWN": "Uzytkownik30.xml", "X_AKTG": "2011-01-01", "X_AKTA": "2020-01-20", "POCZWERS": "2020-01-20", "KONIECWERS": null, "X_DATAUTW": "2012-11-13", "X_INFDOD": null, "KOD10K": null, "KOD10K_NIL": "inapplicable", "KOD25K": "0025_115", "KOD25K_NIL": null, "KOD50K": "0050_115", "KOD50K_NIL": null, "KOD100K": "0100_115", "KOD100_NIL": null, "KOD250K": null, "KOD250_NIL": "inapplicable", "KOD500K": null, "KOD500_NIL": "inapplicable", "KOD1000K": null, "KOD1000_NI": "inapplicable", "KATZARZ": "wojewodzka", "KATZA_NIL": null, "KLASADROGI": "glowna", "KLDROG_NIL": null, "MATNAWIERZ": "masaBitumiczna", "MATNAW_NIL": null, "NAZWADROGI": null, "LJEZDNIDR": 1, "LJEZD_NIL": null, "NRODCIREF": null, "SZL_NUMER": "193", "SZLNR_NIL": null, "length": 32.41 }, "geometry": { "type": "MultiLineString", "coordinates": [ [ [ 1925494.377531750127673, 6972568.336210263893008 ], [ 1925490.907102894503623, 6972573.52013604156673 ], [ 1925484.492897123331204, 6972581.24236074835062 ], [ 1925477.819949593860656, 6972588.692616911605 ], [ 1925471.143396813888103, 6972595.594542411155999 ], [ 1925465.06222831341438, 6972601.148321778513491 ], [ 1925457.608680173987523, 6972607.267539666034281 ] ] ] } },
{ "type": "Feature", "properties": { "TERYT": "3028", "LOKALNYID": "2EBDC9DC-3DDA-7DB6-E053-CC2BA8C07DDB", "WERSJAID": "2020-01-20T00:00:00", "PNAZW": "PL.PZGiK.308.BDOT10k", "GMLID": "OT_SKDR_L.463", "X_KOD": "SKDR04", "X_SKRKARTO": null, "X_SKRK_NIL": "inapplicable", "X_KATDOKG": "dokladny", "X_DOKLGEOM": null, "X_ZRODLOG": "ortofotomapa", "X_ZRODLOA": "pomiarTerenowy", "X_KATIST": "eksploatowany", "X_KATI_NIL": null, "X_RODZREPG": "osGeometryczna", "X_UWAGI": null, "X_UZYTKOWN": "Uzytkownik30.xml", "X_AKTG": "2011-01-01", "X_AKTA": "2020-01-20", "POCZWERS": "2020-01-20", "KONIECWERS": null, "X_DATAUTW": "2012-11-13", "X_INFDOD": null, "KOD10K": null, "KOD10K_NIL": "inapplicable", "KOD25K": "0025_115", "KOD25K_NIL": null, "KOD50K": "0050_115", "KOD50K_NIL": null, "KOD100K": "0100_115", "KOD100_NIL": null, "KOD250K": null, "KOD250_NIL": "inapplicable", "KOD500K": null, "KOD500_NIL": "inapplicable", "KOD1000K": null, "KOD1000_NI": "inapplicable", "KATZARZ": "wojewodzka", "KATZA_NIL": null, "KLASADROGI": "glowna", "KLDROG_NIL": null, "MATNAWIERZ": "masaBitumiczna", "MATNAW_NIL": null, "NAZWADROGI": null, "LJEZDNIDR": 1, "LJEZD_NIL": null, "NRODCIREF": null, "SZL_NUMER": "194", "SZLNR_NIL": null, "length": 34.05 }, "geometry": { "type": "MultiLineString", "coordinates": [ [ [ 1925934.098879657918587, 6972083.002079732716084 ], [ 1925940.928082842379808, 6972073.811319827102125 ], [ 1925955.352337978547439, 6972055.979582078754902 ], [ 1925967.154171467991546, 6972043.9331962056458 ], [ 1925971.241876601008698, 6972040.657863963395357 ] ] ] } },
{ "type": "Feature", "properties": { "TERYT": "3028", "LOKALNYID": "2EBDC9DC-3DDB-7DB6-E053-CC2BA8C07DDB", "WERSJAID": "2020-01-20T00:00:00", "PNAZW": "PL.PZGiK.308.BDOT10k", "GMLID": "OT_SKDR_L.464", "X_KOD": "SKDR04", "X_SKRKARTO": null, "X_SKRK_NIL": "inapplicable", "X_KATDOKG": "dokladny", "X_DOKLGEOM": null, "X_ZRODLOG": "ortofotomapa", "X_ZRODLOA": "pomiarTerenowy", "X_KATIST": "eksploatowany", "X_KATI_NIL": null, "X_RODZREPG": "osGeometryczna", "X_UWAGI": null, "X_UZYTKOWN": "Uzytkownik30.xml", "X_AKTG": "2011-01-01", "X_AKTA": "2020-01-20", "POCZWERS": "2020-01-20", "KONIECWERS": null, "X_DATAUTW": "2012-11-13", "X_INFDOD": null, "KOD10K": null, "KOD10K_NIL": "inapplicable", "KOD25K": "0025_115", "KOD25K_NIL": null, "KOD50K": "0050_115", "KOD50K_NIL": null, "KOD100K": "0100_115", "KOD100_NIL": null, "KOD250K": null, "KOD250_NIL": "inapplicable", "KOD500K": null, "KOD500_NIL": "inapplicable", "KOD1000K": null, "KOD1000_NI": "inapplicable", "KATZARZ": "wojewodzka", "KATZA_NIL": null, "KLASADROGI": "glowna", "KLDROG_NIL": null, "MATNAWIERZ": "masaBitumiczna", "MATNAW_NIL": null, "NAZWADROGI": null, "LJEZDNIDR": 1, "LJEZD_NIL": null, "NRODCIREF": null, "SZL_NUMER": "194", "SZLNR_NIL": null, "length": 32.29 }, "geometry": { "type": "MultiLineString", "coordinates": [ [ [ 1926062.011709437239915, 6971976.49449151661247 ], [ 1926106.592807889450341, 6971946.85215978231281 ] ] ] } },
{ "type": "Feature", "properties": { "TERYT": "3028", "LOKALNYID": "2EBDC9DC-345A-7DB6-E053-CC2BA8C07DDB", "WERSJAID": "2020-01-20T00:00:00", "PNAZW": "PL.PZGiK.308.BDOT10k", "GMLID": "OT_SKDR_L.1130", "X_KOD": "SKDR06", "X_SKRKARTO": null, "X_SKRK_NIL": "inapplicable", "X_KATDOKG": "dokladny", "X_DOKLGEOM": null, "X_ZRODLOG": "ortofotomapa", "X_ZRODLOA": "pomiarTerenowy", "X_KATIST": "eksploatowany", "X_KATI_NIL": null, "X_RODZREPG": "osGeometryczna", "X_UWAGI": null, "X_UZYTKOWN": "Uzytkownik30.xml", "X_AKTG": "2011-01-01", "X_AKTA": "2020-01-20", "POCZWERS": "2020-01-20", "KONIECWERS": null, "X_DATAUTW": "2012-11-13", "X_INFDOD": null, "KOD10K": null, "KOD10K_NIL": "inapplicable", "KOD25K": "0025_121", "KOD25K_NIL": null, "KOD50K": "0050_121", "KOD50K_NIL": null, "KOD100K": "0100_121", "KOD100_NIL": null, "KOD250K": null, "KOD250_NIL": "inapplicable", "KOD500K": null, "KOD500_NIL": "inapplicable", "KOD1000K": null, "KOD1000_NI": "inapplicable", "KATZARZ": "gminna", "KATZA_NIL": null, "KLASADROGI": "lokalna", "KLDROG_NIL": null, "MATNAWIERZ": "masaBitumiczna", "MATNAW_NIL": null, "NAZWADROGI": null, "LJEZDNIDR": 1, "LJEZD_NIL": null, "NRODCIREF": null, "SZL_NUMER": "207009P", "SZLNR_NIL": null, "length": 69.37 }, "geometry": { "type": "MultiLineString", "coordinates": [ [ [ 1926698.010629230411723, 6973702.462047328241169 ], [ 1926691.936241391813383, 6973720.413081042468548 ], [ 1926687.820032489253208, 6973732.62811974529177 ], [ 1926672.310879174154252, 6973773.26952548045665 ], [ 1926656.597530281404033, 6973809.901821687817574 ] ] ] } },
{ "type": "Feature", "properties": { "TERYT": "3028", "LOKALNYID": "2EBDC9DC-345D-7DB6-E053-CC2BA8C07DDB", "WERSJAID": "2020-01-20T00:00:00", "PNAZW": "PL.PZGiK.308.BDOT10k", "GMLID": "OT_SKDR_L.1133", "X_KOD": "SKDR06", "X_SKRKARTO": null, "X_SKRK_NIL": "inapplicable", "X_KATDOKG": "dokladny", "X_DOKLGEOM": null, "X_ZRODLOG": "ortofotomapa", "X_ZRODLOA": "pomiarTerenowy", "X_KATIST": "eksploatowany", "X_KATI_NIL": null, "X_RODZREPG": "osGeometryczna", "X_UWAGI": null, "X_UZYTKOWN": "Uzytkownik30.xml", "X_AKTG": "2011-01-01", "X_AKTA": "2020-01-20", "POCZWERS": "2020-01-20", "KONIECWERS": null, "X_DATAUTW": "2012-11-13", "X_INFDOD": null, "KOD10K": null, "KOD10K_NIL": "inapplicable", "KOD25K": "0025_121", "KOD25K_NIL": null, "KOD50K": "0050_121", "KOD50K_NIL": null, "KOD100K": "0100_121", "KOD100_NIL": null, "KOD250K": null, "KOD250_NIL": "inapplicable", "KOD500K": null, "KOD500_NIL": "inapplicable", "KOD1000K": null, "KOD1000_NI": "inapplicable", "KATZARZ": "gminna", "KATZA_NIL": null, "KLASADROGI": "lokalna", "KLDROG_NIL": null, "MATNAWIERZ": "masaBitumiczna", "MATNAW_NIL": null, "NAZWADROGI": null, "LJEZDNIDR": 1, "LJEZD_NIL": null, "NRODCIREF": null, "SZL_NUMER": "207005P", "SZLNR_NIL": null, "length": 102.38 }, "geometry": { "type": "MultiLineString", "coordinates": [ [ [ 1926106.964153996668756, 6972649.719433282501996 ], [ 1926100.605452097952366, 6972668.45838796813041 ], [ 1926097.630481743020937, 6972677.242939994670451 ], [ 1926093.052708935923874, 6972690.741017172113061 ], [ 1926086.194498141761869, 6972710.980064208619297 ], [ 1926085.126222243299708, 6972714.111347325146198 ], [ 1926080.281532429391518, 6972728.383998424746096 ], [ 1926078.482018853072077, 6972733.707583174109459 ], [ 1926077.485086234519258, 6972736.62458642013371 ], [ 1926070.163217551773414, 6972758.248304615728557 ], [ 1926069.540375774726272, 6972760.061058543622494 ], [ 1926060.954248939873651, 6972785.392979508265853 ], [ 1926055.627756917383522, 6972801.116343603469431 ], [ 1926052.368458703160286, 6972810.708365553058684 ] ] ] } },
{ "type": "Feature", "properties": { "TERYT": "3028", "LOKALNYID": "2EBDC9DC-3179-7DB6-E053-CC2BA8C07DDB", "WERSJAID": "2020-01-20T00:00:00", "PNAZW": "PL.PZGiK.308.BDOT10k", "GMLID": "OT_SKDR_L.11", "X_KOD": "SKDR08", "X_SKRKARTO": null, "X_SKRK_NIL": "inapplicable", "X_KATDOKG": "dokladny", "X_DOKLGEOM": null, "X_ZRODLOG": "ortofotomapa", "X_ZRODLOA": "pomiarTerenowy", "X_KATIST": "eksploatowany", "X_KATI_NIL": null, "X_RODZREPG": "osGeometryczna", "X_UWAGI": null, "X_UZYTKOWN": "Uzytkownik30.xml", "X_AKTG": "2011-01-01", "X_AKTA": "2020-01-20", "POCZWERS": "2020-01-20", "KONIECWERS": null, "X_DATAUTW": "2012-11-13", "X_INFDOD": null, "KOD10K": null, "KOD10K_NIL": "inapplicable", "KOD25K": "0025_121", "KOD25K_NIL": null, "KOD50K": "0050_121", "KOD50K_NIL": null, "KOD100K": "0100_121", "KOD100_NIL": null, "KOD250K": null, "KOD250_NIL": "inapplicable", "KOD500K": null, "KOD500_NIL": "inapplicable", "KOD1000K": null, "KOD1000_NI": "inapplicable", "KATZARZ": "zakladowa", "KATZA_NIL": null, "KLASADROGI": "inna", "KLDROG_NIL": null, "MATNAWIERZ": "kostkaPrefabrykowana", "MATNAW_NIL": null, "NAZWADROGI": null, "LJEZDNIDR": 1, "LJEZD_NIL": null, "NRODCIREF": null, "SZL_NUMER": null, "SZLNR_NIL": null, "length": 46.48 }, "geometry": { "type": "MultiLineString", "coordinates": [ [ [ 1925965.343572034034878, 6974625.236135330982506 ], [ 1925974.61264899536036, 6974632.153018391691148 ], [ 1925984.395643037743866, 6974635.559131305664778 ], [ 1926037.9653243154753, 6974648.52889187540859 ] ] ] } },
{ "type": "Feature", "properties": { "TERYT": "3028", "LOKALNYID": "2EBDC9DC-3EEE-7DB6-E053-CC2BA8C07DDB", "WERSJAID": "2020-01-20T00:00:00", "PNAZW": "PL.PZGiK.308.BDOT10k", "GMLID": "OT_SKDR_L.1690", "X_KOD": "SKDR06", "X_SKRKARTO": null, "X_SKRK_NIL": "inapplicable", "X_KATDOKG": "dokladny", "X_DOKLGEOM": null, "X_ZRODLOG": "ortofotomapa", "X_ZRODLOA": "pomiarTerenowy", "X_KATIST": "eksploatowany", "X_KATI_NIL": null, "X_RODZREPG": "osGeometryczna", "X_UWAGI": null, "X_UZYTKOWN": "Uzytkownik30.xml", "X_AKTG": "2011-01-01", "X_AKTA": "2020-01-20", "POCZWERS": "2020-01-20", "KONIECWERS": null, "X_DATAUTW": "2012-11-13", "X_INFDOD": null, "KOD10K": null, "KOD10K_NIL": "inapplicable", "KOD25K": "0025_121", "KOD25K_NIL": null, "KOD50K": "0050_121", "KOD50K_NIL": null, "KOD100K": "0100_121", "KOD100_NIL": null, "KOD250K": null, "KOD250_NIL": "inapplicable", "KOD500K": null, "KOD500_NIL": "inapplicable", "KOD1000K": null, "KOD1000_NI": "inapplicable", "KATZARZ": "gminna", "KATZA_NIL": null, "KLASADROGI": "lokalna", "KLDROG_NIL": null, "MATNAWIERZ": "masaBitumiczna", "MATNAW_NIL": null, "NAZWADROGI": null, "LJEZDNIDR": 1, "LJEZD_NIL": null, "NRODCIREF": null, "SZL_NUMER": "206015P", "SZLNR_NIL": null, "length": 206.73 }, "geometry": { "type": "MultiLineString", "coordinates": [ [ [ 1925466.628288225503638, 6971890.224080022424459 ], [ 1925572.208734517451376, 6971927.204993021674454 ], [ 1925647.772843994898722, 6971955.331408430822194 ], [ 1925650.006866895128042, 6971956.165272684767842 ], [ 1925713.860670661786571, 6971979.859794603660703 ], [ 1925733.244945439277217, 6971987.064850819297135 ], [ 1925753.069377270760015, 6971994.579341450706124 ], [ 1925768.379119475139305, 6971999.594398035667837 ], [ 1925789.224743939004838, 6972005.272485052235425 ] ] ] } },
{ "type": "Feature", "properties": { "TERYT": "3028", "LOKALNYID": "2EBDC9DC-3EF0-7DB6-E053-CC2BA8C07DDB", "WERSJAID": "2020-01-20T00:00:00", "PNAZW": "PL.PZGiK.308.BDOT10k", "GMLID": "OT_SKDR_L.1692", "X_KOD": "SKDR06", "X_SKRKARTO": null, "X_SKRK_NIL": "inapplicable", "X_KATDOKG": "dokladny", "X_DOKLGEOM": null, "X_ZRODLOG": "ortofotomapa", "X_ZRODLOA": "pomiarTerenowy", "X_KATIST": "eksploatowany", "X_KATI_NIL": null, "X_RODZREPG": "osGeometryczna", "X_UWAGI": null, "X_UZYTKOWN": "Uzytkownik30.xml", "X_AKTG": "2011-01-01", "X_AKTA": "2020-01-20", "POCZWERS": "2020-01-20", "KONIECWERS": null, "X_DATAUTW": "2012-11-13", "X_INFDOD": null, "KOD10K": null, "KOD10K_NIL": "inapplicable", "KOD25K": "0025_121", "KOD25K_NIL": null, "KOD50K": "0050_121", "KOD50K_NIL": null, "KOD100K": "0100_121", "KOD100_NIL": null, "KOD250K": null, "KOD250_NIL": "inapplicable", "KOD500K": null, "KOD500_NIL": "inapplicable", "KOD1000K": null, "KOD1000_NI": "inapplicable", "KATZARZ": "gminna", "KATZA_NIL": null, "KLASADROGI": "lokalna", "KLDROG_NIL": null, "MATNAWIERZ": "masaBitumiczna", "MATNAW_NIL": null, "NAZWADROGI": null, "LJEZDNIDR": 1, "LJEZD_NIL": null, "NRODCIREF": null, "SZL_NUMER": "207002P", "SZLNR_NIL": null, "length": 84.84 }, "geometry": { "type": "MultiLineString", "coordinates": [ [ [ 1926717.562702171038836, 6972935.959449911490083 ], [ 1926712.782905017957091, 6972941.8774488074705 ], [ 1926704.930114694172516, 6972951.610553222708404 ], [ 1926685.940889809047803, 6972973.275318465195596 ], [ 1926674.342444697627798, 6972987.937417294830084 ], [ 1926666.826840743189678, 6973010.106039465405047 ], [ 1926663.309569863369688, 6973023.646678105928004 ], [ 1926659.318721500691026, 6973041.113759431056678 ], [ 1926655.328245882410556, 6973058.56427120603621 ] ] ] } },
{ "type": "Feature", "properties": { "TERYT": "3028", "LOKALNYID": "2EBDC9DC-3524-7DB6-E053-CC2BA8C07DDB", "WERSJAID": "2020-01-20T00:00:00", "PNAZW": "PL.PZGiK.308.BDOT10k", "GMLID": "OT_SKDR_L.1140", "X_KOD": "SKDR06", "X_SKRKARTO": null, "X_SKRK_NIL": "inapplicable", "X_KATDOKG": "dokladny", "X_DOKLGEOM": null, "X_ZRODLOG": "ortofotomapa", "X_ZRODLOA": "pomiarTerenowy", "X_KATIST": "eksploatowany", "X_KATI_NIL": null, "X_RODZREPG": "osGeometryczna", "X_UWAGI": null, "X_UZYTKOWN": "Uzytkownik30.xml", "X_AKTG": "2011-01-01", "X_AKTA": "2020-01-20", "POCZWERS": "2020-01-20", "KONIECWERS": null, "X_DATAUTW": "2012-11-13", "X_INFDOD": null, "KOD10K": null, "KOD10K_NIL": "inapplicable", "KOD25K": "0025_121", "KOD25K_NIL": null, "KOD50K": "0050_121", "KOD50K_NIL": null, "KOD100K": "0100_121", "KOD100_NIL": null, "KOD250K": null, "KOD250_NIL": "inapplicable", "KOD500K": null, "KOD500_NIL": "inapplicable", "KOD1000K": null, "KOD1000_NI": "inapplicable", "KATZARZ": "powiatowa", "KATZA_NIL": null, "KLASADROGI": "lokalna", "KLDROG_NIL": null, "MATNAWIERZ": "masaBitumiczna", "MATNAW_NIL": null, "NAZWADROGI": null, "LJEZDNIDR": 1, "LJEZD_NIL": null, "NRODCIREF": null, "SZL_NUMER": "1600P", "SZLNR_NIL": null, "length": 412.68 }, "geometry": { "type": "MultiLineString", "coordinates": [ [ [ 1923999.398412331240252, 6971503.45195547491312 ], [ 1923980.805242635542527, 6971491.677338031120598 ], [ 1923833.506778005510569, 6971399.42442525178194 ], [ 1923751.592292255721986, 6971347.658854905515909 ], [ 1923651.913026179187, 6971284.901664146222174 ], [ 1923618.218825459945947, 6971263.694346443749964 ], [ 1923568.664645510725677, 6971232.886953652836382 ], [ 1923490.962975436123088, 6971184.559690680354834 ], [ 1923419.695320060010999, 6971140.223686389625072 ] ] ] } },
{ "type": "Feature", "properties": { "TERYT": "3028", "LOKALNYID": "2EBDC9DC-3525-7DB6-E053-CC2BA8C07DDB", "WERSJAID": "2020-01-20T00:00:00", "PNAZW": "PL.PZGiK.308.BDOT10k", "GMLID": "OT_SKDR_L.1141", "X_KOD": "SKDR06", "X_SKRKARTO": null, "X_SKRK_NIL": "inapplicable", "X_KATDOKG": "dokladny", "X_DOKLGEOM": null, "X_ZRODLOG": "ortofotomapa", "X_ZRODLOA": "pomiarTerenowy", "X_KATIST": "eksploatowany", "X_KATI_NIL": null, "X_RODZREPG": "osGeometryczna", "X_UWAGI": null, "X_UZYTKOWN": "Uzytkownik30.xml", "X_AKTG": "2011-01-01", "X_AKTA": "2020-01-20", "POCZWERS": "2020-01-20", "KONIECWERS": null, "X_DATAUTW": "2012-11-13", "X_INFDOD": null, "KOD10K": null, "KOD10K_NIL": "inapplicable", "KOD25K": "0025_121", "KOD25K_NIL": null, "KOD50K": "0050_121", "KOD50K_NIL": null, "KOD100K": "0100_121", "KOD100_NIL": null, "KOD250K": null, "KOD250_NIL": "inapplicable", "KOD500K": null, "KOD500_NIL": "inapplicable", "KOD1000K": null, "KOD1000_NI": "inapplicable", "KATZARZ": "gminna", "KATZA_NIL": null, "KLASADROGI": "lokalna", "KLDROG_NIL": null, "MATNAWIERZ": "masaBitumiczna", "MATNAW_NIL": null, "NAZWADROGI": null, "LJEZDNIDR": 1, "LJEZD_NIL": null, "NRODCIREF": null, "SZL_NUMER": "207009P", "SZLNR_NIL": null, "length": 72.54 }, "geometry": { "type": "MultiLineString", "coordinates": [ [ [ 1926753.392827867530286, 6973534.507629548199475 ], [ 1926737.869276222540066, 6973577.905991569161415 ], [ 1926722.345944123575464, 6973621.287948722951114 ], [ 1926720.270657676504925, 6973627.070987294428051 ], [ 1926712.818542988505214, 6973647.930281032808125 ] ] ] } },
{ "type": "Feature", "properties": { "TERYT": "3028", "LOKALNYID": "2EBDC9DC-3861-7DB6-E053-CC2BA8C07DDB", "WERSJAID": "2020-01-20T00:00:00", "PNAZW": "PL.PZGiK.308.BDOT10k", "GMLID": "OT_SKDR_L.1197", "X_KOD": "SKDR06", "X_SKRKARTO": null, "X_SKRK_NIL": "inapplicable", "X_KATDOKG": "dokladny", "X_DOKLGEOM": null, "X_ZRODLOG": "ortofotomapa", "X_ZRODLOA": "pomiarTerenowy", "X_KATIST": "eksploatowany", "X_KATI_NIL": null, "X_RODZREPG": "osGeometryczna", "X_UWAGI": null, "X_UZYTKOWN": "Uzytkownik30.xml", "X_AKTG": "2011-01-01", "X_AKTA": "2020-01-20", "POCZWERS": "2020-01-20", "KONIECWERS": null, "X_DATAUTW": "2012-11-13", "X_INFDOD": null, "KOD10K": null, "KOD10K_NIL": "inapplicable", "KOD25K": "0025_121", "KOD25K_NIL": null, "KOD50K": "0050_121", "KOD50K_NIL": null, "KOD100K": "0100_121", "KOD100_NIL": null, "KOD250K": null, "KOD250_NIL": "inapplicable", "KOD500K": null, "KOD500_NIL": "inapplicable", "KOD1000K": null, "KOD1000_NI": "inapplicable", "KATZARZ": "gminna", "KATZA_NIL": null, "KLASADROGI": "lokalna", "KLDROG_NIL": null, "MATNAWIERZ": "masaBitumiczna", "MATNAW_NIL": null, "NAZWADROGI": null, "LJEZDNIDR": 1, "LJEZD_NIL": null, "NRODCIREF": null, "SZL_NUMER": "207047P", "SZLNR_NIL": null, "length": 107.84 }, "geometry": { "type": "MultiLineString", "coordinates": [ [ [ 1926633.264108220813796, 6973301.780390600673854 ], [ 1926626.426598312333226, 6973297.930206008255482 ], [ 1926614.484452083241194, 6973291.251080981455743 ], [ 1926602.192826281534508, 6973282.520043826662004 ], [ 1926584.267305762972683, 6973270.91430199239403 ], [ 1926568.049333908827975, 6973263.519256314262748 ], [ 1926557.261038614902645, 6973259.226674783043563 ], [ 1926489.132266242289916, 6973232.127774000167847 ], [ 1926472.367177106207237, 6973225.450673335231841 ] ] ] } },
{ "type": "Feature", "properties": { "TERYT": "3028", "LOKALNYID": "2EBDC9DC-3863-7DB6-E053-CC2BA8C07DDB", "WERSJAID": "2020-01-20T00:00:00", "PNAZW": "PL.PZGiK.308.BDOT10k", "GMLID": "OT_SKDR_L.1199", "X_KOD": "SKDR08", "X_SKRKARTO": null, "X_SKRK_NIL": "inapplicable", "X_KATDOKG": "dokladny", "X_DOKLGEOM": null, "X_ZRODLOG": "ortofotomapa", "X_ZRODLOA": "pomiarTerenowy", "X_KATIST": "eksploatowany", "X_KATI_NIL": null, "X_RODZREPG": "osGeometryczna", "X_UWAGI": null, "X_UZYTKOWN": "Uzytkownik30.xml", "X_AKTG": "2011-01-01", "X_AKTA": "2020-01-20", "POCZWERS": "2020-01-20", "KONIECWERS": null, "X_DATAUTW": "2012-11-13", "X_INFDOD": null, "KOD10K": null, "KOD10K_NIL": "inapplicable", "KOD25K": "0025_121", "KOD25K_NIL": null, "KOD50K": "0050_121", "KOD50K_NIL": null, "KOD100K": "0100_121", "KOD100_NIL": null, "KOD250K": null, "KOD250_NIL": "inapplicable", "KOD500K": null, "KOD500_NIL": "inapplicable", "KOD1000K": null, "KOD1000_NI": "inapplicable", "KATZARZ": "inna", "KATZA_NIL": null, "KLASADROGI": "inna", "KLDROG_NIL": null, "MATNAWIERZ": "masaBitumiczna", "MATNAW_NIL": null, "NAZWADROGI": null, "LJEZDNIDR": 1, "LJEZD_NIL": null, "NRODCIREF": null, "SZL_NUMER": null, "SZLNR_NIL": null, "length": 28.64 }, "geometry": { "type": "MultiLineString", "coordinates": [ [ [ 1926010.775332144461572, 6971981.974098302423954 ], [ 1926018.887341110734269, 6971976.701078035868704 ], [ 1926050.594380991067737, 6971956.106355836614966 ] ] ] } },
{ "type": "Feature", "properties": { "TERYT": "3028", "LOKALNYID": "2EBDC9DC-3864-7DB6-E053-CC2BA8C07DDB", "WERSJAID": "2020-01-20T00:00:00", "PNAZW": "PL.PZGiK.308.BDOT10k", "GMLID": "OT_SKDR_L.1200", "X_KOD": "SKDR08", "X_SKRKARTO": null, "X_SKRK_NIL": "inapplicable", "X_KATDOKG": "dokladny", "X_DOKLGEOM": null, "X_ZRODLOG": "ortofotomapa", "X_ZRODLOA": "pomiarTerenowy", "X_KATIST": "eksploatowany", "X_KATI_NIL": null, "X_RODZREPG": "osGeometryczna", "X_UWAGI": null, "X_UZYTKOWN": "Uzytkownik30.xml", "X_AKTG": "2011-01-01", "X_AKTA": "2020-01-20", "POCZWERS": "2020-01-20", "KONIECWERS": null, "X_DATAUTW": "2012-11-13", "X_INFDOD": null, "KOD10K": null, "KOD10K_NIL": "inapplicable", "KOD25K": "0025_121", "KOD25K_NIL": null, "KOD50K": "0050_121", "KOD50K_NIL": null, "KOD100K": "0100_121", "KOD100_NIL": null, "KOD250K": null, "KOD250_NIL": "inapplicable", "KOD500K": null, "KOD500_NIL": "inapplicable", "KOD1000K": null, "KOD1000_NI": "inapplicable", "KATZARZ": "inna", "KATZA_NIL": null, "KLASADROGI": "inna", "KLDROG_NIL": null, "MATNAWIERZ": "masaBitumiczna", "MATNAW_NIL": null, "NAZWADROGI": null, "LJEZDNIDR": 1, "LJEZD_NIL": null, "NRODCIREF": null, "SZL_NUMER": null, "SZLNR_NIL": null, "length": 52.19 }, "geometry": { "type": "MultiLineString", "coordinates": [ [ [ 1926334.78659982397221, 6971897.505178018473089 ], [ 1926294.596332751912996, 6971838.627372723072767 ], [ 1926292.60993037535809, 6971835.723073699511588 ], [ 1926285.962430747691542, 6971825.980550915002823 ] ] ] } },
{ "type": "Feature", "properties": { "TERYT": "3028", "LOKALNYID": "2EBDC9DC-3185-7DB6-E053-CC2BA8C07DDB", "WERSJAID": "2020-01-20T00:00:00", "PNAZW": "PL.PZGiK.308.BDOT10k", "GMLID": "OT_SKDR_L.220", "X_KOD": "SKDR08", "X_SKRKARTO": null, "X_SKRK_NIL": "inapplicable", "X_KATDOKG": "dokladny", "X_DOKLGEOM": null, "X_ZRODLOG": "ortofotomapa", "X_ZRODLOA": "pomiarTerenowy", "X_KATIST": "eksploatowany", "X_KATI_NIL": null, "X_RODZREPG": "osGeometryczna", "X_UWAGI": null, "X_UZYTKOWN": "Uzytkownik30.xml", "X_AKTG": "2011-01-01", "X_AKTA": "2020-01-20", "POCZWERS": "2020-01-20", "KONIECWERS": null, "X_DATAUTW": "2012-11-13", "X_INFDOD": null, "KOD10K": null, "KOD10K_NIL": "inapplicable", "KOD25K": "0025_123", "KOD25K_NIL": null, "KOD50K": "0050_123", "KOD50K_NIL": null, "KOD100K": "0100_123", "KOD100_NIL": null, "KOD250K": null, "KOD250_NIL": "inapplicable", "KOD500K": null, "KOD500_NIL": "inapplicable", "KOD1000K": null, "KOD1000_NI": "inapplicable", "KATZARZ": "inna", "KATZA_NIL": null, "KLASADROGI": "inna", "KLDROG_NIL": null, "MATNAWIERZ": "plytyBetonowe", "MATNAW_NIL": null, "NAZWADROGI": null, "LJEZDNIDR": 1, "LJEZD_NIL": null, "NRODCIREF": null, "SZL_NUMER": null, "SZLNR_NIL": null, "length": 28.07 }, "geometry": { "type": "MultiLineString", "coordinates": [ [ [ 1925987.35322066466324, 6972239.875979812815785 ], [ 1926007.356719073140994, 6972281.965612781234086 ] ] ] } },
{ "type": "Feature", "properties": { "TERYT": "3028", "LOKALNYID": "2EBDC9DC-3186-7DB6-E053-CC2BA8C07DDB", "WERSJAID": "2020-01-20T00:00:00", "PNAZW": "PL.PZGiK.308.BDOT10k", "GMLID": "OT_SKDR_L.221", "X_KOD": "SKDR06", "X_SKRKARTO": null, "X_SKRK_NIL": "inapplicable", "X_KATDOKG": "dokladny", "X_DOKLGEOM": null, "X_ZRODLOG": "ortofotomapa", "X_ZRODLOA": "pomiarTerenowy", "X_KATIST": "eksploatowany", "X_KATI_NIL": null, "X_RODZREPG": "osGeometryczna", "X_UWAGI": null, "X_UZYTKOWN": "Uzytkownik30.xml", "X_AKTG": "2011-01-01", "X_AKTA": "2020-01-20", "POCZWERS": "2020-01-20", "KONIECWERS": null, "X_DATAUTW": "2012-11-13", "X_INFDOD": null, "KOD10K": null, "KOD10K_NIL": "inapplicable", "KOD25K": "0025_126", "KOD25K_NIL": null, "KOD50K": "0050_126", "KOD50K_NIL": null, "KOD100K": "0100_126", "KOD100_NIL": null, "KOD250K": null, "KOD250_NIL": "inapplicable", "KOD500K": null, "KOD500_NIL": "inapplicable", "KOD1000K": null, "KOD1000_NI": "inapplicable", "KATZARZ": "gminna", "KATZA_NIL": null, "KLASADROGI": "lokalna", "KLDROG_NIL": null, "MATNAWIERZ": "stabilizacjaZwiremLubZuzlem", "MATNAW_NIL": null, "NAZWADROGI": null, "LJEZDNIDR": 1, "LJEZD_NIL": null, "NRODCIREF": null, "SZL_NUMER": "207009P", "SZLNR_NIL": null, "length": 104.58 }, "geometry": { "type": "MultiLineString", "coordinates": [ [ [ 1926829.269135787617415, 6973560.043621761724353 ], [ 1926820.284963049460202, 6973591.799679379910231 ], [ 1926802.535760414786637, 6973652.326496414840221 ], [ 1926792.430924481712282, 6973689.439918851479888 ], [ 1926782.622398327337578, 6973727.341445222496986 ] ] ] } },
{ "type": "Feature", "properties": { "TERYT": "3028", "LOKALNYID": "2EBDC9DC-3EF1-7DB6-E053-CC2BA8C07DDB", "WERSJAID": "2020-01-20T00:00:00", "PNAZW": "PL.PZGiK.308.BDOT10k", "GMLID": "OT_SKDR_L.1693", "X_KOD": "SKDR06", "X_SKRKARTO": null, "X_SKRK_NIL": "inapplicable", "X_KATDOKG": "dokladny", "X_DOKLGEOM": null, "X_ZRODLOG": "ortofotomapa", "X_ZRODLOA": "pomiarTerenowy", "X_KATIST": "eksploatowany", "X_KATI_NIL": null, "X_RODZREPG": "osGeometryczna", "X_UWAGI": null, "X_UZYTKOWN": "Uzytkownik30.xml", "X_AKTG": "2011-01-01", "X_AKTA": "2020-01-20", "POCZWERS": "2020-01-20", "KONIECWERS": null, "X_DATAUTW": "2012-11-13", "X_INFDOD": null, "KOD10K": null, "KOD10K_NIL": "inapplicable", "KOD25K": "0025_121", "KOD25K_NIL": null, "KOD50K": "0050_121", "KOD50K_NIL": null, "KOD100K": "0100_121", "KOD100_NIL": null, "KOD250K": null, "KOD250_NIL": "inapplicable", "KOD500K": null, "KOD500_NIL": "inapplicable", "KOD1000K": null, "KOD1000_NI": "inapplicable", "KATZARZ": "gminna", "KATZA_NIL": null, "KLASADROGI": "lokalna", "KLDROG_NIL": null, "MATNAWIERZ": "masaBitumiczna", "MATNAW_NIL": null, "NAZWADROGI": null, "LJEZDNIDR": 1, "LJEZD_NIL": null, "NRODCIREF": null, "SZL_NUMER": "207009P", "SZLNR_NIL": null, "length": 53.22 }, "geometry": { "type": "MultiLineString", "coordinates": [ [ [ 1926698.010629230411723, 6973702.462047328241169 ], [ 1926774.777773102279752, 6973724.713582304306328 ], [ 1926782.622398327337578, 6973727.341445222496986 ] ] ] } },
{ "type": "Feature", "properties": { "TERYT": "3028", "LOKALNYID": "2EBDC9DC-31C9-7DB6-E053-CC2BA8C07DDB", "WERSJAID": "2020-01-20T00:00:00", "PNAZW": "PL.PZGiK.308.BDOT10k", "GMLID": "OT_SKDR_L.240", "X_KOD": "SKDR08", "X_SKRKARTO": null, "X_SKRK_NIL": "inapplicable", "X_KATDOKG": "dokladny", "X_DOKLGEOM": null, "X_ZRODLOG": "ortofotomapa", "X_ZRODLOA": "pomiarTerenowy", "X_KATIST": "eksploatowany", "X_KATI_NIL": null, "X_RODZREPG": "osGeometryczna", "X_UWAGI": null, "X_UZYTKOWN": "Uzytkownik30.xml", "X_AKTG": "2011-01-01", "X_AKTA": "2020-01-20", "POCZWERS": "2020-01-20", "KONIECWERS": null, "X_DATAUTW": "2012-11-13", "X_INFDOD": null, "KOD10K": null, "KOD10K_NIL": "inapplicable", "KOD25K": "0025_121", "KOD25K_NIL": null, "KOD50K": "0050_121", "KOD50K_NIL": null, "KOD100K": "0100_121", "KOD100_NIL": null, "KOD250K": null, "KOD250_NIL": "inapplicable", "KOD500K": null, "KOD500_NIL": "inapplicable", "KOD1000K": null, "KOD1000_NI": "inapplicable", "KATZARZ": "zakladowa", "KATZA_NIL": null, "KLASADROGI": "inna", "KLDROG_NIL": null, "MATNAWIERZ": "kostkaPrefabrykowana", "MATNAW_NIL": null, "NAZWADROGI": null, "LJEZDNIDR": 1, "LJEZD_NIL": null, "NRODCIREF": null, "SZL_NUMER": null, "SZLNR_NIL": null, "length": 24.92 }, "geometry": { "type": "MultiLineString", "coordinates": [ [ [ 1926126.902729948284104, 6974625.312603789381683 ], [ 1926117.134404048323631, 6974665.545206557959318 ] ] ] } },
{ "type": "Feature", "properties": { "TERYT": "3028", "LOKALNYID": "2EBDC9DC-3935-7DB6-E053-CC2BA8C07DDB", "WERSJAID": "2020-01-20T00:00:00", "PNAZW": "PL.PZGiK.308.BDOT10k", "GMLID": "OT_SKDR_L.1213", "X_KOD": "SKDR06", "X_SKRKARTO": null, "X_SKRK_NIL": "inapplicable", "X_KATDOKG": "dokladny", "X_DOKLGEOM": null, "X_ZRODLOG": "ortofotomapa", "X_ZRODLOA": "pomiarTerenowy", "X_KATIST": "eksploatowany", "X_KATI_NIL": null, "X_RODZREPG": "osGeometryczna", "X_UWAGI": null, "X_UZYTKOWN": "Uzytkownik30.xml", "X_AKTG": "2011-01-01", "X_AKTA": "2020-01-20", "POCZWERS": "2020-01-20", "KONIECWERS": null, "X_DATAUTW": "2012-11-13", "X_INFDOD": null, "KOD10K": null, "KOD10K_NIL": "inapplicable", "KOD25K": "0025_121", "KOD25K_NIL": null, "KOD50K": "0050_121", "KOD50K_NIL": null, "KOD100K": "0100_121", "KOD100_NIL": null, "KOD250K": null, "KOD250_NIL": "inapplicable", "KOD500K": null, "KOD500_NIL": "inapplicable", "KOD1000K": null, "KOD1000_NI": "inapplicable", "KATZARZ": "gminna", "KATZA_NIL": null, "KLASADROGI": "lokalna", "KLDROG_NIL": null, "MATNAWIERZ": "masaBitumiczna", "MATNAW_NIL": null, "NAZWADROGI": null, "LJEZDNIDR": 1, "LJEZD_NIL": null, "NRODCIREF": null, "SZL_NUMER": "207002P", "SZLNR_NIL": null, "length": 53.38 }, "geometry": { "type": "MultiLineString", "coordinates": [ [ [ 1926737.311782441334799, 6972849.550946249626577 ], [ 1926735.837097777752206, 6972855.879273111000657 ], [ 1926733.791520366212353, 6972864.636380050331354 ], [ 1926732.096582864644006, 6972871.873287288472056 ], [ 1926728.136585485422984, 6972888.742692568339407 ], [ 1926724.578863927861676, 6972904.010066424496472 ], [ 1926720.527421130100265, 6972921.242886397056282 ], [ 1926719.606263435212895, 6972925.175291404128075 ], [ 1926717.562702171038836, 6972935.959449911490083 ] ] ] } },
{ "type": "Feature", "properties": { "TERYT": "3028", "LOKALNYID": "2EBDC9DC-3937-7DB6-E053-CC2BA8C07DDB", "WERSJAID": "2020-01-20T00:00:00", "PNAZW": "PL.PZGiK.308.BDOT10k", "GMLID": "OT_SKDR_L.1215", "X_KOD": "SKDR06", "X_SKRKARTO": null, "X_SKRK_NIL": "inapplicable", "X_KATDOKG": "dokladny", "X_DOKLGEOM": null, "X_ZRODLOG": "ortofotomapa", "X_ZRODLOA": "pomiarTerenowy", "X_KATIST": "eksploatowany", "X_KATI_NIL": null, "X_RODZREPG": "osGeometryczna", "X_UWAGI": null, "X_UZYTKOWN": "Uzytkownik30.xml", "X_AKTG": "2011-01-01", "X_AKTA": "2020-01-20", "POCZWERS": "2020-01-20", "KONIECWERS": null, "X_DATAUTW": "2012-11-13", "X_INFDOD": null, "KOD10K": null, "KOD10K_NIL": "inapplicable", "KOD25K": "0025_121", "KOD25K_NIL": null, "KOD50K": "0050_121", "KOD50K_NIL": null, "KOD100K": "0100_121", "KOD100_NIL": null, "KOD250K": null, "KOD250_NIL": "inapplicable", "KOD500K": null, "KOD500_NIL": "inapplicable", "KOD1000K": null, "KOD1000_NI": "inapplicable", "KATZARZ": "gminna", "KATZA_NIL": null, "KLASADROGI": "lokalna", "KLDROG_NIL": null, "MATNAWIERZ": "masaBitumiczna", "MATNAW_NIL": null, "NAZWADROGI": null, "LJEZDNIDR": 1, "LJEZD_NIL": null, "NRODCIREF": null, "SZL_NUMER": "207009P", "SZLNR_NIL": null, "length": 30.04 }, "geometry": { "type": "MultiLineString", "coordinates": [ [ [ 1926762.400230045663193, 6973506.706879554316401 ], [ 1926778.839235054096207, 6973459.608660598285496 ] ] ] } },
{ "type": "Feature", "properties": { "TERYT": "3028", "LOKALNYID": "2EBDC9DC-39FE-7DB6-E053-CC2BA8C07DDB", "WERSJAID": "2020-01-20T00:00:00", "PNAZW": "PL.PZGiK.308.BDOT10k", "GMLID": "OT_SKDR_L.1226", "X_KOD": "SKDR06", "X_SKRKARTO": null, "X_SKRK_NIL": "inapplicable", "X_KATDOKG": "dokladny", "X_DOKLGEOM": null, "X_ZRODLOG": "ortofotomapa", "X_ZRODLOA": "pomiarTerenowy", "X_KATIST": "eksploatowany", "X_KATI_NIL": null, "X_RODZREPG": "osGeometryczna", "X_UWAGI": null, "X_UZYTKOWN": "Uzytkownik30.xml", "X_AKTG": "2011-01-01", "X_AKTA": "2020-01-20", "POCZWERS": "2020-01-20", "KONIECWERS": null, "X_DATAUTW": "2012-11-13", "X_INFDOD": null, "KOD10K": null, "KOD10K_NIL": "inapplicable", "KOD25K": "0025_121", "KOD25K_NIL": null, "KOD50K": "0050_121", "KOD50K_NIL": null, "KOD100K": "0100_121", "KOD100_NIL": null, "KOD250K": null, "KOD250_NIL": "inapplicable", "KOD500K": null, "KOD500_NIL": "inapplicable", "KOD1000K": null, "KOD1000_NI": "inapplicable", "KATZARZ": "gminna", "KATZA_NIL": null, "KLASADROGI": "lokalna", "KLDROG_NIL": null, "MATNAWIERZ": "masaBitumiczna", "MATNAW_NIL": null, "NAZWADROGI": null, "LJEZDNIDR": 1, "LJEZD_NIL": null, "NRODCIREF": null, "SZL_NUMER": "207015P", "SZLNR_NIL": null, "length": 25.65 }, "geometry": { "type": "MultiLineString", "coordinates": [ [ [ 1927082.462270892923698, 6973090.697780560702085 ], [ 1927091.186796850524843, 6973057.226009518839419 ], [ 1927092.977526658447459, 6973049.42623077891767 ] ] ] } },
{ "type": "Feature", "properties": { "TERYT": "3028", "LOKALNYID": "2EBDC9DC-39FF-7DB6-E053-CC2BA8C07DDB", "WERSJAID": "2020-01-20T00:00:00", "PNAZW": "PL.PZGiK.308.BDOT10k", "GMLID": "OT_SKDR_L.1227", "X_KOD": "SKDR08", "X_SKRKARTO": null, "X_SKRK_NIL": "inapplicable", "X_KATDOKG": "dokladny", "X_DOKLGEOM": null, "X_ZRODLOG": "ortofotomapa", "X_ZRODLOA": "pomiarTerenowy", "X_KATIST": "eksploatowany", "X_KATI_NIL": null, "X_RODZREPG": "osGeometryczna", "X_UWAGI": null, "X_UZYTKOWN": "Uzytkownik30.xml", "X_AKTG": "2011-01-01", "X_AKTA": "2020-01-20", "POCZWERS": "2020-01-20", "KONIECWERS": null, "X_DATAUTW": "2012-11-13", "X_INFDOD": null, "KOD10K": null, "KOD10K_NIL": "inapplicable", "KOD25K": "0025_121", "KOD25K_NIL": null, "KOD50K": "0050_121", "KOD50K_NIL": null, "KOD100K": "0100_121", "KOD100_NIL": null, "KOD250K": null, "KOD250_NIL": "inapplicable", "KOD500K": null, "KOD500_NIL": "inapplicable", "KOD1000K": null, "KOD1000_NI": "inapplicable", "KATZARZ": "inna", "KATZA_NIL": null, "KLASADROGI": "inna", "KLDROG_NIL": null, "MATNAWIERZ": "masaBitumiczna", "MATNAW_NIL": null, "NAZWADROGI": null, "LJEZDNIDR": 1, "LJEZD_NIL": null, "NRODCIREF": null, "SZL_NUMER": null, "SZLNR_NIL": null, "length": 101.62 }, "geometry": { "type": "MultiLineString", "coordinates": [ [ [ 1924660.080770220374689, 6972707.739975305274129 ], [ 1924675.852476557716727, 6972717.7527418397367 ], [ 1924691.760030887788162, 6972719.960245164111257 ], [ 1924705.287972586927935, 6972719.087170435115695 ], [ 1924705.537219413323328, 6972719.059895959682763 ], [ 1924713.517895947908983, 6972715.196740354411304 ], [ 1924723.570769934449345, 6972700.849937929771841 ], [ 1924724.311494322260842, 6972694.78699479624629 ], [ 1924722.892643089173362, 6972686.844970705918968 ], [ 1924719.383573920698836, 6972681.079272435978055 ], [ 1924713.810323467245325, 6972677.091785342432559 ], [ 1924705.566730227554217, 6972675.283367350697517 ], [ 1924698.062935336492956, 6972676.516305860131979 ], [ 1924691.737125067505985, 6972678.392082351259887 ], [ 1924680.786308879032731, 6972688.680217014625669 ], [ 1924668.97650114283897, 6972699.545924924314022 ], [ 1924660.080770220374689, 6972707.739975305274129 ] ] ] } },
{ "type": "Feature", "properties": { "TERYT": "3028", "LOKALNYID": "2EBDC9DC-3A00-7DB6-E053-CC2BA8C07DDB", "WERSJAID": "2020-01-20T00:00:00", "PNAZW": "PL.PZGiK.308.BDOT10k", "GMLID": "OT_SKDR_L.1228", "X_KOD": "SKDR06", "X_SKRKARTO": null, "X_SKRK_NIL": "inapplicable", "X_KATDOKG": "dokladny", "X_DOKLGEOM": null, "X_ZRODLOG": "ortofotomapa", "X_ZRODLOA": "pomiarTerenowy", "X_KATIST": "eksploatowany", "X_KATI_NIL": null, "X_RODZREPG": "osGeometryczna", "X_UWAGI": null, "X_UZYTKOWN": "Uzytkownik30.xml", "X_AKTG": "2011-01-01", "X_AKTA": "2020-01-20", "POCZWERS": "2020-01-20", "KONIECWERS": null, "X_DATAUTW": "2012-11-13", "X_INFDOD": null, "KOD10K": null, "KOD10K_NIL": "inapplicable", "KOD25K": "0025_121", "KOD25K_NIL": null, "KOD50K": "0050_121", "KOD50K_NIL": null, "KOD100K": "0100_121", "KOD100_NIL": null, "KOD250K": null, "KOD250_NIL": "inapplicable", "KOD500K": null, "KOD500_NIL": "inapplicable", "KOD1000K": null, "KOD1000_NI": "inapplicable", "KATZARZ": "powiatowa", "KATZA_NIL": null, "KLASADROGI": "lokalna", "KLDROG_NIL": null, "MATNAWIERZ": "masaBitumiczna", "MATNAW_NIL": null, "NAZWADROGI": null, "LJEZDNIDR": 1, "LJEZD_NIL": null, "NRODCIREF": null, "SZL_NUMER": "1560P", "SZLNR_NIL": null, "length": 37.82 }, "geometry": { "type": "MultiLineString", "coordinates": [ [ [ 1927116.665062161628157, 6973179.229548511095345 ], [ 1927178.303068954264745, 6973190.585252275690436 ] ] ] } },
{ "type": "Feature", "properties": { "TERYT": "3028", "LOKALNYID": "2EBDC9DC-3EAE-7DB6-E053-CC2BA8C07DDB", "WERSJAID": "2020-01-20T00:00:00", "PNAZW": "PL.PZGiK.308.BDOT10k", "GMLID": "OT_SKDR_L.676", "X_KOD": "SKDR08", "X_SKRKARTO": null, "X_SKRK_NIL": "inapplicable", "X_KATDOKG": "dokladny", "X_DOKLGEOM": null, "X_ZRODLOG": "ortofotomapa", "X_ZRODLOA": "pomiarTerenowy", "X_KATIST": "eksploatowany", "X_KATI_NIL": null, "X_RODZREPG": "osGeometryczna", "X_UWAGI": null, "X_UZYTKOWN": "Uzytkownik30.xml", "X_AKTG": "2011-01-01", "X_AKTA": "2020-01-20", "POCZWERS": "2020-01-20", "KONIECWERS": null, "X_DATAUTW": "2012-11-13", "X_INFDOD": null, "KOD10K": null, "KOD10K_NIL": "inapplicable", "KOD25K": "0025_121", "KOD25K_NIL": null, "KOD50K": "0050_121", "KOD50K_NIL": null, "KOD100K": "0100_121", "KOD100_NIL": null, "KOD250K": null, "KOD250_NIL": "inapplicable", "KOD500K": null, "KOD500_NIL": "inapplicable", "KOD1000K": null, "KOD1000_NI": "inapplicable", "KATZARZ": "zakladowa", "KATZA_NIL": null, "KLASADROGI": "inna", "KLDROG_NIL": null, "MATNAWIERZ": "kostkaPrefabrykowana", "MATNAW_NIL": null, "NAZWADROGI": null, "LJEZDNIDR": 1, "LJEZD_NIL": null, "NRODCIREF": null, "SZL_NUMER": null, "SZLNR_NIL": null, "length": 22.44 }, "geometry": { "type": "MultiLineString", "coordinates": [ [ [ 1925974.221663725329563, 6974589.037490323185921 ], [ 1925965.343572034034878, 6974625.236135330982506 ] ] ] } },
{ "type": "Feature", "properties": { "TERYT": "3028", "LOKALNYID": "2EBDC9DC-3187-7DB6-E053-CC2BA8C07DDB", "WERSJAID": "2020-01-20T00:00:00", "PNAZW": "PL.PZGiK.308.BDOT10k", "GMLID": "OT_SKDR_L.222", "X_KOD": "SKDR08", "X_SKRKARTO": null, "X_SKRK_NIL": "inapplicable", "X_KATDOKG": "dokladny", "X_DOKLGEOM": null, "X_ZRODLOG": "ortofotomapa", "X_ZRODLOA": "pomiarTerenowy", "X_KATIST": "eksploatowany", "X_KATI_NIL": null, "X_RODZREPG": "osGeometryczna", "X_UWAGI": null, "X_UZYTKOWN": "Uzytkownik30.xml", "X_AKTG": "2011-01-01", "X_AKTA": "2020-01-20", "POCZWERS": "2020-01-20", "KONIECWERS": null, "X_DATAUTW": "2012-11-13", "X_INFDOD": null, "KOD10K": null, "KOD10K_NIL": "inapplicable", "KOD25K": "0025_121", "KOD25K_NIL": null, "KOD50K": "0050_121", "KOD50K_NIL": null, "KOD100K": "0100_121", "KOD100_NIL": null, "KOD250K": null, "KOD250_NIL": "inapplicable", "KOD500K": null, "KOD500_NIL": "inapplicable", "KOD1000K": null, "KOD1000_NI": "inapplicable", "KATZARZ": "zakladowa", "KATZA_NIL": null, "KLASADROGI": "inna", "KLDROG_NIL": null, "MATNAWIERZ": "kostkaPrefabrykowana", "MATNAW_NIL": null, "NAZWADROGI": null, "LJEZDNIDR": 1, "LJEZD_NIL": null, "NRODCIREF": null, "SZL_NUMER": null, "SZLNR_NIL": null, "length": 51.46 }, "geometry": { "type": "MultiLineString", "coordinates": [ [ [ 1926085.27860941295512, 6974479.154690323397517 ], [ 1926168.298497158568352, 6974498.704235455021262 ] ] ] } },
{ "type": "Feature", "properties": { "TERYT": "3028", "LOKALNYID": "2EBDC9DC-3188-7DB6-E053-CC2BA8C07DDB", "WERSJAID": "2020-01-20T00:00:00", "PNAZW": "PL.PZGiK.308.BDOT10k", "GMLID": "OT_SKDR_L.223", "X_KOD": "SKDR08", "X_SKRKARTO": null, "X_SKRK_NIL": "inapplicable", "X_KATDOKG": "dokladny", "X_DOKLGEOM": null, "X_ZRODLOG": "ortofotomapa", "X_ZRODLOA": "pomiarTerenowy", "X_KATIST": "eksploatowany", "X_KATI_NIL": null, "X_RODZREPG": "osGeometryczna", "X_UWAGI": null, "X_UZYTKOWN": "Uzytkownik30.xml", "X_AKTG": "2011-01-01", "X_AKTA": "2020-01-20", "POCZWERS": "2020-01-20", "KONIECWERS": null, "X_DATAUTW": "2012-11-13", "X_INFDOD": null, "KOD10K": null, "KOD10K_NIL": "inapplicable", "KOD25K": "0025_121", "KOD25K_NIL": null, "KOD50K": "0050_121", "KOD50K_NIL": null, "KOD100K": "0100_121", "KOD100_NIL": null, "KOD250K": null, "KOD250_NIL": "inapplicable", "KOD500K": null, "KOD500_NIL": "inapplicable", "KOD1000K": null, "KOD1000_NI": "inapplicable", "KATZARZ": "zakladowa", "KATZA_NIL": null, "KLASADROGI": "inna", "KLDROG_NIL": null, "MATNAWIERZ": "kostkaPrefabrykowana", "MATNAW_NIL": null, "NAZWADROGI": null, "LJEZDNIDR": 1, "LJEZD_NIL": null, "NRODCIREF": null, "SZL_NUMER": null, "SZLNR_NIL": null, "length": 53.75 }, "geometry": { "type": "MultiLineString", "coordinates": [ [ [ 1925988.980223706457764, 6974501.06544485129416 ], [ 1925979.073819010518491, 6974547.82467926479876 ], [ 1925974.221663725329563, 6974589.037490323185921 ] ] ] } },
{ "type": "Feature", "properties": { "TERYT": "3028", "LOKALNYID": "2EBDC9DC-3189-7DB6-E053-CC2BA8C07DDB", "WERSJAID": "2020-01-20T00:00:00", "PNAZW": "PL.PZGiK.308.BDOT10k", "GMLID": "OT_SKDR_L.224", "X_KOD": "SKDR08", "X_SKRKARTO": null, "X_SKRK_NIL": "inapplicable", "X_KATDOKG": "dokladny", "X_DOKLGEOM": null, "X_ZRODLOG": "ortofotomapa", "X_ZRODLOA": "pomiarTerenowy", "X_KATIST": "eksploatowany", "X_KATI_NIL": null, "X_RODZREPG": "osGeometryczna", "X_UWAGI": null, "X_UZYTKOWN": "Uzytkownik30.xml", "X_AKTG": "2011-01-01", "X_AKTA": "2020-01-20", "POCZWERS": "2020-01-20", "KONIECWERS": null, "X_DATAUTW": "2012-11-13", "X_INFDOD": null, "KOD10K": null, "KOD10K_NIL": "inapplicable", "KOD25K": "0025_121", "KOD25K_NIL": null, "KOD50K": "0050_121", "KOD50K_NIL": null, "KOD100K": "0100_121", "KOD100_NIL": null, "KOD250K": null, "KOD250_NIL": "inapplicable", "KOD500K": null, "KOD500_NIL": "inapplicable", "KOD1000K": null, "KOD1000_NI": "inapplicable", "KATZARZ": "zakladowa", "KATZA_NIL": null, "KLASADROGI": "inna", "KLDROG_NIL": null, "MATNAWIERZ": "kostkaPrefabrykowana", "MATNAW_NIL": null, "NAZWADROGI": null, "LJEZDNIDR": 1, "LJEZD_NIL": null, "NRODCIREF": null, "SZL_NUMER": null, "SZLNR_NIL": null, "length": 24.39 }, "geometry": { "type": "MultiLineString", "coordinates": [ [ [ 1926000.270736152073368, 6974457.463371677324176 ], [ 1926011.335761518217623, 6974418.49239001609385 ] ] ] } },
{ "type": "Feature", "properties": { "TERYT": "3028", "LOKALNYID": "2EBDC9DC-336C-7DB6-E053-CC2BA8C07DDB", "WERSJAID": "2020-01-20T00:00:00", "PNAZW": "PL.PZGiK.308.BDOT10k", "GMLID": "OT_SKDR_L.504", "X_KOD": "SKDR05", "X_SKRKARTO": null, "X_SKRK_NIL": "inapplicable", "X_KATDOKG": "dokladny", "X_DOKLGEOM": null, "X_ZRODLOG": "ortofotomapa", "X_ZRODLOA": "pomiarTerenowy", "X_KATIST": "eksploatowany", "X_KATI_NIL": null, "X_RODZREPG": "osGeometryczna", "X_UWAGI": null, "X_UZYTKOWN": "Uzytkownik30.xml", "X_AKTG": "2011-01-01", "X_AKTA": "2020-01-20", "POCZWERS": "2020-01-20", "KONIECWERS": null, "X_DATAUTW": "2012-11-13", "X_INFDOD": null, "KOD10K": null, "KOD10K_NIL": "inapplicable", "KOD25K": "0025_119", "KOD25K_NIL": null, "KOD50K": "0050_119", "KOD50K_NIL": null, "KOD100K": "0100_117", "KOD100_NIL": null, "KOD250K": null, "KOD250_NIL": "inapplicable", "KOD500K": null, "KOD500_NIL": "inapplicable", "KOD1000K": null, "KOD1000_NI": "inapplicable", "KATZARZ": "powiatowa", "KATZA_NIL": null, "KLASADROGI": "zbiorcza", "KLDROG_NIL": null, "MATNAWIERZ": "masaBitumiczna", "MATNAW_NIL": null, "NAZWADROGI": null, "LJEZDNIDR": 1, "LJEZD_NIL": null, "NRODCIREF": null, "SZL_NUMER": "1562P", "SZLNR_NIL": null, "length": 46.22 }, "geometry": { "type": "MultiLineString", "coordinates": [ [ [ 1925767.38174914685078, 6971931.709800428710878 ], [ 1925778.135291529819369, 6971967.531875194981694 ], [ 1925784.6180759081617, 6971989.132235748693347 ], [ 1925789.224743939004838, 6972005.272485052235425 ] ] ] } },
{ "type": "Feature", "properties": { "TERYT": "3028", "LOKALNYID": "2EBDC9DC-31D0-7DB6-E053-CC2BA8C07DDB", "WERSJAID": "2020-01-20T00:00:00", "PNAZW": "PL.PZGiK.308.BDOT10k", "GMLID": "OT_SKDR_L.247", "X_KOD": "SKDR08", "X_SKRKARTO": null, "X_SKRK_NIL": "inapplicable", "X_KATDOKG": "dokladny", "X_DOKLGEOM": null, "X_ZRODLOG": "ortofotomapa", "X_ZRODLOA": "pomiarTerenowy", "X_KATIST": "eksploatowany", "X_KATI_NIL": null, "X_RODZREPG": "osGeometryczna", "X_UWAGI": null, "X_UZYTKOWN": "Uzytkownik30.xml", "X_AKTG": "2011-01-01", "X_AKTA": "2020-01-20", "POCZWERS": "2020-01-20", "KONIECWERS": null, "X_DATAUTW": "2012-11-13", "X_INFDOD": null, "KOD10K": null, "KOD10K_NIL": "inapplicable", "KOD25K": "0025_121", "KOD25K_NIL": null, "KOD50K": "0050_121", "KOD50K_NIL": null, "KOD100K": "0100_121", "KOD100_NIL": null, "KOD250K": null, "KOD250_NIL": "inapplicable", "KOD500K": null, "KOD500_NIL": "inapplicable", "KOD1000K": null, "KOD1000_NI": "inapplicable", "KATZARZ": "inna", "KATZA_NIL": null, "KLASADROGI": "inna", "KLDROG_NIL": null, "MATNAWIERZ": "kostkaPrefabrykowana", "MATNAW_NIL": null, "NAZWADROGI": null, "LJEZDNIDR": 1, "LJEZD_NIL": null, "NRODCIREF": null, "SZL_NUMER": null, "SZLNR_NIL": null, "length": 50.59 }, "geometry": { "type": "MultiLineString", "coordinates": [ [ [ 1926850.417113330680877, 6973831.645967920310795 ], [ 1926868.46501575387083, 6973818.363956005312502 ], [ 1926873.515440352261066, 6973809.410876523703337 ], [ 1926879.027905219001696, 6973794.902361769229174 ], [ 1926880.43291982379742, 6973787.308811273425817 ], [ 1926881.82136547495611, 6973779.714876474812627 ], [ 1926885.209956438513473, 6973759.656395771540701 ] ] ] } },
{ "type": "Feature", "properties": { "TERYT": "3028", "LOKALNYID": "2EBDC9DC-3378-7DB6-E053-CC2BA8C07DDB", "WERSJAID": "2020-01-20T00:00:00", "PNAZW": "PL.PZGiK.308.BDOT10k", "GMLID": "OT_SKDR_L.709", "X_KOD": "SKDR06", "X_SKRKARTO": null, "X_SKRK_NIL": "inapplicable", "X_KATDOKG": "dokladny", "X_DOKLGEOM": null, "X_ZRODLOG": "ortofotomapa", "X_ZRODLOA": "pomiarTerenowy", "X_KATIST": "eksploatowany", "X_KATI_NIL": null, "X_RODZREPG": "osGeometryczna", "X_UWAGI": null, "X_UZYTKOWN": "Uzytkownik30.xml", "X_AKTG": "2011-01-01", "X_AKTA": "2020-01-20", "POCZWERS": "2020-01-20", "KONIECWERS": null, "X_DATAUTW": "2012-11-13", "X_INFDOD": null, "KOD10K": null, "KOD10K_NIL": "inapplicable", "KOD25K": "0025_126", "KOD25K_NIL": null, "KOD50K": "0050_126", "KOD50K_NIL": null, "KOD100K": "0100_126", "KOD100_NIL": null, "KOD250K": null, "KOD250_NIL": "inapplicable", "KOD500K": null, "KOD500_NIL": "inapplicable", "KOD1000K": null, "KOD1000_NI": "inapplicable", "KATZARZ": "gminna", "KATZA_NIL": null, "KLASADROGI": "lokalna", "KLDROG_NIL": null, "MATNAWIERZ": "stabilizacjaZwiremLubZuzlem", "MATNAW_NIL": null, "NAZWADROGI": null, "LJEZDNIDR": 1, "LJEZD_NIL": null, "NRODCIREF": null, "SZL_NUMER": "207009P", "SZLNR_NIL": null, "length": 194.19 }, "geometry": { "type": "MultiLineString", "coordinates": [ [ [ 1926597.26510533480905, 6973906.068683714605868 ], [ 1926589.320123803569004, 6973923.194896143861115 ], [ 1926580.800632790662348, 6973945.009957896545529 ], [ 1926579.172062945086509, 6973950.820375896990299 ], [ 1926577.107197887497023, 6973958.265493829734623 ], [ 1926568.628999026492238, 6973985.365619466640055 ], [ 1926566.96204779855907, 6973990.693281361833215 ], [ 1926562.686203729594126, 6974006.85959938261658 ], [ 1926554.838135977042839, 6974040.986934201791883 ], [ 1926548.239538069348782, 6974069.211854604072869 ], [ 1926548.09214834170416, 6974069.839796795509756 ], [ 1926536.7013330955524, 6974118.556062607094646 ], [ 1926534.230370506411418, 6974129.165501723065972 ], [ 1926515.390303067397326, 6974207.017901433631778 ], [ 1926513.020887803984806, 6974216.832244888879359 ] ] ] } },
{ "type": "Feature", "properties": { "TERYT": "3028", "LOKALNYID": "2EBDC9DC-350A-7DB6-E053-CC2BA8C07DDB", "WERSJAID": "2020-01-20T00:00:00", "PNAZW": "PL.PZGiK.308.BDOT10k", "GMLID": "OT_SKDR_L.529", "X_KOD": "SKDR06", "X_SKRKARTO": null, "X_SKRK_NIL": "inapplicable", "X_KATDOKG": "dokladny", "X_DOKLGEOM": null, "X_ZRODLOG": "ortofotomapa", "X_ZRODLOA": "pomiarTerenowy", "X_KATIST": "eksploatowany", "X_KATI_NIL": null, "X_RODZREPG": "osGeometryczna", "X_UWAGI": null, "X_UZYTKOWN": "Uzytkownik30.xml", "X_AKTG": "2011-01-01", "X_AKTA": "2020-01-20", "POCZWERS": "2020-01-20", "KONIECWERS": null, "X_DATAUTW": "2012-11-13", "X_INFDOD": null, "KOD10K": null, "KOD10K_NIL": "inapplicable", "KOD25K": "0025_121", "KOD25K_NIL": null, "KOD50K": "0050_121", "KOD50K_NIL": null, "KOD100K": "0100_121", "KOD100_NIL": null, "KOD250K": null, "KOD250_NIL": "inapplicable", "KOD500K": null, "KOD500_NIL": "inapplicable", "KOD1000K": null, "KOD1000_NI": "inapplicable", "KATZARZ": "gminna", "KATZA_NIL": null, "KLASADROGI": "lokalna", "KLDROG_NIL": null, "MATNAWIERZ": "masaBitumiczna", "MATNAW_NIL": null, "NAZWADROGI": null, "LJEZDNIDR": 1, "LJEZD_NIL": null, "NRODCIREF": null, "SZL_NUMER": "207016P", "SZLNR_NIL": null, "length": 96.02 }, "geometry": { "type": "MultiLineString", "coordinates": [ [ [ 1925820.781968110240996, 6973027.012111209332943 ], [ 1925844.946629979647696, 6972962.474256902933121 ], [ 1925853.544579047476873, 6972939.484888612292707 ], [ 1925856.357196535216644, 6972931.975577551871538 ], [ 1925857.170938377734274, 6972929.801820379681885 ], [ 1925864.350704547250643, 6972910.716423180885613 ], [ 1925864.704742261441424, 6972909.761206123046577 ], [ 1925876.764511628076434, 6972877.732999037019908 ] ] ] } },
{ "type": "Feature", "properties": { "TERYT": "3028", "LOKALNYID": "2EBDC9DC-3AD3-7DB6-E053-CC2BA8C07DDB", "WERSJAID": "2020-01-20T00:00:00", "PNAZW": "PL.PZGiK.308.BDOT10k", "GMLID": "OT_SKDR_L.1242", "X_KOD": "SKDR08", "X_SKRKARTO": null, "X_SKRK_NIL": "inapplicable", "X_KATDOKG": "dokladny", "X_DOKLGEOM": null, "X_ZRODLOG": "ortofotomapa", "X_ZRODLOA": "pomiarTerenowy", "X_KATIST": "eksploatowany", "X_KATI_NIL": null, "X_RODZREPG": "osGeometryczna", "X_UWAGI": null, "X_UZYTKOWN": "Uzytkownik30.xml", "X_AKTG": "2011-01-01", "X_AKTA": "2020-01-20", "POCZWERS": "2020-01-20", "KONIECWERS": null, "X_DATAUTW": "2012-11-13", "X_INFDOD": null, "KOD10K": null, "KOD10K_NIL": "inapplicable", "KOD25K": "0025_121", "KOD25K_NIL": null, "KOD50K": "0050_121", "KOD50K_NIL": null, "KOD100K": "0100_121", "KOD100_NIL": null, "KOD250K": null, "KOD250_NIL": "inapplicable", "KOD500K": null, "KOD500_NIL": "inapplicable", "KOD1000K": null, "KOD1000_NI": "inapplicable", "KATZARZ": "inna", "KATZA_NIL": null, "KLASADROGI": "inna", "KLDROG_NIL": null, "MATNAWIERZ": "masaBitumiczna", "MATNAW_NIL": null, "NAZWADROGI": null, "LJEZDNIDR": 1, "LJEZD_NIL": null, "NRODCIREF": null, "SZL_NUMER": null, "SZLNR_NIL": null, "length": 119.53 }, "geometry": { "type": "MultiLineString", "coordinates": [ [ [ 1924467.930709486594424, 6972749.532951639033854 ], [ 1924467.166636396432295, 6972718.96184147708118 ], [ 1924474.883510000538081, 6972708.081597615964711 ], [ 1924483.585280590225011, 6972702.474860846996307 ], [ 1924490.495569431688637, 6972701.809410006739199 ], [ 1924501.958658680319786, 6972707.615885629318655 ], [ 1924539.169513032771647, 6972722.078975798562169 ], [ 1924548.372043553274125, 6972718.41132995672524 ], [ 1924591.788894273107871, 6972657.994844869710505 ] ] ] } },
{ "type": "Feature", "properties": { "TERYT": "3028", "LOKALNYID": "2EBDC9DC-3C6B-7DB6-E053-CC2BA8C07DDB", "WERSJAID": "2020-01-20T00:00:00", "PNAZW": "PL.PZGiK.308.BDOT10k", "GMLID": "OT_SKDR_L.1261", "X_KOD": "SKDR08", "X_SKRKARTO": null, "X_SKRK_NIL": "inapplicable", "X_KATDOKG": "dokladny", "X_DOKLGEOM": null, "X_ZRODLOG": "ortofotomapa", "X_ZRODLOA": "pomiarTerenowy", "X_KATIST": "eksploatowany", "X_KATI_NIL": null, "X_RODZREPG": "osGeometryczna", "X_UWAGI": null, "X_UZYTKOWN": "Uzytkownik30.xml", "X_AKTG": "2011-01-01", "X_AKTA": "2020-01-20", "POCZWERS": "2020-01-20", "KONIECWERS": null, "X_DATAUTW": "2012-11-13", "X_INFDOD": null, "KOD10K": null, "KOD10K_NIL": "inapplicable", "KOD25K": "0025_123", "KOD25K_NIL": null, "KOD50K": "0050_123", "KOD50K_NIL": null, "KOD100K": "0100_123", "KOD100_NIL": null, "KOD250K": null, "KOD250_NIL": "inapplicable", "KOD500K": null, "KOD500_NIL": "inapplicable", "KOD1000K": null, "KOD1000_NI": "inapplicable", "KATZARZ": "inna", "KATZA_NIL": null, "KLASADROGI": "inna", "KLDROG_NIL": null, "MATNAWIERZ": "tluczen", "MATNAW_NIL": null, "NAZWADROGI": null, "LJEZDNIDR": 1, "LJEZD_NIL": null, "NRODCIREF": null, "SZL_NUMER": null, "SZLNR_NIL": null, "length": 7.25 }, "geometry": { "type": "MultiLineString", "coordinates": [ [ [ 1925843.567075573606417, 6972366.376643565483391 ], [ 1925855.380822863196954, 6972368.584217579104006 ] ] ] } },
{ "type": "Feature", "properties": { "TERYT": "3028", "LOKALNYID": "2EBDC9DC-3ABC-7DB6-E053-CC2BA8C07DDB", "WERSJAID": "2020-01-20T00:00:00", "PNAZW": "PL.PZGiK.308.BDOT10k", "GMLID": "OT_SKDR_L.1021", "X_KOD": "SKDR04", "X_SKRKARTO": null, "X_SKRK_NIL": "inapplicable", "X_KATDOKG": "dokladny", "X_DOKLGEOM": null, "X_ZRODLOG": "ortofotomapa", "X_ZRODLOA": "pomiarTerenowy", "X_KATIST": "eksploatowany", "X_KATI_NIL": null, "X_RODZREPG": "osGeometryczna", "X_UWAGI": null, "X_UZYTKOWN": "Uzytkownik30.xml", "X_AKTG": "2011-01-01", "X_AKTA": "2020-01-20", "POCZWERS": "2020-01-20", "KONIECWERS": null, "X_DATAUTW": "2012-11-13", "X_INFDOD": null, "KOD10K": null, "KOD10K_NIL": "inapplicable", "KOD25K": "0025_115", "KOD25K_NIL": null, "KOD50K": "0050_115", "KOD50K_NIL": null, "KOD100K": "0100_115", "KOD100_NIL": null, "KOD250K": null, "KOD250_NIL": "inapplicable", "KOD500K": null, "KOD500_NIL": "inapplicable", "KOD1000K": null, "KOD1000_NI": "inapplicable", "KATZARZ": "wojewodzka", "KATZA_NIL": null, "KLASADROGI": "glowna", "KLDROG_NIL": null, "MATNAWIERZ": "masaBitumiczna", "MATNAW_NIL": null, "NAZWADROGI": null, "LJEZDNIDR": 1, "LJEZD_NIL": null, "NRODCIREF": null, "SZL_NUMER": "194", "SZLNR_NIL": null, "length": 10.96 }, "geometry": { "type": "MultiLineString", "coordinates": [ [ [ 1925927.7180479564704, 6972744.817838567309082 ], [ 1925912.643906106939539, 6972734.674563977867365 ] ] ] } },
{ "type": "Feature", "properties": { "TERYT": "3028", "LOKALNYID": "2EBDC9DC-3ABD-7DB6-E053-CC2BA8C07DDB", "WERSJAID": "2020-01-20T00:00:00", "PNAZW": "PL.PZGiK.308.BDOT10k", "GMLID": "OT_SKDR_L.1022", "X_KOD": "SKDR04", "X_SKRKARTO": null, "X_SKRK_NIL": "inapplicable", "X_KATDOKG": "dokladny", "X_DOKLGEOM": null, "X_ZRODLOG": "ortofotomapa", "X_ZRODLOA": "pomiarTerenowy", "X_KATIST": "eksploatowany", "X_KATI_NIL": null, "X_RODZREPG": "osGeometryczna", "X_UWAGI": null, "X_UZYTKOWN": "Uzytkownik30.xml", "X_AKTG": "2011-01-01", "X_AKTA": "2020-01-20", "POCZWERS": "2020-01-20", "KONIECWERS": null, "X_DATAUTW": "2012-11-13", "X_INFDOD": null, "KOD10K": null, "KOD10K_NIL": "inapplicable", "KOD25K": "0025_115", "KOD25K_NIL": null, "KOD50K": "0050_115", "KOD50K_NIL": null, "KOD100K": "0100_115", "KOD100_NIL": null, "KOD250K": null, "KOD250_NIL": "inapplicable", "KOD500K": null, "KOD500_NIL": "inapplicable", "KOD1000K": null, "KOD1000_NI": "inapplicable", "KATZARZ": "wojewodzka", "KATZA_NIL": null, "KLASADROGI": "glowna", "KLDROG_NIL": null, "MATNAWIERZ": "masaBitumiczna", "MATNAW_NIL": null, "NAZWADROGI": null, "LJEZDNIDR": 1, "LJEZD_NIL": null, "NRODCIREF": null, "SZL_NUMER": "194", "SZLNR_NIL": null, "length": 39.69 }, "geometry": { "type": "MultiLineString", "coordinates": [ [ [ 1925794.193726449273527, 6972628.126624532975256 ], [ 1925792.735201759729534, 6972620.416515292599797 ], [ 1925792.049454281339422, 6972614.369506916031241 ], [ 1925791.45168686308898, 6972605.300927841104567 ], [ 1925791.58941635908559, 6972599.472848858684301 ], [ 1925791.814256264595315, 6972589.958643504418433 ], [ 1925791.643054604530334, 6972579.670823925174773 ], [ 1925791.371639002347365, 6972562.402985791675746 ] ] ] } },
{ "type": "Feature", "properties": { "TERYT": "3028", "LOKALNYID": "2EBDC9DC-3B82-7DB6-E053-CC2BA8C07DDB", "WERSJAID": "2020-01-20T00:00:00", "PNAZW": "PL.PZGiK.308.BDOT10k", "GMLID": "OT_SKDR_L.1032", "X_KOD": "SKDR04", "X_SKRKARTO": null, "X_SKRK_NIL": "inapplicable", "X_KATDOKG": "dokladny", "X_DOKLGEOM": null, "X_ZRODLOG": "ortofotomapa", "X_ZRODLOA": "pomiarTerenowy", "X_KATIST": "eksploatowany", "X_KATI_NIL": null, "X_RODZREPG": "osGeometryczna", "X_UWAGI": null, "X_UZYTKOWN": "Uzytkownik30.xml", "X_AKTG": "2011-01-01", "X_AKTA": "2020-01-20", "POCZWERS": "2020-01-20", "KONIECWERS": null, "X_DATAUTW": "2012-11-13", "X_INFDOD": null, "KOD10K": null, "KOD10K_NIL": "inapplicable", "KOD25K": "0025_115", "KOD25K_NIL": null, "KOD50K": "0050_115", "KOD50K_NIL": null, "KOD100K": "0100_115", "KOD100_NIL": null, "KOD250K": null, "KOD250_NIL": "inapplicable", "KOD500K": null, "KOD500_NIL": "inapplicable", "KOD1000K": null, "KOD1000_NI": "inapplicable", "KATZARZ": "wojewodzka", "KATZA_NIL": null, "KLASADROGI": "glowna", "KLDROG_NIL": null, "MATNAWIERZ": "masaBitumiczna", "MATNAW_NIL": null, "NAZWADROGI": null, "LJEZDNIDR": 1, "LJEZD_NIL": null, "NRODCIREF": null, "SZL_NUMER": "194", "SZLNR_NIL": null, "length": 4.26 }, "geometry": { "type": "MultiLineString", "coordinates": [ [ [ 1925792.609649636084214, 6972503.704055796377361 ], [ 1925793.75247870082967, 6972496.720373609103262 ] ] ] } },
{ "type": "Feature", "properties": { "TERYT": "3028", "LOKALNYID": "2EBDC9DC-3B85-7DB6-E053-CC2BA8C07DDB", "WERSJAID": "2020-01-20T00:00:00", "PNAZW": "PL.PZGiK.308.BDOT10k", "GMLID": "OT_SKDR_L.1035", "X_KOD": "SKDR04", "X_SKRKARTO": null, "X_SKRK_NIL": "inapplicable", "X_KATDOKG": "dokladny", "X_DOKLGEOM": null, "X_ZRODLOG": "ortofotomapa", "X_ZRODLOA": "pomiarTerenowy", "X_KATIST": "eksploatowany", "X_KATI_NIL": null, "X_RODZREPG": "osGeometryczna", "X_UWAGI": null, "X_UZYTKOWN": "Uzytkownik30.xml", "X_AKTG": "2011-01-01", "X_AKTA": "2020-01-20", "POCZWERS": "2020-01-20", "KONIECWERS": null, "X_DATAUTW": "2012-11-13", "X_INFDOD": null, "KOD10K": null, "KOD10K_NIL": "inapplicable", "KOD25K": "0025_115", "KOD25K_NIL": null, "KOD50K": "0050_115", "KOD50K_NIL": null, "KOD100K": "0100_115", "KOD100_NIL": null, "KOD250K": null, "KOD250_NIL": "inapplicable", "KOD500K": null, "KOD500_NIL": "inapplicable", "KOD1000K": null, "KOD1000_NI": "inapplicable", "KATZARZ": "wojewodzka", "KATZA_NIL": null, "KLASADROGI": "glowna", "KLDROG_NIL": null, "MATNAWIERZ": "masaBitumiczna", "MATNAW_NIL": null, "NAZWADROGI": null, "LJEZDNIDR": 1, "LJEZD_NIL": null, "NRODCIREF": null, "SZL_NUMER": "193", "SZLNR_NIL": null, "length": 270.61 }, "geometry": { "type": "MultiLineString", "coordinates": [ [ [ 1923284.258622812572867, 6973550.576774414628744 ], [ 1923156.119986939476803, 6973600.961169709451497 ], [ 1922998.7361317765899, 6973663.300288720056415 ], [ 1922925.723702813265845, 6973691.565105130895972 ], [ 1922909.029815820511431, 6973699.271141344681382 ], [ 1922899.118169212481007, 6973704.781238500960171 ], [ 1922890.572869803523645, 6973709.99195774551481 ], [ 1922881.361342672258615, 6973715.33614822011441 ], [ 1922870.119042828446254, 6973721.728006505407393 ] ] ] } },
{ "type": "Feature", "properties": { "TERYT": "3028", "LOKALNYID": "2EBDC9DC-3B86-7DB6-E053-CC2BA8C07DDB", "WERSJAID": "2020-01-20T00:00:00", "PNAZW": "PL.PZGiK.308.BDOT10k", "GMLID": "OT_SKDR_L.1036", "X_KOD": "SKDR04", "X_SKRKARTO": null, "X_SKRK_NIL": "inapplicable", "X_KATDOKG": "dokladny", "X_DOKLGEOM": null, "X_ZRODLOG": "ortofotomapa", "X_ZRODLOA": "pomiarTerenowy", "X_KATIST": "eksploatowany", "X_KATI_NIL": null, "X_RODZREPG": "osGeometryczna", "X_UWAGI": null, "X_UZYTKOWN": "Uzytkownik30.xml", "X_AKTG": "2011-01-01", "X_AKTA": "2020-01-20", "POCZWERS": "2020-01-20", "KONIECWERS": null, "X_DATAUTW": "2012-11-13", "X_INFDOD": null, "KOD10K": null, "KOD10K_NIL": "inapplicable", "KOD25K": "0025_115", "KOD25K_NIL": null, "KOD50K": "0050_115", "KOD50K_NIL": null, "KOD100K": "0100_115", "KOD100_NIL": null, "KOD250K": null, "KOD250_NIL": "inapplicable", "KOD500K": null, "KOD500_NIL": "inapplicable", "KOD1000K": null, "KOD1000_NI": "inapplicable", "KATZARZ": "wojewodzka", "KATZA_NIL": null, "KLASADROGI": "glowna", "KLDROG_NIL": null, "MATNAWIERZ": "masaBitumiczna", "MATNAW_NIL": null, "NAZWADROGI": null, "LJEZDNIDR": 1, "LJEZD_NIL": null, "NRODCIREF": null, "SZL_NUMER": "194", "SZLNR_NIL": null, "length": 30.02 }, "geometry": { "type": "MultiLineString", "coordinates": [ [ [ 1925926.00344136217609, 6973317.11048926319927 ], [ 1925917.880496599012986, 6973366.297656065784395 ] ] ] } },
{ "type": "Feature", "properties": { "TERYT": "3028", "LOKALNYID": "2EBDC9DC-3B87-7DB6-E053-CC2BA8C07DDB", "WERSJAID": "2020-01-20T00:00:00", "PNAZW": "PL.PZGiK.308.BDOT10k", "GMLID": "OT_SKDR_L.1037", "X_KOD": "SKDR04", "X_SKRKARTO": null, "X_SKRK_NIL": "inapplicable", "X_KATDOKG": "dokladny", "X_DOKLGEOM": null, "X_ZRODLOG": "ortofotomapa", "X_ZRODLOA": "pomiarTerenowy", "X_KATIST": "eksploatowany", "X_KATI_NIL": null, "X_RODZREPG": "osGeometryczna", "X_UWAGI": null, "X_UZYTKOWN": "Uzytkownik30.xml", "X_AKTG": "2011-01-01", "X_AKTA": "2020-01-20", "POCZWERS": "2020-01-20", "KONIECWERS": null, "X_DATAUTW": "2012-11-13", "X_INFDOD": null, "KOD10K": null, "KOD10K_NIL": "inapplicable", "KOD25K": "0025_115", "KOD25K_NIL": null, "KOD50K": "0050_115", "KOD50K_NIL": null, "KOD100K": "0100_115", "KOD100_NIL": null, "KOD250K": null, "KOD250_NIL": "inapplicable", "KOD500K": null, "KOD500_NIL": "inapplicable", "KOD1000K": null, "KOD1000_NI": "inapplicable", "KATZARZ": "wojewodzka", "KATZA_NIL": null, "KLASADROGI": "glowna", "KLDROG_NIL": null, "MATNAWIERZ": "masaBitumiczna", "MATNAW_NIL": null, "NAZWADROGI": null, "LJEZDNIDR": 1, "LJEZD_NIL": null, "NRODCIREF": null, "SZL_NUMER": "194", "SZLNR_NIL": null, "length": 7.37 }, "geometry": { "type": "MultiLineString", "coordinates": [ [ [ 1925945.44023471348919, 6973199.406690400093794 ], [ 1925943.447797812521458, 6973211.488195644691586 ] ] ] } },
{ "type": "Feature", "properties": { "TERYT": "3028", "LOKALNYID": "2EBDC9DC-3926-7DB6-E053-CC2BA8C07DDB", "WERSJAID": "2020-01-20T00:00:00", "PNAZW": "PL.PZGiK.308.BDOT10k", "GMLID": "OT_SKDR_L.998", "X_KOD": "SKDR06", "X_SKRKARTO": null, "X_SKRK_NIL": "inapplicable", "X_KATDOKG": "dokladny", "X_DOKLGEOM": null, "X_ZRODLOG": "ortofotomapa", "X_ZRODLOA": "pomiarTerenowy", "X_KATIST": "eksploatowany", "X_KATI_NIL": null, "X_RODZREPG": "osGeometryczna", "X_UWAGI": null, "X_UZYTKOWN": "Uzytkownik30.xml", "X_AKTG": "2011-01-01", "X_AKTA": "2020-01-20", "POCZWERS": "2020-01-20", "KONIECWERS": null, "X_DATAUTW": "2012-11-13", "X_INFDOD": null, "KOD10K": null, "KOD10K_NIL": "inapplicable", "KOD25K": "0025_121", "KOD25K_NIL": null, "KOD50K": "0050_121", "KOD50K_NIL": null, "KOD100K": "0100_121", "KOD100_NIL": null, "KOD250K": null, "KOD250_NIL": "inapplicable", "KOD500K": null, "KOD500_NIL": "inapplicable", "KOD1000K": null, "KOD1000_NI": "inapplicable", "KATZARZ": "powiatowa", "KATZA_NIL": null, "KLASADROGI": "lokalna", "KLDROG_NIL": null, "MATNAWIERZ": "kostkaKamienna", "MATNAW_NIL": null, "NAZWADROGI": null, "LJEZDNIDR": 1, "LJEZD_NIL": null, "NRODCIREF": null, "SZL_NUMER": "1560P", "SZLNR_NIL": null, "length": 97.56 }, "geometry": { "type": "MultiLineString", "coordinates": [ [ [ 1926498.226857028435916, 6973020.440360476262867 ], [ 1926602.356775159714743, 6973046.645366908982396 ], [ 1926655.328245882410556, 6973058.56427120603621 ] ] ] } },
{ "type": "Feature", "properties": { "TERYT": "3028", "LOKALNYID": "2EBDC9DC-4D53-7DB6-E053-CC2BA8C07DDB", "WERSJAID": "2020-01-20T00:00:00", "PNAZW": "PL.PZGiK.308.BDOT10k", "GMLID": "OT_SKDR_L.7347", "X_KOD": "SKDR06", "X_SKRKARTO": null, "X_SKRK_NIL": "inapplicable", "X_KATDOKG": "dokladny", "X_DOKLGEOM": null, "X_ZRODLOG": "ortofotomapa", "X_ZRODLOA": "pomiarTerenowy", "X_KATIST": "eksploatowany", "X_KATI_NIL": null, "X_RODZREPG": "osGeometryczna", "X_UWAGI": null, "X_UZYTKOWN": "Uzytkownik30.xml", "X_AKTG": "2011-01-01", "X_AKTA": "2020-01-20", "POCZWERS": "2020-01-20", "KONIECWERS": null, "X_DATAUTW": "2012-11-13", "X_INFDOD": null, "KOD10K": null, "KOD10K_NIL": "inapplicable", "KOD25K": "0025_121", "KOD25K_NIL": null, "KOD50K": "0050_121", "KOD50K_NIL": null, "KOD100K": "0100_121", "KOD100_NIL": null, "KOD250K": null, "KOD250_NIL": "inapplicable", "KOD500K": null, "KOD500_NIL": "inapplicable", "KOD1000K": null, "KOD1000_NI": "inapplicable", "KATZARZ": "powiatowa", "KATZA_NIL": null, "KLASADROGI": "lokalna", "KLDROG_NIL": null, "MATNAWIERZ": "masaBitumiczna", "MATNAW_NIL": null, "NAZWADROGI": null, "LJEZDNIDR": 1, "LJEZD_NIL": null, "NRODCIREF": null, "SZL_NUMER": "1560P", "SZLNR_NIL": null, "length": 370.33 }, "geometry": { "type": "MultiLineString", "coordinates": [ [ [ 1929697.117970680585131, 6972580.750513263978064 ], [ 1929805.749219462042674, 6972582.345917152240872 ], [ 1929900.456772171659395, 6972583.333948596380651 ], [ 1930092.697763046948239, 6972584.225892306305468 ], [ 1930227.496763953240588, 6972585.857944971881807 ], [ 1930267.011534194462001, 6972587.073273932561278 ], [ 1930290.637712381547317, 6972588.800587634555995 ], [ 1930298.925257391529158, 6972590.18887946754694 ], [ 1930310.16674747178331, 6972592.841803658753633 ] ] ] } },
{ "type": "Feature", "properties": { "TERYT": "3028", "LOKALNYID": "2EBDC9DC-4D56-7DB6-E053-CC2BA8C07DDB", "WERSJAID": "2020-01-20T00:00:00", "PNAZW": "PL.PZGiK.308.BDOT10k", "GMLID": "OT_SKDR_L.7350", "X_KOD": "SKDR06", "X_SKRKARTO": null, "X_SKRK_NIL": "inapplicable", "X_KATDOKG": "dokladny", "X_DOKLGEOM": null, "X_ZRODLOG": "ortofotomapa", "X_ZRODLOA": "pomiarTerenowy", "X_KATIST": "eksploatowany", "X_KATI_NIL": null, "X_RODZREPG": "osGeometryczna", "X_UWAGI": null, "X_UZYTKOWN": "Uzytkownik30.xml", "X_AKTG": "2011-01-01", "X_AKTA": "2020-01-20", "POCZWERS": "2020-01-20", "KONIECWERS": null, "X_DATAUTW": "2012-11-13", "X_INFDOD": null, "KOD10K": null, "KOD10K_NIL": "inapplicable", "KOD25K": "0025_121", "KOD25K_NIL": null, "KOD50K": "0050_121", "KOD50K_NIL": null, "KOD100K": "0100_121", "KOD100_NIL": null, "KOD250K": null, "KOD250_NIL": "inapplicable", "KOD500K": null, "KOD500_NIL": "inapplicable", "KOD1000K": null, "KOD1000_NI": "inapplicable", "KATZARZ": "powiatowa", "KATZA_NIL": null, "KLASADROGI": "lokalna", "KLDROG_NIL": null, "MATNAWIERZ": "masaBitumiczna", "MATNAW_NIL": null, "NAZWADROGI": null, "LJEZDNIDR": 1, "LJEZD_NIL": null, "NRODCIREF": null, "SZL_NUMER": "1560P", "SZLNR_NIL": null, "length": 165.4 }, "geometry": { "type": "MultiLineString", "coordinates": [ [ [ 1927456.747850974788889, 6973257.14065065421164 ], [ 1927492.645478883991018, 6973260.776891952380538 ], [ 1927537.190789090003818, 6973265.297665339894593 ], [ 1927553.830481042154133, 6973266.752528375945985 ], [ 1927606.92467275285162, 6973271.424201221205294 ], [ 1927621.783658314030617, 6973271.773686727508903 ], [ 1927631.888432055478916, 6973272.0113366516307 ], [ 1927641.424839035840705, 6973271.039336629211903 ], [ 1927648.5828496303875, 6973269.712327998131514 ], [ 1927656.656361778499559, 6973267.509638269431889 ], [ 1927667.448012080276385, 6973263.892131772823632 ], [ 1927677.962460256880149, 6973259.370892873965204 ], [ 1927693.599204255267978, 6973251.979399865493178 ], [ 1927721.072498691966757, 6973233.850513394922018 ] ] ] } },
{ "type": "Feature", "properties": { "TERYT": "3028", "LOKALNYID": "2EBDC9DC-42CB-7DB6-E053-CC2BA8C07DDB", "WERSJAID": "2020-01-20T00:00:00", "PNAZW": "PL.PZGiK.308.BDOT10k", "GMLID": "OT_SKDR_L.6188", "X_KOD": "SKDR08", "X_SKRKARTO": null, "X_SKRK_NIL": "inapplicable", "X_KATDOKG": "dokladny", "X_DOKLGEOM": null, "X_ZRODLOG": "ortofotomapa", "X_ZRODLOA": "pomiarTerenowy", "X_KATIST": "eksploatowany", "X_KATI_NIL": null, "X_RODZREPG": "osGeometryczna", "X_UWAGI": null, "X_UZYTKOWN": "Uzytkownik30.xml", "X_AKTG": "2011-01-01", "X_AKTA": "2020-01-20", "POCZWERS": "2020-01-20", "KONIECWERS": null, "X_DATAUTW": "2012-11-13", "X_INFDOD": null, "KOD10K": null, "KOD10K_NIL": "inapplicable", "KOD25K": "0025_123", "KOD25K_NIL": null, "KOD50K": "0050_123", "KOD50K_NIL": null, "KOD100K": "0100_123", "KOD100_NIL": null, "KOD250K": null, "KOD250_NIL": "inapplicable", "KOD500K": null, "KOD500_NIL": "inapplicable", "KOD1000K": null, "KOD1000_NI": "inapplicable", "KATZARZ": "inna", "KATZA_NIL": null, "KLASADROGI": "inna", "KLDROG_NIL": null, "MATNAWIERZ": "tluczen", "MATNAW_NIL": null, "NAZWADROGI": null, "LJEZDNIDR": 1, "LJEZD_NIL": null, "NRODCIREF": null, "SZL_NUMER": null, "SZLNR_NIL": null, "length": 294.55 }, "geometry": { "type": "MultiLineString", "coordinates": [ [ [ 1924648.212853712961078, 6975536.78106150124222 ], [ 1924655.42928667133674, 6975538.681945063173771 ], [ 1924661.630647606682032, 6975540.043359400704503 ], [ 1924666.133215586887673, 6975541.72980993706733 ], [ 1924699.361462617525831, 6975554.124208774417639 ], [ 1924743.32692714035511, 6975570.963106663897634 ], [ 1924788.090273565147072, 6975589.815214416012168 ], [ 1924805.802121687680483, 6975597.268280250951648 ], [ 1924831.122675947379321, 6975609.656214416027069 ], [ 1924881.382126133423299, 6975635.154058828018606 ], [ 1925001.610539785819128, 6975694.015036680735648 ], [ 1925092.495044318959117, 6975738.197628238238394 ] ] ] } },
{ "type": "Feature", "properties": { "TERYT": "3028", "LOKALNYID": "2EBDC9DC-3488-7DB6-E053-CC2BA8C07DDB", "WERSJAID": "2020-01-20T00:00:00", "PNAZW": "PL.PZGiK.308.BDOT10k", "GMLID": "OT_SKDR_L.1733", "X_KOD": "SKDR08", "X_SKRKARTO": null, "X_SKRK_NIL": "inapplicable", "X_KATDOKG": "dokladny", "X_DOKLGEOM": null, "X_ZRODLOG": "ortofotomapa", "X_ZRODLOA": "pomiarTerenowy", "X_KATIST": "eksploatowany", "X_KATI_NIL": null, "X_RODZREPG": "osGeometryczna", "X_UWAGI": null, "X_UZYTKOWN": "Uzytkownik30.xml", "X_AKTG": "2011-01-01", "X_AKTA": "2020-01-20", "POCZWERS": "2020-01-20", "KONIECWERS": null, "X_DATAUTW": "2012-11-13", "X_INFDOD": null, "KOD10K": null, "KOD10K_NIL": "inapplicable", "KOD25K": "0025_121", "KOD25K_NIL": null, "KOD50K": "0050_121", "KOD50K_NIL": null, "KOD100K": "0100_121", "KOD100_NIL": null, "KOD250K": null, "KOD250_NIL": "inapplicable", "KOD500K": null, "KOD500_NIL": "inapplicable", "KOD1000K": null, "KOD1000_NI": "inapplicable", "KATZARZ": "inna", "KATZA_NIL": null, "KLASADROGI": "inna", "KLDROG_NIL": null, "MATNAWIERZ": "masaBitumiczna", "MATNAW_NIL": null, "NAZWADROGI": null, "LJEZDNIDR": 1, "LJEZD_NIL": null, "NRODCIREF": null, "SZL_NUMER": null, "SZLNR_NIL": null, "length": 12.98 }, "geometry": { "type": "MultiLineString", "coordinates": [ [ [ 1924657.6239296910353, 6972945.62726413924247 ], [ 1924660.856226890813559, 6972950.489395373500884 ], [ 1924668.652994721196592, 6972964.133233528584242 ] ] ] } },
{ "type": "Feature", "properties": { "TERYT": "3028", "LOKALNYID": "2EBDC9DC-348E-7DB6-E053-CC2BA8C07DDB", "WERSJAID": "2020-01-20T00:00:00", "PNAZW": "PL.PZGiK.308.BDOT10k", "GMLID": "OT_SKDR_L.1925", "X_KOD": "SKDR08", "X_SKRKARTO": null, "X_SKRK_NIL": "inapplicable", "X_KATDOKG": "dokladny", "X_DOKLGEOM": null, "X_ZRODLOG": "ortofotomapa", "X_ZRODLOA": "pomiarTerenowy", "X_KATIST": "eksploatowany", "X_KATI_NIL": null, "X_RODZREPG": "osGeometryczna", "X_UWAGI": null, "X_UZYTKOWN": "Uzytkownik30.xml", "X_AKTG": "2011-01-01", "X_AKTA": "2020-01-20", "POCZWERS": "2020-01-20", "KONIECWERS": null, "X_DATAUTW": "2012-11-13", "X_INFDOD": null, "KOD10K": null, "KOD10K_NIL": "inapplicable", "KOD25K": "0025_123", "KOD25K_NIL": null, "KOD50K": "0050_123", "KOD50K_NIL": null, "KOD100K": "0100_123", "KOD100_NIL": null, "KOD250K": null, "KOD250_NIL": "inapplicable", "KOD500K": null, "KOD500_NIL": "inapplicable", "KOD1000K": null, "KOD1000_NI": "inapplicable", "KATZARZ": "inna", "KATZA_NIL": null, "KLASADROGI": "inna", "KLDROG_NIL": null, "MATNAWIERZ": "plytyBetonowe", "MATNAW_NIL": null, "NAZWADROGI": null, "LJEZDNIDR": 1, "LJEZD_NIL": null, "NRODCIREF": null, "SZL_NUMER": null, "SZLNR_NIL": null, "length": 98.28 }, "geometry": { "type": "MultiLineString", "coordinates": [ [ [ 1925885.161937388824299, 6971944.789110624231398 ], [ 1925873.133902181405574, 6971960.800173331983387 ], [ 1925869.647513174917549, 6971966.681201763451099 ], [ 1925865.244485939852893, 6971974.185085272416472 ], [ 1925864.330566836055368, 6971978.499185116961598 ], [ 1925864.138392099644989, 6971986.634626237675548 ], [ 1925866.596324209822342, 6972020.083682030439377 ], [ 1925866.656600010348484, 6972028.756752837449312 ], [ 1925866.553845667745918, 6972033.106749573722482 ], [ 1925865.400412552058697, 6972036.33539214078337 ], [ 1925862.649344629142433, 6972038.446307480335236 ], [ 1925854.734780224040151, 6972040.966243808157742 ], [ 1925842.960053940769285, 6972044.142088978551328 ], [ 1925803.399117433698848, 6972054.831467982381582 ] ] ] } },
{ "type": "Feature", "properties": { "TERYT": "3028", "LOKALNYID": "2EBDC9DC-3490-7DB6-E053-CC2BA8C07DDB", "WERSJAID": "2020-01-20T00:00:00", "PNAZW": "PL.PZGiK.308.BDOT10k", "GMLID": "OT_SKDR_L.1927", "X_KOD": "SKDR08", "X_SKRKARTO": null, "X_SKRK_NIL": "inapplicable", "X_KATDOKG": "dokladny", "X_DOKLGEOM": null, "X_ZRODLOG": "ortofotomapa", "X_ZRODLOA": "pomiarTerenowy", "X_KATIST": "eksploatowany", "X_KATI_NIL": null, "X_RODZREPG": "osGeometryczna", "X_UWAGI": null, "X_UZYTKOWN": "Uzytkownik30.xml", "X_AKTG": "2011-01-01", "X_AKTA": "2020-01-20", "POCZWERS": "2020-01-20", "KONIECWERS": null, "X_DATAUTW": "2012-11-13", "X_INFDOD": null, "KOD10K": null, "KOD10K_NIL": "inapplicable", "KOD25K": "0025_123", "KOD25K_NIL": null, "KOD50K": "0050_123", "KOD50K_NIL": null, "KOD100K": "0100_123", "KOD100_NIL": null, "KOD250K": null, "KOD250_NIL": "inapplicable", "KOD500K": null, "KOD500_NIL": "inapplicable", "KOD1000K": null, "KOD1000_NI": "inapplicable", "KATZARZ": "inna", "KATZA_NIL": null, "KLASADROGI": "inna", "KLDROG_NIL": null, "MATNAWIERZ": "tluczen", "MATNAW_NIL": null, "NAZWADROGI": null, "LJEZDNIDR": 1, "LJEZD_NIL": null, "NRODCIREF": null, "SZL_NUMER": null, "SZLNR_NIL": null, "length": 103.31 }, "geometry": { "type": "MultiLineString", "coordinates": [ [ [ 1925926.00344136217609, 6973317.11048926319927 ], [ 1925913.253083846531808, 6973314.498399898409843 ], [ 1925904.775067880982533, 6973312.751985187642276 ], [ 1925896.94095230451785, 6973309.708260972052813 ], [ 1925894.151758547872305, 6973307.099963550455868 ], [ 1925891.107841621153057, 6973301.943528233096004 ], [ 1925889.637615073937923, 6973296.824449406936765 ], [ 1925888.581063720164821, 6973288.226053427904844 ], [ 1925887.994402243057266, 6973280.785250364802778 ], [ 1925887.813511704094708, 6973275.813093767501414 ], [ 1925887.734365214128047, 6973270.743665864691138 ], [ 1925888.828410245012492, 6973264.422741835005581 ], [ 1925891.527994591044262, 6973257.491952090524137 ], [ 1925895.905975777190179, 6973246.164837150834501 ], [ 1925905.057246006093919, 6973230.63117359764874 ], [ 1925906.783948555821553, 6973227.698102629743516 ], [ 1925915.331666587851942, 6973214.559283087030053 ], [ 1925923.189887966029346, 6973203.946172410622239 ], [ 1925926.11395860160701, 6973200.842146188952029 ], [ 1925930.566597123630345, 6973199.685092796571553 ], [ 1925945.44023471348919, 6973199.406690400093794 ] ] ] } },
{ "type": "Feature", "properties": { "TERYT": "3028", "LOKALNYID": "2EBDC9DC-3491-7DB6-E053-CC2BA8C07DDB", "WERSJAID": "2020-01-20T00:00:00", "PNAZW": "PL.PZGiK.308.BDOT10k", "GMLID": "OT_SKDR_L.1928", "X_KOD": "SKDR08", "X_SKRKARTO": null, "X_SKRK_NIL": "inapplicable", "X_KATDOKG": "dokladny", "X_DOKLGEOM": null, "X_ZRODLOG": "ortofotomapa", "X_ZRODLOA": "pomiarTerenowy", "X_KATIST": "eksploatowany", "X_KATI_NIL": null, "X_RODZREPG": "osGeometryczna", "X_UWAGI": null, "X_UZYTKOWN": "Uzytkownik30.xml", "X_AKTG": "2011-01-01", "X_AKTA": "2020-01-20", "POCZWERS": "2020-01-20", "KONIECWERS": null, "X_DATAUTW": "2012-11-13", "X_INFDOD": null, "KOD10K": null, "KOD10K_NIL": "inapplicable", "KOD25K": "0025_121", "KOD25K_NIL": null, "KOD50K": "0050_121", "KOD50K_NIL": null, "KOD100K": "0100_121", "KOD100_NIL": null, "KOD250K": null, "KOD250_NIL": "inapplicable", "KOD500K": null, "KOD500_NIL": "inapplicable", "KOD1000K": null, "KOD1000_NI": "inapplicable", "KATZARZ": "zakladowa", "KATZA_NIL": null, "KLASADROGI": "inna", "KLDROG_NIL": null, "MATNAWIERZ": "kostkaPrefabrykowana", "MATNAW_NIL": null, "NAZWADROGI": null, "LJEZDNIDR": 1, "LJEZD_NIL": null, "NRODCIREF": null, "SZL_NUMER": null, "SZLNR_NIL": null, "length": 52.93 }, "geometry": { "type": "MultiLineString", "coordinates": [ [ [ 1926000.270736152073368, 6974457.463371677324176 ], [ 1926085.27860941295512, 6974479.154690323397517 ] ] ] } },
{ "type": "Feature", "properties": { "TERYT": "3028", "LOKALNYID": "2EBDC9DC-55CC-7DB6-E053-CC2BA8C07DDB", "WERSJAID": "2020-01-20T00:00:00", "PNAZW": "PL.PZGiK.308.BDOT10k", "GMLID": "OT_SKDR_L.7284", "X_KOD": "SKDR04", "X_SKRKARTO": null, "X_SKRK_NIL": "inapplicable", "X_KATDOKG": "dokladny", "X_DOKLGEOM": null, "X_ZRODLOG": "ortofotomapa", "X_ZRODLOA": "pomiarTerenowy", "X_KATIST": "eksploatowany", "X_KATI_NIL": null, "X_RODZREPG": "osGeometryczna", "X_UWAGI": null, "X_UZYTKOWN": "Uzytkownik30.xml", "X_AKTG": "2011-01-01", "X_AKTA": "2020-01-20", "POCZWERS": "2020-01-20", "KONIECWERS": null, "X_DATAUTW": "2012-11-13", "X_INFDOD": null, "KOD10K": null, "KOD10K_NIL": "inapplicable", "KOD25K": "0025_115", "KOD25K_NIL": null, "KOD50K": "0050_115", "KOD50K_NIL": null, "KOD100K": "0100_115", "KOD100_NIL": null, "KOD250K": null, "KOD250_NIL": "inapplicable", "KOD500K": null, "KOD500_NIL": "inapplicable", "KOD1000K": null, "KOD1000_NI": "inapplicable", "KATZARZ": "wojewodzka", "KATZA_NIL": null, "KLASADROGI": "glowna", "KLDROG_NIL": null, "MATNAWIERZ": "masaBitumiczna", "MATNAW_NIL": null, "NAZWADROGI": null, "LJEZDNIDR": 1, "LJEZD_NIL": null, "NRODCIREF": null, "SZL_NUMER": "194", "SZLNR_NIL": null, "length": 53.18 }, "geometry": { "type": "MultiLineString", "coordinates": [ [ [ 1927818.346314551541582, 6970797.50356690492481 ], [ 1927892.017534383106977, 6970749.089068790897727 ] ] ] } },
{ "type": "Feature", "properties": { "TERYT": "3028", "LOKALNYID": "2EBDC9DC-578F-7DB6-E053-CC2BA8C07DDB", "WERSJAID": "2020-01-20T00:00:00", "PNAZW": "PL.PZGiK.308.BDOT10k", "GMLID": "OT_SKDR_L.8091", "X_KOD": "SKDR08", "X_SKRKARTO": null, "X_SKRK_NIL": "inapplicable", "X_KATDOKG": "dokladny", "X_DOKLGEOM": null, "X_ZRODLOG": "ortofotomapa", "X_ZRODLOA": "pomiarTerenowy", "X_KATIST": "eksploatowany", "X_KATI_NIL": null, "X_RODZREPG": "osGeometryczna", "X_UWAGI": null, "X_UZYTKOWN": "Uzytkownik30.xml", "X_AKTG": "2011-01-01", "X_AKTA": "2020-01-20", "POCZWERS": "2020-01-20", "KONIECWERS": null, "X_DATAUTW": "2012-11-13", "X_INFDOD": null, "KOD10K": null, "KOD10K_NIL": "inapplicable", "KOD25K": "0025_123", "KOD25K_NIL": null, "KOD50K": "0050_123", "KOD50K_NIL": null, "KOD100K": "0100_123", "KOD100_NIL": null, "KOD250K": null, "KOD250_NIL": "inapplicable", "KOD500K": null, "KOD500_NIL": "inapplicable", "KOD1000K": null, "KOD1000_NI": "inapplicable", "KATZARZ": "inna", "KATZA_NIL": null, "KLASADROGI": "inna", "KLDROG_NIL": null, "MATNAWIERZ": "tluczen", "MATNAW_NIL": null, "NAZWADROGI": null, "LJEZDNIDR": 1, "LJEZD_NIL": null, "NRODCIREF": null, "SZL_NUMER": null, "SZLNR_NIL": null, "length": 246.18 }, "geometry": { "type": "MultiLineString", "coordinates": [ [ [ 1929727.863985932664946, 6972175.244766576215625 ], [ 1929732.2918011744041, 6972202.326581054367125 ], [ 1929732.914162296568975, 6972226.279878882691264 ], [ 1929731.05007307510823, 6972268.881378870457411 ], [ 1929723.895725682377815, 6972338.140044831670821 ], [ 1929718.905464942799881, 6972370.452455119229853 ], [ 1929720.404217173578218, 6972389.475956078618765 ], [ 1929720.726037088083103, 6972425.699883859604597 ], [ 1929718.985932768322527, 6972462.939268035814166 ], [ 1929716.180558777414262, 6972483.906320258975029 ], [ 1929711.390005624853075, 6972514.745375543832779 ], [ 1929697.117970680585131, 6972580.750513263978064 ] ] ] } },
{ "type": "Feature", "properties": { "TERYT": "3028", "LOKALNYID": "2EBDC9DC-52C9-7DB6-E053-CC2BA8C07DDB", "WERSJAID": "2020-01-20T00:00:00", "PNAZW": "PL.PZGiK.308.BDOT10k", "GMLID": "OT_SKDR_L.7439", "X_KOD": "SKDR06", "X_SKRKARTO": null, "X_SKRK_NIL": "inapplicable", "X_KATDOKG": "dokladny", "X_DOKLGEOM": null, "X_ZRODLOG": "ortofotomapa", "X_ZRODLOA": "pomiarTerenowy", "X_KATIST": "eksploatowany", "X_KATI_NIL": null, "X_RODZREPG": "osGeometryczna", "X_UWAGI": null, "X_UZYTKOWN": "Uzytkownik30.xml", "X_AKTG": "2011-01-01", "X_AKTA": "2020-01-20", "POCZWERS": "2020-01-20", "KONIECWERS": null, "X_DATAUTW": "2012-11-13", "X_INFDOD": null, "KOD10K": null, "KOD10K_NIL": "inapplicable", "KOD25K": "0025_121", "KOD25K_NIL": null, "KOD50K": "0050_121", "KOD50K_NIL": null, "KOD100K": "0100_121", "KOD100_NIL": null, "KOD250K": null, "KOD250_NIL": "inapplicable", "KOD500K": null, "KOD500_NIL": "inapplicable", "KOD1000K": null, "KOD1000_NI": "inapplicable", "KATZARZ": "powiatowa", "KATZA_NIL": null, "KLASADROGI": "lokalna", "KLDROG_NIL": null, "MATNAWIERZ": "masaBitumiczna", "MATNAW_NIL": null, "NAZWADROGI": null, "LJEZDNIDR": 1, "LJEZD_NIL": null, "NRODCIREF": null, "SZL_NUMER": "1560P", "SZLNR_NIL": null, "length": 26.5 }, "geometry": { "type": "MultiLineString", "coordinates": [ [ [ 1927336.828702504513785, 6973226.204592574387789 ], [ 1927342.882011261535808, 6973227.460366291925311 ], [ 1927379.569503027014434, 6973236.282913574017584 ] ] ] } },
{ "type": "Feature", "properties": { "TERYT": "3028", "LOKALNYID": "2EBDC9DC-3B81-7DB6-E053-CC2BA8C07DDB", "WERSJAID": "2020-01-20T00:00:00", "PNAZW": "PL.PZGiK.308.BDOT10k", "GMLID": "OT_SKDR_L.837", "X_KOD": "SKDR06", "X_SKRKARTO": null, "X_SKRK_NIL": "inapplicable", "X_KATDOKG": "dokladny", "X_DOKLGEOM": null, "X_ZRODLOG": "ortofotomapa", "X_ZRODLOA": "pomiarTerenowy", "X_KATIST": "eksploatowany", "X_KATI_NIL": null, "X_RODZREPG": "osGeometryczna", "X_UWAGI": "droga nie ma nadanego numeru", "X_UZYTKOWN": "Uzytkownik30.xml", "X_AKTG": "2017-12-13", "X_AKTA": "2020-01-20", "POCZWERS": "2020-01-20", "KONIECWERS": null, "X_DATAUTW": "2012-11-13", "X_INFDOD": null, "KOD10K": null, "KOD10K_NIL": "inapplicable", "KOD25K": "0025_121", "KOD25K_NIL": null, "KOD50K": "0050_121", "KOD50K_NIL": null, "KOD100K": "0100_121", "KOD100_NIL": null, "KOD250K": null, "KOD250_NIL": "inapplicable", "KOD500K": null, "KOD500_NIL": "inapplicable", "KOD1000K": null, "KOD1000_NI": "inapplicable", "KATZARZ": "gminna", "KATZA_NIL": null, "KLASADROGI": "lokalna", "KLDROG_NIL": null, "MATNAWIERZ": "kostkaPrefabrykowana", "MATNAW_NIL": null, "NAZWADROGI": null, "LJEZDNIDR": 1, "LJEZD_NIL": null, "NRODCIREF": null, "SZL_NUMER": null, "SZLNR_NIL": null, "length": 75.23 }, "geometry": { "type": "MultiLineString", "coordinates": [ [ [ 1925712.058981445617974, 6971730.819854352623224 ], [ 1925719.548559654969722, 6971728.040887883864343 ], [ 1925724.982185869943351, 6971726.010439749807119 ], [ 1925733.453455677023157, 6971721.660056943073869 ], [ 1925766.308371903840452, 6971700.164134150370955 ], [ 1925801.898295174585655, 6971676.52373254019767 ], [ 1925806.037302785785869, 6971674.578783186152577 ], [ 1925810.146887289825827, 6971673.879004554823041 ], [ 1925815.114803465548903, 6971675.425560054369271 ], [ 1925819.546642348403111, 6971678.620547038502991 ] ] ] } },
{ "type": "Feature", "properties": { "TERYT": "3028", "LOKALNYID": "2EBDC9DC-3C48-7DB6-E053-CC2BA8C07DDB", "WERSJAID": "2020-01-20T00:00:00", "PNAZW": "PL.PZGiK.308.BDOT10k", "GMLID": "OT_SKDR_L.644", "X_KOD": "SKDR06", "X_SKRKARTO": null, "X_SKRK_NIL": "inapplicable", "X_KATDOKG": "dokladny", "X_DOKLGEOM": null, "X_ZRODLOG": "ortofotomapa", "X_ZRODLOA": "pomiarTerenowy", "X_KATIST": "eksploatowany", "X_KATI_NIL": null, "X_RODZREPG": "osGeometryczna", "X_UWAGI": "droga nie ma nadanego numeru", "X_UZYTKOWN": "Uzytkownik30.xml", "X_AKTG": "2011-01-01", "X_AKTA": "2020-01-20", "POCZWERS": "2020-01-20", "KONIECWERS": null, "X_DATAUTW": "2012-11-13", "X_INFDOD": null, "KOD10K": null, "KOD10K_NIL": "inapplicable", "KOD25K": "0025_121", "KOD25K_NIL": null, "KOD50K": "0050_121", "KOD50K_NIL": null, "KOD100K": "0100_121", "KOD100_NIL": null, "KOD250K": null, "KOD250_NIL": "inapplicable", "KOD500K": null, "KOD500_NIL": "inapplicable", "KOD1000K": null, "KOD1000_NI": "inapplicable", "KATZARZ": "gminna", "KATZA_NIL": null, "KLASADROGI": "lokalna", "KLDROG_NIL": null, "MATNAWIERZ": "masaBitumiczna", "MATNAW_NIL": null, "NAZWADROGI": null, "LJEZDNIDR": 1, "LJEZD_NIL": null, "NRODCIREF": null, "SZL_NUMER": null, "SZLNR_NIL": null, "length": 96.64 }, "geometry": { "type": "MultiLineString", "coordinates": [ [ [ 1926892.468678200617433, 6972889.218399529345334 ], [ 1926865.466803295072168, 6972882.31732243578881 ], [ 1926860.755155421094969, 6972881.109532793052495 ], [ 1926850.211342854425311, 6972878.418273045681417 ], [ 1926847.954516836209223, 6972877.833326291292906 ], [ 1926831.496512956684455, 6972873.623404875397682 ], [ 1926822.319752955110744, 6972871.296678425744176 ], [ 1926811.628058994887397, 6972868.552035662345588 ], [ 1926797.591774723958224, 6972864.964127701707184 ], [ 1926796.405780871631578, 6972864.653673165477812 ], [ 1926783.407205446157604, 6972861.339465340599418 ], [ 1926778.877009317977354, 6972860.16914483718574 ], [ 1926772.583805260946974, 6972858.558433829806745 ], [ 1926763.851973599288613, 6972856.341839742846787 ], [ 1926762.089355904143304, 6972855.884844653308392 ], [ 1926737.311782441334799, 6972849.550946249626577 ] ] ] } },
{ "type": "Feature", "properties": { "TERYT": "3028", "LOKALNYID": "919AFD60-CCB6-4E0F-9311-7E6163F37080", "WERSJAID": "2020-01-20T00:00:00", "PNAZW": "PL.PZGiK.308.BDOT10k", "GMLID": "ID_919AFD60-CCB6-4E0F-9311-7E6163F37080", "X_KOD": "SKDR08", "X_SKRKARTO": null, "X_SKRK_NIL": "inapplicable", "X_KATDOKG": "dokladny", "X_DOKLGEOM": null, "X_ZRODLOG": "ortofotomapa", "X_ZRODLOA": "pomiarTerenowy", "X_KATIST": "eksploatowany", "X_KATI_NIL": null, "X_RODZREPG": "osGeometryczna", "X_UWAGI": null, "X_UZYTKOWN": "Uzytkownik30.xml", "X_AKTG": "2017-06-08", "X_AKTA": "2020-01-20", "POCZWERS": "2020-01-20", "KONIECWERS": null, "X_DATAUTW": "2017-06-08", "X_INFDOD": null, "KOD10K": null, "KOD10K_NIL": "inapplicable", "KOD25K": "0025_123", "KOD25K_NIL": null, "KOD50K": "0050_123", "KOD50K_NIL": null, "KOD100K": "0100_123", "KOD100_NIL": null, "KOD250K": null, "KOD250_NIL": "inapplicable", "KOD500K": null, "KOD500_NIL": "inapplicable", "KOD1000K": null, "KOD1000_NI": "inapplicable", "KATZARZ": "inna", "KATZA_NIL": null, "KLASADROGI": "inna", "KLDROG_NIL": null, "MATNAWIERZ": "zwir", "MATNAW_NIL": null, "NAZWADROGI": null, "LJEZDNIDR": 1, "LJEZD_NIL": null, "NRODCIREF": null, "SZL_NUMER": null, "SZLNR_NIL": null, "length": 151.0 }, "geometry": { "type": "MultiLineString", "coordinates": [ [ [ 1926084.073348348261788, 6970268.946194456890225 ], [ 1926103.911946191452444, 6970268.669095998629928 ], [ 1926248.557458895724267, 6970274.753961324691772 ], [ 1926334.044706024928018, 6970276.346577504649758 ] ] ] } },
{ "type": "Feature", "properties": { "TERYT": "3028", "LOKALNYID": "A565392F-134E-4622-B184-C3B9584B4C4A", "WERSJAID": "2020-01-20T00:00:00", "PNAZW": "PL.PZGiK.308.BDOT10k", "GMLID": "ID_A565392F-134E-4622-B184-C3B9584B4C4A", "X_KOD": "SKDR08", "X_SKRKARTO": null, "X_SKRK_NIL": "inapplicable", "X_KATDOKG": "dokladny", "X_DOKLGEOM": null, "X_ZRODLOG": "ortofotomapa", "X_ZRODLOA": "pomiarTerenowy", "X_KATIST": "eksploatowany", "X_KATI_NIL": null, "X_RODZREPG": "osGeometryczna", "X_UWAGI": null, "X_UZYTKOWN": "Uzytkownik30.xml", "X_AKTG": "2017-06-08", "X_AKTA": "2020-01-20", "POCZWERS": "2020-01-20", "KONIECWERS": null, "X_DATAUTW": "2017-06-08", "X_INFDOD": null, "KOD10K": null, "KOD10K_NIL": "inapplicable", "KOD25K": "0025_123", "KOD25K_NIL": null, "KOD50K": "0050_123", "KOD50K_NIL": null, "KOD100K": "0100_123", "KOD100_NIL": null, "KOD250K": null, "KOD250_NIL": "inapplicable", "KOD500K": null, "KOD500_NIL": "inapplicable", "KOD1000K": null, "KOD1000_NI": "inapplicable", "KATZARZ": "inna", "KATZA_NIL": null, "KLASADROGI": "inna", "KLDROG_NIL": null, "MATNAWIERZ": "zwir", "MATNAW_NIL": null, "NAZWADROGI": null, "LJEZDNIDR": 1, "LJEZD_NIL": null, "NRODCIREF": null, "SZL_NUMER": null, "SZLNR_NIL": null, "length": 79.25 }, "geometry": { "type": "MultiLineString", "coordinates": [ [ [ 1926334.044706024928018, 6970276.346577504649758 ], [ 1926357.420040357159451, 6970279.258412952534854 ], [ 1926368.94600230245851, 6970284.414224508218467 ], [ 1926377.781102558365092, 6970291.266856416128576 ], [ 1926385.624288174323738, 6970302.248197983019054 ], [ 1926417.476165056461468, 6970365.235360144637525 ] ] ] } },
{ "type": "Feature", "properties": { "TERYT": "3028", "LOKALNYID": "9CAD6998-B0F8-4DC2-85E3-1A6821705176", "WERSJAID": "2020-01-20T00:00:00", "PNAZW": "PL.PZGiK.308.BDOT10k", "GMLID": "ID_9CAD6998-B0F8-4DC2-85E3-1A6821705176", "X_KOD": "SKDR08", "X_SKRKARTO": null, "X_SKRK_NIL": "inapplicable", "X_KATDOKG": "dokladny", "X_DOKLGEOM": null, "X_ZRODLOG": "ortofotomapa", "X_ZRODLOA": "pomiarTerenowy", "X_KATIST": "eksploatowany", "X_KATI_NIL": null, "X_RODZREPG": "osGeometryczna", "X_UWAGI": null, "X_UZYTKOWN": "Uzytkownik30.xml", "X_AKTG": "2017-06-08", "X_AKTA": "2020-01-20", "POCZWERS": "2020-01-20", "KONIECWERS": null, "X_DATAUTW": "2017-06-08", "X_INFDOD": null, "KOD10K": null, "KOD10K_NIL": "inapplicable", "KOD25K": "0025_123", "KOD25K_NIL": null, "KOD50K": "0050_123", "KOD50K_NIL": null, "KOD100K": "0100_123", "KOD100_NIL": null, "KOD250K": null, "KOD250_NIL": "inapplicable", "KOD500K": null, "KOD500_NIL": "inapplicable", "KOD1000K": null, "KOD1000_NI": "inapplicable", "KATZARZ": "inna", "KATZA_NIL": null, "KLASADROGI": "inna", "KLDROG_NIL": null, "MATNAWIERZ": "zwir", "MATNAW_NIL": null, "NAZWADROGI": null, "LJEZDNIDR": 1, "LJEZD_NIL": null, "NRODCIREF": null, "SZL_NUMER": null, "SZLNR_NIL": null, "length": 814.4 }, "geometry": { "type": "MultiLineString", "coordinates": [ [ [ 1925496.084907428128645, 6970775.900210997089744 ], [ 1925897.815720979124308, 6970751.593342203646898 ], [ 1925971.724724244326353, 6970747.633226162753999 ], [ 1926081.331744430819526, 6970740.515914562158287 ], [ 1926303.3988975698594, 6970729.633067913353443 ], [ 1926309.038763507734984, 6970725.846742899157107 ], [ 1926309.690463458420709, 6970719.284757358953357 ], [ 1926304.880815050797537, 6970711.746362312696874 ], [ 1926090.630614861380309, 6970354.786432707682252 ], [ 1926066.916990005876869, 6970314.944311465136707 ], [ 1926062.497298825997859, 6970302.133796676062047 ], [ 1926062.145177248632535, 6970291.778185922652483 ], [ 1926065.445681254146621, 6970285.312592813745141 ], [ 1926069.528866161825135, 6970279.380430893041193 ], [ 1926075.881114666350186, 6970274.18302468303591 ], [ 1926084.073348348261788, 6970268.946194456890225 ] ] ] } },
{ "type": "Feature", "properties": { "TERYT": "3028", "LOKALNYID": "2EBDC9DC-3771-7DB6-E053-CC2BA8C07DDB", "WERSJAID": "2020-01-20T00:00:00", "PNAZW": "PL.PZGiK.308.BDOT10k", "GMLID": "OT_SKDR_L.566", "X_KOD": "SKDR06", "X_SKRKARTO": null, "X_SKRK_NIL": "inapplicable", "X_KATDOKG": "dokladny", "X_DOKLGEOM": null, "X_ZRODLOG": "ortofotomapa", "X_ZRODLOA": "pomiarTerenowy", "X_KATIST": "eksploatowany", "X_KATI_NIL": null, "X_RODZREPG": "osGeometryczna", "X_UWAGI": null, "X_UZYTKOWN": "Uzytkownik30.xml", "X_AKTG": "2017-12-13", "X_AKTA": "2020-01-20", "POCZWERS": "2020-01-20", "KONIECWERS": null, "X_DATAUTW": "2012-11-13", "X_INFDOD": null, "KOD10K": null, "KOD10K_NIL": "inapplicable", "KOD25K": "0025_121", "KOD25K_NIL": null, "KOD50K": "0050_121", "KOD50K_NIL": null, "KOD100K": "0100_121", "KOD100_NIL": null, "KOD250K": null, "KOD250_NIL": "inapplicable", "KOD500K": null, "KOD500_NIL": "inapplicable", "KOD1000K": null, "KOD1000_NI": "inapplicable", "KATZARZ": "gminna", "KATZA_NIL": null, "KLASADROGI": "lokalna", "KLDROG_NIL": null, "MATNAWIERZ": "masaBitumiczna", "MATNAW_NIL": null, "NAZWADROGI": null, "LJEZDNIDR": 1, "LJEZD_NIL": null, "NRODCIREF": null, "SZL_NUMER": "207001P", "SZLNR_NIL": null, "length": 123.71 }, "geometry": { "type": "MultiLineString", "coordinates": [ [ [ 1926905.231584280263633, 6972972.407902746461332 ], [ 1926915.07256937911734, 6972977.508212710730731 ], [ 1926930.59554628143087, 6972985.550458027981222 ], [ 1926946.273646370740607, 6972995.457145838998258 ], [ 1926956.268426301656291, 6973001.773895251564682 ], [ 1926961.441792850848287, 6973005.202249814756215 ], [ 1926964.918184037320316, 6973007.494005126878619 ], [ 1926976.34299268363975, 6973015.024108249694109 ], [ 1926984.489617570769042, 6973019.585940644145012 ], [ 1926996.2822205289267, 6973024.86514975503087 ], [ 1927007.866139549296349, 6973028.444753065705299 ], [ 1927033.901646231068298, 6973035.588497961871326 ], [ 1927052.202863841317594, 6973040.37322491966188 ], [ 1927060.661565546644852, 6973042.234205218963325 ], [ 1927092.977526658447459, 6973049.42623077891767 ] ] ] } },
{ "type": "Feature", "properties": { "TERYT": "3028", "LOKALNYID": "2EBDC9DC-4CD3-7DB6-E053-CC2BA8C07DDB", "WERSJAID": "2020-01-20T00:00:00", "PNAZW": "PL.PZGiK.308.BDOT10k", "GMLID": "OT_SKDR_L.8321", "X_KOD": "SKDR06", "X_SKRKARTO": null, "X_SKRK_NIL": "inapplicable", "X_KATDOKG": "dokladny", "X_DOKLGEOM": null, "X_ZRODLOG": "ortofotomapa", "X_ZRODLOA": "pomiarTerenowy", "X_KATIST": "eksploatowany", "X_KATI_NIL": null, "X_RODZREPG": "osGeometryczna", "X_UWAGI": null, "X_UZYTKOWN": "Uzytkownik30.xml", "X_AKTG": "2017-12-13", "X_AKTA": "2020-01-20", "POCZWERS": "2020-01-20", "KONIECWERS": null, "X_DATAUTW": "2012-11-13", "X_INFDOD": null, "KOD10K": null, "KOD10K_NIL": "inapplicable", "KOD25K": "0025_123", "KOD25K_NIL": null, "KOD50K": "0050_123", "KOD50K_NIL": null, "KOD100K": "0100_123", "KOD100_NIL": null, "KOD250K": null, "KOD250_NIL": "inapplicable", "KOD500K": null, "KOD500_NIL": "inapplicable", "KOD1000K": null, "KOD1000_NI": "inapplicable", "KATZARZ": "gminna", "KATZA_NIL": null, "KLASADROGI": "lokalna", "KLDROG_NIL": null, "MATNAWIERZ": "tluczen", "MATNAW_NIL": null, "NAZWADROGI": null, "LJEZDNIDR": 1, "LJEZD_NIL": null, "NRODCIREF": null, "SZL_NUMER": "207009P", "SZLNR_NIL": null, "length": 831.96 }, "geometry": { "type": "MultiLineString", "coordinates": [ [ [ 1926494.732586033176631, 6974369.791131557896733 ], [ 1926474.842252835165709, 6974561.184545645490289 ], [ 1926464.491994214011356, 6974694.479438821785152 ], [ 1926456.608265903079882, 6974765.267952387221158 ], [ 1926453.422721698647365, 6974798.461830857209861 ], [ 1926443.718822325579822, 6974904.289264245890081 ], [ 1926441.823547697393224, 6974923.521622220054269 ], [ 1926438.550682572182268, 6974980.827388823032379 ], [ 1926428.791018065297976, 6975070.004017798230052 ], [ 1926418.617261279374361, 6975175.341930778697133 ], [ 1926413.04969126987271, 6975249.114413949660957 ], [ 1926408.643553363159299, 6975294.695820949040353 ], [ 1926405.421692445408553, 6975328.007343254052103 ], [ 1926391.667988518951461, 6975442.421124842949212 ], [ 1926388.334843068383634, 6975482.561216914094985 ], [ 1926386.979981236392632, 6975519.657114323228598 ], [ 1926381.474440268939361, 6975569.668075012043118 ], [ 1926365.074421083321795, 6975714.736199173144996 ], [ 1926361.783431387273595, 6975745.338747419416904 ] ] ] } },
{ "type": "Feature", "properties": { "TERYT": "3028", "LOKALNYID": "629AF864-9677-425E-86F8-3526DD6212AF", "WERSJAID": "2020-01-20T00:00:00", "PNAZW": "PL.PZGiK.308.BDOT10k", "GMLID": "ID_629AF864-9677-425E-86F8-3526DD6212AF", "X_KOD": "SKDR08", "X_SKRKARTO": null, "X_SKRK_NIL": "inapplicable", "X_KATDOKG": "dokladny", "X_DOKLGEOM": null, "X_ZRODLOG": "ortofotomapa", "X_ZRODLOA": "pomiarTerenowy", "X_KATIST": "eksploatowany", "X_KATI_NIL": null, "X_RODZREPG": "osGeometryczna", "X_UWAGI": null, "X_UZYTKOWN": "Uzytkownik30.xml", "X_AKTG": "2017-09-21", "X_AKTA": "2020-01-20", "POCZWERS": "2020-01-20", "KONIECWERS": null, "X_DATAUTW": "2017-09-21", "X_INFDOD": null, "KOD10K": null, "KOD10K_NIL": "inapplicable", "KOD25K": "0025_121", "KOD25K_NIL": null, "KOD50K": "0050_121", "KOD50K_NIL": null, "KOD100K": "0100_121", "KOD100_NIL": null, "KOD250K": null, "KOD250_NIL": "inapplicable", "KOD500K": null, "KOD500_NIL": "inapplicable", "KOD1000K": null, "KOD1000_NI": "inapplicable", "KATZARZ": "inna", "KATZA_NIL": null, "KLASADROGI": "inna", "KLDROG_NIL": null, "MATNAWIERZ": "kostkaPrefabrykowana", "MATNAW_NIL": null, "NAZWADROGI": null, "LJEZDNIDR": 1, "LJEZD_NIL": null, "NRODCIREF": null, "SZL_NUMER": null, "SZLNR_NIL": null, "length": 83.92 }, "geometry": { "type": "MultiLineString", "coordinates": [ [ [ 1926348.752298100152984, 6972293.661277201026678 ], [ 1926365.518317244946957, 6972155.308629606850445 ] ] ] } },
{ "type": "Feature", "properties": { "TERYT": "3028", "LOKALNYID": "D4E00EB7-BDE9-46BA-95D8-C6FF3590C57E", "WERSJAID": "2020-01-20T00:00:00", "PNAZW": "PL.PZGiK.308.BDOT10k", "GMLID": "ID_D4E00EB7-BDE9-46BA-95D8-C6FF3590C57E", "X_KOD": "SKDR08", "X_SKRKARTO": null, "X_SKRK_NIL": "inapplicable", "X_KATDOKG": "dokladny", "X_DOKLGEOM": null, "X_ZRODLOG": "ortofotomapa", "X_ZRODLOA": "pomiarTerenowy", "X_KATIST": "eksploatowany", "X_KATI_NIL": null, "X_RODZREPG": "osGeometryczna", "X_UWAGI": null, "X_UZYTKOWN": "Uzytkownik30.xml", "X_AKTG": "2017-12-13", "X_AKTA": "2020-01-20", "POCZWERS": "2020-01-20", "KONIECWERS": null, "X_DATAUTW": "2017-12-13", "X_INFDOD": null, "KOD10K": null, "KOD10K_NIL": "inapplicable", "KOD25K": "0025_121", "KOD25K_NIL": null, "KOD50K": "0050_121", "KOD50K_NIL": null, "KOD100K": "0100_121", "KOD100_NIL": null, "KOD250K": null, "KOD250_NIL": "inapplicable", "KOD500K": null, "KOD500_NIL": "inapplicable", "KOD1000K": null, "KOD1000_NI": "inapplicable", "KATZARZ": "inna", "KATZA_NIL": null, "KLASADROGI": "inna", "KLDROG_NIL": null, "MATNAWIERZ": "kostkaPrefabrykowana", "MATNAW_NIL": null, "NAZWADROGI": null, "LJEZDNIDR": 1, "LJEZD_NIL": null, "NRODCIREF": null, "SZL_NUMER": null, "SZLNR_NIL": null, "length": 7.14 }, "geometry": { "type": "MultiLineString", "coordinates": [ [ [ 1926367.550135200144723, 6972143.628247850574553 ], [ 1926365.518317244946957, 6972155.308629606850445 ] ] ] } },
{ "type": "Feature", "properties": { "TERYT": "3028", "LOKALNYID": "36399540-7D2C-4FEC-94EE-EA39DA6E8E9D", "WERSJAID": "2020-01-20T00:00:00", "PNAZW": "PL.PZGiK.308.BDOT10k", "GMLID": "ID_36399540-7D2C-4FEC-94EE-EA39DA6E8E9D", "X_KOD": "SKDR05", "X_SKRKARTO": null, "X_SKRK_NIL": "inapplicable", "X_KATDOKG": "dokladny", "X_DOKLGEOM": null, "X_ZRODLOG": "ortofotomapa", "X_ZRODLOA": "pomiarTerenowy", "X_KATIST": "eksploatowany", "X_KATI_NIL": null, "X_RODZREPG": "osGeometryczna", "X_UWAGI": null, "X_UZYTKOWN": "Uzytkownik30.xml", "X_AKTG": "2017-12-13", "X_AKTA": "2020-01-20", "POCZWERS": "2020-01-20", "KONIECWERS": null, "X_DATAUTW": "2017-12-13", "X_INFDOD": null, "KOD10K": null, "KOD10K_NIL": "inapplicable", "KOD25K": "0025_119", "KOD25K_NIL": null, "KOD50K": "0050_119", "KOD50K_NIL": null, "KOD100K": "0100_117", "KOD100_NIL": null, "KOD250K": null, "KOD250_NIL": "inapplicable", "KOD500K": null, "KOD500_NIL": "inapplicable", "KOD1000K": null, "KOD1000_NI": "inapplicable", "KATZARZ": "powiatowa", "KATZA_NIL": null, "KLASADROGI": "zbiorcza", "KLDROG_NIL": null, "MATNAWIERZ": "masaBitumiczna", "MATNAW_NIL": null, "NAZWADROGI": null, "LJEZDNIDR": 1, "LJEZD_NIL": null, "NRODCIREF": null, "SZL_NUMER": "1562P", "SZLNR_NIL": null, "length": 329.82 }, "geometry": { "type": "MultiLineString", "coordinates": [ [ [ 1925446.928039208985865, 6970230.480600205250084 ], [ 1925453.152085941750556, 6970297.910544591955841 ], [ 1925467.763159620808437, 6970463.201585437171161 ], [ 1925480.072929635411128, 6970603.942333904094994 ], [ 1925496.084907428128645, 6970775.900210997089744 ] ] ] } },
{ "type": "Feature", "properties": { "TERYT": "3028", "LOKALNYID": "A73296D9-1DB7-4441-BF09-381B5DDE696D", "WERSJAID": "2020-01-20T00:00:00", "PNAZW": "PL.PZGiK.308.BDOT10k", "GMLID": "ID_A73296D9-1DB7-4441-BF09-381B5DDE696D", "X_KOD": "SKDR06", "X_SKRKARTO": null, "X_SKRK_NIL": "inapplicable", "X_KATDOKG": "dokladny", "X_DOKLGEOM": null, "X_ZRODLOG": "ortofotomapa", "X_ZRODLOA": "pomiarTerenowy", "X_KATIST": "eksploatowany", "X_KATI_NIL": null, "X_RODZREPG": "osGeometryczna", "X_UWAGI": null, "X_UZYTKOWN": "Uzytkownik30.xml", "X_AKTG": "2017-12-13", "X_AKTA": "2020-01-20", "POCZWERS": "2020-01-20", "KONIECWERS": null, "X_DATAUTW": "2017-12-13", "X_INFDOD": null, "KOD10K": null, "KOD10K_NIL": "inapplicable", "KOD25K": "0025_121", "KOD25K_NIL": null, "KOD50K": "0050_121", "KOD50K_NIL": null, "KOD100K": "0100_121", "KOD100_NIL": null, "KOD250K": null, "KOD250_NIL": "inapplicable", "KOD500K": null, "KOD500_NIL": "inapplicable", "KOD1000K": null, "KOD1000_NI": "inapplicable", "KATZARZ": "powiatowa", "KATZA_NIL": null, "KLASADROGI": "lokalna", "KLDROG_NIL": null, "MATNAWIERZ": "masaBitumiczna", "MATNAW_NIL": null, "NAZWADROGI": null, "LJEZDNIDR": 1, "LJEZD_NIL": null, "NRODCIREF": null, "SZL_NUMER": "1557P", "SZLNR_NIL": null, "length": 746.3 }, "geometry": { "type": "MultiLineString", "coordinates": [ [ [ 1927962.774323316523805, 6973946.170407510362566 ], [ 1928013.921893258811906, 6973982.580999775789678 ], [ 1928040.258145991247147, 6974001.859266084618866 ], [ 1928045.785072240978479, 6974005.810736624523997 ], [ 1928088.323377470485866, 6974036.13684942945838 ], [ 1928133.49234605114907, 6974068.817630438134074 ], [ 1928215.742791334399953, 6974128.472471508197486 ], [ 1928344.923134494572878, 6974221.479783822782338 ], [ 1928413.3680036989972, 6974270.49109183717519 ], [ 1928472.650637433631346, 6974312.939881782978773 ], [ 1928513.783263762015849, 6974342.550635125488043 ], [ 1928576.990911895409226, 6974388.048752299509943 ], [ 1928659.180374053074047, 6974444.908185985870659 ], [ 1928696.866219976451248, 6974470.964819035492837 ], [ 1928789.943346465937793, 6974533.030088047496974 ], [ 1928822.63336859527044, 6974553.68525954708457 ], [ 1928840.539674672763795, 6974564.240400752052665 ], [ 1928882.821956636151299, 6974587.296453511342406 ], [ 1928921.059367303038016, 6974606.086845342069864 ], [ 1928987.55094135645777, 6974636.720561905764043 ] ] ] } },
{ "type": "Feature", "properties": { "TERYT": "3028", "LOKALNYID": "018F409A-A76D-45A3-8397-BAE4B0118659", "WERSJAID": "2020-01-20T00:00:00", "PNAZW": "PL.PZGiK.308.BDOT10k", "GMLID": "ID_018F409A-A76D-45A3-8397-BAE4B0118659", "X_KOD": "SKDR06", "X_SKRKARTO": null, "X_SKRK_NIL": "inapplicable", "X_KATDOKG": "dokladny", "X_DOKLGEOM": null, "X_ZRODLOG": "ortofotomapa", "X_ZRODLOA": "pomiarTerenowy", "X_KATIST": "eksploatowany", "X_KATI_NIL": null, "X_RODZREPG": "osGeometryczna", "X_UWAGI": null, "X_UZYTKOWN": "Uzytkownik30.xml", "X_AKTG": "2017-12-13", "X_AKTA": "2020-01-20", "POCZWERS": "2020-01-20", "KONIECWERS": null, "X_DATAUTW": "2017-12-13", "X_INFDOD": null, "KOD10K": null, "KOD10K_NIL": "inapplicable", "KOD25K": "0025_121", "KOD25K_NIL": null, "KOD50K": "0050_121", "KOD50K_NIL": null, "KOD100K": "0100_121", "KOD100_NIL": null, "KOD250K": null, "KOD250_NIL": "inapplicable", "KOD500K": null, "KOD500_NIL": "inapplicable", "KOD1000K": null, "KOD1000_NI": "inapplicable", "KATZARZ": "powiatowa", "KATZA_NIL": null, "KLASADROGI": "lokalna", "KLDROG_NIL": null, "MATNAWIERZ": "masaBitumiczna", "MATNAW_NIL": null, "NAZWADROGI": null, "LJEZDNIDR": 1, "LJEZD_NIL": null, "NRODCIREF": null, "SZL_NUMER": "1560P", "SZLNR_NIL": null, "length": 58.96 }, "geometry": { "type": "MultiLineString", "coordinates": [ [ [ 1927721.072498691966757, 6973233.850513394922018 ], [ 1927789.375126222614199, 6973181.39142007753253 ], [ 1927798.543107993202284, 6973174.196697726845741 ] ] ] } },
{ "type": "Feature", "properties": { "TERYT": "3028", "LOKALNYID": "2EBDC9DC-345C-7DB6-E053-CC2BA8C07DDB", "WERSJAID": "2020-01-20T00:00:00", "PNAZW": "PL.PZGiK.308.BDOT10k", "GMLID": "OT_SKDR_L.1132", "X_KOD": "SKDR06", "X_SKRKARTO": null, "X_SKRK_NIL": "inapplicable", "X_KATDOKG": "dokladny", "X_DOKLGEOM": null, "X_ZRODLOG": "ortofotomapa", "X_ZRODLOA": "pomiarTerenowy", "X_KATIST": "eksploatowany", "X_KATI_NIL": null, "X_RODZREPG": "osGeometryczna", "X_UWAGI": null, "X_UZYTKOWN": "Uzytkownik30.xml", "X_AKTG": "2017-12-13", "X_AKTA": "2020-01-20", "POCZWERS": "2020-01-20", "KONIECWERS": null, "X_DATAUTW": "2012-11-13", "X_INFDOD": null, "KOD10K": null, "KOD10K_NIL": "inapplicable", "KOD25K": "0025_121", "KOD25K_NIL": null, "KOD50K": "0050_121", "KOD50K_NIL": null, "KOD100K": "0100_121", "KOD100_NIL": null, "KOD250K": null, "KOD250_NIL": "inapplicable", "KOD500K": null, "KOD500_NIL": "inapplicable", "KOD1000K": null, "KOD1000_NI": "inapplicable", "KATZARZ": "gminna", "KATZA_NIL": null, "KLASADROGI": "lokalna", "KLDROG_NIL": null, "MATNAWIERZ": "masaBitumiczna", "MATNAW_NIL": null, "NAZWADROGI": null, "LJEZDNIDR": 1, "LJEZD_NIL": null, "NRODCIREF": null, "SZL_NUMER": "207008P", "SZLNR_NIL": null, "length": 131.44 }, "geometry": { "type": "MultiLineString", "coordinates": [ [ [ 1926905.231584280263633, 6972972.407902746461332 ], [ 1926940.464082766324282, 6972954.199682248756289 ], [ 1926950.463276646099985, 6972949.036074688658118 ], [ 1926962.58232040470466, 6972943.939103989861906 ], [ 1926973.485086945351213, 6972941.936884699389338 ], [ 1926976.718278445536271, 6972941.880273865535855 ], [ 1926983.118793425615877, 6972941.748879649676383 ], [ 1926991.919191860593855, 6972943.169391280971467 ], [ 1927005.883019382599741, 6972946.323310163803399 ], [ 1927028.514747567242011, 6972952.306761240586638 ], [ 1927035.375170626211911, 6972953.764527306891978 ], [ 1927059.528929252875969, 6972959.866874672472477 ], [ 1927082.067586440360174, 6972965.582159349694848 ], [ 1927112.241565250093117, 6972973.637303948402405 ] ] ] } },
{ "type": "Feature", "properties": { "TERYT": "3028", "LOKALNYID": "B2649546-B719-413A-8837-BB910752236B", "WERSJAID": "2020-01-20T00:00:00", "PNAZW": "PL.PZGiK.308.BDOT10k", "GMLID": "ID_B2649546-B719-413A-8837-BB910752236B", "X_KOD": "SKDR06", "X_SKRKARTO": null, "X_SKRK_NIL": "inapplicable", "X_KATDOKG": "dokladny", "X_DOKLGEOM": null, "X_ZRODLOG": "ortofotomapa", "X_ZRODLOA": "pomiarTerenowy", "X_KATIST": "eksploatowany", "X_KATI_NIL": null, "X_RODZREPG": "osGeometryczna", "X_UWAGI": null, "X_UZYTKOWN": "Uzytkownik30.xml", "X_AKTG": "2017-12-13", "X_AKTA": "2020-01-20", "POCZWERS": "2020-01-20", "KONIECWERS": null, "X_DATAUTW": "2017-12-13", "X_INFDOD": null, "KOD10K": null, "KOD10K_NIL": "inapplicable", "KOD25K": "0025_123", "KOD25K_NIL": null, "KOD50K": "0050_123", "KOD50K_NIL": null, "KOD100K": "0100_123", "KOD100_NIL": null, "KOD250K": null, "KOD250_NIL": "inapplicable", "KOD500K": null, "KOD500_NIL": "inapplicable", "KOD1000K": null, "KOD1000_NI": "inapplicable", "KATZARZ": "gminna", "KATZA_NIL": null, "KLASADROGI": "lokalna", "KLDROG_NIL": null, "MATNAWIERZ": "tluczen", "MATNAW_NIL": null, "NAZWADROGI": null, "LJEZDNIDR": 1, "LJEZD_NIL": null, "NRODCIREF": null, "SZL_NUMER": "207009P", "SZLNR_NIL": null, "length": 146.11 }, "geometry": { "type": "MultiLineString", "coordinates": [ [ [ 1926361.783431387273595, 6975745.338747419416904 ], [ 1926355.176960946526378, 6975811.097529036924243 ], [ 1926341.393019116017967, 6975987.229118754155934 ] ] ] } },
{ "type": "Feature", "properties": { "TERYT": "3028", "LOKALNYID": "BE5F9701-0DBB-47F3-B2E5-A7C9A0FE8FE0", "WERSJAID": "2020-01-20T00:00:00", "PNAZW": "PL.PZGiK.308.BDOT10k", "GMLID": "ID_BE5F9701-0DBB-47F3-B2E5-A7C9A0FE8FE0", "X_KOD": "SKDR05", "X_SKRKARTO": null, "X_SKRK_NIL": "inapplicable", "X_KATDOKG": "dokladny", "X_DOKLGEOM": null, "X_ZRODLOG": "ortofotomapa", "X_ZRODLOA": "pomiarTerenowy", "X_KATIST": "eksploatowany", "X_KATI_NIL": null, "X_RODZREPG": "osGeometryczna", "X_UWAGI": null, "X_UZYTKOWN": "Uzytkownik30.xml", "X_AKTG": "2017-12-13", "X_AKTA": "2020-01-20", "POCZWERS": "2020-01-20", "KONIECWERS": null, "X_DATAUTW": "2017-12-13", "X_INFDOD": null, "KOD10K": null, "KOD10K_NIL": "inapplicable", "KOD25K": "0025_119", "KOD25K_NIL": null, "KOD50K": "0050_119", "KOD50K_NIL": null, "KOD100K": "0100_117", "KOD100_NIL": null, "KOD250K": null, "KOD250_NIL": "inapplicable", "KOD500K": null, "KOD500_NIL": "inapplicable", "KOD1000K": null, "KOD1000_NI": "inapplicable", "KATZARZ": "powiatowa", "KATZA_NIL": null, "KLASADROGI": "zbiorcza", "KLDROG_NIL": null, "MATNAWIERZ": "masaBitumiczna", "MATNAW_NIL": null, "NAZWADROGI": null, "LJEZDNIDR": 1, "LJEZD_NIL": null, "NRODCIREF": null, "SZL_NUMER": "1562P", "SZLNR_NIL": null, "length": 591.86 }, "geometry": { "type": "MultiLineString", "coordinates": [ [ [ 1925496.084907428128645, 6970775.900210997089744 ], [ 1925503.398189545376226, 6970841.45044309925288 ], [ 1925518.109032528474927, 6970990.011800406500697 ], [ 1925519.779171169036999, 6971006.960725978016853 ], [ 1925525.689907789463177, 6971058.975236950442195 ], [ 1925527.137883407995105, 6971069.208429920487106 ], [ 1925528.58625537250191, 6971079.425034635700285 ], [ 1925533.006580634042621, 6971099.894509620964527 ], [ 1925537.189737785607576, 6971113.581322689540684 ], [ 1925554.992988782934844, 6971172.108229798264802 ], [ 1925583.898310480173677, 6971253.058153134770691 ], [ 1925612.3274924561847, 6971338.050527859479189 ], [ 1925630.16232632403262, 6971394.586314402520657 ], [ 1925642.037873833673075, 6971433.35641785338521 ], [ 1925655.782318253302947, 6971488.400260337628424 ], [ 1925659.913886017166078, 6971506.388758009299636 ], [ 1925668.716759528499097, 6971544.770726199261844 ], [ 1925682.889629373326898, 6971605.539806134067476 ], [ 1925693.317620996618643, 6971650.190166021697223 ], [ 1925712.058981445617974, 6971730.819854352623224 ] ] ] } },
{ "type": "Feature", "properties": { "TERYT": "3028", "LOKALNYID": "1AA5A42E-4D10-4AA9-853D-0B501B1B66CA", "WERSJAID": "2020-01-20T00:00:00", "PNAZW": "PL.PZGiK.308.BDOT10k", "GMLID": "ID_1AA5A42E-4D10-4AA9-853D-0B501B1B66CA", "X_KOD": "SKDR08", "X_SKRKARTO": null, "X_SKRK_NIL": "inapplicable", "X_KATDOKG": "dokladny", "X_DOKLGEOM": null, "X_ZRODLOG": "ortofotomapa", "X_ZRODLOA": "pomiarTerenowy", "X_KATIST": "eksploatowany", "X_KATI_NIL": null, "X_RODZREPG": "osGeometryczna", "X_UWAGI": null, "X_UZYTKOWN": "Uzytkownik30.xml", "X_AKTG": "2017-12-13", "X_AKTA": "2020-01-20", "POCZWERS": "2020-01-20", "KONIECWERS": null, "X_DATAUTW": "2017-12-13", "X_INFDOD": null, "KOD10K": null, "KOD10K_NIL": "inapplicable", "KOD25K": "0025_121", "KOD25K_NIL": null, "KOD50K": "0050_121", "KOD50K_NIL": null, "KOD100K": "0100_121", "KOD100_NIL": null, "KOD250K": null, "KOD250_NIL": "inapplicable", "KOD500K": null, "KOD500_NIL": "inapplicable", "KOD1000K": null, "KOD1000_NI": "inapplicable", "KATZARZ": "inna", "KATZA_NIL": null, "KLASADROGI": "inna", "KLDROG_NIL": null, "MATNAWIERZ": "kostkaPrefabrykowana", "MATNAW_NIL": null, "NAZWADROGI": null, "LJEZDNIDR": 1, "LJEZD_NIL": null, "NRODCIREF": null, "SZL_NUMER": null, "SZLNR_NIL": null, "length": 16.83 }, "geometry": { "type": "MultiLineString", "coordinates": [ [ [ 1926365.518317244946957, 6972155.308629606850445 ], [ 1926375.26793820108287, 6972155.788635459728539 ], [ 1926384.799250474665314, 6972157.094091428443789 ], [ 1926392.678213730221614, 6972160.304097256623209 ] ] ] } },
{ "type": "Feature", "properties": { "TERYT": "3028", "LOKALNYID": "6206C9A6-7AFB-48A6-A946-CFABCB6CA5D8", "WERSJAID": "2020-01-20T00:00:00", "PNAZW": "PL.PZGiK.308.BDOT10k", "GMLID": "ID_6206C9A6-7AFB-48A6-A946-CFABCB6CA5D8", "X_KOD": "SKDR06", "X_SKRKARTO": null, "X_SKRK_NIL": "inapplicable", "X_KATDOKG": "dokladny", "X_DOKLGEOM": null, "X_ZRODLOG": "ortofotomapa", "X_ZRODLOA": "pomiarTerenowy", "X_KATIST": "eksploatowany", "X_KATI_NIL": null, "X_RODZREPG": "osGeometryczna", "X_UWAGI": null, "X_UZYTKOWN": "Uzytkownik30.xml", "X_AKTG": "2017-12-13", "X_AKTA": "2020-01-20", "POCZWERS": "2020-01-20", "KONIECWERS": null, "X_DATAUTW": "2017-12-13", "X_INFDOD": null, "KOD10K": null, "KOD10K_NIL": "inapplicable", "KOD25K": "0025_121", "KOD25K_NIL": null, "KOD50K": "0050_121", "KOD50K_NIL": null, "KOD100K": "0100_121", "KOD100_NIL": null, "KOD250K": null, "KOD250_NIL": "inapplicable", "KOD500K": null, "KOD500_NIL": "inapplicable", "KOD1000K": null, "KOD1000_NI": "inapplicable", "KATZARZ": "powiatowa", "KATZA_NIL": null, "KLASADROGI": "lokalna", "KLDROG_NIL": null, "MATNAWIERZ": "masaBitumiczna", "MATNAW_NIL": null, "NAZWADROGI": null, "LJEZDNIDR": 1, "LJEZD_NIL": null, "NRODCIREF": null, "SZL_NUMER": "1560P", "SZLNR_NIL": null, "length": 146.79 }, "geometry": { "type": "MultiLineString", "coordinates": [ [ [ 1926052.368458703160286, 6972810.708365553058684 ], [ 1926065.224253162043169, 6972816.545686012133956 ], [ 1926091.394602422835305, 6972828.447136232629418 ], [ 1926114.459971832577139, 6972839.892783530056477 ], [ 1926123.983711906708777, 6972845.767331454902887 ], [ 1926132.279084509937093, 6972852.426841142587364 ], [ 1926143.664552898379043, 6972864.393025059252977 ], [ 1926160.248402175726369, 6972880.818702805787325 ], [ 1926177.075693243416026, 6972897.466132168658078 ], [ 1926219.973050172440708, 6972938.0244195247069 ], [ 1926231.839437980670482, 6972947.1775769777596 ], [ 1926245.232277555624023, 6972954.854994051158428 ] ] ] } },
{ "type": "Feature", "properties": { "TERYT": "3028", "LOKALNYID": "AABFA512-B422-4F1B-A0AF-93D86947F56D", "WERSJAID": "2020-01-20T00:00:00", "PNAZW": "PL.PZGiK.308.BDOT10k", "GMLID": "ID_AABFA512-B422-4F1B-A0AF-93D86947F56D", "X_KOD": "SKDR08", "X_SKRKARTO": null, "X_SKRK_NIL": "inapplicable", "X_KATDOKG": "dokladny", "X_DOKLGEOM": null, "X_ZRODLOG": "ortofotomapa", "X_ZRODLOA": "pomiarTerenowy", "X_KATIST": "eksploatowany", "X_KATI_NIL": null, "X_RODZREPG": "osGeometryczna", "X_UWAGI": null, "X_UZYTKOWN": "Uzytkownik30.xml", "X_AKTG": "2017-09-05", "X_AKTA": "2020-01-20", "POCZWERS": "2020-01-20", "KONIECWERS": null, "X_DATAUTW": "2017-09-05", "X_INFDOD": null, "KOD10K": null, "KOD10K_NIL": "inapplicable", "KOD25K": "0025_121", "KOD25K_NIL": null, "KOD50K": "0050_121", "KOD50K_NIL": null, "KOD100K": "0100_121", "KOD100_NIL": null, "KOD250K": null, "KOD250_NIL": "inapplicable", "KOD500K": null, "KOD500_NIL": "inapplicable", "KOD1000K": null, "KOD1000_NI": "inapplicable", "KATZARZ": "inna", "KATZA_NIL": null, "KLASADROGI": "inna", "KLDROG_NIL": null, "MATNAWIERZ": "kostkaPrefabrykowana", "MATNAW_NIL": null, "NAZWADROGI": null, "LJEZDNIDR": 1, "LJEZD_NIL": null, "NRODCIREF": null, "SZL_NUMER": null, "SZLNR_NIL": null, "length": 101.05 }, "geometry": { "type": "MultiLineString", "coordinates": [ [ [ 1927798.543107993202284, 6973174.196697726845741 ], [ 1927791.636817949824035, 6973164.763437821529806 ], [ 1927767.056135323829949, 6973127.965953229926527 ], [ 1927762.320579613791779, 6973117.138268576003611 ], [ 1927758.057426229817793, 6973101.702859494835138 ], [ 1927754.771328953793272, 6973089.845942269079387 ], [ 1927750.507242251886055, 6973081.538168176077306 ], [ 1927738.73185337590985, 6973067.704001354053617 ], [ 1927730.943907793145627, 6973058.416233751922846 ], [ 1927728.837301059393212, 6973049.2786276768893 ], [ 1927729.483432662673295, 6973026.615171840414405 ] ] ] } },
{ "type": "Feature", "properties": { "TERYT": "3028", "LOKALNYID": "AFA9A97F-7FC8-428F-B570-6A0F46480BA5", "WERSJAID": "2020-01-20T00:00:00", "PNAZW": "PL.PZGiK.308.BDOT10k", "GMLID": "ID_AFA9A97F-7FC8-428F-B570-6A0F46480BA5", "X_KOD": "SKDR06", "X_SKRKARTO": null, "X_SKRK_NIL": "inapplicable", "X_KATDOKG": "dokladny", "X_DOKLGEOM": null, "X_ZRODLOG": "ortofotomapa", "X_ZRODLOA": "pomiarTerenowy", "X_KATIST": "eksploatowany", "X_KATI_NIL": null, "X_RODZREPG": "osGeometryczna", "X_UWAGI": null, "X_UZYTKOWN": "Uzytkownik30.xml", "X_AKTG": "2017-12-13", "X_AKTA": "2020-01-20", "POCZWERS": "2020-01-20", "KONIECWERS": null, "X_DATAUTW": "2017-12-13", "X_INFDOD": null, "KOD10K": null, "KOD10K_NIL": "inapplicable", "KOD25K": "0025_121", "KOD25K_NIL": null, "KOD50K": "0050_121", "KOD50K_NIL": null, "KOD100K": "0100_121", "KOD100_NIL": null, "KOD250K": null, "KOD250_NIL": "inapplicable", "KOD500K": null, "KOD500_NIL": "inapplicable", "KOD1000K": null, "KOD1000_NI": "inapplicable", "KATZARZ": "powiatowa", "KATZA_NIL": null, "KLASADROGI": "lokalna", "KLDROG_NIL": null, "MATNAWIERZ": "masaBitumiczna", "MATNAW_NIL": null, "NAZWADROGI": null, "LJEZDNIDR": 1, "LJEZD_NIL": null, "NRODCIREF": null, "SZL_NUMER": "1560P", "SZLNR_NIL": null, "length": 121.65 }, "geometry": { "type": "MultiLineString", "coordinates": [ [ [ 1927798.543107993202284, 6973174.196697726845741 ], [ 1927807.368902158224955, 6973167.459141850471497 ], [ 1927891.95553399133496, 6973104.665824237279594 ], [ 1927959.903317025396973, 6973053.111593100242317 ] ] ] } },
{ "type": "Feature", "properties": { "TERYT": "3028", "LOKALNYID": "5E6E9401-B2F9-4CF3-8D0F-34CA8450CE8C", "WERSJAID": "2020-01-20T00:00:00", "PNAZW": "PL.PZGiK.308.BDOT10k", "GMLID": "ID_5E6E9401-B2F9-4CF3-8D0F-34CA8450CE8C", "X_KOD": "SKDR08", "X_SKRKARTO": null, "X_SKRK_NIL": "inapplicable", "X_KATDOKG": "dokladny", "X_DOKLGEOM": null, "X_ZRODLOG": "ortofotomapa", "X_ZRODLOA": "pomiarTerenowy", "X_KATIST": "eksploatowany", "X_KATI_NIL": null, "X_RODZREPG": "osGeometryczna", "X_UWAGI": null, "X_UZYTKOWN": "Uzytkownik30.xml", "X_AKTG": "2017-12-13", "X_AKTA": "2020-01-20", "POCZWERS": "2020-01-20", "KONIECWERS": null, "X_DATAUTW": "2017-12-13", "X_INFDOD": null, "KOD10K": null, "KOD10K_NIL": "inapplicable", "KOD25K": "0025_121", "KOD25K_NIL": null, "KOD50K": "0050_121", "KOD50K_NIL": null, "KOD100K": "0100_121", "KOD100_NIL": null, "KOD250K": null, "KOD250_NIL": "inapplicable", "KOD500K": null, "KOD500_NIL": "inapplicable", "KOD1000K": null, "KOD1000_NI": "inapplicable", "KATZARZ": "inna", "KATZA_NIL": null, "KLASADROGI": "inna", "KLDROG_NIL": null, "MATNAWIERZ": "masaBitumiczna", "MATNAW_NIL": null, "NAZWADROGI": null, "LJEZDNIDR": 1, "LJEZD_NIL": null, "NRODCIREF": null, "SZL_NUMER": null, "SZLNR_NIL": null, "length": 83.34 }, "geometry": { "type": "MultiLineString", "coordinates": [ [ [ 1926392.678213730221614, 6972160.304097256623209 ], [ 1926392.890337074175477, 6972200.544952472671866 ], [ 1926392.679066828917712, 6972233.433144220151007 ], [ 1926390.06535761570558, 6972298.659674726426601 ] ] ] } },
{ "type": "Feature", "properties": { "TERYT": "3028", "LOKALNYID": "5424BF43-DA59-468B-9FBB-6F49524E491F", "WERSJAID": "2020-01-20T00:00:00", "PNAZW": "PL.PZGiK.308.BDOT10k", "GMLID": "ID_5424BF43-DA59-468B-9FBB-6F49524E491F", "X_KOD": "SKDR06", "X_SKRKARTO": null, "X_SKRK_NIL": "inapplicable", "X_KATDOKG": "dokladny", "X_DOKLGEOM": null, "X_ZRODLOG": "ortofotomapa", "X_ZRODLOA": "pomiarTerenowy", "X_KATIST": "eksploatowany", "X_KATI_NIL": null, "X_RODZREPG": "osGeometryczna", "X_UWAGI": null, "X_UZYTKOWN": "Uzytkownik30.xml", "X_AKTG": "2017-12-13", "X_AKTA": "2020-01-20", "POCZWERS": "2020-01-20", "KONIECWERS": null, "X_DATAUTW": "2017-12-13", "X_INFDOD": null, "KOD10K": null, "KOD10K_NIL": "inapplicable", "KOD25K": "0025_121", "KOD25K_NIL": null, "KOD50K": "0050_121", "KOD50K_NIL": null, "KOD100K": "0100_121", "KOD100_NIL": null, "KOD250K": null, "KOD250_NIL": "inapplicable", "KOD500K": null, "KOD500_NIL": "inapplicable", "KOD1000K": null, "KOD1000_NI": "inapplicable", "KATZARZ": "gminna", "KATZA_NIL": null, "KLASADROGI": "lokalna", "KLDROG_NIL": null, "MATNAWIERZ": "masaBitumiczna", "MATNAW_NIL": null, "NAZWADROGI": null, "LJEZDNIDR": 1, "LJEZD_NIL": null, "NRODCIREF": null, "SZL_NUMER": "207014P", "SZLNR_NIL": null, "length": 25.12 }, "geometry": { "type": "MultiLineString", "coordinates": [ [ [ 1926348.752298100152984, 6972293.661277201026678 ], [ 1926365.415027169045061, 6972295.451272140257061 ], [ 1926390.06535761570558, 6972298.659674726426601 ] ] ] } },
{ "type": "Feature", "properties": { "TERYT": "3028", "LOKALNYID": "12BFD2B8-3F04-4F49-9547-04A2E94B3FA7", "WERSJAID": "2020-01-20T00:00:00", "PNAZW": "PL.PZGiK.308.BDOT10k", "GMLID": "ID_12BFD2B8-3F04-4F49-9547-04A2E94B3FA7", "X_KOD": "SKDR08", "X_SKRKARTO": null, "X_SKRK_NIL": "inapplicable", "X_KATDOKG": "dokladny", "X_DOKLGEOM": null, "X_ZRODLOG": "ortofotomapa", "X_ZRODLOA": "pomiarTerenowy", "X_KATIST": "eksploatowany", "X_KATI_NIL": null, "X_RODZREPG": "osGeometryczna", "X_UWAGI": null, "X_UZYTKOWN": "Uzytkownik30.xml", "X_AKTG": "2017-09-21", "X_AKTA": "2020-01-20", "POCZWERS": "2020-01-20", "KONIECWERS": null, "X_DATAUTW": "2017-09-21", "X_INFDOD": null, "KOD10K": null, "KOD10K_NIL": "inapplicable", "KOD25K": "0025_121", "KOD25K_NIL": null, "KOD50K": "0050_121", "KOD50K_NIL": null, "KOD100K": "0100_121", "KOD100_NIL": null, "KOD250K": null, "KOD250_NIL": "inapplicable", "KOD500K": null, "KOD500_NIL": "inapplicable", "KOD1000K": null, "KOD1000_NI": "inapplicable", "KATZARZ": "zakladowa", "KATZA_NIL": null, "KLASADROGI": "inna", "KLDROG_NIL": null, "MATNAWIERZ": "kostkaPrefabrykowana", "MATNAW_NIL": null, "NAZWADROGI": null, "LJEZDNIDR": 1, "LJEZD_NIL": null, "NRODCIREF": null, "SZL_NUMER": null, "SZLNR_NIL": null, "length": 118.55 }, "geometry": { "type": "MultiLineString", "coordinates": [ [ [ 1927277.527498277369887, 6973507.479858522303402 ], [ 1927301.254659827565774, 6973452.676678150892258 ], [ 1927301.257544914958999, 6973444.070048036053777 ], [ 1927299.08259855164215, 6973437.156716066412628 ], [ 1927293.748742859344929, 6973431.365259239450097 ], [ 1927276.398613835684955, 6973422.731934181414545 ], [ 1927264.922203882597387, 6973420.8996811369434 ], [ 1927252.959259117487818, 6973423.558663512580097 ], [ 1927240.308427665848285, 6973430.105990838259459 ], [ 1927231.427839788841084, 6973434.200034491717815 ], [ 1927224.00475195934996, 6973434.805995400063694 ], [ 1927214.456557847792283, 6973432.736654980108142 ], [ 1927187.945968213258311, 6973421.760466923005879 ] ] ] } },
{ "type": "Feature", "properties": { "TERYT": "3028", "LOKALNYID": "684E6124-220D-4943-B254-15916B8B9DAF", "WERSJAID": "2020-01-20T00:00:00", "PNAZW": "PL.PZGiK.308.BDOT10k", "GMLID": "ID_684E6124-220D-4943-B254-15916B8B9DAF", "X_KOD": "SKDR06", "X_SKRKARTO": null, "X_SKRK_NIL": "inapplicable", "X_KATDOKG": "dokladny", "X_DOKLGEOM": null, "X_ZRODLOG": "ortofotomapa", "X_ZRODLOA": "pomiarTerenowy", "X_KATIST": "eksploatowany", "X_KATI_NIL": null, "X_RODZREPG": "osGeometryczna", "X_UWAGI": null, "X_UZYTKOWN": "Uzytkownik30.xml", "X_AKTG": "2017-12-13", "X_AKTA": "2020-01-20", "POCZWERS": "2020-01-20", "KONIECWERS": null, "X_DATAUTW": "2017-12-13", "X_INFDOD": null, "KOD10K": null, "KOD10K_NIL": "inapplicable", "KOD25K": "0025_121", "KOD25K_NIL": null, "KOD50K": "0050_121", "KOD50K_NIL": null, "KOD100K": "0100_121", "KOD100_NIL": null, "KOD250K": null, "KOD250_NIL": "inapplicable", "KOD500K": null, "KOD500_NIL": "inapplicable", "KOD1000K": null, "KOD1000_NI": "inapplicable", "KATZARZ": "gminna", "KATZA_NIL": null, "KLASADROGI": "lokalna", "KLDROG_NIL": null, "MATNAWIERZ": "masaBitumiczna", "MATNAW_NIL": null, "NAZWADROGI": null, "LJEZDNIDR": 1, "LJEZD_NIL": null, "NRODCIREF": null, "SZL_NUMER": "207009P", "SZLNR_NIL": null, "length": 42.31 }, "geometry": { "type": "MultiLineString", "coordinates": [ [ [ 1927161.326461135176942, 6973486.779795221984386 ], [ 1927187.945968213258311, 6973421.760466923005879 ] ] ] } },
{ "type": "Feature", "properties": { "TERYT": "3028", "LOKALNYID": "83D12336-2DD6-466C-941D-8C431C1AE95E", "WERSJAID": "2020-01-20T00:00:00", "PNAZW": "PL.PZGiK.308.BDOT10k", "GMLID": "ID_83D12336-2DD6-466C-941D-8C431C1AE95E", "X_KOD": "SKDR08", "X_SKRKARTO": null, "X_SKRK_NIL": "inapplicable", "X_KATDOKG": "dokladny", "X_DOKLGEOM": null, "X_ZRODLOG": "ortofotomapa", "X_ZRODLOA": "pomiarTerenowy", "X_KATIST": "eksploatowany", "X_KATI_NIL": null, "X_RODZREPG": "osGeometryczna", "X_UWAGI": null, "X_UZYTKOWN": "Uzytkownik30.xml", "X_AKTG": "2017-09-21", "X_AKTA": "2020-01-20", "POCZWERS": "2020-01-20", "KONIECWERS": null, "X_DATAUTW": "2017-09-21", "X_INFDOD": null, "KOD10K": null, "KOD10K_NIL": "inapplicable", "KOD25K": "0025_123", "KOD25K_NIL": null, "KOD50K": "0050_123", "KOD50K_NIL": null, "KOD100K": "0100_123", "KOD100_NIL": null, "KOD250K": null, "KOD250_NIL": "inapplicable", "KOD500K": null, "KOD500_NIL": "inapplicable", "KOD1000K": null, "KOD1000_NI": "inapplicable", "KATZARZ": "inna", "KATZA_NIL": null, "KLASADROGI": "inna", "KLDROG_NIL": null, "MATNAWIERZ": "tluczen", "MATNAW_NIL": null, "NAZWADROGI": null, "LJEZDNIDR": 1, "LJEZD_NIL": null, "NRODCIREF": null, "SZL_NUMER": null, "SZLNR_NIL": null, "length": 79.59 }, "geometry": { "type": "MultiLineString", "coordinates": [ [ [ 1927962.774323316523805, 6973946.170407510362566 ], [ 1927949.175679575651884, 6973976.956834360957146 ], [ 1927939.552381800021976, 6974004.314027360640466 ], [ 1927919.07032620976679, 6974070.747517948038876 ] ] ] } },
{ "type": "Feature", "properties": { "TERYT": "3028", "LOKALNYID": "ABF45413-D932-48E9-9F0C-AC53EF84420E", "WERSJAID": "2020-01-20T00:00:00", "PNAZW": "PL.PZGiK.308.BDOT10k", "GMLID": "ID_ABF45413-D932-48E9-9F0C-AC53EF84420E", "X_KOD": "SKDR06", "X_SKRKARTO": null, "X_SKRK_NIL": "inapplicable", "X_KATDOKG": "dokladny", "X_DOKLGEOM": null, "X_ZRODLOG": "ortofotomapa", "X_ZRODLOA": "pomiarTerenowy", "X_KATIST": "eksploatowany", "X_KATI_NIL": null, "X_RODZREPG": "osGeometryczna", "X_UWAGI": null, "X_UZYTKOWN": "Uzytkownik30.xml", "X_AKTG": "2017-12-13", "X_AKTA": "2020-01-20", "POCZWERS": "2020-01-20", "KONIECWERS": null, "X_DATAUTW": "2017-12-13", "X_INFDOD": null, "KOD10K": null, "KOD10K_NIL": "inapplicable", "KOD25K": "0025_121", "KOD25K_NIL": null, "KOD50K": "0050_121", "KOD50K_NIL": null, "KOD100K": "0100_121", "KOD100_NIL": null, "KOD250K": null, "KOD250_NIL": "inapplicable", "KOD500K": null, "KOD500_NIL": "inapplicable", "KOD1000K": null, "KOD1000_NI": "inapplicable", "KATZARZ": "powiatowa", "KATZA_NIL": null, "KLASADROGI": "lokalna", "KLDROG_NIL": null, "MATNAWIERZ": "masaBitumiczna", "MATNAW_NIL": null, "NAZWADROGI": null, "LJEZDNIDR": 1, "LJEZD_NIL": null, "NRODCIREF": null, "SZL_NUMER": "1557P", "SZLNR_NIL": null, "length": 107.46 }, "geometry": { "type": "MultiLineString", "coordinates": [ [ [ 1927843.95358047937043, 6973815.967445624060929 ], [ 1927850.075138226151466, 6973826.379943896085024 ], [ 1927860.35193509189412, 6973844.81591326277703 ], [ 1927868.13289591181092, 6973855.151101620867848 ], [ 1927878.777836362365633, 6973870.604859933257103 ], [ 1927888.916861158795655, 6973882.175191593356431 ], [ 1927900.488417680840939, 6973895.573715101927519 ], [ 1927912.125479512149468, 6973906.880142910405993 ], [ 1927913.979912704089656, 6973908.385915965773165 ], [ 1927940.727157972520217, 6973929.917180489748716 ], [ 1927962.774323316523805, 6973946.170407510362566 ] ] ] } },
{ "type": "Feature", "properties": { "TERYT": "3028", "LOKALNYID": "2EBDC9DC-3B6F-7DB6-E053-CC2BA8C07DDB", "WERSJAID": "2020-01-20T00:00:00", "PNAZW": "PL.PZGiK.308.BDOT10k", "GMLID": "OT_SKDR_L.624", "X_KOD": "SKDR06", "X_SKRKARTO": null, "X_SKRK_NIL": "inapplicable", "X_KATDOKG": "dokladny", "X_DOKLGEOM": null, "X_ZRODLOG": "ortofotomapa", "X_ZRODLOA": "pomiarTerenowy", "X_KATIST": "eksploatowany", "X_KATI_NIL": null, "X_RODZREPG": "osGeometryczna", "X_UWAGI": null, "X_UZYTKOWN": "Uzytkownik30.xml", "X_AKTG": "2011-01-01", "X_AKTA": "2020-01-20", "POCZWERS": "2020-01-20", "KONIECWERS": null, "X_DATAUTW": "2012-11-13", "X_INFDOD": null, "KOD10K": null, "KOD10K_NIL": "inapplicable", "KOD25K": "0025_121", "KOD25K_NIL": null, "KOD50K": "0050_121", "KOD50K_NIL": null, "KOD100K": "0100_121", "KOD100_NIL": null, "KOD250K": null, "KOD250_NIL": "inapplicable", "KOD500K": null, "KOD500_NIL": "inapplicable", "KOD1000K": null, "KOD1000_NI": "inapplicable", "KATZARZ": "gminna", "KATZA_NIL": null, "KLASADROGI": "lokalna", "KLDROG_NIL": null, "MATNAWIERZ": "masaBitumiczna", "MATNAW_NIL": null, "NAZWADROGI": null, "LJEZDNIDR": 1, "LJEZD_NIL": null, "NRODCIREF": null, "SZL_NUMER": "207045P", "SZLNR_NIL": null, "length": 108.04 }, "geometry": { "type": "MultiLineString", "coordinates": [ [ [ 1925375.319821217563003, 6972819.460949772037566 ], [ 1925380.215132717741653, 6972817.101975015364587 ], [ 1925401.623460894450545, 6972806.795764738693833 ], [ 1925412.537211051909253, 6972801.539639767259359 ], [ 1925456.32615454797633, 6972780.45175710786134 ], [ 1925458.069646747782826, 6972779.612698004581034 ], [ 1925489.409490815829486, 6972764.923908240161836 ], [ 1925491.085541209671646, 6972764.133081047795713 ], [ 1925497.855995443416759, 6972760.971345377154648 ], [ 1925511.330632173223421, 6972754.646284511312842 ], [ 1925537.072699940996245, 6972742.582114238291979 ] ] ] } },
{ "type": "Feature", "properties": { "TERYT": "3028", "LOKALNYID": "2EBDC9DC-3C3D-7DB6-E053-CC2BA8C07DDB", "WERSJAID": "2020-01-20T00:00:00", "PNAZW": "PL.PZGiK.308.BDOT10k", "GMLID": "OT_SKDR_L.633", "X_KOD": "SKDR06", "X_SKRKARTO": null, "X_SKRK_NIL": "inapplicable", "X_KATDOKG": "dokladny", "X_DOKLGEOM": null, "X_ZRODLOG": "ortofotomapa", "X_ZRODLOA": "pomiarTerenowy", "X_KATIST": "eksploatowany", "X_KATI_NIL": null, "X_RODZREPG": "osGeometryczna", "X_UWAGI": "droga nie ma nadanego numeru", "X_UZYTKOWN": "Uzytkownik30.xml", "X_AKTG": "2011-01-01", "X_AKTA": "2020-01-20", "POCZWERS": "2020-01-20", "KONIECWERS": null, "X_DATAUTW": "2012-11-13", "X_INFDOD": null, "KOD10K": null, "KOD10K_NIL": "inapplicable", "KOD25K": "0025_121", "KOD25K_NIL": null, "KOD50K": "0050_121", "KOD50K_NIL": null, "KOD100K": "0100_121", "KOD100_NIL": null, "KOD250K": null, "KOD250_NIL": "inapplicable", "KOD500K": null, "KOD500_NIL": "inapplicable", "KOD1000K": null, "KOD1000_NI": "inapplicable", "KATZARZ": "gminna", "KATZA_NIL": null, "KLASADROGI": "lokalna", "KLDROG_NIL": null, "MATNAWIERZ": "masaBitumiczna", "MATNAW_NIL": null, "NAZWADROGI": null, "LJEZDNIDR": 1, "LJEZD_NIL": null, "NRODCIREF": null, "SZL_NUMER": null, "SZLNR_NIL": null, "length": 10.13 }, "geometry": { "type": "MultiLineString", "coordinates": [ [ [ 1925760.964123294455931, 6971852.666678023524582 ], [ 1925744.244931181194261, 6971851.20640532579273 ] ] ] } },
{ "type": "Feature", "properties": { "TERYT": "3028", "LOKALNYID": "2EBDC9DC-31C7-7DB6-E053-CC2BA8C07DDB", "WERSJAID": "2020-01-20T00:00:00", "PNAZW": "PL.PZGiK.308.BDOT10k", "GMLID": "OT_SKDR_L.238", "X_KOD": "SKDR06", "X_SKRKARTO": null, "X_SKRK_NIL": "inapplicable", "X_KATDOKG": "dokladny", "X_DOKLGEOM": null, "X_ZRODLOG": "ortofotomapa", "X_ZRODLOA": "pomiarTerenowy", "X_KATIST": "eksploatowany", "X_KATI_NIL": null, "X_RODZREPG": "osGeometryczna", "X_UWAGI": null, "X_UZYTKOWN": "Uzytkownik30.xml", "X_AKTG": "2011-01-01", "X_AKTA": "2020-01-20", "POCZWERS": "2020-01-20", "KONIECWERS": null, "X_DATAUTW": "2012-11-13", "X_INFDOD": null, "KOD10K": null, "KOD10K_NIL": "inapplicable", "KOD25K": "0025_126", "KOD25K_NIL": null, "KOD50K": "0050_126", "KOD50K_NIL": null, "KOD100K": "0100_126", "KOD100_NIL": null, "KOD250K": null, "KOD250_NIL": "inapplicable", "KOD500K": null, "KOD500_NIL": "inapplicable", "KOD1000K": null, "KOD1000_NI": "inapplicable", "KATZARZ": "gminna", "KATZA_NIL": null, "KLASADROGI": "lokalna", "KLDROG_NIL": null, "MATNAWIERZ": "gruntNaturalny", "MATNAW_NIL": null, "NAZWADROGI": null, "LJEZDNIDR": 1, "LJEZD_NIL": null, "NRODCIREF": null, "SZL_NUMER": "207045P", "SZLNR_NIL": null, "length": 384.55 }, "geometry": { "type": "MultiLineString", "coordinates": [ [ [ 1925419.188970031449571, 6973533.426233345642686 ], [ 1925425.240582363912836, 6973512.352318311110139 ], [ 1925428.279574258020148, 6973501.60800117906183 ], [ 1925430.010087111499161, 6973493.623945889994502 ], [ 1925430.593735205708072, 6973481.575076657347381 ], [ 1925430.426710352068767, 6973462.72931154537946 ], [ 1925429.268198373960331, 6973433.957299184985459 ], [ 1925423.968874122947454, 6973384.766497602686286 ], [ 1925415.281984344823286, 6973295.951650513336062 ], [ 1925408.668147465679795, 6973211.290958961471915 ], [ 1925400.649771549040452, 6973134.855198272503912 ], [ 1925397.91976725240238, 6973106.661693588830531 ], [ 1925393.71368574607186, 6973063.114582008682191 ], [ 1925391.466372716007754, 6973027.838453254662454 ], [ 1925390.445362223545089, 6973005.866536708548665 ], [ 1925390.306219703517854, 6973001.244430700317025 ], [ 1925389.943694091169164, 6972988.559053086675704 ], [ 1925388.381059342529625, 6972976.160805942490697 ], [ 1925386.204116043169051, 6972965.9078150074929 ], [ 1925385.607214709511027, 6972963.119022945873439 ], [ 1925379.324457501526922, 6972943.580646716989577 ], [ 1925373.47714636893943, 6972930.150092289783061 ], [ 1925368.820655460003763, 6972918.92435834556818 ], [ 1925367.411929450463504, 6972913.325075205415487 ], [ 1925365.727932528592646, 6972901.854443306103349 ] ] ] } },
{ "type": "Feature", "properties": { "TERYT": "3028", "LOKALNYID": "2EBDC9DC-3EDF-7DB6-E053-CC2BA8C07DDB", "WERSJAID": "2020-01-20T00:00:00", "PNAZW": "PL.PZGiK.308.BDOT10k", "GMLID": "OT_SKDR_L.1489", "X_KOD": "SKDR06", "X_SKRKARTO": null, "X_SKRK_NIL": "inapplicable", "X_KATDOKG": "dokladny", "X_DOKLGEOM": null, "X_ZRODLOG": "ortofotomapa", "X_ZRODLOA": "pomiarTerenowy", "X_KATIST": "eksploatowany", "X_KATI_NIL": null, "X_RODZREPG": "osGeometryczna", "X_UWAGI": null, "X_UZYTKOWN": "Uzytkownik30.xml", "X_AKTG": "2011-01-01", "X_AKTA": "2020-01-20", "POCZWERS": "2020-01-20", "KONIECWERS": null, "X_DATAUTW": "2012-11-13", "X_INFDOD": null, "KOD10K": null, "KOD10K_NIL": "inapplicable", "KOD25K": "0025_126", "KOD25K_NIL": null, "KOD50K": "0050_126", "KOD50K_NIL": null, "KOD100K": "0100_126", "KOD100_NIL": null, "KOD250K": null, "KOD250_NIL": "inapplicable", "KOD500K": null, "KOD500_NIL": "inapplicable", "KOD1000K": null, "KOD1000_NI": "inapplicable", "KATZARZ": "gminna", "KATZA_NIL": null, "KLASADROGI": "lokalna", "KLDROG_NIL": null, "MATNAWIERZ": "gruntNaturalny", "MATNAW_NIL": null, "NAZWADROGI": null, "LJEZDNIDR": 1, "LJEZD_NIL": null, "NRODCIREF": null, "SZL_NUMER": "207045P", "SZLNR_NIL": null, "length": 49.95 }, "geometry": { "type": "MultiLineString", "coordinates": [ [ [ 1925375.319821217563003, 6972819.460949772037566 ], [ 1925372.211145919049159, 6972852.74792037717998 ], [ 1925369.498760802205652, 6972873.500804069451988 ], [ 1925367.941720862174407, 6972885.359449313953519 ], [ 1925367.286113229114562, 6972889.248165231198072 ], [ 1925366.981015360914171, 6972891.63333897292614 ], [ 1925365.727932528592646, 6972901.854443306103349 ] ] ] } },
{ "type": "Feature", "properties": { "TERYT": "3028", "LOKALNYID": "2EBDC9DC-3175-7DB6-E053-CC2BA8C07DDB", "WERSJAID": "2020-01-20T00:00:00", "PNAZW": "PL.PZGiK.308.BDOT10k", "GMLID": "OT_SKDR_L.7", "X_KOD": "SKDR08", "X_SKRKARTO": null, "X_SKRK_NIL": "inapplicable", "X_KATDOKG": "dokladny", "X_DOKLGEOM": null, "X_ZRODLOG": "ortofotomapa", "X_ZRODLOA": "pomiarTerenowy", "X_KATIST": "eksploatowany", "X_KATI_NIL": null, "X_RODZREPG": "osGeometryczna", "X_UWAGI": null, "X_UZYTKOWN": "Uzytkownik30.xml", "X_AKTG": "2017-12-13", "X_AKTA": "2020-01-20", "POCZWERS": "2020-01-20", "KONIECWERS": null, "X_DATAUTW": "2012-11-13", "X_INFDOD": null, "KOD10K": null, "KOD10K_NIL": "inapplicable", "KOD25K": "0025_121", "KOD25K_NIL": null, "KOD50K": "0050_121", "KOD50K_NIL": null, "KOD100K": "0100_121", "KOD100_NIL": null, "KOD250K": null, "KOD250_NIL": "inapplicable", "KOD500K": null, "KOD500_NIL": "inapplicable", "KOD1000K": null, "KOD1000_NI": "inapplicable", "KATZARZ": "inna", "KATZA_NIL": null, "KLASADROGI": "inna", "KLDROG_NIL": null, "MATNAWIERZ": "kostkaPrefabrykowana", "MATNAW_NIL": null, "NAZWADROGI": null, "LJEZDNIDR": 1, "LJEZD_NIL": null, "NRODCIREF": null, "SZL_NUMER": null, "SZLNR_NIL": null, "length": 41.32 }, "geometry": { "type": "MultiLineString", "coordinates": [ [ [ 1926236.392218958120793, 6972081.364891892299056 ], [ 1926238.687141365837306, 6972091.569472434930503 ], [ 1926243.911561324028298, 6972103.338590384460986 ], [ 1926248.827876331051812, 6972109.900707135908306 ], [ 1926276.74147987854667, 6972134.234777674078941 ] ] ] } },
{ "type": "Feature", "properties": { "TERYT": "3028", "LOKALNYID": "2EBDC9DC-3A19-7DB6-E053-CC2BA8C07DDB", "WERSJAID": "2020-01-20T00:00:00", "PNAZW": "PL.PZGiK.308.BDOT10k", "GMLID": "OT_SKDR_L.1809", "X_KOD": "SKDR08", "X_SKRKARTO": null, "X_SKRK_NIL": "inapplicable", "X_KATDOKG": "dokladny", "X_DOKLGEOM": null, "X_ZRODLOG": "ortofotomapa", "X_ZRODLOA": "pomiarTerenowy", "X_KATIST": "eksploatowany", "X_KATI_NIL": null, "X_RODZREPG": "osGeometryczna", "X_UWAGI": null, "X_UZYTKOWN": "Uzytkownik30.xml", "X_AKTG": "2017-12-13", "X_AKTA": "2020-01-20", "POCZWERS": "2020-01-20", "KONIECWERS": null, "X_DATAUTW": "2012-11-13", "X_INFDOD": null, "KOD10K": null, "KOD10K_NIL": "inapplicable", "KOD25K": "0025_121", "KOD25K_NIL": null, "KOD50K": "0050_121", "KOD50K_NIL": null, "KOD100K": "0100_121", "KOD100_NIL": null, "KOD250K": null, "KOD250_NIL": "inapplicable", "KOD500K": null, "KOD500_NIL": "inapplicable", "KOD1000K": null, "KOD1000_NI": "inapplicable", "KATZARZ": "inna", "KATZA_NIL": null, "KLASADROGI": "inna", "KLDROG_NIL": null, "MATNAWIERZ": "kostkaPrefabrykowana", "MATNAW_NIL": null, "NAZWADROGI": null, "LJEZDNIDR": 1, "LJEZD_NIL": null, "NRODCIREF": null, "SZL_NUMER": null, "SZLNR_NIL": null, "length": 91.33 }, "geometry": { "type": "MultiLineString", "coordinates": [ [ [ 1926276.74147987854667, 6972134.234777674078941 ], [ 1926272.819336860440671, 6972138.926293472759426 ], [ 1926270.461229430744424, 6972148.273154680617154 ], [ 1926268.69782858947292, 6972173.16691255941987 ], [ 1926268.044880481436849, 6972184.697236155159771 ], [ 1926266.498253141995519, 6972204.61242940928787 ], [ 1926258.586238332325593, 6972283.65136809553951 ] ] ] } },
{ "type": "Feature", "properties": { "TERYT": "3028", "LOKALNYID": "2EBDC9DC-3934-7DB6-E053-CC2BA8C07DDB", "WERSJAID": "2020-01-20T00:00:00", "PNAZW": "PL.PZGiK.308.BDOT10k", "GMLID": "OT_SKDR_L.1212", "X_KOD": "SKDR06", "X_SKRKARTO": null, "X_SKRK_NIL": "inapplicable", "X_KATDOKG": "dokladny", "X_DOKLGEOM": null, "X_ZRODLOG": "ortofotomapa", "X_ZRODLOA": "pomiarTerenowy", "X_KATIST": "eksploatowany", "X_KATI_NIL": null, "X_RODZREPG": "osGeometryczna", "X_UWAGI": "droga nie ma nadanego numeru", "X_UZYTKOWN": "Uzytkownik30.xml", "X_AKTG": "2011-01-01", "X_AKTA": "2020-01-20", "POCZWERS": "2020-01-20", "KONIECWERS": null, "X_DATAUTW": "2012-11-13", "X_INFDOD": null, "KOD10K": null, "KOD10K_NIL": "inapplicable", "KOD25K": "0025_121", "KOD25K_NIL": null, "KOD50K": "0050_121", "KOD50K_NIL": null, "KOD100K": "0100_121", "KOD100_NIL": null, "KOD250K": null, "KOD250_NIL": "inapplicable", "KOD500K": null, "KOD500_NIL": "inapplicable", "KOD1000K": null, "KOD1000_NI": "inapplicable", "KATZARZ": "gminna", "KATZA_NIL": null, "KLASADROGI": "lokalna", "KLDROG_NIL": null, "MATNAWIERZ": "masaBitumiczna", "MATNAW_NIL": null, "NAZWADROGI": null, "LJEZDNIDR": 1, "LJEZD_NIL": null, "NRODCIREF": null, "SZL_NUMER": null, "SZLNR_NIL": null, "length": 49.31 }, "geometry": { "type": "MultiLineString", "coordinates": [ [ [ 1926892.468678200617433, 6972889.218399529345334 ], [ 1926871.038396410644054, 6972968.244491442106664 ] ] ] } },
{ "type": "Feature", "properties": { "TERYT": "3028", "LOKALNYID": "2EBDC9DC-43AA-7DB6-E053-CC2BA8C07DDB", "WERSJAID": "2020-01-20T00:00:00", "PNAZW": "PL.PZGiK.308.BDOT10k", "GMLID": "OT_SKDR_L.6746", "X_KOD": "SKDR06", "X_SKRKARTO": null, "X_SKRK_NIL": "inapplicable", "X_KATDOKG": "dokladny", "X_DOKLGEOM": null, "X_ZRODLOG": "ortofotomapa", "X_ZRODLOA": "pomiarTerenowy", "X_KATIST": "eksploatowany", "X_KATI_NIL": null, "X_RODZREPG": "osGeometryczna", "X_UWAGI": null, "X_UZYTKOWN": "Uzytkownik30.xml", "X_AKTG": "2017-12-13", "X_AKTA": "2020-01-20", "POCZWERS": "2020-01-20", "KONIECWERS": null, "X_DATAUTW": "2012-11-13", "X_INFDOD": null, "KOD10K": null, "KOD10K_NIL": "inapplicable", "KOD25K": "0025_121", "KOD25K_NIL": null, "KOD50K": "0050_121", "KOD50K_NIL": null, "KOD100K": "0100_121", "KOD100_NIL": null, "KOD250K": null, "KOD250_NIL": "inapplicable", "KOD500K": null, "KOD500_NIL": "inapplicable", "KOD1000K": null, "KOD1000_NI": "inapplicable", "KATZARZ": "powiatowa", "KATZA_NIL": null, "KLASADROGI": "lokalna", "KLDROG_NIL": null, "MATNAWIERZ": "masaBitumiczna", "MATNAW_NIL": null, "NAZWADROGI": null, "LJEZDNIDR": 1, "LJEZD_NIL": null, "NRODCIREF": null, "SZL_NUMER": "1560P", "SZLNR_NIL": null, "length": 671.4 }, "geometry": { "type": "MultiLineString", "coordinates": [ [ [ 1928586.225113252643496, 6972587.764223432168365 ], [ 1928595.761999601265416, 6972583.883832775056362 ], [ 1928606.999869844177738, 6972580.973578276112676 ], [ 1928618.345118332421407, 6972579.145693502388895 ], [ 1928628.189180179033428, 6972577.731240216642618 ], [ 1928638.032852217089385, 6972576.333379360847175 ], [ 1928650.824443902121857, 6972575.735445996746421 ], [ 1928671.933735246537253, 6972575.9300990793854 ], [ 1928733.754309588577598, 6972576.478484530933201 ], [ 1928826.99653577292338, 6972577.760674479417503 ], [ 1928936.588946536416188, 6972577.928408361971378 ], [ 1929058.379336618818343, 6972578.080275677144527 ], [ 1929186.146628139773384, 6972577.771592150442302 ], [ 1929303.219060660805553, 6972578.407767621800303 ], [ 1929429.167464405763894, 6972578.634263402782381 ], [ 1929560.083207728574052, 6972580.486203287728131 ], [ 1929669.201984233455732, 6972580.350408381782472 ], [ 1929697.117970680585131, 6972580.750513263978064 ] ] ] } },
{ "type": "Feature", "properties": { "TERYT": "3028", "LOKALNYID": "2EBDC9DC-42B5-7DB6-E053-CC2BA8C07DDB", "WERSJAID": "2020-01-20T00:00:00", "PNAZW": "PL.PZGiK.308.BDOT10k", "GMLID": "OT_SKDR_L.6001", "X_KOD": "SKDR06", "X_SKRKARTO": null, "X_SKRK_NIL": "inapplicable", "X_KATDOKG": "dokladny", "X_DOKLGEOM": null, "X_ZRODLOG": "ortofotomapa", "X_ZRODLOA": "pomiarTerenowy", "X_KATIST": "eksploatowany", "X_KATI_NIL": null, "X_RODZREPG": "osGeometryczna", "X_UWAGI": "droga nie ma nadanego numeru", "X_UZYTKOWN": "Uzytkownik30.xml", "X_AKTG": "2011-01-01", "X_AKTA": "2020-01-20", "POCZWERS": "2020-01-20", "KONIECWERS": null, "X_DATAUTW": "2012-11-13", "X_INFDOD": null, "KOD10K": null, "KOD10K_NIL": "inapplicable", "KOD25K": "0025_121", "KOD25K_NIL": null, "KOD50K": "0050_121", "KOD50K_NIL": null, "KOD100K": "0100_121", "KOD100_NIL": null, "KOD250K": null, "KOD250_NIL": "inapplicable", "KOD500K": null, "KOD500_NIL": "inapplicable", "KOD1000K": null, "KOD1000_NI": "inapplicable", "KATZARZ": "gminna", "KATZA_NIL": null, "KLASADROGI": "lokalna", "KLDROG_NIL": null, "MATNAWIERZ": "masaBitumiczna", "MATNAW_NIL": null, "NAZWADROGI": null, "LJEZDNIDR": 1, "LJEZD_NIL": null, "NRODCIREF": null, "SZL_NUMER": null, "SZLNR_NIL": null, "length": 46.38 }, "geometry": { "type": "MultiLineString", "coordinates": [ [ [ 1926912.644814136670902, 6972814.881782960146666 ], [ 1926897.748858094913885, 6972869.755061917006969 ], [ 1926892.468678200617433, 6972889.218399529345334 ] ] ] } },
{ "type": "Feature", "properties": { "TERYT": "3028", "LOKALNYID": "2EBDC9DC-3C7E-7DB6-E053-CC2BA8C07DDB", "WERSJAID": "2020-01-20T00:00:00", "PNAZW": "PL.PZGiK.308.BDOT10k", "GMLID": "OT_SKDR_L.1650", "X_KOD": "SKDR04", "X_SKRKARTO": null, "X_SKRK_NIL": "inapplicable", "X_KATDOKG": "dokladny", "X_DOKLGEOM": null, "X_ZRODLOG": "ortofotomapa", "X_ZRODLOA": "pomiarTerenowy", "X_KATIST": "eksploatowany", "X_KATI_NIL": null, "X_RODZREPG": "osGeometryczna", "X_UWAGI": null, "X_UZYTKOWN": "Uzytkownik30.xml", "X_AKTG": "2017-12-13", "X_AKTA": "2020-01-20", "POCZWERS": "2020-01-20", "KONIECWERS": null, "X_DATAUTW": "2012-11-13", "X_INFDOD": null, "KOD10K": null, "KOD10K_NIL": "inapplicable", "KOD25K": "0025_115", "KOD25K_NIL": null, "KOD50K": "0050_115", "KOD50K_NIL": null, "KOD100K": "0100_115", "KOD100_NIL": null, "KOD250K": null, "KOD250_NIL": "inapplicable", "KOD500K": null, "KOD500_NIL": "inapplicable", "KOD1000K": null, "KOD1000_NI": "inapplicable", "KATZARZ": "wojewodzka", "KATZA_NIL": null, "KLASADROGI": "glowna", "KLDROG_NIL": null, "MATNAWIERZ": "masaBitumiczna", "MATNAW_NIL": null, "NAZWADROGI": null, "LJEZDNIDR": 1, "LJEZD_NIL": null, "NRODCIREF": null, "SZL_NUMER": "193", "SZLNR_NIL": null, "length": 815.73 }, "geometry": { "type": "MultiLineString", "coordinates": [ [ [ 1923284.258622812572867, 6973550.576774414628744 ], [ 1923370.533935936633497, 6973515.849107353016734 ], [ 1923421.686249617021531, 6973494.980781194753945 ], [ 1923527.177767301443964, 6973453.020831189118326 ], [ 1923629.455819743918255, 6973413.00958616938442 ], [ 1923700.559896832332015, 6973384.627067727968097 ], [ 1923756.904327627038583, 6973362.120411358773708 ], [ 1923831.853555354988202, 6973332.31723758764565 ], [ 1923865.956020539160818, 6973318.763424345292151 ], [ 1923922.281386312562972, 6973296.321794849820435 ], [ 1923967.413640002952889, 6973277.565813083201647 ], [ 1924005.23591550020501, 6973261.608453274704516 ], [ 1924177.967832473106682, 6973183.985838304273784 ], [ 1924310.48779601464048, 6973123.75706070009619 ], [ 1924438.955605235416442, 6973066.569773546420038 ], [ 1924512.219226259505376, 6973033.547671147622168 ], [ 1924529.993625141214579, 6973025.582330068573356 ] ] ] } },
{ "type": "Feature", "properties": { "TERYT": "3028", "LOKALNYID": "2EBDC9DC-56B2-7DB6-E053-CC2BA8C07DDB", "WERSJAID": "2020-01-20T00:00:00", "PNAZW": "PL.PZGiK.308.BDOT10k", "GMLID": "OT_SKDR_L.7695", "X_KOD": "SKDR06", "X_SKRKARTO": null, "X_SKRK_NIL": "inapplicable", "X_KATDOKG": "dokladny", "X_DOKLGEOM": null, "X_ZRODLOG": "ortofotomapa", "X_ZRODLOA": "pomiarTerenowy", "X_KATIST": "eksploatowany", "X_KATI_NIL": null, "X_RODZREPG": "osGeometryczna", "X_UWAGI": null, "X_UZYTKOWN": "Uzytkownik30.xml", "X_AKTG": "2011-01-01", "X_AKTA": "2020-01-20", "POCZWERS": "2020-01-20", "KONIECWERS": null, "X_DATAUTW": "2012-11-13", "X_INFDOD": null, "KOD10K": null, "KOD10K_NIL": "inapplicable", "KOD25K": "0025_123", "KOD25K_NIL": null, "KOD50K": "0050_123", "KOD50K_NIL": null, "KOD100K": "0100_123", "KOD100_NIL": null, "KOD250K": null, "KOD250_NIL": "inapplicable", "KOD500K": null, "KOD500_NIL": "inapplicable", "KOD1000K": null, "KOD1000_NI": "inapplicable", "KATZARZ": "gminna", "KATZA_NIL": null, "KLASADROGI": "lokalna", "KLDROG_NIL": null, "MATNAWIERZ": "tluczen", "MATNAW_NIL": null, "NAZWADROGI": null, "LJEZDNIDR": 1, "LJEZD_NIL": null, "NRODCIREF": null, "SZL_NUMER": "207028P", "SZLNR_NIL": null, "length": 200.92 }, "geometry": { "type": "MultiLineString", "coordinates": [ [ [ 1925314.528795851161703, 6975491.166681064292789 ], [ 1925303.684656997211277, 6975496.126973767764866 ], [ 1925294.804885129444301, 6975502.845848495140672 ], [ 1925291.657229048665613, 6975506.244369297288358 ], [ 1925288.493000640533864, 6975509.642495630308986 ], [ 1925254.486087567871436, 6975548.952202761545777 ], [ 1925206.770055557368323, 6975606.349995199590921 ], [ 1925169.07694414886646, 6975652.153444615192711 ], [ 1925150.890590475872159, 6975673.076550010591745 ], [ 1925125.336235881550238, 6975701.26977654453367 ], [ 1925092.495044318959117, 6975738.197628238238394 ] ] ] } },
{ "type": "Feature", "properties": { "TERYT": "3028", "LOKALNYID": "2EBDC9DC-3865-7DB6-E053-CC2BA8C07DDB", "WERSJAID": "2020-01-20T00:00:00", "PNAZW": "PL.PZGiK.308.BDOT10k", "GMLID": "OT_SKDR_L.1201", "X_KOD": "SKDR08", "X_SKRKARTO": null, "X_SKRK_NIL": "inapplicable", "X_KATDOKG": "dokladny", "X_DOKLGEOM": null, "X_ZRODLOG": "ortofotomapa", "X_ZRODLOA": "pomiarTerenowy", "X_KATIST": "eksploatowany", "X_KATI_NIL": null, "X_RODZREPG": "osGeometryczna", "X_UWAGI": null, "X_UZYTKOWN": "Uzytkownik30.xml", "X_AKTG": "2017-12-13", "X_AKTA": "2020-01-20", "POCZWERS": "2020-01-20", "KONIECWERS": null, "X_DATAUTW": "2012-11-13", "X_INFDOD": null, "KOD10K": null, "KOD10K_NIL": "inapplicable", "KOD25K": "0025_121", "KOD25K_NIL": null, "KOD50K": "0050_121", "KOD50K_NIL": null, "KOD100K": "0100_121", "KOD100_NIL": null, "KOD250K": null, "KOD250_NIL": "inapplicable", "KOD500K": null, "KOD500_NIL": "inapplicable", "KOD1000K": null, "KOD1000_NI": "inapplicable", "KATZARZ": "inna", "KATZA_NIL": null, "KLASADROGI": "inna", "KLDROG_NIL": null, "MATNAWIERZ": "kostkaPrefabrykowana", "MATNAW_NIL": null, "NAZWADROGI": null, "LJEZDNIDR": 1, "LJEZD_NIL": null, "NRODCIREF": null, "SZL_NUMER": null, "SZLNR_NIL": null, "length": 98.45 }, "geometry": { "type": "MultiLineString", "coordinates": [ [ [ 1926421.823103139642626, 6972003.624260327778757 ], [ 1926422.032787790521979, 6971991.203245327807963 ], [ 1926419.938614976126701, 6971980.206211004406214 ], [ 1926411.422922794707119, 6971968.857856309972703 ], [ 1926405.955031166318804, 6971961.086821630597115 ], [ 1926402.271956206532195, 6971951.414412872865796 ], [ 1926402.74156174948439, 6971937.105846202932298 ], [ 1926408.513097492977977, 6971889.067377941682935 ], [ 1926411.168140307301655, 6971864.992953070439398 ], [ 1926412.308374693850055, 6971846.132123054005206 ] ] ] } },
{ "type": "Feature", "properties": { "TERYT": "3028", "LOKALNYID": "2EBDC9DC-3E24-7DB6-E053-CC2BA8C07DDB", "WERSJAID": "2020-01-20T00:00:00", "PNAZW": "PL.PZGiK.308.BDOT10k", "GMLID": "OT_SKDR_L.1682", "X_KOD": "SKDR06", "X_SKRKARTO": null, "X_SKRK_NIL": "inapplicable", "X_KATDOKG": "dokladny", "X_DOKLGEOM": null, "X_ZRODLOG": "ortofotomapa", "X_ZRODLOA": "pomiarTerenowy", "X_KATIST": "eksploatowany", "X_KATI_NIL": null, "X_RODZREPG": "osGeometryczna", "X_UWAGI": null, "X_UZYTKOWN": "Uzytkownik30.xml", "X_AKTG": "2017-12-13", "X_AKTA": "2020-01-20", "POCZWERS": "2020-01-20", "KONIECWERS": null, "X_DATAUTW": "2012-11-13", "X_INFDOD": null, "KOD10K": null, "KOD10K_NIL": "inapplicable", "KOD25K": "0025_121", "KOD25K_NIL": null, "KOD50K": "0050_121", "KOD50K_NIL": null, "KOD100K": "0100_121", "KOD100_NIL": null, "KOD250K": null, "KOD250_NIL": "inapplicable", "KOD500K": null, "KOD500_NIL": "inapplicable", "KOD1000K": null, "KOD1000_NI": "inapplicable", "KATZARZ": "gminna", "KATZA_NIL": null, "KLASADROGI": "lokalna", "KLDROG_NIL": null, "MATNAWIERZ": "masaBitumiczna", "MATNAW_NIL": null, "NAZWADROGI": null, "LJEZDNIDR": 1, "LJEZD_NIL": null, "NRODCIREF": null, "SZL_NUMER": "207007P", "SZLNR_NIL": null, "length": 101.84 }, "geometry": { "type": "MultiLineString", "coordinates": [ [ [ 1925793.75247870082967, 6972496.720373609103262 ], [ 1925808.078895975137129, 6972502.011345209553838 ], [ 1925839.886480889748782, 6972513.747988121584058 ], [ 1925853.226994605734944, 6972518.68321490753442 ], [ 1925860.538527904776856, 6972521.36540468223393 ], [ 1925875.719278411008418, 6972526.975591741502285 ], [ 1925891.557101658079773, 6972532.833936748094857 ], [ 1925906.491403745720163, 6972538.355156231671572 ], [ 1925921.553719111718237, 6972545.474276628345251 ], [ 1925943.565704551991075, 6972555.864995554089546 ], [ 1925946.89282806427218, 6972557.439152281731367 ], [ 1925950.572885268833488, 6972558.805707566440105 ] ] ] } },
{ "type": "Feature", "properties": { "TERYT": "3028", "LOKALNYID": "2EBDC9DC-42E8-7DB6-E053-CC2BA8C07DDB", "WERSJAID": "2020-01-20T00:00:00", "PNAZW": "PL.PZGiK.308.BDOT10k", "GMLID": "OT_SKDR_L.6852", "X_KOD": "SKDR08", "X_SKRKARTO": null, "X_SKRK_NIL": "inapplicable", "X_KATDOKG": "dokladny", "X_DOKLGEOM": null, "X_ZRODLOG": "ortofotomapa", "X_ZRODLOA": "pomiarTerenowy", "X_KATIST": "eksploatowany", "X_KATI_NIL": null, "X_RODZREPG": "osGeometryczna", "X_UWAGI": null, "X_UZYTKOWN": "Uzytkownik30.xml", "X_AKTG": "2017-12-13", "X_AKTA": "2020-01-20", "POCZWERS": "2020-01-20", "KONIECWERS": null, "X_DATAUTW": "2012-11-13", "X_INFDOD": null, "KOD10K": null, "KOD10K_NIL": "inapplicable", "KOD25K": "0025_121", "KOD25K_NIL": null, "KOD50K": "0050_121", "KOD50K_NIL": null, "KOD100K": "0100_121", "KOD100_NIL": null, "KOD250K": null, "KOD250_NIL": "inapplicable", "KOD500K": null, "KOD500_NIL": "inapplicable", "KOD1000K": null, "KOD1000_NI": "inapplicable", "KATZARZ": "inna", "KATZA_NIL": null, "KLASADROGI": "inna", "KLDROG_NIL": null, "MATNAWIERZ": "masaBitumiczna", "MATNAW_NIL": null, "NAZWADROGI": null, "LJEZDNIDR": 1, "LJEZD_NIL": null, "NRODCIREF": null, "SZL_NUMER": null, "SZLNR_NIL": null, "length": 388.16 }, "geometry": { "type": "MultiLineString", "coordinates": [ [ [ 1927950.275769856059924, 6972498.99658496491611 ], [ 1928024.449726878665388, 6972507.748404016718268 ], [ 1928105.413879615720361, 6972518.835166062228382 ], [ 1928140.685216744663194, 6972522.902052993886173 ], [ 1928211.926686439663172, 6972531.633212756365538 ], [ 1928283.717633801046759, 6972540.260326959192753 ], [ 1928355.054942416260019, 6972549.158602348528802 ], [ 1928463.675712167751044, 6972565.408450855873525 ], [ 1928533.20368993957527, 6972575.159918407909572 ], [ 1928560.51262443093583, 6972578.141492484137416 ], [ 1928573.575125571573153, 6972580.856094009242952 ], [ 1928586.225113252643496, 6972587.764223432168365 ] ] ] } },
{ "type": "Feature", "properties": { "TERYT": "3028", "LOKALNYID": "2EBDC9DC-41EE-7DB6-E053-CC2BA8C07DDB", "WERSJAID": "2020-01-20T00:00:00", "PNAZW": "PL.PZGiK.308.BDOT10k", "GMLID": "OT_SKDR_L.5989", "X_KOD": "SKDR06", "X_SKRKARTO": null, "X_SKRK_NIL": "inapplicable", "X_KATDOKG": "dokladny", "X_DOKLGEOM": null, "X_ZRODLOG": "ortofotomapa", "X_ZRODLOA": "pomiarTerenowy", "X_KATIST": "eksploatowany", "X_KATI_NIL": null, "X_RODZREPG": "osGeometryczna", "X_UWAGI": null, "X_UZYTKOWN": "Uzytkownik30.xml", "X_AKTG": "2011-01-01", "X_AKTA": "2020-01-20", "POCZWERS": "2020-01-20", "KONIECWERS": null, "X_DATAUTW": "2012-11-13", "X_INFDOD": null, "KOD10K": null, "KOD10K_NIL": "inapplicable", "KOD25K": "0025_121", "KOD25K_NIL": null, "KOD50K": "0050_121", "KOD50K_NIL": null, "KOD100K": "0100_121", "KOD100_NIL": null, "KOD250K": null, "KOD250_NIL": "inapplicable", "KOD500K": null, "KOD500_NIL": "inapplicable", "KOD1000K": null, "KOD1000_NI": "inapplicable", "KATZARZ": "gminna", "KATZA_NIL": null, "KLASADROGI": "lokalna", "KLDROG_NIL": null, "MATNAWIERZ": "masaBitumiczna", "MATNAW_NIL": null, "NAZWADROGI": null, "LJEZDNIDR": 1, "LJEZD_NIL": null, "NRODCIREF": null, "SZL_NUMER": "207004P", "SZLNR_NIL": null, "length": 184.91 }, "geometry": { "type": "MultiLineString", "coordinates": [ [ [ 1925323.305716089205816, 6972337.046282220631838 ], [ 1925322.339222905226052, 6972351.260622186586261 ], [ 1925322.023366420762613, 6972364.593371721915901 ], [ 1925322.878603387856856, 6972375.362383018247783 ], [ 1925328.524744474096224, 6972402.160821870900691 ], [ 1925335.280662204371765, 6972428.985763739794493 ], [ 1925339.85702807107009, 6972437.98276040237397 ], [ 1925344.831665962468833, 6972446.258263064548373 ], [ 1925353.144590660696849, 6972454.231127381324768 ], [ 1925385.655724469339475, 6972484.51007414329797 ], [ 1925406.622013994958252, 6972504.031263899058104 ], [ 1925421.847885952098295, 6972516.820350636728108 ], [ 1925426.495402787579224, 6972520.718780651688576 ], [ 1925438.861590467160568, 6972531.097329465672374 ], [ 1925441.272105280309916, 6972532.882473113015294 ], [ 1925455.685526225715876, 6972543.592146192677319 ], [ 1925461.33716186741367, 6972547.780271201394498 ], [ 1925472.45701719308272, 6972555.50422821752727 ], [ 1925481.251087379874662, 6972560.664222656749189 ], [ 1925494.377531750127673, 6972568.336210263893008 ] ] ] } },
{ "type": "Feature", "properties": { "TERYT": "3028", "LOKALNYID": "2EBDC9DC-3B8A-7DB6-E053-CC2BA8C07DDB", "WERSJAID": "2021-10-29T00:00:00", "PNAZW": "PL.PZGiK.308.BDOT10k", "GMLID": "OT_SKDR_L.1040", "X_KOD": "SKDR04", "X_SKRKARTO": null, "X_SKRK_NIL": "inapplicable", "X_KATDOKG": "dokladny", "X_DOKLGEOM": null, "X_ZRODLOG": "ortofotomapa", "X_ZRODLOA": "pomiarTerenowy", "X_KATIST": "eksploatowany", "X_KATI_NIL": null, "X_RODZREPG": "osGeometryczna", "X_UWAGI": null, "X_UZYTKOWN": "Uzytkownik30.xml", "X_AKTG": "2021-10-29", "X_AKTA": "2020-01-20", "POCZWERS": "2021-10-29", "KONIECWERS": null, "X_DATAUTW": "2012-11-13", "X_INFDOD": null, "KOD10K": null, "KOD10K_NIL": "inapplicable", "KOD25K": "0025_115", "KOD25K_NIL": null, "KOD50K": "0050_115", "KOD50K_NIL": null, "KOD100K": "0100_115", "KOD100_NIL": null, "KOD250K": null, "KOD250_NIL": "inapplicable", "KOD500K": null, "KOD500_NIL": "inapplicable", "KOD1000K": null, "KOD1000_NI": "inapplicable", "KATZARZ": "wojewodzka", "KATZA_NIL": null, "KLASADROGI": "glowna", "KLDROG_NIL": null, "MATNAWIERZ": "masaBitumiczna", "MATNAW_NIL": null, "NAZWADROGI": null, "LJEZDNIDR": 1, "LJEZD_NIL": null, "NRODCIREF": null, "SZL_NUMER": "194", "SZLNR_NIL": null, "length": 14.97 }, "geometry": { "type": "MultiLineString", "coordinates": [ [ [ 1925921.349007816519588, 6972104.312361344695091 ], [ 1925932.797778555657715, 6972084.765351195819676 ], [ 1925934.098879657918587, 6972083.002079732716084 ] ] ] } },
{ "type": "Feature", "properties": { "TERYT": "3028", "LOKALNYID": "2EBDC9DC-3B8B-7DB6-E053-CC2BA8C07DDB", "WERSJAID": "2021-10-29T00:00:00", "PNAZW": "PL.PZGiK.308.BDOT10k", "GMLID": "OT_SKDR_L.1041", "X_KOD": "SKDR04", "X_SKRKARTO": null, "X_SKRK_NIL": "inapplicable", "X_KATDOKG": "dokladny", "X_DOKLGEOM": null, "X_ZRODLOG": "ortofotomapa", "X_ZRODLOA": "pomiarTerenowy", "X_KATIST": "eksploatowany", "X_KATI_NIL": null, "X_RODZREPG": "osGeometryczna", "X_UWAGI": null, "X_UZYTKOWN": "Uzytkownik30.xml", "X_AKTG": "2021-10-29", "X_AKTA": "2020-01-20", "POCZWERS": "2021-10-29", "KONIECWERS": null, "X_DATAUTW": "2012-11-13", "X_INFDOD": null, "KOD10K": null, "KOD10K_NIL": "inapplicable", "KOD25K": "0025_115", "KOD25K_NIL": null, "KOD50K": "0050_115", "KOD50K_NIL": null, "KOD100K": "0100_115", "KOD100_NIL": null, "KOD250K": null, "KOD250_NIL": "inapplicable", "KOD500K": null, "KOD500_NIL": "inapplicable", "KOD1000K": null, "KOD1000_NI": "inapplicable", "KATZARZ": "wojewodzka", "KATZA_NIL": null, "KLASADROGI": "glowna", "KLDROG_NIL": null, "MATNAWIERZ": "masaBitumiczna", "MATNAW_NIL": null, "NAZWADROGI": null, "LJEZDNIDR": 1, "LJEZD_NIL": null, "NRODCIREF": null, "SZL_NUMER": "194", "SZLNR_NIL": null, "length": 38.72 }, "geometry": { "type": "MultiLineString", "coordinates": [ [ [ 1925971.241876601008698, 6972040.657863963395357 ], [ 1925986.507579141994938, 6972028.593976037576795 ], [ 1925993.397554026683792, 6972023.142449846491218 ], [ 1926023.172234595520422, 6972002.98363302461803 ] ] ] } },
{ "type": "Feature", "properties": { "TERYT": "3028", "LOKALNYID": "2EBDC9DC-3C57-7DB6-E053-CC2BA8C07DDB", "WERSJAID": "2021-10-29T00:00:00", "PNAZW": "PL.PZGiK.308.BDOT10k", "GMLID": "OT_SKDR_L.1047", "X_KOD": "SKDR04", "X_SKRKARTO": null, "X_SKRK_NIL": "inapplicable", "X_KATDOKG": "dokladny", "X_DOKLGEOM": null, "X_ZRODLOG": "ortofotomapa", "X_ZRODLOA": "pomiarTerenowy", "X_KATIST": "eksploatowany", "X_KATI_NIL": null, "X_RODZREPG": "osGeometryczna", "X_UWAGI": null, "X_UZYTKOWN": "Uzytkownik30.xml", "X_AKTG": "2021-10-29", "X_AKTA": "2020-01-20", "POCZWERS": "2021-10-29", "KONIECWERS": null, "X_DATAUTW": "2012-11-13", "X_INFDOD": null, "KOD10K": null, "KOD10K_NIL": "inapplicable", "KOD25K": "0025_115", "KOD25K_NIL": null, "KOD50K": "0050_115", "KOD50K_NIL": null, "KOD100K": "0100_115", "KOD100_NIL": null, "KOD250K": null, "KOD250_NIL": "inapplicable", "KOD500K": null, "KOD500_NIL": "inapplicable", "KOD1000K": null, "KOD1000_NI": "inapplicable", "KATZARZ": "wojewodzka", "KATZA_NIL": null, "KLASADROGI": "glowna", "KLDROG_NIL": null, "MATNAWIERZ": "masaBitumiczna", "MATNAW_NIL": null, "NAZWADROGI": null, "LJEZDNIDR": 1, "LJEZD_NIL": null, "NRODCIREF": null, "SZL_NUMER": "194", "SZLNR_NIL": null, "length": 58.69 }, "geometry": { "type": "MultiLineString", "coordinates": [ [ [ 1925868.594035940710455, 6972272.260359064675868 ], [ 1925860.072759585687891, 6972308.872236276045442 ], [ 1925855.58042178559117, 6972325.760632153600454 ], [ 1925853.170905032893643, 6972335.156210920773447 ], [ 1925850.760990240378305, 6972344.568403535522521 ], [ 1925846.912084713345394, 6972357.368726691231132 ], [ 1925843.567075573606417, 6972366.376643565483391 ] ] ] } },
{ "type": "Feature", "properties": { "TERYT": "3028", "LOKALNYID": "2EBDC9DC-3D1C-7DB6-E053-CC2BA8C07DDB", "WERSJAID": "2021-10-29T00:00:00", "PNAZW": "PL.PZGiK.308.BDOT10k", "GMLID": "OT_SKDR_L.854", "X_KOD": "SKDR08", "X_SKRKARTO": null, "X_SKRK_NIL": "inapplicable", "X_KATDOKG": "przyblizony", "X_DOKLGEOM": null, "X_ZRODLOG": "ortofotomapa", "X_ZRODLOA": "pomiarTerenowy", "X_KATIST": "eksploatowany", "X_KATI_NIL": null, "X_RODZREPG": "liniaUmowna", "X_UWAGI": null, "X_UZYTKOWN": "Uzytkownik30.xml", "X_AKTG": "2021-10-29", "X_AKTA": "2021-10-29", "POCZWERS": "2021-10-29", "KONIECWERS": null, "X_DATAUTW": "2012-11-13", "X_INFDOD": null, "KOD10K": null, "KOD10K_NIL": "inapplicable", "KOD25K": null, "KOD25K_NIL": "inapplicable", "KOD50K": null, "KOD50K_NIL": "inapplicable", "KOD100K": null, "KOD100_NIL": "inapplicable", "KOD250K": null, "KOD250_NIL": "inapplicable", "KOD500K": null, "KOD500_NIL": "inapplicable", "KOD1000K": null, "KOD1000_NI": "inapplicable", "KATZARZ": "zakladowa", "KATZA_NIL": null, "KLASADROGI": "inna", "KLDROG_NIL": null, "MATNAWIERZ": "plytyBetonowe", "MATNAW_NIL": null, "NAZWADROGI": null, "LJEZDNIDR": 1, "LJEZD_NIL": null, "NRODCIREF": null, "SZL_NUMER": null, "SZLNR_NIL": null, "length": 41.31 }, "geometry": { "type": "MultiLineString", "coordinates": [ [ [ 1925913.772187183145434, 6974267.30446853581816 ], [ 1925921.628967069555074, 6974249.777279344387352 ], [ 1925924.651991937542334, 6974240.393999640829861 ], [ 1925929.464588142232969, 6974224.722168805077672 ], [ 1925932.608843863708898, 6974201.782446260564029 ] ] ] } },
{ "type": "Feature", "properties": { "TERYT": "3028", "LOKALNYID": "F56BF6E4-5070-4AD7-B837-DBC25D60D155", "WERSJAID": "2021-10-29T00:00:00", "PNAZW": "PL.PZGiK.308.BDOT10k", "GMLID": "ID_F56BF6E4-5070-4AD7-B837-DBC25D60D155", "X_KOD": "SKDR08", "X_SKRKARTO": null, "X_SKRK_NIL": "inapplicable", "X_KATDOKG": "dokladny", "X_DOKLGEOM": null, "X_ZRODLOG": "ortofotomapa", "X_ZRODLOA": "pomiarTerenowy", "X_KATIST": "eksploatowany", "X_KATI_NIL": null, "X_RODZREPG": "osGeometryczna", "X_UWAGI": null, "X_UZYTKOWN": "Uzytkownik30.xml", "X_AKTG": "2017-12-13", "X_AKTA": "2021-10-29", "POCZWERS": "2021-10-29", "KONIECWERS": null, "X_DATAUTW": "2017-12-13", "X_INFDOD": null, "KOD10K": null, "KOD10K_NIL": "inapplicable", "KOD25K": "0025_127", "KOD25K_NIL": null, "KOD50K": "0050_127", "KOD50K_NIL": null, "KOD100K": "0100_127", "KOD100_NIL": null, "KOD250K": null, "KOD250_NIL": "inapplicable", "KOD500K": null, "KOD500_NIL": "inapplicable", "KOD1000K": null, "KOD1000_NI": "inapplicable", "KATZARZ": "inna", "KATZA_NIL": null, "KLASADROGI": "inna", "KLDROG_NIL": null, "MATNAWIERZ": "gruntNaturalny", "MATNAW_NIL": null, "NAZWADROGI": null, "LJEZDNIDR": 1, "LJEZD_NIL": null, "NRODCIREF": null, "SZL_NUMER": null, "SZLNR_NIL": null, "length": 737.33 }, "geometry": { "type": "MultiLineString", "coordinates": [ [ [ 1930352.303800377994776, 6973135.018785880878568 ], [ 1930313.781479643890634, 6973219.990270350128412 ], [ 1930282.016668847994879, 6973277.83754965942353 ], [ 1930253.698125068331137, 6973322.788770644925535 ], [ 1930222.018404135946184, 6973364.704717451706529 ], [ 1930202.987892887555063, 6973386.377934371121228 ], [ 1930195.38252337789163, 6973397.765610639937222 ], [ 1930187.646714025177062, 6973414.084958170540631 ], [ 1930168.045676184818149, 6973461.897298747673631 ], [ 1930150.746263811597601, 6973499.029794314876199 ], [ 1930134.231421807548031, 6973532.325865853577852 ], [ 1930103.795611967565492, 6973594.957573182880878 ], [ 1930093.252154151909053, 6973612.258850074373186 ], [ 1930081.284875062759966, 6973630.922809893265367 ], [ 1930065.848689118633047, 6973649.788737892173231 ], [ 1930045.336433449760079, 6973674.568319842219353 ], [ 1930024.84023310081102, 6973699.364915049634874 ], [ 1930015.975958046270534, 6973705.672457749024034 ], [ 1929995.811861171619967, 6973715.373062916100025 ], [ 1929972.014050442259759, 6973730.970914266072214 ], [ 1929929.993732296396047, 6973762.611715789884329 ], [ 1929893.026015093782917, 6973791.49527036305517 ], [ 1929862.355136438971385, 6973813.995022804476321 ], [ 1929791.907716036308557, 6973881.43038493860513 ], [ 1929767.710705577395856, 6973904.213460547849536 ], [ 1929733.14111572667025, 6973931.125376343727112 ], [ 1929650.767903506522998, 6974003.101884317584336 ], [ 1929624.014559139031917, 6974025.293675827793777 ], [ 1929604.888054005336016, 6974038.806376044638455 ], [ 1929581.534134418936446, 6974050.19345773383975 ] ] ] } },
{ "type": "Feature", "properties": { "TERYT": "3028", "LOKALNYID": "2EBDC9DC-3D43-7DB6-E053-CC2BA8C07DDB", "WERSJAID": "2021-10-29T00:00:00", "PNAZW": "PL.PZGiK.308.BDOT10k", "GMLID": "OT_SKDR_L.1466", "X_KOD": "SKDR08", "X_SKRKARTO": null, "X_SKRK_NIL": "inapplicable", "X_KATDOKG": "dokladny", "X_DOKLGEOM": null, "X_ZRODLOG": "ortofotomapa", "X_ZRODLOA": "pomiarTerenowy", "X_KATIST": "eksploatowany", "X_KATI_NIL": null, "X_RODZREPG": "osGeometryczna", "X_UWAGI": null, "X_UZYTKOWN": "Uzytkownik30.xml", "X_AKTG": "2021-10-29", "X_AKTA": "2021-10-29", "POCZWERS": "2021-10-29", "KONIECWERS": null, "X_DATAUTW": "2012-11-13", "X_INFDOD": null, "KOD10K": null, "KOD10K_NIL": "inapplicable", "KOD25K": "0025_127", "KOD25K_NIL": null, "KOD50K": "0050_127", "KOD50K_NIL": null, "KOD100K": "0100_127", "KOD100_NIL": null, "KOD250K": null, "KOD250_NIL": "inapplicable", "KOD500K": null, "KOD500_NIL": "inapplicable", "KOD1000K": null, "KOD1000_NI": "inapplicable", "KATZARZ": "inna", "KATZA_NIL": null, "KLASADROGI": "inna", "KLDROG_NIL": null, "MATNAWIERZ": "stabilizacjaZwiremLubZuzlem", "MATNAW_NIL": null, "NAZWADROGI": null, "LJEZDNIDR": 1, "LJEZD_NIL": null, "NRODCIREF": null, "SZL_NUMER": null, "SZLNR_NIL": null, "length": 157.01 }, "geometry": { "type": "MultiLineString", "coordinates": [ [ [ 1926829.269135787617415, 6973560.043621761724353 ], [ 1926898.890420614043251, 6973588.687932038679719 ], [ 1926939.46499291411601, 6973608.487866465002298 ], [ 1926963.848285112762824, 6973626.775641791522503 ], [ 1926978.147222239989787, 6973638.295440441928804 ], [ 1927016.089416056172922, 6973659.395462271757424 ], [ 1927032.318538587540388, 6973668.485012521967292 ], [ 1927058.634431711630896, 6973680.720251473598182 ] ] ] } },
{ "type": "Feature", "properties": { "TERYT": "3028", "LOKALNYID": "2EBDC9DC-320A-7DB6-E053-CC2BA8C07DDB", "WERSJAID": "2021-10-29T00:00:00", "PNAZW": "PL.PZGiK.308.BDOT10k", "GMLID": "OT_SKDR_L.55", "X_KOD": "SKDR08", "X_SKRKARTO": null, "X_SKRK_NIL": "inapplicable", "X_KATDOKG": "dokladny", "X_DOKLGEOM": null, "X_ZRODLOG": "ortofotomapa", "X_ZRODLOA": "pomiarTerenowy", "X_KATIST": "eksploatowany", "X_KATI_NIL": null, "X_RODZREPG": "osGeometryczna", "X_UWAGI": null, "X_UZYTKOWN": "Uzytkownik30.xml", "X_AKTG": "2021-10-29", "X_AKTA": "2021-10-29", "POCZWERS": "2021-10-29", "KONIECWERS": null, "X_DATAUTW": "2012-11-13", "X_INFDOD": null, "KOD10K": null, "KOD10K_NIL": "inapplicable", "KOD25K": "0025_127", "KOD25K_NIL": null, "KOD50K": "0050_127", "KOD50K_NIL": null, "KOD100K": "0100_127", "KOD100_NIL": null, "KOD250K": null, "KOD250_NIL": "inapplicable", "KOD500K": null, "KOD500_NIL": "inapplicable", "KOD1000K": null, "KOD1000_NI": "inapplicable", "KATZARZ": "inna", "KATZA_NIL": null, "KLASADROGI": "inna", "KLDROG_NIL": null, "MATNAWIERZ": "gruntNaturalny", "MATNAW_NIL": null, "NAZWADROGI": null, "LJEZDNIDR": 1, "LJEZD_NIL": null, "NRODCIREF": null, "SZL_NUMER": null, "SZLNR_NIL": null, "length": 227.98 }, "geometry": { "type": "MultiLineString", "coordinates": [ [ [ 1924549.280361905228347, 6971534.155765609815717 ], [ 1924589.928465333767235, 6971515.343134974129498 ], [ 1924592.65994154359214, 6971514.062891991809011 ], [ 1924595.491574458545074, 6971512.751819035038352 ], [ 1924600.450971493497491, 6971510.461688816547394 ], [ 1924612.900122643681243, 6971504.696034964174032 ], [ 1924651.071996822953224, 6971486.870505970902741 ], [ 1924672.011652699206024, 6971472.470428290776908 ], [ 1924705.676265212940052, 6971451.846036620438099 ], [ 1924750.694292737403885, 6971418.552580771036446 ], [ 1924811.921713629737496, 6971373.237489375285804 ], [ 1924853.126257640542462, 6971333.723328735679388 ], [ 1924862.94846308673732, 6971327.612341285683215 ] ] ] } },
{ "type": "Feature", "properties": { "TERYT": "3028", "LOKALNYID": "2EBDC9DC-320C-7DB6-E053-CC2BA8C07DDB", "WERSJAID": "2021-10-29T00:00:00", "PNAZW": "PL.PZGiK.308.BDOT10k", "GMLID": "OT_SKDR_L.57", "X_KOD": "SKDR08", "X_SKRKARTO": null, "X_SKRK_NIL": "inapplicable", "X_KATDOKG": "dokladny", "X_DOKLGEOM": null, "X_ZRODLOG": "ortofotomapa", "X_ZRODLOA": "pomiarTerenowy", "X_KATIST": "eksploatowany", "X_KATI_NIL": null, "X_RODZREPG": "osGeometryczna", "X_UWAGI": null, "X_UZYTKOWN": "Uzytkownik30.xml", "X_AKTG": "2021-10-29", "X_AKTA": "2021-10-29", "POCZWERS": "2021-10-29", "KONIECWERS": null, "X_DATAUTW": "2012-11-13", "X_INFDOD": null, "KOD10K": null, "KOD10K_NIL": "inapplicable", "KOD25K": "0025_127", "KOD25K_NIL": null, "KOD50K": "0050_127", "KOD50K_NIL": null, "KOD100K": "0100_127", "KOD100_NIL": null, "KOD250K": null, "KOD250_NIL": "inapplicable", "KOD500K": null, "KOD500_NIL": "inapplicable", "KOD1000K": null, "KOD1000_NI": "inapplicable", "KATZARZ": "inna", "KATZA_NIL": null, "KLASADROGI": "inna", "KLDROG_NIL": null, "MATNAWIERZ": "gruntNaturalny", "MATNAW_NIL": null, "NAZWADROGI": null, "LJEZDNIDR": 1, "LJEZD_NIL": null, "NRODCIREF": null, "SZL_NUMER": null, "SZLNR_NIL": null, "length": 159.54 }, "geometry": { "type": "MultiLineString", "coordinates": [ [ [ 1924235.838109987787902, 6971651.941433632746339 ], [ 1924273.780235384125262, 6971590.955139034427702 ], [ 1924303.517124451929703, 6971543.277799587696791 ], [ 1924304.606761776376516, 6971535.09786160197109 ], [ 1924302.310540276113898, 6971530.624285877682269 ], [ 1924271.162317882990465, 6971510.941837604157627 ], [ 1924254.380823463434353, 6971501.702910929918289 ], [ 1924233.431774552213028, 6971487.945584824308753 ], [ 1924196.123515214771032, 6971468.098849737085402 ] ] ] } },
{ "type": "Feature", "properties": { "TERYT": "3028", "LOKALNYID": "2EBDC9DC-4148-7DB6-E053-CC2BA8C07DDB", "WERSJAID": "2021-10-29T00:00:00", "PNAZW": "PL.PZGiK.308.BDOT10k", "GMLID": "OT_SKDR_L.6356", "X_KOD": "SKDR08", "X_SKRKARTO": null, "X_SKRK_NIL": "inapplicable", "X_KATDOKG": "dokladny", "X_DOKLGEOM": null, "X_ZRODLOG": "ortofotomapa", "X_ZRODLOA": "pomiarTerenowy", "X_KATIST": "eksploatowany", "X_KATI_NIL": null, "X_RODZREPG": "osGeometryczna", "X_UWAGI": null, "X_UZYTKOWN": "Uzytkownik30.xml", "X_AKTG": "2021-10-29", "X_AKTA": "2021-10-29", "POCZWERS": "2021-10-29", "KONIECWERS": null, "X_DATAUTW": "2012-11-13", "X_INFDOD": null, "KOD10K": null, "KOD10K_NIL": "inapplicable", "KOD25K": "0025_127", "KOD25K_NIL": null, "KOD50K": "0050_127", "KOD50K_NIL": null, "KOD100K": "0100_127", "KOD100_NIL": null, "KOD250K": null, "KOD250_NIL": "inapplicable", "KOD500K": null, "KOD500_NIL": "inapplicable", "KOD1000K": null, "KOD1000_NI": "inapplicable", "KATZARZ": "inna", "KATZA_NIL": null, "KLASADROGI": "inna", "KLDROG_NIL": null, "MATNAWIERZ": "gruntNaturalny", "MATNAW_NIL": null, "NAZWADROGI": null, "LJEZDNIDR": 1, "LJEZD_NIL": null, "NRODCIREF": null, "SZL_NUMER": null, "SZLNR_NIL": null, "length": 311.45 }, "geometry": { "type": "MultiLineString", "coordinates": [ [ [ 1927896.637794829905033, 6971439.175890916027129 ], [ 1927898.712651703041047, 6971402.14875225815922 ], [ 1927901.189579616766423, 6971381.243846209719777 ], [ 1927904.573571338318288, 6971348.466879790648818 ], [ 1927911.203493084991351, 6971288.10927302390337 ], [ 1927920.169541595270857, 6971202.226603584364057 ], [ 1927928.708842452149838, 6971110.487958342768252 ], [ 1927940.121328616980463, 6971019.166616342961788 ], [ 1927947.286342296050861, 6970954.322682240046561 ], [ 1927950.591996354050934, 6970924.884214009158313 ] ] ] } },
{ "type": "Feature", "properties": { "TERYT": "3028", "LOKALNYID": "2EBDC9DC-3841-7DB6-E053-CC2BA8C07DDB", "WERSJAID": "2021-10-29T00:00:00", "PNAZW": "PL.PZGiK.308.BDOT10k", "GMLID": "OT_SKDR_L.580", "X_KOD": "SKDR06", "X_SKRKARTO": null, "X_SKRK_NIL": "inapplicable", "X_KATDOKG": "dokladny", "X_DOKLGEOM": null, "X_ZRODLOG": "ortofotomapa", "X_ZRODLOA": "pomiarTerenowy", "X_KATIST": "eksploatowany", "X_KATI_NIL": null, "X_RODZREPG": "osGeometryczna", "X_UWAGI": null, "X_UZYTKOWN": "Uzytkownik30.xml", "X_AKTG": "2021-10-29", "X_AKTA": "2020-01-20", "POCZWERS": "2021-10-29", "KONIECWERS": null, "X_DATAUTW": "2012-11-13", "X_INFDOD": null, "KOD10K": null, "KOD10K_NIL": "inapplicable", "KOD25K": "0025_121", "KOD25K_NIL": null, "KOD50K": "0050_121", "KOD50K_NIL": null, "KOD100K": "0100_121", "KOD100_NIL": null, "KOD250K": null, "KOD250_NIL": "inapplicable", "KOD500K": null, "KOD500_NIL": "inapplicable", "KOD1000K": null, "KOD1000_NI": "inapplicable", "KATZARZ": "powiatowa", "KATZA_NIL": null, "KLASADROGI": "lokalna", "KLDROG_NIL": null, "MATNAWIERZ": "masaBitumiczna", "MATNAW_NIL": null, "NAZWADROGI": null, "LJEZDNIDR": 1, "LJEZD_NIL": null, "NRODCIREF": null, "SZL_NUMER": "1600P", "SZLNR_NIL": null, "length": 91.35 }, "geometry": { "type": "MultiLineString", "coordinates": [ [ [ 1924857.058477010345086, 6972039.696493960916996 ], [ 1924918.710614709882066, 6972077.183282294310629 ], [ 1924986.422557914163917, 6972118.419202097691596 ] ] ] } },
{ "type": "Feature", "properties": { "TERYT": "3028", "LOKALNYID": "2EBDC9DC-348A-7DB6-E053-CC2BA8C07DDB", "WERSJAID": "2021-10-29T00:00:00", "PNAZW": "PL.PZGiK.308.BDOT10k", "GMLID": "OT_SKDR_L.1735", "X_KOD": "SKDR06", "X_SKRKARTO": null, "X_SKRK_NIL": "inapplicable", "X_KATDOKG": "dokladny", "X_DOKLGEOM": null, "X_ZRODLOG": "ortofotomapa", "X_ZRODLOA": "pomiarTerenowy", "X_KATIST": "eksploatowany", "X_KATI_NIL": null, "X_RODZREPG": "osGeometryczna", "X_UWAGI": null, "X_UZYTKOWN": "Uzytkownik30.xml", "X_AKTG": "2011-01-01", "X_AKTA": "2021-10-29", "POCZWERS": "2021-10-29", "KONIECWERS": null, "X_DATAUTW": "2012-11-13", "X_INFDOD": null, "KOD10K": null, "KOD10K_NIL": "inapplicable", "KOD25K": "0025_121", "KOD25K_NIL": null, "KOD50K": "0050_121", "KOD50K_NIL": null, "KOD100K": "0100_121", "KOD100_NIL": null, "KOD250K": null, "KOD250_NIL": "inapplicable", "KOD500K": null, "KOD500_NIL": "inapplicable", "KOD1000K": null, "KOD1000_NI": "inapplicable", "KATZARZ": "powiatowa", "KATZA_NIL": null, "KLASADROGI": "lokalna", "KLDROG_NIL": null, "MATNAWIERZ": "masaBitumiczna", "MATNAW_NIL": null, "NAZWADROGI": null, "LJEZDNIDR": 1, "LJEZD_NIL": null, "NRODCIREF": null, "SZL_NUMER": "1571P", "SZLNR_NIL": null, "length": 163.32 }, "geometry": { "type": "MultiLineString", "coordinates": [ [ [ 1925617.765422834316269, 6972884.921892281621695 ], [ 1925628.830713517498225, 6972908.992976736277342 ], [ 1925633.895065888995305, 6972921.208472711034119 ], [ 1925645.639228638494387, 6972949.515795827843249 ], [ 1925651.205598524771631, 6972960.829487939365208 ], [ 1925657.892261422704905, 6972970.325629129074514 ], [ 1925666.599305038806051, 6972982.694222619757056 ], [ 1925703.476353311678395, 6972996.695814783684909 ], [ 1925731.802165766712278, 6973005.759024523198605 ], [ 1925742.280355021590367, 6973009.114825090393424 ], [ 1925750.060811998555437, 6973011.609042169526219 ], [ 1925779.321492007235065, 6973021.093050788156688 ], [ 1925788.540733710862696, 6973023.721091344952583 ], [ 1925800.926867271307856, 6973025.593607765622437 ], [ 1925820.781968110240996, 6973027.012111209332943 ] ] ] } },
{ "type": "Feature", "properties": { "TERYT": "3028", "LOKALNYID": "2EBDC9DC-48FA-7DB6-E053-CC2BA8C07DDB", "WERSJAID": "2021-10-29T00:00:00", "PNAZW": "PL.PZGiK.308.BDOT10k", "GMLID": "OT_SKDR_L.5661", "X_KOD": "SKDR06", "X_SKRKARTO": null, "X_SKRK_NIL": "inapplicable", "X_KATDOKG": "dokladny", "X_DOKLGEOM": null, "X_ZRODLOG": "ortofotomapa", "X_ZRODLOA": "pomiarTerenowy", "X_KATIST": "eksploatowany", "X_KATI_NIL": null, "X_RODZREPG": "osGeometryczna", "X_UWAGI": null, "X_UZYTKOWN": "Uzytkownik30.xml", "X_AKTG": "2017-12-13", "X_AKTA": "2021-10-29", "POCZWERS": "2021-10-29", "KONIECWERS": null, "X_DATAUTW": "2012-11-13", "X_INFDOD": null, "KOD10K": null, "KOD10K_NIL": "inapplicable", "KOD25K": "0025_121", "KOD25K_NIL": null, "KOD50K": "0050_121", "KOD50K_NIL": null, "KOD100K": "0100_121", "KOD100_NIL": null, "KOD250K": null, "KOD250_NIL": "inapplicable", "KOD500K": null, "KOD500_NIL": "inapplicable", "KOD1000K": null, "KOD1000_NI": "inapplicable", "KATZARZ": "gminna", "KATZA_NIL": null, "KLASADROGI": "lokalna", "KLDROG_NIL": null, "MATNAWIERZ": "masaBitumiczna", "MATNAW_NIL": null, "NAZWADROGI": null, "LJEZDNIDR": 1, "LJEZD_NIL": null, "NRODCIREF": null, "SZL_NUMER": "207017P", "SZLNR_NIL": null, "length": 91.49 }, "geometry": { "type": "MultiLineString", "coordinates": [ [ [ 1927261.458462225738913, 6972903.504097873345017 ], [ 1927314.41290106321685, 6972916.14902903046459 ], [ 1927358.913134534377605, 6972926.750347513705492 ], [ 1927408.823911993997172, 6972939.156858816742897 ] ] ] } },
{ "type": "Feature", "properties": { "TERYT": "3028", "LOKALNYID": "2EBDC9DC-339E-7DB6-E053-CC2BA8C07DDB", "WERSJAID": "2021-10-29T00:00:00", "PNAZW": "PL.PZGiK.308.BDOT10k", "GMLID": "OT_SKDR_L.1510", "X_KOD": "SKDR08", "X_SKRKARTO": null, "X_SKRK_NIL": "inapplicable", "X_KATDOKG": "dokladny", "X_DOKLGEOM": null, "X_ZRODLOG": "ortofotomapa", "X_ZRODLOA": "pomiarTerenowy", "X_KATIST": "eksploatowany", "X_KATI_NIL": null, "X_RODZREPG": "osGeometryczna", "X_UWAGI": null, "X_UZYTKOWN": "Uzytkownik30.xml", "X_AKTG": "2011-01-01", "X_AKTA": "2021-10-29", "POCZWERS": "2021-10-29", "KONIECWERS": null, "X_DATAUTW": "2012-11-13", "X_INFDOD": null, "KOD10K": null, "KOD10K_NIL": "inapplicable", "KOD25K": "0025_127", "KOD25K_NIL": null, "KOD50K": "0050_127", "KOD50K_NIL": null, "KOD100K": "0100_127", "KOD100_NIL": null, "KOD250K": null, "KOD250_NIL": "inapplicable", "KOD500K": null, "KOD500_NIL": "inapplicable", "KOD1000K": null, "KOD1000_NI": "inapplicable", "KATZARZ": "inna", "KATZA_NIL": null, "KLASADROGI": "inna", "KLDROG_NIL": null, "MATNAWIERZ": "gruntNaturalny", "MATNAW_NIL": null, "NAZWADROGI": null, "LJEZDNIDR": 1, "LJEZD_NIL": null, "NRODCIREF": null, "SZL_NUMER": null, "SZLNR_NIL": null, "length": 598.38 }, "geometry": { "type": "MultiLineString", "coordinates": [ [ [ 1924944.729813270037994, 6972840.219420528039336 ], [ 1924945.229744032258168, 6972858.955392311327159 ], [ 1924945.729282374260947, 6972877.708012427203357 ], [ 1924949.106617306126282, 6972922.547136449255049 ], [ 1924959.67513735149987, 6973010.755348267033696 ], [ 1924971.025029148207977, 6973089.795293159782887 ], [ 1924973.799522675108165, 6973109.067918735556304 ], [ 1924979.959221182391047, 6973156.101359792053699 ], [ 1924981.696898611728102, 6973176.462599273771048 ], [ 1924985.396365436026827, 6973221.011985722929239 ], [ 1924987.00581178558059, 6973259.347637633793056 ], [ 1924987.39567478816025, 6973270.156631840392947 ], [ 1924989.574623441556469, 6973284.497450212948024 ], [ 1924994.842098369728774, 6973316.058637668378651 ], [ 1924996.174857154954225, 6973340.215471812523901 ], [ 1925003.662119816290215, 6973411.63977918215096 ], [ 1925011.481984256766737, 6973482.32495239470154 ], [ 1925018.458720069378614, 6973534.76343643758446 ], [ 1925026.86507204733789, 6973594.015505626797676 ], [ 1925033.25614406936802, 6973657.872349737212062 ], [ 1925038.829622662160546, 6973703.100458525121212 ], [ 1925043.198111200239509, 6973745.325837533921003 ], [ 1925046.583779058419168, 6973789.854241259396076 ], [ 1925050.420553080737591, 6973827.946604232303798 ] ] ] } },
{ "type": "Feature", "properties": { "TERYT": "3028", "LOKALNYID": "2EBDC9DC-53A0-7DB6-E053-CC2BA8C07DDB", "WERSJAID": "2021-10-29T00:00:00", "PNAZW": "PL.PZGiK.308.BDOT10k", "GMLID": "OT_SKDR_L.7652", "X_KOD": "SKDR06", "X_SKRKARTO": null, "X_SKRK_NIL": "inapplicable", "X_KATDOKG": "dokladny", "X_DOKLGEOM": null, "X_ZRODLOG": "ortofotomapa", "X_ZRODLOA": "pomiarTerenowy", "X_KATIST": "eksploatowany", "X_KATI_NIL": null, "X_RODZREPG": "osGeometryczna", "X_UWAGI": null, "X_UZYTKOWN": "Uzytkownik30.xml", "X_AKTG": "2020-01-20", "X_AKTA": "2021-10-29", "POCZWERS": "2021-10-29", "KONIECWERS": null, "X_DATAUTW": "2012-11-13", "X_INFDOD": null, "KOD10K": null, "KOD10K_NIL": "inapplicable", "KOD25K": "0025_126", "KOD25K_NIL": null, "KOD50K": "0050_126", "KOD50K_NIL": null, "KOD100K": "0100_126", "KOD100_NIL": null, "KOD250K": null, "KOD250_NIL": "inapplicable", "KOD500K": null, "KOD500_NIL": "inapplicable", "KOD1000K": null, "KOD1000_NI": "inapplicable", "KATZARZ": "gminna", "KATZA_NIL": null, "KLASADROGI": "lokalna", "KLDROG_NIL": null, "MATNAWIERZ": "gruntNaturalny", "MATNAW_NIL": null, "NAZWADROGI": null, "LJEZDNIDR": 1, "LJEZD_NIL": null, "NRODCIREF": null, "SZL_NUMER": "207050P", "SZLNR_NIL": null, "length": 893.75 }, "geometry": { "type": "MultiLineString", "coordinates": [ [ [ 1929697.117970680585131, 6972580.750513263978064 ], [ 1929693.738062138669193, 6972607.203556801192462 ], [ 1929685.321245783008635, 6972758.906094598583877 ], [ 1929677.921570154139772, 6972898.157976321876049 ], [ 1929672.403864334570244, 6973060.633091921918094 ], [ 1929669.033540096366778, 6973176.15849793702364 ], [ 1929666.446325849043205, 6973230.644347578287125 ], [ 1929663.852130388142541, 6973253.927755001932383 ], [ 1929657.178467642748728, 6973290.192219922319055 ], [ 1929643.771109589375556, 6973351.704476717859507 ], [ 1929638.56794825498946, 6973383.86642805300653 ], [ 1929628.675865100231022, 6973441.008294894360006 ], [ 1929619.85923869535327, 6973488.92086351942271 ], [ 1929604.230412140022963, 6973591.223669312894344 ], [ 1929596.73793162452057, 6973628.467488972470164 ], [ 1929589.850152965402231, 6973653.911830457858741 ], [ 1929588.238960799993947, 6973662.647387638688087 ], [ 1929587.720691789640114, 6973669.996058765798807 ], [ 1929588.538870468968526, 6973676.893985316157341 ], [ 1929589.774424090981483, 6973687.24107887595892 ], [ 1929593.979572355980054, 6973716.798621064983308 ], [ 1929595.478525048354641, 6973742.970128350891173 ], [ 1929602.219569794135168, 6973829.795525944791734 ], [ 1929605.687438608380035, 6973906.227050763554871 ], [ 1929606.840181672247127, 6973962.383409400470555 ], [ 1929606.266760094324127, 6973987.144948104396462 ], [ 1929604.922297874232754, 6974000.107627040706575 ], [ 1929601.781742600956932, 6974014.756630644202232 ], [ 1929598.034209879580885, 6974025.553146694786847 ], [ 1929592.919247442856431, 6974034.55651181936264 ], [ 1929581.534134418936446, 6974050.19345773383975 ] ] ] } },
{ "type": "Feature", "properties": { "TERYT": "3028", "LOKALNYID": "2EBDC9DC-4134-7DB6-E053-CC2BA8C07DDB", "WERSJAID": "2021-10-29T00:00:00", "PNAZW": "PL.PZGiK.308.BDOT10k", "GMLID": "OT_SKDR_L.6156", "X_KOD": "SKDR08", "X_SKRKARTO": null, "X_SKRK_NIL": "inapplicable", "X_KATDOKG": "dokladny", "X_DOKLGEOM": null, "X_ZRODLOG": "ortofotomapa", "X_ZRODLOA": "pomiarTerenowy", "X_KATIST": "eksploatowany", "X_KATI_NIL": null, "X_RODZREPG": "osGeometryczna", "X_UWAGI": null, "X_UZYTKOWN": "Uzytkownik30.xml", "X_AKTG": "2021-10-29", "X_AKTA": "2021-10-29", "POCZWERS": "2021-10-29", "KONIECWERS": null, "X_DATAUTW": "2012-11-13", "X_INFDOD": null, "KOD10K": null, "KOD10K_NIL": "inapplicable", "KOD25K": "0025_127", "KOD25K_NIL": null, "KOD50K": "0050_127", "KOD50K_NIL": null, "KOD100K": "0100_127", "KOD100_NIL": null, "KOD250K": null, "KOD250_NIL": "inapplicable", "KOD500K": null, "KOD500_NIL": "inapplicable", "KOD1000K": null, "KOD1000_NI": "inapplicable", "KATZARZ": "inna", "KATZA_NIL": null, "KLASADROGI": "inna", "KLDROG_NIL": null, "MATNAWIERZ": "gruntNaturalny", "MATNAW_NIL": null, "NAZWADROGI": null, "LJEZDNIDR": 1, "LJEZD_NIL": null, "NRODCIREF": null, "SZL_NUMER": null, "SZLNR_NIL": null, "length": 138.88 }, "geometry": { "type": "MultiLineString", "coordinates": [ [ [ 1927113.821492742979899, 6972396.415813348256052 ], [ 1927117.230770375812426, 6972323.166411681100726 ], [ 1927117.624583559809253, 6972290.847005841322243 ], [ 1927123.579204597277567, 6972273.676836120896041 ], [ 1927143.053371979855001, 6972258.769165758043528 ], [ 1927192.30043301009573, 6972258.302088529802859 ], [ 1927224.932473797351122, 6972261.779091712087393 ] ] ] } },
{ "type": "Feature", "properties": { "TERYT": "3028", "LOKALNYID": "2EBDC9DC-52DB-7DB6-E053-CC2BA8C07DDB", "WERSJAID": "2021-10-29T00:00:00", "PNAZW": "PL.PZGiK.308.BDOT10k", "GMLID": "OT_SKDR_L.7642", "X_KOD": "SKDR08", "X_SKRKARTO": null, "X_SKRK_NIL": "inapplicable", "X_KATDOKG": "dokladny", "X_DOKLGEOM": null, "X_ZRODLOG": "ortofotomapa", "X_ZRODLOA": "pomiarTerenowy", "X_KATIST": "eksploatowany", "X_KATI_NIL": null, "X_RODZREPG": "osGeometryczna", "X_UWAGI": null, "X_UZYTKOWN": "Uzytkownik30.xml", "X_AKTG": "2021-10-29", "X_AKTA": "2021-10-29", "POCZWERS": "2021-10-29", "KONIECWERS": null, "X_DATAUTW": "2012-11-13", "X_INFDOD": null, "KOD10K": null, "KOD10K_NIL": "inapplicable", "KOD25K": "0025_127", "KOD25K_NIL": null, "KOD50K": "0050_127", "KOD50K_NIL": null, "KOD100K": "0100_127", "KOD100_NIL": null, "KOD250K": null, "KOD250_NIL": "inapplicable", "KOD500K": null, "KOD500_NIL": "inapplicable", "KOD1000K": null, "KOD1000_NI": "inapplicable", "KATZARZ": "inna", "KATZA_NIL": null, "KLASADROGI": "inna", "KLDROG_NIL": null, "MATNAWIERZ": "gruntNaturalny", "MATNAW_NIL": null, "NAZWADROGI": null, "LJEZDNIDR": 1, "LJEZD_NIL": null, "NRODCIREF": null, "SZL_NUMER": null, "SZLNR_NIL": null, "length": 759.86 }, "geometry": { "type": "MultiLineString", "coordinates": [ [ [ 1928182.663934325566515, 6971088.224994615651667 ], [ 1928248.708273971453309, 6971132.395433126948774 ], [ 1928283.500541073037311, 6971156.747819575481117 ], [ 1928298.434656465891749, 6971166.499297305941582 ], [ 1928323.511628938373178, 6971184.693996773101389 ], [ 1928344.794168614549562, 6971200.756671371869743 ], [ 1928355.804108514683321, 6971208.256790140643716 ], [ 1928367.932247261982411, 6971214.703401236794889 ], [ 1928388.299130610190332, 6971223.136898943223059 ], [ 1928434.87968533555977, 6971237.981274844147265 ], [ 1928461.245995837729424, 6971247.086617891676724 ], [ 1928527.885376700432971, 6971267.250381643883884 ], [ 1928541.85944033623673, 6971272.710106111131608 ], [ 1928562.040826274082065, 6971283.431159815751016 ], [ 1928585.942597572226077, 6971300.900137709453702 ], [ 1928611.150928811170161, 6971322.751680226996541 ], [ 1928641.04785545123741, 6971348.91541220061481 ], [ 1928681.440904850140214, 6971382.616758513264358 ], [ 1928721.546539135742933, 6971422.988952203653753 ], [ 1928764.246948963264003, 6971463.670956905931234 ], [ 1928784.912065345328301, 6971475.000999973155558 ], [ 1928848.313859056215733, 6971511.233049080707133 ], [ 1928892.556734504178166, 6971535.505668062716722 ], [ 1928934.950143648078665, 6971565.21665963716805 ], [ 1928960.753093644510955, 6971585.088317221030593 ], [ 1928978.332612363388762, 6971593.737991956993937 ], [ 1928996.158646754920483, 6971603.190738732926548 ], [ 1929039.006015091668814, 6971622.662750527262688 ], [ 1929053.860294313402846, 6971631.647368673235178 ], [ 1929070.211688855662942, 6971642.527389424853027 ], [ 1929116.690525711048394, 6971676.901303729042411 ], [ 1929184.687629224266857, 6971730.896934057585895 ], [ 1929229.762763211969286, 6971767.24784086085856 ] ] ] } },
{ "type": "Feature", "properties": { "TERYT": "3028", "LOKALNYID": "2EBDC9DC-52DC-7DB6-E053-CC2BA8C07DDB", "WERSJAID": "2021-10-29T00:00:00", "PNAZW": "PL.PZGiK.308.BDOT10k", "GMLID": "OT_SKDR_L.7643", "X_KOD": "SKDR08", "X_SKRKARTO": null, "X_SKRK_NIL": "inapplicable", "X_KATDOKG": "dokladny", "X_DOKLGEOM": null, "X_ZRODLOG": "ortofotomapa", "X_ZRODLOA": "pomiarTerenowy", "X_KATIST": "eksploatowany", "X_KATI_NIL": null, "X_RODZREPG": "osGeometryczna", "X_UWAGI": null, "X_UZYTKOWN": "Uzytkownik30.xml", "X_AKTG": "2021-10-29", "X_AKTA": "2021-10-29", "POCZWERS": "2021-10-29", "KONIECWERS": null, "X_DATAUTW": "2012-11-13", "X_INFDOD": null, "KOD10K": null, "KOD10K_NIL": "inapplicable", "KOD25K": "0025_127", "KOD25K_NIL": null, "KOD50K": "0050_127", "KOD50K_NIL": null, "KOD100K": "0100_127", "KOD100_NIL": null, "KOD250K": null, "KOD250_NIL": "inapplicable", "KOD500K": null, "KOD500_NIL": "inapplicable", "KOD1000K": null, "KOD1000_NI": "inapplicable", "KATZARZ": "inna", "KATZA_NIL": null, "KLASADROGI": "inna", "KLDROG_NIL": null, "MATNAWIERZ": "gruntNaturalny", "MATNAW_NIL": null, "NAZWADROGI": null, "LJEZDNIDR": 1, "LJEZD_NIL": null, "NRODCIREF": null, "SZL_NUMER": null, "SZLNR_NIL": null, "length": 110.81 }, "geometry": { "type": "MultiLineString", "coordinates": [ [ [ 1927818.346314551541582, 6970797.50356690492481 ], [ 1927827.830907541327178, 6970807.127490137703717 ], [ 1927853.616495799273252, 6970828.22963191382587 ], [ 1927889.590588526567444, 6970865.715802100487053 ], [ 1927928.022035297937691, 6970903.708141848444939 ], [ 1927950.591996354050934, 6970924.884214009158313 ] ] ] } },
{ "type": "Feature", "properties": { "TERYT": "3028", "LOKALNYID": "638AC7AE-0A47-4F95-9C82-1DF66578CAD8", "WERSJAID": "2021-10-29T00:00:00", "PNAZW": "PL.PZGiK.308.BDOT10k", "GMLID": "ID_638AC7AE-0A47-4F95-9C82-1DF66578CAD8", "X_KOD": "SKDR06", "X_SKRKARTO": null, "X_SKRK_NIL": "inapplicable", "X_KATDOKG": "dokladny", "X_DOKLGEOM": null, "X_ZRODLOG": "ortofotomapa", "X_ZRODLOA": "pomiarTerenowy", "X_KATIST": "eksploatowany", "X_KATI_NIL": null, "X_RODZREPG": "osGeometryczna", "X_UWAGI": null, "X_UZYTKOWN": "Uzytkownik30.xml", "X_AKTG": "2021-10-29", "X_AKTA": "2020-01-20", "POCZWERS": "2021-10-29", "KONIECWERS": null, "X_DATAUTW": "2017-12-13", "X_INFDOD": null, "KOD10K": null, "KOD10K_NIL": "inapplicable", "KOD25K": "0025_121", "KOD25K_NIL": null, "KOD50K": "0050_121", "KOD50K_NIL": null, "KOD100K": "0100_121", "KOD100_NIL": null, "KOD250K": null, "KOD250_NIL": "inapplicable", "KOD500K": null, "KOD500_NIL": "inapplicable", "KOD1000K": null, "KOD1000_NI": "inapplicable", "KATZARZ": "gminna", "KATZA_NIL": null, "KLASADROGI": "lokalna", "KLDROG_NIL": null, "MATNAWIERZ": "masaBitumiczna", "MATNAW_NIL": null, "NAZWADROGI": null, "LJEZDNIDR": 1, "LJEZD_NIL": null, "NRODCIREF": null, "SZL_NUMER": "207014P", "SZLNR_NIL": null, "length": 52.71 }, "geometry": { "type": "MultiLineString", "coordinates": [ [ [ 1927788.136468504322693, 6972046.459950312972069 ], [ 1927784.069896397646517, 6972133.911919673904777 ] ] ] } },
{ "type": "Feature", "properties": { "TERYT": "3028", "LOKALNYID": "8F12F1B8-ABD6-4085-B342-013DD6650B48", "WERSJAID": "2021-10-29T00:00:00", "PNAZW": "PL.PZGiK.308.BDOT10k", "GMLID": "ID_8F12F1B8-ABD6-4085-B342-013DD6650B48", "X_KOD": "SKDR06", "X_SKRKARTO": null, "X_SKRK_NIL": "inapplicable", "X_KATDOKG": "dokladny", "X_DOKLGEOM": null, "X_ZRODLOG": "ortofotomapa", "X_ZRODLOA": "pomiarTerenowy", "X_KATIST": "eksploatowany", "X_KATI_NIL": null, "X_RODZREPG": "osGeometryczna", "X_UWAGI": null, "X_UZYTKOWN": "Uzytkownik30.xml", "X_AKTG": "2021-10-29", "X_AKTA": "2020-01-20", "POCZWERS": "2021-10-29", "KONIECWERS": null, "X_DATAUTW": "2017-12-13", "X_INFDOD": null, "KOD10K": null, "KOD10K_NIL": "inapplicable", "KOD25K": "0025_121", "KOD25K_NIL": null, "KOD50K": "0050_121", "KOD50K_NIL": null, "KOD100K": "0100_121", "KOD100_NIL": null, "KOD250K": null, "KOD250_NIL": "inapplicable", "KOD500K": null, "KOD500_NIL": "inapplicable", "KOD1000K": null, "KOD1000_NI": "inapplicable", "KATZARZ": "gminna", "KATZA_NIL": null, "KLASADROGI": "lokalna", "KLDROG_NIL": null, "MATNAWIERZ": "masaBitumiczna", "MATNAW_NIL": null, "NAZWADROGI": null, "LJEZDNIDR": 1, "LJEZD_NIL": null, "NRODCIREF": null, "SZL_NUMER": "207014P", "SZLNR_NIL": null, "length": 82.86 }, "geometry": { "type": "MultiLineString", "coordinates": [ [ [ 1927791.650075885700062, 6971908.943650468252599 ], [ 1927792.078207953600213, 6971952.294686678797007 ], [ 1927790.647962684277445, 6972001.416577505879104 ], [ 1927788.136468504322693, 6972046.459950312972069 ] ] ] } },
{ "type": "Feature", "properties": { "TERYT": "3028", "LOKALNYID": "2EBDC9DC-3D1D-7DB6-E053-CC2BA8C07DDB", "WERSJAID": "2021-10-29T00:00:00", "PNAZW": "PL.PZGiK.308.BDOT10k", "GMLID": "OT_SKDR_L.855", "X_KOD": "SKDR08", "X_SKRKARTO": null, "X_SKRK_NIL": "inapplicable", "X_KATDOKG": "dokladny", "X_DOKLGEOM": null, "X_ZRODLOG": "ortofotomapa", "X_ZRODLOA": "pomiarTerenowy", "X_KATIST": "eksploatowany", "X_KATI_NIL": null, "X_RODZREPG": "osGeometryczna", "X_UWAGI": null, "X_UZYTKOWN": "Uzytkownik30.xml", "X_AKTG": "2021-10-29", "X_AKTA": "2020-01-20", "POCZWERS": "2021-10-29", "KONIECWERS": null, "X_DATAUTW": "2012-11-13", "X_INFDOD": null, "KOD10K": null, "KOD10K_NIL": "inapplicable", "KOD25K": "0025_123", "KOD25K_NIL": null, "KOD50K": "0050_123", "KOD50K_NIL": null, "KOD100K": "0100_123", "KOD100_NIL": null, "KOD250K": null, "KOD250_NIL": "inapplicable", "KOD500K": null, "KOD500_NIL": "inapplicable", "KOD1000K": null, "KOD1000_NI": "inapplicable", "KATZARZ": "zakladowa", "KATZA_NIL": null, "KLASADROGI": "inna", "KLDROG_NIL": null, "MATNAWIERZ": "plytyBetonowe", "MATNAW_NIL": null, "NAZWADROGI": null, "LJEZDNIDR": 1, "LJEZD_NIL": null, "NRODCIREF": null, "SZL_NUMER": null, "SZLNR_NIL": null, "length": 25.7 }, "geometry": { "type": "MultiLineString", "coordinates": [ [ [ 1926040.774825085187331, 6974193.813731270842254 ], [ 1926058.387728057103232, 6974187.817388975061476 ], [ 1926082.262276086723432, 6974185.508880319073796 ] ] ] } },
{ "type": "Feature", "properties": { "TERYT": "3028", "LOKALNYID": "2EBDC9DC-383F-7DB6-E053-CC2BA8C07DDB", "WERSJAID": "2021-10-29T00:00:00", "PNAZW": "PL.PZGiK.308.BDOT10k", "GMLID": "OT_SKDR_L.578", "X_KOD": "SKDR06", "X_SKRKARTO": null, "X_SKRK_NIL": "inapplicable", "X_KATDOKG": "dokladny", "X_DOKLGEOM": null, "X_ZRODLOG": "ortofotomapa", "X_ZRODLOA": "pomiarTerenowy", "X_KATIST": "eksploatowany", "X_KATI_NIL": null, "X_RODZREPG": "osGeometryczna", "X_UWAGI": null, "X_UZYTKOWN": "Uzytkownik30.xml", "X_AKTG": "2021-10-29", "X_AKTA": "2020-01-20", "POCZWERS": "2021-10-29", "KONIECWERS": null, "X_DATAUTW": "2012-11-13", "X_INFDOD": null, "KOD10K": null, "KOD10K_NIL": "inapplicable", "KOD25K": "0025_121", "KOD25K_NIL": null, "KOD50K": "0050_121", "KOD50K_NIL": null, "KOD100K": "0100_121", "KOD100_NIL": null, "KOD250K": null, "KOD250_NIL": "inapplicable", "KOD500K": null, "KOD500_NIL": "inapplicable", "KOD1000K": null, "KOD1000_NI": "inapplicable", "KATZARZ": "powiatowa", "KATZA_NIL": null, "KLASADROGI": "lokalna", "KLDROG_NIL": null, "MATNAWIERZ": "masaBitumiczna", "MATNAW_NIL": null, "NAZWADROGI": null, "LJEZDNIDR": 1, "LJEZD_NIL": null, "NRODCIREF": null, "SZL_NUMER": "1600P", "SZLNR_NIL": null, "length": 54.23 }, "geometry": { "type": "MultiLineString", "coordinates": [ [ [ 1924611.253163235727698, 6971886.874948513694108 ], [ 1924687.561904888600111, 6971934.414546805433929 ] ] ] } },
{ "type": "Feature", "properties": { "TERYT": "3028", "LOKALNYID": "4C02BA99-6DD1-4AD6-A10F-201698A4606F", "WERSJAID": "2021-10-29T00:00:00", "PNAZW": "PL.PZGiK.308.BDOT10k", "GMLID": "ID_4C02BA99-6DD1-4AD6-A10F-201698A4606F", "X_KOD": "SKDR06", "X_SKRKARTO": null, "X_SKRK_NIL": "inapplicable", "X_KATDOKG": "dokladny", "X_DOKLGEOM": null, "X_ZRODLOG": "ortofotomapa", "X_ZRODLOA": "pomiarTerenowy", "X_KATIST": "eksploatowany", "X_KATI_NIL": null, "X_RODZREPG": "osGeometryczna", "X_UWAGI": null, "X_UZYTKOWN": "Uzytkownik30.xml", "X_AKTG": "2021-10-29", "X_AKTA": "2020-01-20", "POCZWERS": "2021-10-29", "KONIECWERS": null, "X_DATAUTW": "2017-12-13", "X_INFDOD": null, "KOD10K": null, "KOD10K_NIL": "inapplicable", "KOD25K": "0025_121", "KOD25K_NIL": null, "KOD50K": "0050_121", "KOD50K_NIL": null, "KOD100K": "0100_121", "KOD100_NIL": null, "KOD250K": null, "KOD250_NIL": "inapplicable", "KOD500K": null, "KOD500_NIL": "inapplicable", "KOD1000K": null, "KOD1000_NI": "inapplicable", "KATZARZ": "gminna", "KATZA_NIL": null, "KLASADROGI": "lokalna", "KLDROG_NIL": null, "MATNAWIERZ": "masaBitumiczna", "MATNAW_NIL": null, "NAZWADROGI": null, "LJEZDNIDR": 1, "LJEZD_NIL": null, "NRODCIREF": null, "SZL_NUMER": "207014P", "SZLNR_NIL": null, "length": 54.77 }, "geometry": { "type": "MultiLineString", "coordinates": [ [ [ 1926258.586238332325593, 6972283.65136809553951 ], [ 1926265.371220168657601, 6972284.061285561881959 ], [ 1926278.113424576586112, 6972284.844883873127401 ], [ 1926348.752298100152984, 6972293.661277201026678 ] ] ] } },
{ "type": "Feature", "properties": { "TERYT": "3028", "LOKALNYID": "16E13AFC-21B1-44C9-B3B9-E4B370FA36F0", "WERSJAID": "2021-10-29T00:00:00", "PNAZW": "PL.PZGiK.308.BDOT10k", "GMLID": "ID_16E13AFC-21B1-44C9-B3B9-E4B370FA36F0", "X_KOD": "SKDR06", "X_SKRKARTO": null, "X_SKRK_NIL": "inapplicable", "X_KATDOKG": "dokladny", "X_DOKLGEOM": null, "X_ZRODLOG": "ortofotomapa", "X_ZRODLOA": "pomiarTerenowy", "X_KATIST": "eksploatowany", "X_KATI_NIL": null, "X_RODZREPG": "osGeometryczna", "X_UWAGI": null, "X_UZYTKOWN": "Uzytkownik30.xml", "X_AKTG": "2021-10-29", "X_AKTA": "2020-01-20", "POCZWERS": "2021-10-29", "KONIECWERS": null, "X_DATAUTW": "2017-12-13", "X_INFDOD": null, "KOD10K": null, "KOD10K_NIL": "inapplicable", "KOD25K": "0025_121", "KOD25K_NIL": null, "KOD50K": "0050_121", "KOD50K_NIL": null, "KOD100K": "0100_121", "KOD100_NIL": null, "KOD250K": null, "KOD250_NIL": "inapplicable", "KOD500K": null, "KOD500_NIL": "inapplicable", "KOD1000K": null, "KOD1000_NI": "inapplicable", "KATZARZ": "gminna", "KATZA_NIL": null, "KLASADROGI": "lokalna", "KLDROG_NIL": null, "MATNAWIERZ": "masaBitumiczna", "MATNAW_NIL": null, "NAZWADROGI": null, "LJEZDNIDR": 1, "LJEZD_NIL": null, "NRODCIREF": null, "SZL_NUMER": "207009P", "SZLNR_NIL": null, "length": 135.31 }, "geometry": { "type": "MultiLineString", "coordinates": [ [ [ 1927187.945968213258311, 6973421.760466923005879 ], [ 1927195.910181348212063, 6973402.325689475052059 ], [ 1927210.185916321817786, 6973367.487991323694587 ], [ 1927218.710466928547248, 6973345.358279603533447 ], [ 1927224.269727493170649, 6973330.934550357051194 ], [ 1927237.452890948392451, 6973296.735961328260601 ], [ 1927246.507345405640081, 6973273.206638984382153 ], [ 1927251.826983692822978, 6973258.39523216150701 ], [ 1927263.443086744984612, 6973225.987608581781387 ], [ 1927268.428067137720063, 6973212.015745020471513 ] ] ] } },
{ "type": "Feature", "properties": { "TERYT": "3028", "LOKALNYID": "CB98FFA4-268F-4959-ADD0-675F71FF4BAF", "WERSJAID": "2021-10-29T00:00:00", "PNAZW": "PL.PZGiK.308.BDOT10k", "GMLID": "ID_CB98FFA4-268F-4959-ADD0-675F71FF4BAF", "X_KOD": "SKDR08", "X_SKRKARTO": null, "X_SKRK_NIL": "inapplicable", "X_KATDOKG": "dokladny", "X_DOKLGEOM": null, "X_ZRODLOG": "ortofotomapa", "X_ZRODLOA": "pomiarTerenowy", "X_KATIST": "eksploatowany", "X_KATI_NIL": null, "X_RODZREPG": "osGeometryczna", "X_UWAGI": null, "X_UZYTKOWN": "Uzytkownik30.xml", "X_AKTG": "2021-10-29", "X_AKTA": "2021-10-29", "POCZWERS": "2021-10-29", "KONIECWERS": null, "X_DATAUTW": "2017-09-21", "X_INFDOD": null, "KOD10K": null, "KOD10K_NIL": "inapplicable", "KOD25K": "0025_127", "KOD25K_NIL": null, "KOD50K": "0050_127", "KOD50K_NIL": null, "KOD100K": "0100_127", "KOD100_NIL": null, "KOD250K": null, "KOD250_NIL": "inapplicable", "KOD500K": null, "KOD500_NIL": "inapplicable", "KOD1000K": null, "KOD1000_NI": "inapplicable", "KATZARZ": "inna", "KATZA_NIL": null, "KLASADROGI": "inna", "KLDROG_NIL": null, "MATNAWIERZ": "stabilizacjaZwiremLubZuzlem", "MATNAW_NIL": null, "NAZWADROGI": null, "LJEZDNIDR": 1, "LJEZD_NIL": null, "NRODCIREF": null, "SZL_NUMER": null, "SZLNR_NIL": null, "length": 86.79 }, "geometry": { "type": "MultiLineString", "coordinates": [ [ [ 1927788.136468504322693, 6972046.459950312972069 ], [ 1927757.822094214847311, 6972048.073345386423171 ], [ 1927747.128560163546354, 6972046.85852307267487 ], [ 1927741.00364107824862, 6972041.614588351920247 ], [ 1927735.558609459782019, 6972032.10065349843353 ], [ 1927734.027030768571422, 6972022.479357538744807 ], [ 1927734.782903994666412, 6971948.356796386651695 ] ] ] } },
{ "type": "Feature", "properties": { "TERYT": "3028", "LOKALNYID": "2EBDC9DC-31D1-7DB6-E053-CC2BA8C07DDB", "WERSJAID": "2021-10-29T00:00:00", "PNAZW": "PL.PZGiK.308.BDOT10k", "GMLID": "OT_SKDR_L.248", "X_KOD": "SKDR06", "X_SKRKARTO": null, "X_SKRK_NIL": "inapplicable", "X_KATDOKG": "dokladny", "X_DOKLGEOM": null, "X_ZRODLOG": "ortofotomapa", "X_ZRODLOA": "pomiarTerenowy", "X_KATIST": "eksploatowany", "X_KATI_NIL": null, "X_RODZREPG": "osGeometryczna", "X_UWAGI": null, "X_UZYTKOWN": "Uzytkownik30.xml", "X_AKTG": "2011-01-01", "X_AKTA": "2021-10-29", "POCZWERS": "2021-10-29", "KONIECWERS": null, "X_DATAUTW": "2012-11-13", "X_INFDOD": null, "KOD10K": null, "KOD10K_NIL": "inapplicable", "KOD25K": "0025_121", "KOD25K_NIL": null, "KOD50K": "0050_121", "KOD50K_NIL": null, "KOD100K": "0100_121", "KOD100_NIL": null, "KOD250K": null, "KOD250_NIL": "inapplicable", "KOD500K": null, "KOD500_NIL": "inapplicable", "KOD1000K": null, "KOD1000_NI": "inapplicable", "KATZARZ": "gminna", "KATZA_NIL": null, "KLASADROGI": "lokalna", "KLDROG_NIL": null, "MATNAWIERZ": "masaBitumiczna", "MATNAW_NIL": null, "NAZWADROGI": null, "LJEZDNIDR": 1, "LJEZD_NIL": null, "NRODCIREF": null, "SZL_NUMER": "207028P", "SZLNR_NIL": null, "length": 32.08 }, "geometry": { "type": "MultiLineString", "coordinates": [ [ [ 1925134.004672362003475, 6974560.681024649180472 ], [ 1925148.212400789838284, 6974554.339366167783737 ], [ 1925183.233891841722652, 6974540.600315797142684 ] ] ] } },
{ "type": "Feature", "properties": { "TERYT": "3028", "LOKALNYID": "2EBDC9DC-31D2-7DB6-E053-CC2BA8C07DDB", "WERSJAID": "2021-10-29T00:00:00", "PNAZW": "PL.PZGiK.308.BDOT10k", "GMLID": "OT_SKDR_L.249", "X_KOD": "SKDR08", "X_SKRKARTO": null, "X_SKRK_NIL": "inapplicable", "X_KATDOKG": "dokladny", "X_DOKLGEOM": null, "X_ZRODLOG": "ortofotomapa", "X_ZRODLOA": "pomiarTerenowy", "X_KATIST": "eksploatowany", "X_KATI_NIL": null, "X_RODZREPG": "osGeometryczna", "X_UWAGI": null, "X_UZYTKOWN": "Uzytkownik30.xml", "X_AKTG": "2021-10-29", "X_AKTA": "2020-01-20", "POCZWERS": "2021-10-29", "KONIECWERS": null, "X_DATAUTW": "2012-11-13", "X_INFDOD": null, "KOD10K": null, "KOD10K_NIL": "inapplicable", "KOD25K": "0025_123", "KOD25K_NIL": null, "KOD50K": "0050_123", "KOD50K_NIL": null, "KOD100K": "0100_123", "KOD100_NIL": null, "KOD250K": null, "KOD250_NIL": "inapplicable", "KOD500K": null, "KOD500_NIL": "inapplicable", "KOD1000K": null, "KOD1000_NI": "inapplicable", "KATZARZ": "inna", "KATZA_NIL": null, "KLASADROGI": "inna", "KLDROG_NIL": null, "MATNAWIERZ": "tluczen", "MATNAW_NIL": null, "NAZWADROGI": null, "LJEZDNIDR": 1, "LJEZD_NIL": null, "NRODCIREF": null, "SZL_NUMER": null, "SZLNR_NIL": null, "length": 496.38 }, "geometry": { "type": "MultiLineString", "coordinates": [ [ [ 1923925.148870189907029, 6974472.087752247229218 ], [ 1923994.436278196517378, 6974486.84388264361769 ], [ 1924050.499542919453233, 6974501.432025120593607 ], [ 1924127.149845610139892, 6974523.74171525426209 ], [ 1924159.3016776307486, 6974535.878413355909288 ], [ 1924193.060605231672525, 6974548.751430620439351 ], [ 1924249.334275312488899, 6974571.934628857299685 ], [ 1924339.099401801591739, 6974608.814463862217963 ], [ 1924429.636296954937279, 6974643.252479268237948 ], [ 1924533.483795590000227, 6974680.550394366495311 ], [ 1924589.314489000476897, 6974702.225349244661629 ], [ 1924663.923580159433186, 6974729.649786823429167 ], [ 1924699.711703839711845, 6974745.793321639299393 ] ] ] } },
{ "type": "Feature", "properties": { "TERYT": "3028", "LOKALNYID": "2EBDC9DC-343D-7DB6-E053-CC2BA8C07DDB", "WERSJAID": "2021-10-29T00:00:00", "PNAZW": "PL.PZGiK.308.BDOT10k", "GMLID": "OT_SKDR_L.714", "X_KOD": "SKDR08", "X_SKRKARTO": null, "X_SKRK_NIL": "inapplicable", "X_KATDOKG": "dokladny", "X_DOKLGEOM": null, "X_ZRODLOG": "ortofotomapa", "X_ZRODLOA": "pomiarTerenowy", "X_KATIST": "eksploatowany", "X_KATI_NIL": null, "X_RODZREPG": "osGeometryczna", "X_UWAGI": null, "X_UZYTKOWN": "Uzytkownik30.xml", "X_AKTG": "2021-10-29", "X_AKTA": "2020-01-20", "POCZWERS": "2021-10-29", "KONIECWERS": null, "X_DATAUTW": "2012-11-13", "X_INFDOD": null, "KOD10K": null, "KOD10K_NIL": "inapplicable", "KOD25K": "0025_123", "KOD25K_NIL": null, "KOD50K": "0050_123", "KOD50K_NIL": null, "KOD100K": "0100_123", "KOD100_NIL": null, "KOD250K": null, "KOD250_NIL": "inapplicable", "KOD500K": null, "KOD500_NIL": "inapplicable", "KOD1000K": null, "KOD1000_NI": "inapplicable", "KATZARZ": "inna", "KATZA_NIL": null, "KLASADROGI": "inna", "KLDROG_NIL": null, "MATNAWIERZ": "plytyBetonowe", "MATNAW_NIL": null, "NAZWADROGI": null, "LJEZDNIDR": 1, "LJEZD_NIL": null, "NRODCIREF": null, "SZL_NUMER": null, "SZLNR_NIL": null, "length": 44.35 }, "geometry": { "type": "MultiLineString", "coordinates": [ [ [ 1926311.227566766319796, 6971937.347943590022624 ], [ 1926325.830993943149224, 6971963.907774376682937 ], [ 1926345.604641751851887, 6972002.434631671756506 ] ] ] } },
{ "type": "Feature", "properties": { "TERYT": "3028", "LOKALNYID": "2EBDC9DC-5396-7DB6-E053-CC2BA8C07DDB", "WERSJAID": "2021-10-29T00:00:00", "PNAZW": "PL.PZGiK.308.BDOT10k", "GMLID": "OT_SKDR_L.7458", "X_KOD": "SKDR08", "X_SKRKARTO": null, "X_SKRK_NIL": "inapplicable", "X_KATDOKG": "dokladny", "X_DOKLGEOM": null, "X_ZRODLOG": "ortofotomapa", "X_ZRODLOA": "pomiarTerenowy", "X_KATIST": "eksploatowany", "X_KATI_NIL": null, "X_RODZREPG": "osGeometryczna", "X_UWAGI": null, "X_UZYTKOWN": "Uzytkownik30.xml", "X_AKTG": "2021-10-29", "X_AKTA": "2020-01-20", "POCZWERS": "2021-10-29", "KONIECWERS": null, "X_DATAUTW": "2012-11-13", "X_INFDOD": null, "KOD10K": null, "KOD10K_NIL": "inapplicable", "KOD25K": "0025_121", "KOD25K_NIL": null, "KOD50K": "0050_121", "KOD50K_NIL": null, "KOD100K": "0100_121", "KOD100_NIL": null, "KOD250K": null, "KOD250_NIL": "inapplicable", "KOD500K": null, "KOD500_NIL": "inapplicable", "KOD1000K": null, "KOD1000_NI": "inapplicable", "KATZARZ": "inna", "KATZA_NIL": null, "KLASADROGI": "inna", "KLDROG_NIL": null, "MATNAWIERZ": "masaBitumiczna", "MATNAW_NIL": null, "NAZWADROGI": null, "LJEZDNIDR": 1, "LJEZD_NIL": null, "NRODCIREF": null, "SZL_NUMER": null, "SZLNR_NIL": null, "length": 123.61 }, "geometry": { "type": "MultiLineString", "coordinates": [ [ [ 1927750.176622218452394, 6972462.864165585488081 ], [ 1927768.297996107488871, 6972473.174891047179699 ], [ 1927783.921307462034747, 6972477.628869804553688 ], [ 1927882.656638000160456, 6972489.883016197010875 ], [ 1927950.275769856059924, 6972498.99658496491611 ] ] ] } },
{ "type": "Feature", "properties": { "TERYT": "3028", "LOKALNYID": "7D3F45E0-39F4-4A6F-94BD-A5EFA75F06F8", "WERSJAID": "2021-10-29T00:00:00", "PNAZW": "PL.PZGiK.308.BDOT10k", "GMLID": "ID_7D3F45E0-39F4-4A6F-94BD-A5EFA75F06F8", "X_KOD": "SKDR08", "X_SKRKARTO": null, "X_SKRK_NIL": "inapplicable", "X_KATDOKG": "dokladny", "X_DOKLGEOM": null, "X_ZRODLOG": "ortofotomapa", "X_ZRODLOA": "pomiarTerenowy", "X_KATIST": "eksploatowany", "X_KATI_NIL": null, "X_RODZREPG": "osGeometryczna", "X_UWAGI": null, "X_UZYTKOWN": "Uzytkownik30.xml", "X_AKTG": "2017-12-13", "X_AKTA": "2021-10-29", "POCZWERS": "2021-10-29", "KONIECWERS": null, "X_DATAUTW": "2017-12-13", "X_INFDOD": null, "KOD10K": null, "KOD10K_NIL": "inapplicable", "KOD25K": "0025_127", "KOD25K_NIL": null, "KOD50K": "0050_127", "KOD50K_NIL": null, "KOD100K": "0100_127", "KOD100_NIL": null, "KOD250K": null, "KOD250_NIL": "inapplicable", "KOD500K": null, "KOD500_NIL": "inapplicable", "KOD1000K": null, "KOD1000_NI": "inapplicable", "KATZARZ": "inna", "KATZA_NIL": null, "KLASADROGI": "inna", "KLDROG_NIL": null, "MATNAWIERZ": "gruntNaturalny", "MATNAW_NIL": null, "NAZWADROGI": null, "LJEZDNIDR": 1, "LJEZD_NIL": null, "NRODCIREF": null, "SZL_NUMER": null, "SZLNR_NIL": null, "length": 386.33 }, "geometry": { "type": "MultiLineString", "coordinates": [ [ [ 1926084.073348348261788, 6970268.946194456890225 ], [ 1926076.85899846162647, 6970265.038200380280614 ], [ 1926066.919994942378253, 6970261.44760219566524 ], [ 1926058.209315513726324, 6970259.1649863217026 ], [ 1926049.456514901481569, 6970257.263362518511713 ], [ 1926037.998075258452445, 6970256.277483469806612 ], [ 1926009.140211865305901, 6970254.712864906527102 ], [ 1925874.923138092039153, 6970249.751432752236724 ], [ 1925729.116197556024417, 6970243.765080415643752 ], [ 1925560.688722627935931, 6970238.002337781712413 ], [ 1925446.928039208985865, 6970230.480600205250084 ] ] ] } },
{ "type": "Feature", "properties": { "TERYT": "3028", "LOKALNYID": "2EBDC9DC-3AC8-7DB6-E053-CC2BA8C07DDB", "WERSJAID": "2021-10-29T00:00:00", "PNAZW": "PL.PZGiK.308.BDOT10k", "GMLID": "OT_SKDR_L.1231", "X_KOD": "SKDR06", "X_SKRKARTO": null, "X_SKRK_NIL": "inapplicable", "X_KATDOKG": "dokladny", "X_DOKLGEOM": null, "X_ZRODLOG": "ortofotomapa", "X_ZRODLOA": "pomiarTerenowy", "X_KATIST": "eksploatowany", "X_KATI_NIL": null, "X_RODZREPG": "osGeometryczna", "X_UWAGI": null, "X_UZYTKOWN": "Uzytkownik30.xml", "X_AKTG": "2021-10-29", "X_AKTA": "2020-01-20", "POCZWERS": "2021-10-29", "KONIECWERS": null, "X_DATAUTW": "2012-11-13", "X_INFDOD": null, "KOD10K": null, "KOD10K_NIL": "inapplicable", "KOD25K": "0025_121", "KOD25K_NIL": null, "KOD50K": "0050_121", "KOD50K_NIL": null, "KOD100K": "0100_121", "KOD100_NIL": null, "KOD250K": null, "KOD250_NIL": "inapplicable", "KOD500K": null, "KOD500_NIL": "inapplicable", "KOD1000K": null, "KOD1000_NI": "inapplicable", "KATZARZ": "gminna", "KATZA_NIL": null, "KLASADROGI": "lokalna", "KLDROG_NIL": null, "MATNAWIERZ": "masaBitumiczna", "MATNAW_NIL": null, "NAZWADROGI": null, "LJEZDNIDR": 1, "LJEZD_NIL": null, "NRODCIREF": null, "SZL_NUMER": "207014P", "SZLNR_NIL": null, "length": 152.13 }, "geometry": { "type": "MultiLineString", "coordinates": [ [ [ 1926007.356719073140994, 6972281.965612781234086 ], [ 1926029.343230919912457, 6972284.281297446228564 ], [ 1926049.660415261052549, 6972286.407818286679685 ], [ 1926068.018361946335062, 6972287.989443013444543 ], [ 1926073.972440521698445, 6972288.496110952459276 ], [ 1926080.273560464615002, 6972289.044228962622583 ], [ 1926096.36708224681206, 6972290.372741871513426 ], [ 1926102.026946875732392, 6972290.70628459379077 ], [ 1926114.041542812250555, 6972291.423056900501251 ], [ 1926128.986402184702456, 6972290.863629979081452 ], [ 1926141.675158973783255, 6972290.400214061141014 ], [ 1926150.665261201327667, 6972290.065079807303846 ], [ 1926173.542296887841076, 6972287.650192199274898 ], [ 1926187.431299888528883, 6972286.18515061866492 ], [ 1926210.184543462470174, 6972284.099482927471399 ], [ 1926227.991931029129773, 6972283.026247221976519 ], [ 1926238.305892443750054, 6972282.772218571975827 ], [ 1926246.964062929386273, 6972283.160078183747828 ], [ 1926258.586238332325593, 6972283.65136809553951 ] ] ] } },
{ "type": "Feature", "properties": { "TERYT": "3028", "LOKALNYID": "AB955741-B6A5-4787-BCDC-771AFCE70FB3", "WERSJAID": "2021-10-15T00:00:00", "PNAZW": "PL.PZGiK.308.BDOT10k", "GMLID": "ID_AB955741-B6A5-4787-BCDC-771AFCE70FB3", "X_KOD": "SKDR08", "X_SKRKARTO": null, "X_SKRK_NIL": "inapplicable", "X_KATDOKG": "dokladny", "X_DOKLGEOM": null, "X_ZRODLOG": "ortofotomapa", "X_ZRODLOA": "pomiarTerenowy", "X_KATIST": "eksploatowany", "X_KATI_NIL": null, "X_RODZREPG": "osGeometryczna", "X_UWAGI": null, "X_UZYTKOWN": "Uzytkownik30.xml", "X_AKTG": "2021-10-15", "X_AKTA": "2021-10-15", "POCZWERS": "2021-10-15", "KONIECWERS": null, "X_DATAUTW": "2021-10-15", "X_INFDOD": null, "KOD10K": null, "KOD10K_NIL": "inapplicable", "KOD25K": "0025_127", "KOD25K_NIL": null, "KOD50K": "0050_127", "KOD50K_NIL": null, "KOD100K": "0100_127", "KOD100_NIL": null, "KOD250K": null, "KOD250_NIL": "inapplicable", "KOD500K": null, "KOD500_NIL": "inapplicable", "KOD1000K": null, "KOD1000_NI": "inapplicable", "KATZARZ": "inna", "KATZA_NIL": null, "KLASADROGI": "inna", "KLDROG_NIL": null, "MATNAWIERZ": "stabilizacjaZwiremLubZuzlem", "MATNAW_NIL": null, "NAZWADROGI": null, "LJEZDNIDR": 1, "LJEZD_NIL": null, "NRODCIREF": null, "SZL_NUMER": null, "SZLNR_NIL": null, "length": 274.43 }, "geometry": { "type": "MultiLineString", "coordinates": [ [ [ 1927790.483751857886091, 6971873.067504878155887 ], [ 1927785.320468728430569, 6971858.593446686863899 ], [ 1927777.234093151288107, 6971844.399577103555202 ], [ 1927764.921824718825519, 6971821.003107632510364 ], [ 1927749.645254872972146, 6971798.234720661304891 ], [ 1927744.200374498730525, 6971788.721081467345357 ], [ 1927723.550348517950624, 6971760.477463025599718 ], [ 1927718.473132815212011, 6971750.125293491408229 ], [ 1927717.064474415034056, 6971734.543617395684123 ], [ 1927721.995630205376074, 6971712.881611953489482 ], [ 1927726.950879246229306, 6971700.107444698922336 ], [ 1927733.657659565564245, 6971688.254875373095274 ], [ 1927743.141746386187151, 6971680.936105038970709 ], [ 1927752.317329376470298, 6971677.59685895126313 ], [ 1927762.560367335332558, 6971675.37905182223767 ], [ 1927776.058972176164389, 6971676.377317260950804 ], [ 1927781.775935391429812, 6971678.505037494003773 ], [ 1927783.148221105569974, 6971695.647229799069464 ], [ 1927782.743760380195454, 6971769.642825720831752 ], [ 1927785.563536091474816, 6971809.926278275437653 ], [ 1927792.156953893601894, 6971841.195259105414152 ], [ 1927790.483751857886091, 6971873.067504878155887 ] ] ] } },
{ "type": "Feature", "properties": { "TERYT": "3028", "LOKALNYID": "9A86A21E-2AF3-4289-BC17-3ACB9A8CAAA9", "WERSJAID": "2021-10-15T00:00:00", "PNAZW": "PL.PZGiK.308.BDOT10k", "GMLID": "ID_9A86A21E-2AF3-4289-BC17-3ACB9A8CAAA9", "X_KOD": "SKDR05", "X_SKRKARTO": null, "X_SKRK_NIL": "inapplicable", "X_KATDOKG": "dokladny", "X_DOKLGEOM": null, "X_ZRODLOG": "ortofotomapa", "X_ZRODLOA": "pomiarTerenowy", "X_KATIST": "eksploatowany", "X_KATI_NIL": null, "X_RODZREPG": "osGeometryczna", "X_UWAGI": null, "X_UZYTKOWN": "Uzytkownik30.xml", "X_AKTG": "2021-10-15", "X_AKTA": "2021-10-15", "POCZWERS": "2021-10-15", "KONIECWERS": null, "X_DATAUTW": "2021-10-15", "X_INFDOD": null, "KOD10K": null, "KOD10K_NIL": "inapplicable", "KOD25K": "0025_119", "KOD25K_NIL": null, "KOD50K": "0050_119", "KOD50K_NIL": null, "KOD100K": "0100_117", "KOD100_NIL": null, "KOD250K": null, "KOD250_NIL": "inapplicable", "KOD500K": null, "KOD500_NIL": "inapplicable", "KOD1000K": null, "KOD1000_NI": "inapplicable", "KATZARZ": "powiatowa", "KATZA_NIL": null, "KLASADROGI": "zbiorcza", "KLDROG_NIL": null, "MATNAWIERZ": "masaBitumiczna", "MATNAW_NIL": null, "NAZWADROGI": null, "LJEZDNIDR": 1, "LJEZD_NIL": null, "NRODCIREF": null, "SZL_NUMER": "1562P", "SZLNR_NIL": null, "length": 37.1 }, "geometry": { "type": "MultiLineString", "coordinates": [ [ [ 1925850.178811669582501, 6972213.479092055000365 ], [ 1925853.322298546088859, 6972223.521360290236771 ], [ 1925861.968103968771175, 6972251.087846226990223 ], [ 1925868.594035940710455, 6972272.260359064675868 ] ] ] } },
{ "type": "Feature", "properties": { "TERYT": "3028", "LOKALNYID": "9D30BD7D-7DC5-48F6-977F-C8DCEF826E24", "WERSJAID": "2021-10-15T00:00:00", "PNAZW": "PL.PZGiK.308.BDOT10k", "GMLID": "ID_9D30BD7D-7DC5-48F6-977F-C8DCEF826E24", "X_KOD": "SKDR05", "X_SKRKARTO": null, "X_SKRK_NIL": "inapplicable", "X_KATDOKG": "dokladny", "X_DOKLGEOM": null, "X_ZRODLOG": "ortofotomapa", "X_ZRODLOA": "pomiarTerenowy", "X_KATIST": "eksploatowany", "X_KATI_NIL": null, "X_RODZREPG": "osGeometryczna", "X_UWAGI": null, "X_UZYTKOWN": "Uzytkownik30.xml", "X_AKTG": "2021-10-15", "X_AKTA": "2021-10-15", "POCZWERS": "2021-10-15", "KONIECWERS": null, "X_DATAUTW": "2021-10-15", "X_INFDOD": null, "KOD10K": null, "KOD10K_NIL": "inapplicable", "KOD25K": "0025_119", "KOD25K_NIL": null, "KOD50K": "0050_119", "KOD50K_NIL": null, "KOD100K": "0100_117", "KOD100_NIL": null, "KOD250K": null, "KOD250_NIL": "inapplicable", "KOD500K": null, "KOD500_NIL": "inapplicable", "KOD1000K": null, "KOD1000_NI": "inapplicable", "KATZARZ": "powiatowa", "KATZA_NIL": null, "KLASADROGI": "zbiorcza", "KLDROG_NIL": null, "MATNAWIERZ": "masaBitumiczna", "MATNAW_NIL": null, "NAZWADROGI": null, "LJEZDNIDR": 1, "LJEZD_NIL": null, "NRODCIREF": null, "SZL_NUMER": "1562P", "SZLNR_NIL": null, "length": 19.6 }, "geometry": { "type": "MultiLineString", "coordinates": [ [ [ 1925850.178811669582501, 6972213.479092055000365 ], [ 1925864.853220428805798, 6972214.541794157586992 ], [ 1925882.160321920877323, 6972218.507736565545201 ] ] ] } },
{ "type": "Feature", "properties": { "TERYT": "3028", "LOKALNYID": "FABE9A4F-6E2F-4284-8EB1-7AD74C9C45B2", "WERSJAID": "2021-10-15T00:00:00", "PNAZW": "PL.PZGiK.308.BDOT10k", "GMLID": "ID_FABE9A4F-6E2F-4284-8EB1-7AD74C9C45B2", "X_KOD": "SKDR08", "X_SKRKARTO": null, "X_SKRK_NIL": "inapplicable", "X_KATDOKG": "przyblizony", "X_DOKLGEOM": null, "X_ZRODLOG": "ortofotomapa", "X_ZRODLOA": "pomiarTerenowy", "X_KATIST": "eksploatowany", "X_KATI_NIL": null, "X_RODZREPG": "liniaUmowna", "X_UWAGI": null, "X_UZYTKOWN": "Uzytkownik30.xml", "X_AKTG": "2021-10-15", "X_AKTA": "2021-10-15", "POCZWERS": "2021-10-15", "KONIECWERS": null, "X_DATAUTW": "2021-10-15", "X_INFDOD": null, "KOD10K": null, "KOD10K_NIL": "inapplicable", "KOD25K": null, "KOD25K_NIL": "inapplicable", "KOD50K": null, "KOD50K_NIL": "inapplicable", "KOD100K": null, "KOD100_NIL": "inapplicable", "KOD250K": null, "KOD250_NIL": "inapplicable", "KOD500K": null, "KOD500_NIL": "inapplicable", "KOD1000K": null, "KOD1000_NI": "inapplicable", "KATZARZ": "inna", "KATZA_NIL": null, "KLASADROGI": "inna", "KLDROG_NIL": null, "MATNAWIERZ": "kostkaPrefabrykowana", "MATNAW_NIL": null, "NAZWADROGI": null, "LJEZDNIDR": null, "LJEZD_NIL": "inapplicable", "NRODCIREF": null, "SZL_NUMER": null, "SZLNR_NIL": null, "length": 216.71 }, "geometry": { "type": "MultiLineString", "coordinates": [ [ [ 1925965.038356709526852, 6973080.462310911156237 ], [ 1925997.199662036960945, 6973093.470241636037827 ], [ 1926041.292022097157314, 6973109.386146746575832 ], [ 1926054.866553206462413, 6973115.689336154609919 ], [ 1926081.156730590621009, 6973126.065550504252315 ], [ 1926106.999581506475806, 6973128.007472980767488 ], [ 1926127.597338115330786, 6973132.383621530607343 ], [ 1926183.877159093739465, 6973150.897160451859236 ], [ 1926263.961544105317444, 6973179.793586000800133 ], [ 1926284.702065621502697, 6973187.263075448572636 ], [ 1926287.988211313961074, 6973182.854937763884664 ], [ 1926293.205073904478922, 6973168.257876535877585 ] ] ] } },
{ "type": "Feature", "properties": { "TERYT": "3028", "LOKALNYID": "CEDE7DC2-C4BE-42F2-B626-26D03902D53D", "WERSJAID": "2021-10-15T00:00:00", "PNAZW": "PL.PZGiK.308.BDOT10k", "GMLID": "ID_CEDE7DC2-C4BE-42F2-B626-26D03902D53D", "X_KOD": "SKDR08", "X_SKRKARTO": null, "X_SKRK_NIL": "inapplicable", "X_KATDOKG": "dokladny", "X_DOKLGEOM": null, "X_ZRODLOG": "ortofotomapa", "X_ZRODLOA": "pomiarTerenowy", "X_KATIST": "eksploatowany", "X_KATI_NIL": null, "X_RODZREPG": "osGeometryczna", "X_UWAGI": null, "X_UZYTKOWN": "Uzytkownik30.xml", "X_AKTG": "2021-10-15", "X_AKTA": "2021-10-15", "POCZWERS": "2021-10-15", "KONIECWERS": null, "X_DATAUTW": "2021-10-15", "X_INFDOD": null, "KOD10K": null, "KOD10K_NIL": "inapplicable", "KOD25K": "0025_127", "KOD25K_NIL": null, "KOD50K": "0050_127", "KOD50K_NIL": null, "KOD100K": "0100_127", "KOD100_NIL": null, "KOD250K": null, "KOD250_NIL": "inapplicable", "KOD500K": null, "KOD500_NIL": "inapplicable", "KOD1000K": null, "KOD1000_NI": "inapplicable", "KATZARZ": "inna", "KATZA_NIL": null, "KLASADROGI": "inna", "KLDROG_NIL": null, "MATNAWIERZ": "stabilizacjaZwiremLubZuzlem", "MATNAW_NIL": null, "NAZWADROGI": null, "LJEZDNIDR": 1, "LJEZD_NIL": null, "NRODCIREF": null, "SZL_NUMER": null, "SZLNR_NIL": null, "length": 164.57 }, "geometry": { "type": "MultiLineString", "coordinates": [ [ [ 1927776.168539106147364, 6972324.40705344080925 ], [ 1927733.28254875796847, 6972320.724513099528849 ], [ 1927706.482194798300043, 6972319.43004597350955 ], [ 1927689.853728979825974, 6972319.70365964435041 ], [ 1927677.663185635348782, 6972319.417061805725098 ], [ 1927666.82878098054789, 6972317.833298409357667 ], [ 1927660.259573509916663, 6972314.572228047996759 ], [ 1927658.664075846783817, 6972306.975848011672497 ], [ 1927659.623027787543833, 6972294.322776081971824 ], [ 1927666.254948717774823, 6972276.487004645168781 ], [ 1927684.47368380590342, 6972264.90428215265274 ], [ 1927695.38065541931428, 6972263.383125026710331 ], [ 1927738.583365419646725, 6972264.847175486385822 ], [ 1927752.000250664772466, 6972269.382150524295866 ], [ 1927778.292812923667952, 6972270.415334007702768 ] ] ] } },
{ "type": "Feature", "properties": { "TERYT": "3028", "LOKALNYID": "9858D786-1391-49AD-A296-3F6CEBF02A6E", "WERSJAID": "2021-10-15T00:00:00", "PNAZW": "PL.PZGiK.308.BDOT10k", "GMLID": "ID_9858D786-1391-49AD-A296-3F6CEBF02A6E", "X_KOD": "SKDR06", "X_SKRKARTO": null, "X_SKRK_NIL": "inapplicable", "X_KATDOKG": "dokladny", "X_DOKLGEOM": null, "X_ZRODLOG": "ortofotomapa", "X_ZRODLOA": "pomiarTerenowy", "X_KATIST": "eksploatowany", "X_KATI_NIL": null, "X_RODZREPG": "osGeometryczna", "X_UWAGI": null, "X_UZYTKOWN": "Uzytkownik30.xml", "X_AKTG": "2021-10-15", "X_AKTA": "2021-10-15", "POCZWERS": "2021-10-15", "KONIECWERS": null, "X_DATAUTW": "2021-10-15", "X_INFDOD": null, "KOD10K": null, "KOD10K_NIL": "inapplicable", "KOD25K": "0025_121", "KOD25K_NIL": null, "KOD50K": "0050_121", "KOD50K_NIL": null, "KOD100K": "0100_121", "KOD100_NIL": null, "KOD250K": null, "KOD250_NIL": "inapplicable", "KOD500K": null, "KOD500_NIL": "inapplicable", "KOD1000K": null, "KOD1000_NI": "inapplicable", "KATZARZ": "gminna", "KATZA_NIL": null, "KLASADROGI": "lokalna", "KLDROG_NIL": null, "MATNAWIERZ": "masaBitumiczna", "MATNAW_NIL": null, "NAZWADROGI": null, "LJEZDNIDR": 1, "LJEZD_NIL": null, "NRODCIREF": null, "SZL_NUMER": "207014P", "SZLNR_NIL": null, "length": 82.26 }, "geometry": { "type": "MultiLineString", "coordinates": [ [ [ 1927784.069896397646517, 6972133.911919673904777 ], [ 1927778.956941412063316, 6972253.352994258515537 ], [ 1927778.806051226798445, 6972256.971033274196088 ], [ 1927778.292812923667952, 6972270.415334007702768 ] ] ] } },
{ "type": "Feature", "properties": { "TERYT": "3028", "LOKALNYID": "1210CF19-FAF1-4B55-896A-778BF376581E", "WERSJAID": "2021-10-15T00:00:00", "PNAZW": "PL.PZGiK.308.BDOT10k", "GMLID": "ID_1210CF19-FAF1-4B55-896A-778BF376581E", "X_KOD": "SKDR06", "X_SKRKARTO": null, "X_SKRK_NIL": "inapplicable", "X_KATDOKG": "dokladny", "X_DOKLGEOM": null, "X_ZRODLOG": "ortofotomapa", "X_ZRODLOA": "pomiarTerenowy", "X_KATIST": "eksploatowany", "X_KATI_NIL": null, "X_RODZREPG": "osGeometryczna", "X_UWAGI": null, "X_UZYTKOWN": "Uzytkownik30.xml", "X_AKTG": "2021-10-15", "X_AKTA": "2021-10-15", "POCZWERS": "2021-10-15", "KONIECWERS": null, "X_DATAUTW": "2021-10-15", "X_INFDOD": null, "KOD10K": null, "KOD10K_NIL": "inapplicable", "KOD25K": "0025_121", "KOD25K_NIL": null, "KOD50K": "0050_121", "KOD50K_NIL": null, "KOD100K": "0100_121", "KOD100_NIL": null, "KOD250K": null, "KOD250_NIL": "inapplicable", "KOD500K": null, "KOD500_NIL": "inapplicable", "KOD1000K": null, "KOD1000_NI": "inapplicable", "KATZARZ": "gminna", "KATZA_NIL": null, "KLASADROGI": "lokalna", "KLDROG_NIL": null, "MATNAWIERZ": "masaBitumiczna", "MATNAW_NIL": null, "NAZWADROGI": null, "LJEZDNIDR": 1, "LJEZD_NIL": null, "NRODCIREF": null, "SZL_NUMER": "207014P", "SZLNR_NIL": null, "length": 32.53 }, "geometry": { "type": "MultiLineString", "coordinates": [ [ [ 1927778.292812923667952, 6972270.415334007702768 ], [ 1927776.168539106147364, 6972324.40705344080925 ] ] ] } },
{ "type": "Feature", "properties": { "TERYT": "3028", "LOKALNYID": "919B0784-9E05-4B38-AACC-72AFC86EEE4E", "WERSJAID": "2021-10-15T00:00:00", "PNAZW": "PL.PZGiK.308.BDOT10k", "GMLID": "ID_919B0784-9E05-4B38-AACC-72AFC86EEE4E", "X_KOD": "SKDR06", "X_SKRKARTO": null, "X_SKRK_NIL": "inapplicable", "X_KATDOKG": "dokladny", "X_DOKLGEOM": null, "X_ZRODLOG": "ortofotomapa", "X_ZRODLOA": "pomiarTerenowy", "X_KATIST": "eksploatowany", "X_KATI_NIL": null, "X_RODZREPG": "osGeometryczna", "X_UWAGI": null, "X_UZYTKOWN": "Uzytkownik30.xml", "X_AKTG": "2021-10-15", "X_AKTA": "2021-10-15", "POCZWERS": "2021-10-15", "KONIECWERS": null, "X_DATAUTW": "2021-10-15", "X_INFDOD": null, "KOD10K": null, "KOD10K_NIL": "inapplicable", "KOD25K": "0025_121", "KOD25K_NIL": null, "KOD50K": "0050_121", "KOD50K_NIL": null, "KOD100K": "0100_121", "KOD100_NIL": null, "KOD250K": null, "KOD250_NIL": "inapplicable", "KOD500K": null, "KOD500_NIL": "inapplicable", "KOD1000K": null, "KOD1000_NI": "inapplicable", "KATZARZ": "gminna", "KATZA_NIL": null, "KLASADROGI": "lokalna", "KLDROG_NIL": null, "MATNAWIERZ": "masaBitumiczna", "MATNAW_NIL": null, "NAZWADROGI": null, "LJEZDNIDR": 1, "LJEZD_NIL": null, "NRODCIREF": null, "SZL_NUMER": "207014P", "SZLNR_NIL": null, "length": 87.08 }, "geometry": { "type": "MultiLineString", "coordinates": [ [ [ 1927776.168539106147364, 6972324.40705344080925 ], [ 1927775.700585021171719, 6972336.623173099942505 ], [ 1927772.772206517634913, 6972381.060554143041372 ], [ 1927770.257042463403195, 6972409.243656829930842 ], [ 1927768.390061401529238, 6972431.677328588441014 ], [ 1927766.983811762649566, 6972439.369395320303738 ], [ 1927763.560949493199587, 6972447.545700408518314 ], [ 1927756.735956214834005, 6972455.924484145827591 ], [ 1927750.176622218452394, 6972462.864165585488081 ] ] ] } },
{ "type": "Feature", "properties": { "TERYT": "3028", "LOKALNYID": "59E1D576-E94D-47E0-B47A-A8A3F6966B9F", "WERSJAID": "2021-10-15T00:00:00", "PNAZW": "PL.PZGiK.308.BDOT10k", "GMLID": "ID_59E1D576-E94D-47E0-B47A-A8A3F6966B9F", "X_KOD": "SKDR08", "X_SKRKARTO": null, "X_SKRK_NIL": "inapplicable", "X_KATDOKG": "dokladny", "X_DOKLGEOM": null, "X_ZRODLOG": "ortofotomapa", "X_ZRODLOA": "pomiarTerenowy", "X_KATIST": "eksploatowany", "X_KATI_NIL": null, "X_RODZREPG": "osGeometryczna", "X_UWAGI": null, "X_UZYTKOWN": "Uzytkownik30.xml", "X_AKTG": "2021-10-15", "X_AKTA": "2021-10-15", "POCZWERS": "2021-10-15", "KONIECWERS": null, "X_DATAUTW": "2021-10-15", "X_INFDOD": null, "KOD10K": null, "KOD10K_NIL": "inapplicable", "KOD25K": "0025_121", "KOD25K_NIL": null, "KOD50K": "0050_121", "KOD50K_NIL": null, "KOD100K": "0100_121", "KOD100_NIL": null, "KOD250K": null, "KOD250_NIL": "inapplicable", "KOD500K": null, "KOD500_NIL": "inapplicable", "KOD1000K": null, "KOD1000_NI": "inapplicable", "KATZARZ": "inna", "KATZA_NIL": null, "KLASADROGI": "inna", "KLDROG_NIL": null, "MATNAWIERZ": "kostkaPrefabrykowana", "MATNAW_NIL": null, "NAZWADROGI": null, "LJEZDNIDR": 1, "LJEZD_NIL": null, "NRODCIREF": null, "SZL_NUMER": null, "SZLNR_NIL": null, "length": 127.01 }, "geometry": { "type": "MultiLineString", "coordinates": [ [ [ 1926105.610183093464002, 6971897.889554678462446 ], [ 1926079.718694853363559, 6971854.632625294849277 ], [ 1926082.021525980439037, 6971849.039154113270342 ], [ 1926094.516964717535302, 6971834.966070841066539 ], [ 1926114.304043346783146, 6971823.690534794703126 ], [ 1926122.141717003192753, 6971823.01251146197319 ], [ 1926135.303079250268638, 6971835.501035301946104 ], [ 1926148.238532477756962, 6971857.569312577135861 ], [ 1926146.30488024931401, 6971865.779642866924405 ], [ 1926141.780748966149986, 6971873.513279742561281 ], [ 1926118.823154969140887, 6971889.929979776963592 ], [ 1926105.610183093464002, 6971897.889554678462446 ] ] ] } },
{ "type": "Feature", "properties": { "TERYT": "3028", "LOKALNYID": "E2784250-829E-4022-8425-7FFF3C59D13F", "WERSJAID": "2021-10-15T00:00:00", "PNAZW": "PL.PZGiK.308.BDOT10k", "GMLID": "ID_E2784250-829E-4022-8425-7FFF3C59D13F", "X_KOD": "SKDR08", "X_SKRKARTO": null, "X_SKRK_NIL": "inapplicable", "X_KATDOKG": "dokladny", "X_DOKLGEOM": null, "X_ZRODLOG": "ortofotomapa", "X_ZRODLOA": "pomiarTerenowy", "X_KATIST": "eksploatowany", "X_KATI_NIL": null, "X_RODZREPG": "osGeometryczna", "X_UWAGI": null, "X_UZYTKOWN": "Uzytkownik30.xml", "X_AKTG": "2021-10-15", "X_AKTA": "2021-10-15", "POCZWERS": "2021-10-15", "KONIECWERS": null, "X_DATAUTW": "2021-10-15", "X_INFDOD": null, "KOD10K": null, "KOD10K_NIL": "inapplicable", "KOD25K": "0025_121", "KOD25K_NIL": null, "KOD50K": "0050_121", "KOD50K_NIL": null, "KOD100K": "0100_121", "KOD100_NIL": null, "KOD250K": null, "KOD250_NIL": "inapplicable", "KOD500K": null, "KOD500_NIL": "inapplicable", "KOD1000K": null, "KOD1000_NI": "inapplicable", "KATZARZ": "inna", "KATZA_NIL": null, "KLASADROGI": "inna", "KLDROG_NIL": null, "MATNAWIERZ": "kostkaPrefabrykowana", "MATNAW_NIL": null, "NAZWADROGI": null, "LJEZDNIDR": 1, "LJEZD_NIL": null, "NRODCIREF": null, "SZL_NUMER": null, "SZLNR_NIL": null, "length": 24.85 }, "geometry": { "type": "MultiLineString", "coordinates": [ [ [ 1926126.530044756829739, 6971933.437026931904256 ], [ 1926105.610183093464002, 6971897.889554678462446 ] ] ] } },
{ "type": "Feature", "properties": { "TERYT": "3028", "LOKALNYID": "9F4B215C-51F1-47BE-9717-8FEE37D8EBF7", "WERSJAID": "2021-10-15T00:00:00", "PNAZW": "PL.PZGiK.308.BDOT10k", "GMLID": "ID_9F4B215C-51F1-47BE-9717-8FEE37D8EBF7", "X_KOD": "SKDR04", "X_SKRKARTO": null, "X_SKRK_NIL": "inapplicable", "X_KATDOKG": "dokladny", "X_DOKLGEOM": null, "X_ZRODLOG": "ortofotomapa", "X_ZRODLOA": "pomiarTerenowy", "X_KATIST": "eksploatowany", "X_KATI_NIL": null, "X_RODZREPG": "osGeometryczna", "X_UWAGI": null, "X_UZYTKOWN": "Uzytkownik30.xml", "X_AKTG": "2021-10-15", "X_AKTA": "2021-10-15", "POCZWERS": "2021-10-15", "KONIECWERS": null, "X_DATAUTW": "2021-10-15", "X_INFDOD": null, "KOD10K": null, "KOD10K_NIL": "inapplicable", "KOD25K": "0025_115", "KOD25K_NIL": null, "KOD50K": "0050_115", "KOD50K_NIL": null, "KOD100K": "0100_115", "KOD100_NIL": null, "KOD250K": null, "KOD250_NIL": "inapplicable", "KOD500K": null, "KOD500_NIL": "inapplicable", "KOD1000K": null, "KOD1000_NI": "inapplicable", "KATZARZ": "wojewodzka", "KATZA_NIL": null, "KLASADROGI": "glowna", "KLDROG_NIL": null, "MATNAWIERZ": "masaBitumiczna", "MATNAW_NIL": null, "NAZWADROGI": null, "LJEZDNIDR": 1, "LJEZD_NIL": null, "NRODCIREF": null, "SZL_NUMER": "194", "SZLNR_NIL": null, "length": 66.09 }, "geometry": { "type": "MultiLineString", "coordinates": [ [ [ 1926126.530044756829739, 6971933.437026931904256 ], [ 1926140.573291543638334, 6971924.001970458775759 ], [ 1926217.377986273029819, 6971872.181718302890658 ] ] ] } },
{ "type": "Feature", "properties": { "TERYT": "3028", "LOKALNYID": "ECDF4A94-4DB7-4955-A14B-F42A69605799", "WERSJAID": "2021-10-15T00:00:00", "PNAZW": "PL.PZGiK.308.BDOT10k", "GMLID": "ID_ECDF4A94-4DB7-4955-A14B-F42A69605799", "X_KOD": "SKDR04", "X_SKRKARTO": null, "X_SKRK_NIL": "inapplicable", "X_KATDOKG": "dokladny", "X_DOKLGEOM": null, "X_ZRODLOG": "ortofotomapa", "X_ZRODLOA": "pomiarTerenowy", "X_KATIST": "eksploatowany", "X_KATI_NIL": null, "X_RODZREPG": "osGeometryczna", "X_UWAGI": null, "X_UZYTKOWN": "Uzytkownik30.xml", "X_AKTG": "2021-10-15", "X_AKTA": "2021-10-15", "POCZWERS": "2021-10-15", "KONIECWERS": null, "X_DATAUTW": "2021-10-15", "X_INFDOD": null, "KOD10K": null, "KOD10K_NIL": "inapplicable", "KOD25K": "0025_115", "KOD25K_NIL": null, "KOD50K": "0050_115", "KOD50K_NIL": null, "KOD100K": "0100_115", "KOD100_NIL": null, "KOD250K": null, "KOD250_NIL": "inapplicable", "KOD500K": null, "KOD500_NIL": "inapplicable", "KOD1000K": null, "KOD1000_NI": "inapplicable", "KATZARZ": "wojewodzka", "KATZA_NIL": null, "KLASADROGI": "glowna", "KLDROG_NIL": null, "MATNAWIERZ": "masaBitumiczna", "MATNAW_NIL": null, "NAZWADROGI": null, "LJEZDNIDR": 1, "LJEZD_NIL": null, "NRODCIREF": null, "SZL_NUMER": "194", "SZLNR_NIL": null, "length": 14.49 }, "geometry": { "type": "MultiLineString", "coordinates": [ [ [ 1926106.592807889450341, 6971946.85215978231281 ], [ 1926126.530044756829739, 6971933.437026931904256 ] ] ] } },
{ "type": "Feature", "properties": { "TERYT": "3028", "LOKALNYID": "DFD7AAF8-2E72-4FA0-9158-D13A48725F8E", "WERSJAID": "2021-10-29T00:00:00", "PNAZW": "PL.PZGiK.308.BDOT10k", "GMLID": "ID_DFD7AAF8-2E72-4FA0-9158-D13A48725F8E", "X_KOD": "SKDR08", "X_SKRKARTO": null, "X_SKRK_NIL": "inapplicable", "X_KATDOKG": "przyblizony", "X_DOKLGEOM": null, "X_ZRODLOG": "ortofotomapa", "X_ZRODLOA": "pomiarTerenowy", "X_KATIST": "eksploatowany", "X_KATI_NIL": null, "X_RODZREPG": "liniaUmowna", "X_UWAGI": null, "X_UZYTKOWN": "Uzytkownik30.xml", "X_AKTG": "2021-10-29", "X_AKTA": "2021-10-29", "POCZWERS": "2021-10-29", "KONIECWERS": null, "X_DATAUTW": "2021-10-29", "X_INFDOD": null, "KOD10K": null, "KOD10K_NIL": "inapplicable", "KOD25K": null, "KOD25K_NIL": "inapplicable", "KOD50K": null, "KOD50K_NIL": "inapplicable", "KOD100K": null, "KOD100_NIL": "inapplicable", "KOD250K": null, "KOD250_NIL": "inapplicable", "KOD500K": null, "KOD500_NIL": "inapplicable", "KOD1000K": null, "KOD1000_NI": "inapplicable", "KATZARZ": "inna", "KATZA_NIL": null, "KLASADROGI": "inna", "KLDROG_NIL": null, "MATNAWIERZ": "kostkaPrefabrykowana", "MATNAW_NIL": null, "NAZWADROGI": null, "LJEZDNIDR": 1, "LJEZD_NIL": null, "NRODCIREF": null, "SZL_NUMER": null, "SZLNR_NIL": null, "length": 75.03 }, "geometry": { "type": "MultiLineString", "coordinates": [ [ [ 1925956.428205063799396, 6971712.8168452559039 ], [ 1925999.483548962045461, 6971778.657333777286112 ], [ 1926006.813536610454321, 6971790.35981681663543 ], [ 1925980.884160459274426, 6971809.114184125326574 ] ] ] } },
{ "type": "Feature", "properties": { "TERYT": "3028", "LOKALNYID": "50651440-D7F0-46AD-9A4A-66468A38FB2A", "WERSJAID": "2021-10-15T00:00:00", "PNAZW": "PL.PZGiK.308.BDOT10k", "GMLID": "ID_50651440-D7F0-46AD-9A4A-66468A38FB2A", "X_KOD": "SKDR08", "X_SKRKARTO": null, "X_SKRK_NIL": "inapplicable", "X_KATDOKG": "przyblizony", "X_DOKLGEOM": null, "X_ZRODLOG": "ortofotomapa", "X_ZRODLOA": "pomiarTerenowy", "X_KATIST": "eksploatowany", "X_KATI_NIL": null, "X_RODZREPG": "liniaUmowna", "X_UWAGI": null, "X_UZYTKOWN": "Uzytkownik30.xml", "X_AKTG": "2021-10-15", "X_AKTA": "2021-10-15", "POCZWERS": "2021-10-15", "KONIECWERS": null, "X_DATAUTW": "2021-10-15", "X_INFDOD": null, "KOD10K": null, "KOD10K_NIL": "inapplicable", "KOD25K": null, "KOD25K_NIL": "inapplicable", "KOD50K": null, "KOD50K_NIL": "inapplicable", "KOD100K": null, "KOD100_NIL": "inapplicable", "KOD250K": null, "KOD250_NIL": "inapplicable", "KOD500K": null, "KOD500_NIL": "inapplicable", "KOD1000K": null, "KOD1000_NI": "inapplicable", "KATZARZ": "inna", "KATZA_NIL": null, "KLASADROGI": "inna", "KLDROG_NIL": null, "MATNAWIERZ": "stabilizacjaZwiremLubZuzlem", "MATNAW_NIL": null, "NAZWADROGI": null, "LJEZDNIDR": 1, "LJEZD_NIL": null, "NRODCIREF": null, "SZL_NUMER": null, "SZLNR_NIL": null, "length": 72.55 }, "geometry": { "type": "MultiLineString", "coordinates": [ [ [ 1925819.546642348403111, 6971678.620547038502991 ], [ 1925840.27231383183971, 6971683.730638537555933 ], [ 1925863.326739040436223, 6971681.453944489359856 ], [ 1925907.570649578236043, 6971655.526810323819518 ], [ 1925919.126042725984007, 6971653.193014306947589 ], [ 1925927.75634444062598, 6971662.451119589619339 ] ] ] } },
{ "type": "Feature", "properties": { "TERYT": "3028", "LOKALNYID": "E5F92666-3504-47EC-B0F1-29B9F0CAC653", "WERSJAID": "2021-10-15T00:00:00", "PNAZW": "PL.PZGiK.308.BDOT10k", "GMLID": "ID_E5F92666-3504-47EC-B0F1-29B9F0CAC653", "X_KOD": "SKDR08", "X_SKRKARTO": null, "X_SKRK_NIL": "inapplicable", "X_KATDOKG": "dokladny", "X_DOKLGEOM": null, "X_ZRODLOG": "ortofotomapa", "X_ZRODLOA": "pomiarTerenowy", "X_KATIST": "eksploatowany", "X_KATI_NIL": null, "X_RODZREPG": "osGeometryczna", "X_UWAGI": null, "X_UZYTKOWN": "Uzytkownik30.xml", "X_AKTG": "2021-10-15", "X_AKTA": "2021-10-15", "POCZWERS": "2021-10-15", "KONIECWERS": null, "X_DATAUTW": "2021-10-15", "X_INFDOD": null, "KOD10K": null, "KOD10K_NIL": "inapplicable", "KOD25K": "0025_127", "KOD25K_NIL": null, "KOD50K": "0050_127", "KOD50K_NIL": null, "KOD100K": "0100_127", "KOD100_NIL": null, "KOD250K": null, "KOD250_NIL": "inapplicable", "KOD500K": null, "KOD500_NIL": "inapplicable", "KOD1000K": null, "KOD1000_NI": "inapplicable", "KATZARZ": "inna", "KATZA_NIL": null, "KLASADROGI": "inna", "KLDROG_NIL": null, "MATNAWIERZ": "stabilizacjaZwiremLubZuzlem", "MATNAW_NIL": null, "NAZWADROGI": null, "LJEZDNIDR": 1, "LJEZD_NIL": null, "NRODCIREF": null, "SZL_NUMER": null, "SZLNR_NIL": null, "length": 35.22 }, "geometry": { "type": "MultiLineString", "coordinates": [ [ [ 1925927.75634444062598, 6971662.451119589619339 ], [ 1925953.150030522607267, 6971700.762046744115651 ], [ 1925956.428205063799396, 6971712.8168452559039 ] ] ] } },
{ "type": "Feature", "properties": { "TERYT": "3028", "LOKALNYID": "A34C090B-24A8-4B11-B7F0-923AB565A230", "WERSJAID": "2021-10-15T00:00:00", "PNAZW": "PL.PZGiK.308.BDOT10k", "GMLID": "ID_A34C090B-24A8-4B11-B7F0-923AB565A230", "X_KOD": "SKDR08", "X_SKRKARTO": null, "X_SKRK_NIL": "inapplicable", "X_KATDOKG": "dokladny", "X_DOKLGEOM": null, "X_ZRODLOG": "ortofotomapa", "X_ZRODLOA": "pomiarTerenowy", "X_KATIST": "eksploatowany", "X_KATI_NIL": null, "X_RODZREPG": "osGeometryczna", "X_UWAGI": null, "X_UZYTKOWN": "Uzytkownik30.xml", "X_AKTG": "2021-10-15", "X_AKTA": "2021-10-15", "POCZWERS": "2021-10-15", "KONIECWERS": null, "X_DATAUTW": "2021-10-15", "X_INFDOD": null, "KOD10K": null, "KOD10K_NIL": "inapplicable", "KOD25K": "0025_127", "KOD25K_NIL": null, "KOD50K": "0050_127", "KOD50K_NIL": null, "KOD100K": "0100_127", "KOD100_NIL": null, "KOD250K": null, "KOD250_NIL": "inapplicable", "KOD500K": null, "KOD500_NIL": "inapplicable", "KOD1000K": null, "KOD1000_NI": "inapplicable", "KATZARZ": "inna", "KATZA_NIL": null, "KLASADROGI": "inna", "KLDROG_NIL": null, "MATNAWIERZ": "stabilizacjaZwiremLubZuzlem", "MATNAW_NIL": null, "NAZWADROGI": null, "LJEZDNIDR": 1, "LJEZD_NIL": null, "NRODCIREF": null, "SZL_NUMER": null, "SZLNR_NIL": null, "length": 115.66 }, "geometry": { "type": "MultiLineString", "coordinates": [ [ [ 1925980.884160459274426, 6971809.114184125326574 ], [ 1925951.634601781610399, 6971829.517377345822752 ], [ 1925904.558658556314185, 6971865.162581181153655 ], [ 1925846.988651811843738, 6971904.479002057574689 ], [ 1925824.497954868478701, 6971920.04217788297683 ] ] ] } },
{ "type": "Feature", "properties": { "TERYT": "3028", "LOKALNYID": "74F3A6EE-79C9-4CB4-A751-B533C095BF8C", "WERSJAID": "2021-10-15T00:00:00", "PNAZW": "PL.PZGiK.308.BDOT10k", "GMLID": "ID_74F3A6EE-79C9-4CB4-A751-B533C095BF8C", "X_KOD": "SKDR08", "X_SKRKARTO": null, "X_SKRK_NIL": "inapplicable", "X_KATDOKG": "przyblizony", "X_DOKLGEOM": null, "X_ZRODLOG": "ortofotomapa", "X_ZRODLOA": "pomiarTerenowy", "X_KATIST": "eksploatowany", "X_KATI_NIL": null, "X_RODZREPG": "liniaUmowna", "X_UWAGI": null, "X_UZYTKOWN": "Uzytkownik30.xml", "X_AKTG": "2021-10-15", "X_AKTA": "2021-10-15", "POCZWERS": "2021-10-15", "KONIECWERS": null, "X_DATAUTW": "2021-10-15", "X_INFDOD": null, "KOD10K": null, "KOD10K_NIL": "inapplicable", "KOD25K": null, "KOD25K_NIL": "inapplicable", "KOD50K": null, "KOD50K_NIL": "inapplicable", "KOD100K": null, "KOD100_NIL": "inapplicable", "KOD250K": null, "KOD250_NIL": "inapplicable", "KOD500K": null, "KOD500_NIL": "inapplicable", "KOD1000K": null, "KOD1000_NI": "inapplicable", "KATZARZ": "inna", "KATZA_NIL": null, "KLASADROGI": "inna", "KLDROG_NIL": null, "MATNAWIERZ": "kostkaPrefabrykowana", "MATNAW_NIL": null, "NAZWADROGI": null, "LJEZDNIDR": 1, "LJEZD_NIL": null, "NRODCIREF": null, "SZL_NUMER": null, "SZLNR_NIL": null, "length": 26.52 }, "geometry": { "type": "MultiLineString", "coordinates": [ [ [ 1924890.796917241066694, 6971983.936571722850204 ], [ 1924899.941162352217361, 6971969.419673242606223 ], [ 1924902.047695571789518, 6971965.848463756032288 ], [ 1924906.184666502755135, 6971960.514964828267694 ], [ 1924922.039911939296871, 6971962.072690499946475 ] ] ] } },
{ "type": "Feature", "properties": { "TERYT": "3028", "LOKALNYID": "7D449709-6124-4447-9EBF-5B5FAF3575AD", "WERSJAID": "2021-10-15T00:00:00", "PNAZW": "PL.PZGiK.308.BDOT10k", "GMLID": "ID_7D449709-6124-4447-9EBF-5B5FAF3575AD", "X_KOD": "SKDR08", "X_SKRKARTO": null, "X_SKRK_NIL": "inapplicable", "X_KATDOKG": "dokladny", "X_DOKLGEOM": null, "X_ZRODLOG": "ortofotomapa", "X_ZRODLOA": "pomiarTerenowy", "X_KATIST": "eksploatowany", "X_KATI_NIL": null, "X_RODZREPG": "osGeometryczna", "X_UWAGI": null, "X_UZYTKOWN": "Uzytkownik30.xml", "X_AKTG": "2021-10-15", "X_AKTA": "2021-10-15", "POCZWERS": "2021-10-15", "KONIECWERS": null, "X_DATAUTW": "2021-10-15", "X_INFDOD": null, "KOD10K": null, "KOD10K_NIL": "inapplicable", "KOD25K": "0025_123", "KOD25K_NIL": null, "KOD50K": "0050_123", "KOD50K_NIL": null, "KOD100K": "0100_123", "KOD100_NIL": null, "KOD250K": null, "KOD250_NIL": "inapplicable", "KOD500K": null, "KOD500_NIL": "inapplicable", "KOD1000K": null, "KOD1000_NI": "inapplicable", "KATZARZ": "inna", "KATZA_NIL": null, "KLASADROGI": "inna", "KLDROG_NIL": null, "MATNAWIERZ": "plytyBetonowe", "MATNAW_NIL": null, "NAZWADROGI": null, "LJEZDNIDR": 1, "LJEZD_NIL": null, "NRODCIREF": null, "SZL_NUMER": null, "SZLNR_NIL": null, "length": 202.94 }, "geometry": { "type": "MultiLineString", "coordinates": [ [ [ 1925536.92533159093, 6972298.486657089553773 ], [ 1925574.179712911369279, 6972301.299551685340703 ], [ 1925596.118404545588419, 6972299.329169142059982 ], [ 1925608.597645495319739, 6972281.102440226823092 ], [ 1925617.880063013872132, 6972281.721789546310902 ], [ 1925632.312746795127168, 6972286.002080885693431 ], [ 1925655.020964873023331, 6972301.244176815263927 ], [ 1925681.443228598916903, 6972319.215945665724576 ], [ 1925698.325645626755431, 6972336.944400181993842 ], [ 1925711.45216864021495, 6972346.709058809094131 ], [ 1925726.605476371943951, 6972354.162805763073266 ], [ 1925759.900696696015075, 6972369.539930556900799 ], [ 1925770.194549509556964, 6972375.050757095217705 ], [ 1925774.515045513398945, 6972377.362906122580171 ], [ 1925813.400559975765646, 6972389.716127132996917 ], [ 1925831.846037187380716, 6972396.018513255752623 ] ] ] } },
{ "type": "Feature", "properties": { "TERYT": "3028", "LOKALNYID": "9E068615-C7B4-4A84-9C4D-972665289838", "WERSJAID": "2021-10-15T00:00:00", "PNAZW": "PL.PZGiK.308.BDOT10k", "GMLID": "ID_9E068615-C7B4-4A84-9C4D-972665289838", "X_KOD": "SKDR08", "X_SKRKARTO": null, "X_SKRK_NIL": "inapplicable", "X_KATDOKG": "dokladny", "X_DOKLGEOM": null, "X_ZRODLOG": "ortofotomapa", "X_ZRODLOA": "pomiarTerenowy", "X_KATIST": "eksploatowany", "X_KATI_NIL": null, "X_RODZREPG": "osGeometryczna", "X_UWAGI": null, "X_UZYTKOWN": "Uzytkownik30.xml", "X_AKTG": "2021-10-15", "X_AKTA": "2021-10-15", "POCZWERS": "2021-10-15", "KONIECWERS": null, "X_DATAUTW": "2021-10-15", "X_INFDOD": null, "KOD10K": null, "KOD10K_NIL": "inapplicable", "KOD25K": "0025_121", "KOD25K_NIL": null, "KOD50K": "0050_121", "KOD50K_NIL": null, "KOD100K": "0100_121", "KOD100_NIL": null, "KOD250K": null, "KOD250_NIL": "inapplicable", "KOD500K": null, "KOD500_NIL": "inapplicable", "KOD1000K": null, "KOD1000_NI": "inapplicable", "KATZARZ": "inna", "KATZA_NIL": null, "KLASADROGI": "inna", "KLDROG_NIL": null, "MATNAWIERZ": "kostkaPrefabrykowana", "MATNAW_NIL": null, "NAZWADROGI": null, "LJEZDNIDR": 1, "LJEZD_NIL": null, "NRODCIREF": null, "SZL_NUMER": null, "SZLNR_NIL": null, "length": 105.87 }, "geometry": { "type": "MultiLineString", "coordinates": [ [ [ 1925651.679122226545587, 6972656.290226412937045 ], [ 1925654.90770494681783, 6972643.109275737777352 ], [ 1925658.341180992079899, 6972628.271855664439499 ], [ 1925663.483629184542224, 6972611.24885730445385 ], [ 1925722.969779284205288, 6972627.132680718787014 ], [ 1925725.119359262520447, 6972636.454132561571896 ], [ 1925731.716654191724956, 6972663.043144329451025 ], [ 1925754.669458370888606, 6972667.990986990742385 ], [ 1925760.738021911820397, 6972670.677020545117557 ], [ 1925761.082329917699099, 6972670.834721555933356 ] ] ] } },
{ "type": "Feature", "properties": { "TERYT": "3028", "LOKALNYID": "E2346163-76B8-4A81-BD75-6CE292513E62", "WERSJAID": "2021-10-15T00:00:00", "PNAZW": "PL.PZGiK.308.BDOT10k", "GMLID": "ID_E2346163-76B8-4A81-BD75-6CE292513E62", "X_KOD": "SKDR06", "X_SKRKARTO": null, "X_SKRK_NIL": "inapplicable", "X_KATDOKG": "dokladny", "X_DOKLGEOM": null, "X_ZRODLOG": "ortofotomapa", "X_ZRODLOA": "pomiarTerenowy", "X_KATIST": "eksploatowany", "X_KATI_NIL": null, "X_RODZREPG": "osGeometryczna", "X_UWAGI": null, "X_UZYTKOWN": "Uzytkownik30.xml", "X_AKTG": "2021-10-15", "X_AKTA": "2021-10-15", "POCZWERS": "2021-10-15", "KONIECWERS": null, "X_DATAUTW": "2021-10-15", "X_INFDOD": null, "KOD10K": null, "KOD10K_NIL": "inapplicable", "KOD25K": "0025_121", "KOD25K_NIL": null, "KOD50K": "0050_121", "KOD50K_NIL": null, "KOD100K": "0100_121", "KOD100_NIL": null, "KOD250K": null, "KOD250_NIL": "inapplicable", "KOD500K": null, "KOD500_NIL": "inapplicable", "KOD1000K": null, "KOD1000_NI": "inapplicable", "KATZARZ": "gminna", "KATZA_NIL": null, "KLASADROGI": "lokalna", "KLDROG_NIL": null, "MATNAWIERZ": "masaBitumiczna", "MATNAW_NIL": null, "NAZWADROGI": null, "LJEZDNIDR": 1, "LJEZD_NIL": null, "NRODCIREF": null, "SZL_NUMER": "207004P", "SZLNR_NIL": null, "length": 91.1 }, "geometry": { "type": "MultiLineString", "coordinates": [ [ [ 1925504.165015561738983, 6972677.171976247802377 ], [ 1925553.052804544568062, 6972666.090293606743217 ], [ 1925572.781403799541295, 6972661.608502157963812 ], [ 1925595.505077127832919, 6972655.220841703936458 ], [ 1925607.25166561990045, 6972652.576078462414443 ], [ 1925622.93584617273882, 6972651.619801913388073 ], [ 1925635.942400272935629, 6972652.460581988096237 ], [ 1925640.524351094150916, 6972653.533073221333325 ], [ 1925645.337017920333892, 6972654.660886150784791 ], [ 1925651.679122226545587, 6972656.290226412937045 ] ] ] } },
{ "type": "Feature", "properties": { "TERYT": "3028", "LOKALNYID": "29E59FFA-B70A-40DB-BBCD-F1C9281E0410", "WERSJAID": "2021-10-15T00:00:00", "PNAZW": "PL.PZGiK.308.BDOT10k", "GMLID": "ID_29E59FFA-B70A-40DB-BBCD-F1C9281E0410", "X_KOD": "SKDR06", "X_SKRKARTO": null, "X_SKRK_NIL": "inapplicable", "X_KATDOKG": "dokladny", "X_DOKLGEOM": null, "X_ZRODLOG": "ortofotomapa", "X_ZRODLOA": "pomiarTerenowy", "X_KATIST": "eksploatowany", "X_KATI_NIL": null, "X_RODZREPG": "osGeometryczna", "X_UWAGI": null, "X_UZYTKOWN": "Uzytkownik30.xml", "X_AKTG": "2021-10-15", "X_AKTA": "2021-10-15", "POCZWERS": "2021-10-15", "KONIECWERS": null, "X_DATAUTW": "2021-10-15", "X_INFDOD": null, "KOD10K": null, "KOD10K_NIL": "inapplicable", "KOD25K": "0025_121", "KOD25K_NIL": null, "KOD50K": "0050_121", "KOD50K_NIL": null, "KOD100K": "0100_121", "KOD100_NIL": null, "KOD250K": null, "KOD250_NIL": "inapplicable", "KOD500K": null, "KOD500_NIL": "inapplicable", "KOD1000K": null, "KOD1000_NI": "inapplicable", "KATZARZ": "gminna", "KATZA_NIL": null, "KLASADROGI": "lokalna", "KLDROG_NIL": null, "MATNAWIERZ": "masaBitumiczna", "MATNAW_NIL": null, "NAZWADROGI": null, "LJEZDNIDR": 1, "LJEZD_NIL": null, "NRODCIREF": null, "SZL_NUMER": "207004P", "SZLNR_NIL": null, "length": 6.34 }, "geometry": { "type": "MultiLineString", "coordinates": [ [ [ 1925651.679122226545587, 6972656.290226412937045 ], [ 1925658.021229176549241, 6972657.91956199798733 ], [ 1925661.842430137097836, 6972658.924121641553938 ] ] ] } },
{ "type": "Feature", "properties": { "TERYT": "3028", "LOKALNYID": "34C8948A-3061-4635-A4A1-22A83E95BB45", "WERSJAID": "2021-10-15T00:00:00", "PNAZW": "PL.PZGiK.308.BDOT10k", "GMLID": "ID_34C8948A-3061-4635-A4A1-22A83E95BB45", "X_KOD": "SKDR06", "X_SKRKARTO": null, "X_SKRK_NIL": "inapplicable", "X_KATDOKG": "dokladny", "X_DOKLGEOM": null, "X_ZRODLOG": "ortofotomapa", "X_ZRODLOA": "pomiarTerenowy", "X_KATIST": "eksploatowany", "X_KATI_NIL": null, "X_RODZREPG": "osGeometryczna", "X_UWAGI": null, "X_UZYTKOWN": "Uzytkownik30.xml", "X_AKTG": "2021-10-15", "X_AKTA": "2021-10-15", "POCZWERS": "2021-10-15", "KONIECWERS": null, "X_DATAUTW": "2021-10-15", "X_INFDOD": null, "KOD10K": null, "KOD10K_NIL": "inapplicable", "KOD25K": "0025_121", "KOD25K_NIL": null, "KOD50K": "0050_121", "KOD50K_NIL": null, "KOD100K": "0100_121", "KOD100_NIL": null, "KOD250K": null, "KOD250_NIL": "inapplicable", "KOD500K": null, "KOD500_NIL": "inapplicable", "KOD1000K": null, "KOD1000_NI": "inapplicable", "KATZARZ": "gminna", "KATZA_NIL": null, "KLASADROGI": "lokalna", "KLDROG_NIL": null, "MATNAWIERZ": "masaBitumiczna", "MATNAW_NIL": null, "NAZWADROGI": null, "LJEZDNIDR": 1, "LJEZD_NIL": null, "NRODCIREF": null, "SZL_NUMER": "207011P", "SZLNR_NIL": null, "length": 32.59 }, "geometry": { "type": "MultiLineString", "coordinates": [ [ [ 1925794.193726449273527, 6972628.126624532975256 ], [ 1925785.586618186673149, 6972638.887195482850075 ], [ 1925776.979486725991592, 6972649.647771203890443 ], [ 1925766.583685080287978, 6972662.459190051071346 ], [ 1925764.864120383514091, 6972665.093147473409772 ], [ 1925761.082329917699099, 6972670.834721555933356 ] ] ] } },
{ "type": "Feature", "properties": { "TERYT": "3028", "LOKALNYID": "B9B83D0B-837A-4A4F-B184-E72116B88251", "WERSJAID": "2021-10-15T00:00:00", "PNAZW": "PL.PZGiK.308.BDOT10k", "GMLID": "ID_B9B83D0B-837A-4A4F-B184-E72116B88251", "X_KOD": "SKDR06", "X_SKRKARTO": null, "X_SKRK_NIL": "inapplicable", "X_KATDOKG": "dokladny", "X_DOKLGEOM": null, "X_ZRODLOG": "ortofotomapa", "X_ZRODLOA": "pomiarTerenowy", "X_KATIST": "eksploatowany", "X_KATI_NIL": null, "X_RODZREPG": "osGeometryczna", "X_UWAGI": null, "X_UZYTKOWN": "Uzytkownik30.xml", "X_AKTG": "2021-10-15", "X_AKTA": "2021-10-15", "POCZWERS": "2021-10-15", "KONIECWERS": null, "X_DATAUTW": "2021-10-15", "X_INFDOD": null, "KOD10K": null, "KOD10K_NIL": "inapplicable", "KOD25K": "0025_121", "KOD25K_NIL": null, "KOD50K": "0050_121", "KOD50K_NIL": null, "KOD100K": "0100_121", "KOD100_NIL": null, "KOD250K": null, "KOD250_NIL": "inapplicable", "KOD500K": null, "KOD500_NIL": "inapplicable", "KOD1000K": null, "KOD1000_NI": "inapplicable", "KATZARZ": "gminna", "KATZA_NIL": null, "KLASADROGI": "lokalna", "KLDROG_NIL": null, "MATNAWIERZ": "masaBitumiczna", "MATNAW_NIL": null, "NAZWADROGI": null, "LJEZDNIDR": 1, "LJEZD_NIL": null, "NRODCIREF": null, "SZL_NUMER": "207011P", "SZLNR_NIL": null, "length": 9.88 }, "geometry": { "type": "MultiLineString", "coordinates": [ [ [ 1925761.082329917699099, 6972670.834721555933356 ], [ 1925756.371629954781383, 6972678.714013686403632 ], [ 1925753.464258166495711, 6972685.323662376962602 ] ] ] } },
{ "type": "Feature", "properties": { "TERYT": "3028", "LOKALNYID": "F9BDE04F-9F04-4B8F-8264-1081C814FE1F", "WERSJAID": "2021-10-15T00:00:00", "PNAZW": "PL.PZGiK.308.BDOT10k", "GMLID": "ID_F9BDE04F-9F04-4B8F-8264-1081C814FE1F", "X_KOD": "SKDR08", "X_SKRKARTO": null, "X_SKRK_NIL": "inapplicable", "X_KATDOKG": "dokladny", "X_DOKLGEOM": null, "X_ZRODLOG": "ortofotomapa", "X_ZRODLOA": "pomiarTerenowy", "X_KATIST": "eksploatowany", "X_KATI_NIL": null, "X_RODZREPG": "osGeometryczna", "X_UWAGI": null, "X_UZYTKOWN": "Uzytkownik30.xml", "X_AKTG": "2021-10-15", "X_AKTA": "2021-10-15", "POCZWERS": "2021-10-15", "KONIECWERS": null, "X_DATAUTW": "2021-10-15", "X_INFDOD": null, "KOD10K": null, "KOD10K_NIL": "inapplicable", "KOD25K": "0025_123", "KOD25K_NIL": null, "KOD50K": "0050_123", "KOD50K_NIL": null, "KOD100K": "0100_123", "KOD100_NIL": null, "KOD250K": null, "KOD250_NIL": "inapplicable", "KOD500K": null, "KOD500_NIL": "inapplicable", "KOD1000K": null, "KOD1000_NI": "inapplicable", "KATZARZ": "zakladowa", "KATZA_NIL": null, "KLASADROGI": "inna", "KLDROG_NIL": null, "MATNAWIERZ": "plytyBetonowe", "MATNAW_NIL": null, "NAZWADROGI": null, "LJEZDNIDR": 1, "LJEZD_NIL": null, "NRODCIREF": null, "SZL_NUMER": null, "SZLNR_NIL": null, "length": 18.36 }, "geometry": { "type": "MultiLineString", "coordinates": [ [ [ 1927680.695848025148734, 6972128.874109226278961 ], [ 1927671.963511251611635, 6972110.411675221286714 ], [ 1927670.954764734487981, 6972100.403866194188595 ] ] ] } },
{ "type": "Feature", "properties": { "TERYT": "3028", "LOKALNYID": "44E54FDB-1E81-42DE-81D1-099F94BE3EC6", "WERSJAID": "2021-10-29T00:00:00", "PNAZW": "PL.PZGiK.308.BDOT10k", "GMLID": "ID_44E54FDB-1E81-42DE-81D1-099F94BE3EC6", "X_KOD": "SKDR08", "X_SKRKARTO": null, "X_SKRK_NIL": "inapplicable", "X_KATDOKG": "dokladny", "X_DOKLGEOM": null, "X_ZRODLOG": "ortofotomapa", "X_ZRODLOA": "pomiarTerenowy", "X_KATIST": "eksploatowany", "X_KATI_NIL": null, "X_RODZREPG": "osGeometryczna", "X_UWAGI": null, "X_UZYTKOWN": "Uzytkownik30.xml", "X_AKTG": "2021-10-29", "X_AKTA": "2021-10-29", "POCZWERS": "2021-10-29", "KONIECWERS": null, "X_DATAUTW": "2021-10-29", "X_INFDOD": null, "KOD10K": null, "KOD10K_NIL": "inapplicable", "KOD25K": "0025_123", "KOD25K_NIL": null, "KOD50K": "0050_123", "KOD50K_NIL": null, "KOD100K": "0100_123", "KOD100_NIL": null, "KOD250K": null, "KOD250_NIL": "inapplicable", "KOD500K": null, "KOD500_NIL": "inapplicable", "KOD1000K": null, "KOD1000_NI": "inapplicable", "KATZARZ": "zakladowa", "KATZA_NIL": null, "KLASADROGI": "inna", "KLDROG_NIL": null, "MATNAWIERZ": "plytyBetonowe", "MATNAW_NIL": null, "NAZWADROGI": null, "LJEZDNIDR": 1, "LJEZD_NIL": null, "NRODCIREF": null, "SZL_NUMER": null, "SZLNR_NIL": null, "length": 136.02 }, "geometry": { "type": "MultiLineString", "coordinates": [ [ [ 1927515.008934794226661, 6972022.030034304596484 ], [ 1927512.93957489496097, 6972063.694928154349327 ], [ 1927513.019685515668243, 6972088.582202444784343 ], [ 1927519.163069706875831, 6972091.617323682643473 ], [ 1927621.42223731870763, 6972098.242401191033423 ], [ 1927670.954764734487981, 6972100.403866194188595 ] ] ] } },
{ "type": "Feature", "properties": { "TERYT": "3028", "LOKALNYID": "32B378B6-3E28-42DE-900E-CA83CA6A2959", "WERSJAID": "2021-10-15T00:00:00", "PNAZW": "PL.PZGiK.308.BDOT10k", "GMLID": "ID_32B378B6-3E28-42DE-900E-CA83CA6A2959", "X_KOD": "SKDR08", "X_SKRKARTO": null, "X_SKRK_NIL": "inapplicable", "X_KATDOKG": "dokladny", "X_DOKLGEOM": null, "X_ZRODLOG": "ortofotomapa", "X_ZRODLOA": "pomiarTerenowy", "X_KATIST": "eksploatowany", "X_KATI_NIL": null, "X_RODZREPG": "osGeometryczna", "X_UWAGI": null, "X_UZYTKOWN": "Uzytkownik30.xml", "X_AKTG": "2021-10-15", "X_AKTA": "2021-10-15", "POCZWERS": "2021-10-15", "KONIECWERS": null, "X_DATAUTW": "2021-10-15", "X_INFDOD": null, "KOD10K": null, "KOD10K_NIL": "inapplicable", "KOD25K": "0025_123", "KOD25K_NIL": null, "KOD50K": "0050_123", "KOD50K_NIL": null, "KOD100K": "0100_123", "KOD100_NIL": null, "KOD250K": null, "KOD250_NIL": "inapplicable", "KOD500K": null, "KOD500_NIL": "inapplicable", "KOD1000K": null, "KOD1000_NI": "inapplicable", "KATZARZ": "zakladowa", "KATZA_NIL": null, "KLASADROGI": "inna", "KLDROG_NIL": null, "MATNAWIERZ": "plytyBetonowe", "MATNAW_NIL": null, "NAZWADROGI": null, "LJEZDNIDR": 1, "LJEZD_NIL": null, "NRODCIREF": null, "SZL_NUMER": null, "SZLNR_NIL": null, "length": 92.3 }, "geometry": { "type": "MultiLineString", "coordinates": [ [ [ 1927666.045653270324692, 6972033.988407292403281 ], [ 1927662.503755701240152, 6972030.964750899933279 ], [ 1927648.753348627360538, 6972026.538198783062398 ], [ 1927515.008934794226661, 6972022.030034304596484 ] ] ] } },
{ "type": "Feature", "properties": { "TERYT": "3028", "LOKALNYID": "B79DF895-1BFC-4224-BF94-1B3EA7B92570", "WERSJAID": "2021-10-29T00:00:00", "PNAZW": "PL.PZGiK.308.BDOT10k", "GMLID": "ID_B79DF895-1BFC-4224-BF94-1B3EA7B92570", "X_KOD": "SKDR08", "X_SKRKARTO": null, "X_SKRK_NIL": "inapplicable", "X_KATDOKG": "dokladny", "X_DOKLGEOM": null, "X_ZRODLOG": "ortofotomapa", "X_ZRODLOA": "pomiarTerenowy", "X_KATIST": "eksploatowany", "X_KATI_NIL": null, "X_RODZREPG": "osGeometryczna", "X_UWAGI": null, "X_UZYTKOWN": "Uzytkownik30.xml", "X_AKTG": "2021-10-29", "X_AKTA": "2021-10-29", "POCZWERS": "2021-10-29", "KONIECWERS": null, "X_DATAUTW": "2021-10-29", "X_INFDOD": null, "KOD10K": null, "KOD10K_NIL": "inapplicable", "KOD25K": "0025_123", "KOD25K_NIL": null, "KOD50K": "0050_123", "KOD50K_NIL": null, "KOD100K": "0100_123", "KOD100_NIL": null, "KOD250K": null, "KOD250_NIL": "inapplicable", "KOD500K": null, "KOD500_NIL": "inapplicable", "KOD1000K": null, "KOD1000_NI": "inapplicable", "KATZARZ": "zakladowa", "KATZA_NIL": null, "KLASADROGI": "inna", "KLDROG_NIL": null, "MATNAWIERZ": "plytyBetonowe", "MATNAW_NIL": null, "NAZWADROGI": null, "LJEZDNIDR": 1, "LJEZD_NIL": null, "NRODCIREF": null, "SZL_NUMER": null, "SZLNR_NIL": null, "length": 41.35 }, "geometry": { "type": "MultiLineString", "coordinates": [ [ [ 1927670.954764734487981, 6972100.403866194188595 ], [ 1927670.861355840694159, 6972099.438147648237646 ], [ 1927672.753369217272848, 6972060.360396179370582 ], [ 1927673.055195473600179, 6972047.459688534028828 ], [ 1927669.587553519289941, 6972037.012063284404576 ], [ 1927666.045653270324692, 6972033.988407292403281 ] ] ] } },
{ "type": "Feature", "properties": { "TERYT": "3028", "LOKALNYID": "81A51DCB-8608-4ADC-85CE-39D82406D38F", "WERSJAID": "2021-10-15T00:00:00", "PNAZW": "PL.PZGiK.308.BDOT10k", "GMLID": "ID_81A51DCB-8608-4ADC-85CE-39D82406D38F", "X_KOD": "SKDR08", "X_SKRKARTO": null, "X_SKRK_NIL": "inapplicable", "X_KATDOKG": "dokladny", "X_DOKLGEOM": null, "X_ZRODLOG": "ortofotomapa", "X_ZRODLOA": "pomiarTerenowy", "X_KATIST": "eksploatowany", "X_KATI_NIL": null, "X_RODZREPG": "osGeometryczna", "X_UWAGI": null, "X_UZYTKOWN": "Uzytkownik30.xml", "X_AKTG": "2021-10-15", "X_AKTA": "2021-10-15", "POCZWERS": "2021-10-15", "KONIECWERS": null, "X_DATAUTW": "2021-10-15", "X_INFDOD": null, "KOD10K": null, "KOD10K_NIL": "inapplicable", "KOD25K": "0025_123", "KOD25K_NIL": null, "KOD50K": "0050_123", "KOD50K_NIL": null, "KOD100K": "0100_123", "KOD100_NIL": null, "KOD250K": null, "KOD250_NIL": "inapplicable", "KOD500K": null, "KOD500_NIL": "inapplicable", "KOD1000K": null, "KOD1000_NI": "inapplicable", "KATZARZ": "zakladowa", "KATZA_NIL": null, "KLASADROGI": "inna", "KLDROG_NIL": null, "MATNAWIERZ": "plytyBetonowe", "MATNAW_NIL": null, "NAZWADROGI": null, "LJEZDNIDR": 1, "LJEZD_NIL": null, "NRODCIREF": null, "SZL_NUMER": null, "SZLNR_NIL": null, "length": 190.66 }, "geometry": { "type": "MultiLineString", "coordinates": [ [ [ 1927515.008934794226661, 6972022.030034304596484 ], [ 1927523.541127463104203, 6972003.724718309938908 ], [ 1927546.445626522414386, 6971991.588470748625696 ], [ 1927601.220373869407922, 6971990.650903578847647 ], [ 1927624.773681629216298, 6971988.314306857995689 ], [ 1927628.256181472912431, 6971953.510604461655021 ], [ 1927633.154620125656947, 6971943.176757632754743 ], [ 1927652.868994874181226, 6971943.424370395950973 ], [ 1927683.859409347875044, 6971945.481961672194302 ], [ 1927683.711347863543779, 6971965.977882836014032 ], [ 1927678.716767068952322, 6972022.923496848903596 ], [ 1927666.045653270324692, 6972033.988407292403281 ] ] ] } },
{ "type": "Feature", "properties": { "TERYT": "3028", "LOKALNYID": "019CE49C-36A0-45C7-99CE-65BB499B08BB", "WERSJAID": "2021-10-29T00:00:00", "PNAZW": "PL.PZGiK.308.BDOT10k", "GMLID": "ID_019CE49C-36A0-45C7-99CE-65BB499B08BB", "X_KOD": "SKDR06", "X_SKRKARTO": null, "X_SKRK_NIL": "inapplicable", "X_KATDOKG": "dokladny", "X_DOKLGEOM": null, "X_ZRODLOG": "ortofotomapa", "X_ZRODLOA": "pomiarTerenowy", "X_KATIST": "eksploatowany", "X_KATI_NIL": null, "X_RODZREPG": "osGeometryczna", "X_UWAGI": null, "X_UZYTKOWN": "Uzytkownik30.xml", "X_AKTG": "2021-10-29", "X_AKTA": "2021-10-29", "POCZWERS": "2021-10-29", "KONIECWERS": null, "X_DATAUTW": "2021-10-29", "X_INFDOD": null, "KOD10K": null, "KOD10K_NIL": "inapplicable", "KOD25K": "0025_121", "KOD25K_NIL": null, "KOD50K": "0050_121", "KOD50K_NIL": null, "KOD100K": "0100_121", "KOD100_NIL": null, "KOD250K": null, "KOD250_NIL": "inapplicable", "KOD500K": null, "KOD500_NIL": "inapplicable", "KOD1000K": null, "KOD1000_NI": "inapplicable", "KATZARZ": "powiatowa", "KATZA_NIL": null, "KLASADROGI": "lokalna", "KLDROG_NIL": null, "MATNAWIERZ": "masaBitumiczna", "MATNAW_NIL": null, "NAZWADROGI": null, "LJEZDNIDR": 1, "LJEZD_NIL": null, "NRODCIREF": null, "SZL_NUMER": "1600P", "SZLNR_NIL": null, "length": 195.6 }, "geometry": { "type": "MultiLineString", "coordinates": [ [ [ 1923419.695320060010999, 6971140.223686389625072 ], [ 1923408.511476062936708, 6971133.260729520581663 ], [ 1923394.388483063317835, 6971124.48298164177686 ], [ 1923333.301506622694433, 6971086.138539991341531 ], [ 1923252.092733054887503, 6971035.615924870595336 ], [ 1923247.864056754857302, 6971032.989391872659326 ], [ 1923223.60980190592818, 6971017.605883622542024 ], [ 1923215.383537503890693, 6971012.391579924151301 ], [ 1923190.00306135090068, 6970996.299879722297192 ], [ 1923153.296217018738389, 6970972.992363981902599 ], [ 1923145.068056057905778, 6970967.861021065153182 ] ] ] } },
{ "type": "Feature", "properties": { "TERYT": "3028", "LOKALNYID": "E70AC688-DE84-4F70-8725-87EB6DA7009B", "WERSJAID": "2021-10-29T00:00:00", "PNAZW": "PL.PZGiK.308.BDOT10k", "GMLID": "ID_E70AC688-DE84-4F70-8725-87EB6DA7009B", "X_KOD": "SKDR04", "X_SKRKARTO": null, "X_SKRK_NIL": "inapplicable", "X_KATDOKG": "dokladny", "X_DOKLGEOM": null, "X_ZRODLOG": "ortofotomapa", "X_ZRODLOA": "pomiarTerenowy", "X_KATIST": "eksploatowany", "X_KATI_NIL": null, "X_RODZREPG": "osGeometryczna", "X_UWAGI": null, "X_UZYTKOWN": "Uzytkownik30.xml", "X_AKTG": "2021-10-29", "X_AKTA": "2021-10-29", "POCZWERS": "2021-10-29", "KONIECWERS": null, "X_DATAUTW": "2021-10-29", "X_INFDOD": null, "KOD10K": null, "KOD10K_NIL": "inapplicable", "KOD25K": "0025_115", "KOD25K_NIL": null, "KOD50K": "0050_115", "KOD50K_NIL": null, "KOD100K": "0100_115", "KOD100_NIL": null, "KOD250K": null, "KOD250_NIL": "inapplicable", "KOD500K": null, "KOD500_NIL": "inapplicable", "KOD1000K": null, "KOD1000_NI": "inapplicable", "KATZARZ": "wojewodzka", "KATZA_NIL": null, "KLASADROGI": "glowna", "KLDROG_NIL": null, "MATNAWIERZ": "masaBitumiczna", "MATNAW_NIL": null, "NAZWADROGI": null, "LJEZDNIDR": 1, "LJEZD_NIL": null, "NRODCIREF": null, "SZL_NUMER": "194", "SZLNR_NIL": null, "length": 248.5 }, "geometry": { "type": "MultiLineString", "coordinates": [ [ [ 1928233.431491672061384, 6970518.587182811461389 ], [ 1928202.139996300917119, 6970539.611768633127213 ], [ 1928077.815094508696347, 6970623.09802156034857 ], [ 1927978.129143798490986, 6970690.12014212179929 ], [ 1927927.070231371326372, 6970725.296584604308009 ], [ 1927892.017534383106977, 6970749.089068790897727 ] ] ] } },
{ "type": "Feature", "properties": { "TERYT": "3028", "LOKALNYID": "6994EDE5-6090-4000-801F-6C0CDC4370D8", "WERSJAID": "2021-10-15T00:00:00", "PNAZW": "PL.PZGiK.308.BDOT10k", "GMLID": "ID_6994EDE5-6090-4000-801F-6C0CDC4370D8", "X_KOD": "SKDR04", "X_SKRKARTO": null, "X_SKRK_NIL": "inapplicable", "X_KATDOKG": "dokladny", "X_DOKLGEOM": null, "X_ZRODLOG": "ortofotomapa", "X_ZRODLOA": "pomiarTerenowy", "X_KATIST": "eksploatowany", "X_KATI_NIL": null, "X_RODZREPG": "osGeometryczna", "X_UWAGI": null, "X_UZYTKOWN": "Uzytkownik30.xml", "X_AKTG": "2021-10-15", "X_AKTA": "2021-10-15", "POCZWERS": "2021-10-15", "KONIECWERS": null, "X_DATAUTW": "2021-10-15", "X_INFDOD": null, "KOD10K": null, "KOD10K_NIL": "inapplicable", "KOD25K": "0025_115", "KOD25K_NIL": null, "KOD50K": "0050_115", "KOD50K_NIL": null, "KOD100K": "0100_115", "KOD100_NIL": null, "KOD250K": null, "KOD250_NIL": "inapplicable", "KOD500K": null, "KOD500_NIL": "inapplicable", "KOD1000K": null, "KOD1000_NI": "inapplicable", "KATZARZ": "wojewodzka", "KATZA_NIL": null, "KLASADROGI": "glowna", "KLDROG_NIL": null, "MATNAWIERZ": "masaBitumiczna", "MATNAW_NIL": null, "NAZWADROGI": null, "LJEZDNIDR": 1, "LJEZD_NIL": null, "NRODCIREF": null, "SZL_NUMER": "194", "SZLNR_NIL": null, "length": 33.39 }, "geometry": { "type": "MultiLineString", "coordinates": [ [ [ 1925868.594035940710455, 6972272.260359064675868 ], [ 1925882.160321920877323, 6972218.507736565545201 ] ] ] } },
{ "type": "Feature", "properties": { "TERYT": "3028", "LOKALNYID": "8C20BCC4-941A-4DF4-B6DB-B88606149607", "WERSJAID": "2021-10-29T00:00:00", "PNAZW": "PL.PZGiK.308.BDOT10k", "GMLID": "ID_8C20BCC4-941A-4DF4-B6DB-B88606149607", "X_KOD": "SKDR04", "X_SKRKARTO": null, "X_SKRK_NIL": "inapplicable", "X_KATDOKG": "dokladny", "X_DOKLGEOM": null, "X_ZRODLOG": "ortofotomapa", "X_ZRODLOA": "pomiarTerenowy", "X_KATIST": "eksploatowany", "X_KATI_NIL": null, "X_RODZREPG": "osGeometryczna", "X_UWAGI": null, "X_UZYTKOWN": "Uzytkownik30.xml", "X_AKTG": "2021-10-29", "X_AKTA": "2021-10-29", "POCZWERS": "2021-10-29", "KONIECWERS": null, "X_DATAUTW": "2021-10-29", "X_INFDOD": null, "KOD10K": null, "KOD10K_NIL": "inapplicable", "KOD25K": "0025_115", "KOD25K_NIL": null, "KOD50K": "0050_115", "KOD50K_NIL": null, "KOD100K": "0100_115", "KOD100_NIL": null, "KOD250K": null, "KOD250_NIL": "inapplicable", "KOD500K": null, "KOD500_NIL": "inapplicable", "KOD1000K": null, "KOD1000_NI": "inapplicable", "KATZARZ": "wojewodzka", "KATZA_NIL": null, "KLASADROGI": "glowna", "KLDROG_NIL": null, "MATNAWIERZ": "masaBitumiczna", "MATNAW_NIL": null, "NAZWADROGI": null, "LJEZDNIDR": 1, "LJEZD_NIL": null, "NRODCIREF": null, "SZL_NUMER": "194", "SZLNR_NIL": null, "length": 560.09 }, "geometry": { "type": "MultiLineString", "coordinates": [ [ [ 1925227.155470296973363, 6976417.172383853234351 ], [ 1925234.013239073799923, 6976378.990234198980033 ], [ 1925237.556368115823716, 6976351.93203513789922 ], [ 1925241.495816939044744, 6976320.744681453332305 ], [ 1925242.17653753911145, 6976314.411593148484826 ], [ 1925246.801040946971625, 6976269.013013698160648 ], [ 1925253.681661279406399, 6976183.694970497861505 ], [ 1925260.979577433783561, 6976098.952873942442238 ], [ 1925271.475043626502156, 6975973.03562796395272 ], [ 1925285.258163209306076, 6975800.030528009869158 ], [ 1925302.946951027261093, 6975593.018406219780445 ], [ 1925306.696622490650043, 6975544.628125132992864 ], [ 1925308.698853121139109, 6975523.801590461283922 ], [ 1925309.319312382955104, 6975514.409690987318754 ], [ 1925311.545578564284369, 6975500.219757742248476 ], [ 1925314.528795851161703, 6975491.166681064292789 ] ] ] } },
{ "type": "Feature", "properties": { "TERYT": "3028", "LOKALNYID": "053BFAB9-3A34-4AF7-B105-92BC57EC1EC7", "WERSJAID": "2021-10-15T00:00:00", "PNAZW": "PL.PZGiK.308.BDOT10k", "GMLID": "ID_053BFAB9-3A34-4AF7-B105-92BC57EC1EC7", "X_KOD": "SKDR06", "X_SKRKARTO": null, "X_SKRK_NIL": "inapplicable", "X_KATDOKG": "dokladny", "X_DOKLGEOM": null, "X_ZRODLOG": "ortofotomapa", "X_ZRODLOA": "pomiarTerenowy", "X_KATIST": "eksploatowany", "X_KATI_NIL": null, "X_RODZREPG": "osGeometryczna", "X_UWAGI": null, "X_UZYTKOWN": "Uzytkownik30.xml", "X_AKTG": "2021-10-15", "X_AKTA": "2021-10-15", "POCZWERS": "2021-10-15", "KONIECWERS": null, "X_DATAUTW": "2021-10-15", "X_INFDOD": null, "KOD10K": null, "KOD10K_NIL": "inapplicable", "KOD25K": "0025_121", "KOD25K_NIL": null, "KOD50K": "0050_121", "KOD50K_NIL": null, "KOD100K": "0100_121", "KOD100_NIL": null, "KOD250K": null, "KOD250_NIL": "inapplicable", "KOD500K": null, "KOD500_NIL": "inapplicable", "KOD1000K": null, "KOD1000_NI": "inapplicable", "KATZARZ": "powiatowa", "KATZA_NIL": null, "KLASADROGI": "lokalna", "KLDROG_NIL": null, "MATNAWIERZ": "masaBitumiczna", "MATNAW_NIL": null, "NAZWADROGI": null, "LJEZDNIDR": 1, "LJEZD_NIL": null, "NRODCIREF": null, "SZL_NUMER": "1570P", "SZLNR_NIL": null, "length": 95.3 }, "geometry": { "type": "MultiLineString", "coordinates": [ [ [ 1926293.205073904478922, 6973168.257876535877585 ], [ 1926245.001099129673094, 6973148.142027281224728 ], [ 1926185.114647708833218, 6973126.536209493875504 ], [ 1926145.540777146117762, 6973112.273334624245763 ] ] ] } },
{ "type": "Feature", "properties": { "TERYT": "3028", "LOKALNYID": "518333C5-4856-4927-AA71-9FFB0270E0E4", "WERSJAID": "2021-10-15T00:00:00", "PNAZW": "PL.PZGiK.308.BDOT10k", "GMLID": "ID_518333C5-4856-4927-AA71-9FFB0270E0E4", "X_KOD": "SKDR06", "X_SKRKARTO": null, "X_SKRK_NIL": "inapplicable", "X_KATDOKG": "dokladny", "X_DOKLGEOM": null, "X_ZRODLOG": "ortofotomapa", "X_ZRODLOA": "pomiarTerenowy", "X_KATIST": "eksploatowany", "X_KATI_NIL": null, "X_RODZREPG": "osGeometryczna", "X_UWAGI": null, "X_UZYTKOWN": "Uzytkownik30.xml", "X_AKTG": "2021-10-15", "X_AKTA": "2021-10-15", "POCZWERS": "2021-10-15", "KONIECWERS": null, "X_DATAUTW": "2021-10-15", "X_INFDOD": null, "KOD10K": null, "KOD10K_NIL": "inapplicable", "KOD25K": "0025_121", "KOD25K_NIL": null, "KOD50K": "0050_121", "KOD50K_NIL": null, "KOD100K": "0100_121", "KOD100_NIL": null, "KOD250K": null, "KOD250_NIL": "inapplicable", "KOD500K": null, "KOD500_NIL": "inapplicable", "KOD1000K": null, "KOD1000_NI": "inapplicable", "KATZARZ": "powiatowa", "KATZA_NIL": null, "KLASADROGI": "lokalna", "KLDROG_NIL": null, "MATNAWIERZ": "masaBitumiczna", "MATNAW_NIL": null, "NAZWADROGI": null, "LJEZDNIDR": 1, "LJEZD_NIL": null, "NRODCIREF": null, "SZL_NUMER": "1570P", "SZLNR_NIL": null, "length": 113.52 }, "geometry": { "type": "MultiLineString", "coordinates": [ [ [ 1926472.367177106207237, 6973225.450673335231841 ], [ 1926407.879691583337262, 6973206.329360134899616 ], [ 1926391.963855570182204, 6973201.599525049328804 ], [ 1926358.403486412018538, 6973191.650237991474569 ], [ 1926341.557465279009193, 6973185.602336931973696 ], [ 1926320.438248161925003, 6973178.024340847507119 ], [ 1926318.860539922956377, 6973177.455306035466492 ], [ 1926293.205073904478922, 6973168.257876535877585 ] ] ] } },
{ "type": "Feature", "properties": { "TERYT": "3028", "LOKALNYID": "736D7E25-2D74-4B96-B450-0E5FA9D2B253", "WERSJAID": "2021-10-15T00:00:00", "PNAZW": "PL.PZGiK.308.BDOT10k", "GMLID": "ID_736D7E25-2D74-4B96-B450-0E5FA9D2B253", "X_KOD": "SKDR04", "X_SKRKARTO": null, "X_SKRK_NIL": "inapplicable", "X_KATDOKG": "dokladny", "X_DOKLGEOM": null, "X_ZRODLOG": "ortofotomapa", "X_ZRODLOA": "pomiarTerenowy", "X_KATIST": "eksploatowany", "X_KATI_NIL": null, "X_RODZREPG": "osGeometryczna", "X_UWAGI": null, "X_UZYTKOWN": "Uzytkownik30.xml", "X_AKTG": "2021-10-15", "X_AKTA": "2021-10-15", "POCZWERS": "2021-10-15", "KONIECWERS": null, "X_DATAUTW": "2021-10-15", "X_INFDOD": null, "KOD10K": null, "KOD10K_NIL": "inapplicable", "KOD25K": "0025_115", "KOD25K_NIL": null, "KOD50K": "0050_115", "KOD50K_NIL": null, "KOD100K": "0100_115", "KOD100_NIL": null, "KOD250K": null, "KOD250_NIL": "inapplicable", "KOD500K": null, "KOD500_NIL": "inapplicable", "KOD1000K": null, "KOD1000_NI": "inapplicable", "KATZARZ": "wojewodzka", "KATZA_NIL": null, "KLASADROGI": "glowna", "KLDROG_NIL": null, "MATNAWIERZ": "masaBitumiczna", "MATNAW_NIL": null, "NAZWADROGI": null, "LJEZDNIDR": 1, "LJEZD_NIL": null, "NRODCIREF": null, "SZL_NUMER": "194", "SZLNR_NIL": null, "length": 19.66 }, "geometry": { "type": "MultiLineString", "coordinates": [ [ [ 1925971.627357970690355, 6973048.486235251650214 ], [ 1925965.871002524159849, 6973075.381412273272872 ], [ 1925965.038356709526852, 6973080.462310911156237 ] ] ] } },
{ "type": "Feature", "properties": { "TERYT": "3028", "LOKALNYID": "3CA6AF01-F8BD-414A-8070-03FB0EEBFB68", "WERSJAID": "2021-10-15T00:00:00", "PNAZW": "PL.PZGiK.308.BDOT10k", "GMLID": "ID_3CA6AF01-F8BD-414A-8070-03FB0EEBFB68", "X_KOD": "SKDR06", "X_SKRKARTO": null, "X_SKRK_NIL": "inapplicable", "X_KATDOKG": "dokladny", "X_DOKLGEOM": null, "X_ZRODLOG": "ortofotomapa", "X_ZRODLOA": "pomiarTerenowy", "X_KATIST": "eksploatowany", "X_KATI_NIL": null, "X_RODZREPG": "osGeometryczna", "X_UWAGI": null, "X_UZYTKOWN": "Uzytkownik30.xml", "X_AKTG": "2021-10-15", "X_AKTA": "2021-10-15", "POCZWERS": "2021-10-15", "KONIECWERS": null, "X_DATAUTW": "2021-10-15", "X_INFDOD": null, "KOD10K": null, "KOD10K_NIL": "inapplicable", "KOD25K": "0025_121", "KOD25K_NIL": null, "KOD50K": "0050_121", "KOD50K_NIL": null, "KOD100K": "0100_121", "KOD100_NIL": null, "KOD250K": null, "KOD250_NIL": "inapplicable", "KOD500K": null, "KOD500_NIL": "inapplicable", "KOD1000K": null, "KOD1000_NI": "inapplicable", "KATZARZ": "gminna", "KATZA_NIL": null, "KLASADROGI": "lokalna", "KLDROG_NIL": null, "MATNAWIERZ": "masaBitumiczna", "MATNAW_NIL": null, "NAZWADROGI": null, "LJEZDNIDR": 1, "LJEZD_NIL": null, "NRODCIREF": null, "SZL_NUMER": "207028P", "SZLNR_NIL": null, "length": 200.31 }, "geometry": { "type": "MultiLineString", "coordinates": [ [ [ 1924395.518071626545861, 6974877.980010609142482 ], [ 1924408.860402764985338, 6974869.042874442413449 ], [ 1924435.897861000848934, 6974854.450792434625328 ], [ 1924479.660250787623227, 6974835.755136866122484 ], [ 1924567.094815928954631, 6974800.039512153714895 ], [ 1924650.097003932110965, 6974765.94545916095376 ], [ 1924699.711703839711845, 6974745.793321639299393 ] ] ] } },
{ "type": "Feature", "properties": { "TERYT": "3028", "LOKALNYID": "2014E2A0-EE74-4391-81BF-C5A52A90E89C", "WERSJAID": "2021-10-15T00:00:00", "PNAZW": "PL.PZGiK.308.BDOT10k", "GMLID": "ID_2014E2A0-EE74-4391-81BF-C5A52A90E89C", "X_KOD": "SKDR06", "X_SKRKARTO": null, "X_SKRK_NIL": "inapplicable", "X_KATDOKG": "dokladny", "X_DOKLGEOM": null, "X_ZRODLOG": "ortofotomapa", "X_ZRODLOA": "pomiarTerenowy", "X_KATIST": "eksploatowany", "X_KATI_NIL": null, "X_RODZREPG": "osGeometryczna", "X_UWAGI": null, "X_UZYTKOWN": "Uzytkownik30.xml", "X_AKTG": "2021-10-15", "X_AKTA": "2021-10-15", "POCZWERS": "2021-10-15", "KONIECWERS": null, "X_DATAUTW": "2021-10-15", "X_INFDOD": null, "KOD10K": null, "KOD10K_NIL": "inapplicable", "KOD25K": "0025_123", "KOD25K_NIL": null, "KOD50K": "0050_123", "KOD50K_NIL": null, "KOD100K": "0100_123", "KOD100_NIL": null, "KOD250K": null, "KOD250_NIL": "inapplicable", "KOD500K": null, "KOD500_NIL": "inapplicable", "KOD1000K": null, "KOD1000_NI": "inapplicable", "KATZARZ": "gminna", "KATZA_NIL": null, "KLASADROGI": "lokalna", "KLDROG_NIL": null, "MATNAWIERZ": "tluczen", "MATNAW_NIL": null, "NAZWADROGI": null, "LJEZDNIDR": 1, "LJEZD_NIL": null, "NRODCIREF": null, "SZL_NUMER": "207028P", "SZLNR_NIL": null, "length": 315.82 }, "geometry": { "type": "MultiLineString", "coordinates": [ [ [ 1924001.936716079246253, 6975223.709549416787922 ], [ 1924071.732119106221944, 6975163.925950391218066 ], [ 1924130.559323352528736, 6975110.77617506403476 ], [ 1924180.7089438138064, 6975066.242965242825449 ], [ 1924246.977134991670027, 6975008.269049366936088 ], [ 1924327.133018537657335, 6974939.310302027501166 ], [ 1924363.753837689990178, 6974903.792568037286401 ], [ 1924381.702575437258929, 6974889.381936577148736 ], [ 1924387.519527173601091, 6974884.585497402586043 ], [ 1924395.518071626545861, 6974877.980010609142482 ] ] ] } },
{ "type": "Feature", "properties": { "TERYT": "3028", "LOKALNYID": "3381B1BE-69C8-40D0-A0E1-78AA8D6C5953", "WERSJAID": "2021-10-15T00:00:00", "PNAZW": "PL.PZGiK.308.BDOT10k", "GMLID": "ID_3381B1BE-69C8-40D0-A0E1-78AA8D6C5953", "X_KOD": "SKDR08", "X_SKRKARTO": null, "X_SKRK_NIL": "inapplicable", "X_KATDOKG": "przyblizony", "X_DOKLGEOM": null, "X_ZRODLOG": "ortofotomapa", "X_ZRODLOA": "pomiarTerenowy", "X_KATIST": "eksploatowany", "X_KATI_NIL": null, "X_RODZREPG": "liniaUmowna", "X_UWAGI": null, "X_UZYTKOWN": "Uzytkownik30.xml", "X_AKTG": "2021-10-15", "X_AKTA": "2021-10-15", "POCZWERS": "2021-10-15", "KONIECWERS": null, "X_DATAUTW": "2021-10-15", "X_INFDOD": null, "KOD10K": null, "KOD10K_NIL": "inapplicable", "KOD25K": null, "KOD25K_NIL": "inapplicable", "KOD50K": null, "KOD50K_NIL": "inapplicable", "KOD100K": null, "KOD100_NIL": "inapplicable", "KOD250K": null, "KOD250_NIL": "inapplicable", "KOD500K": null, "KOD500_NIL": "inapplicable", "KOD1000K": null, "KOD1000_NI": "inapplicable", "KATZARZ": "inna", "KATZA_NIL": null, "KLASADROGI": "inna", "KLDROG_NIL": null, "MATNAWIERZ": "kostkaPrefabrykowana", "MATNAW_NIL": null, "NAZWADROGI": null, "LJEZDNIDR": null, "LJEZD_NIL": "inapplicable", "NRODCIREF": null, "SZL_NUMER": null, "SZLNR_NIL": null, "length": 81.73 }, "geometry": { "type": "MultiLineString", "coordinates": [ [ [ 1926371.199480515439063, 6973032.636068746447563 ], [ 1926302.268619410926476, 6973013.658354664221406 ], [ 1926287.237931114155799, 6973009.364742330275476 ], [ 1926242.36397291556932, 6972991.454772973433137 ] ] ] } },
{ "type": "Feature", "properties": { "TERYT": "3028", "LOKALNYID": "FAF2CB0E-E9BA-4C2C-9AEF-6127987BB284", "WERSJAID": "2021-10-15T00:00:00", "PNAZW": "PL.PZGiK.308.BDOT10k", "GMLID": "ID_FAF2CB0E-E9BA-4C2C-9AEF-6127987BB284", "X_KOD": "SKDR06", "X_SKRKARTO": null, "X_SKRK_NIL": "inapplicable", "X_KATDOKG": "dokladny", "X_DOKLGEOM": null, "X_ZRODLOG": "ortofotomapa", "X_ZRODLOA": "pomiarTerenowy", "X_KATIST": "eksploatowany", "X_KATI_NIL": null, "X_RODZREPG": "osGeometryczna", "X_UWAGI": null, "X_UZYTKOWN": "Uzytkownik30.xml", "X_AKTG": "2021-10-15", "X_AKTA": "2021-10-15", "POCZWERS": "2021-10-15", "KONIECWERS": null, "X_DATAUTW": "2021-10-15", "X_INFDOD": null, "KOD10K": null, "KOD10K_NIL": "inapplicable", "KOD25K": "0025_126", "KOD25K_NIL": null, "KOD50K": "0050_126", "KOD50K_NIL": null, "KOD100K": "0100_126", "KOD100_NIL": null, "KOD250K": null, "KOD250_NIL": "inapplicable", "KOD500K": null, "KOD500_NIL": "inapplicable", "KOD1000K": null, "KOD1000_NI": "inapplicable", "KATZARZ": "gminna", "KATZA_NIL": null, "KLASADROGI": "lokalna", "KLDROG_NIL": null, "MATNAWIERZ": "stabilizacjaZwiremLubZuzlem", "MATNAW_NIL": null, "NAZWADROGI": null, "LJEZDNIDR": 1, "LJEZD_NIL": null, "NRODCIREF": null, "SZL_NUMER": "207022P", "SZLNR_NIL": null, "length": 694.19 }, "geometry": { "type": "MultiLineString", "coordinates": [ [ [ 1930548.624948589829728, 6972705.440072967670858 ], [ 1930536.214476728113368, 6972753.515217172913253 ], [ 1930525.331902079749852, 6972805.762856143526733 ], [ 1930523.200355485081673, 6972822.028322561644018 ], [ 1930523.777594019658864, 6972832.940405246801674 ], [ 1930526.418288641609251, 6972842.770532622933388 ], [ 1930532.511587938526645, 6972863.878420446999371 ], [ 1930542.113895610906184, 6972894.537594931200147 ], [ 1930547.965077745961025, 6972913.928750418126583 ], [ 1930552.680207534460351, 6972932.994593632407486 ], [ 1930554.986577264964581, 6972945.109844276681542 ], [ 1930557.97491077077575, 6972965.032947307452559 ], [ 1930558.309860941022635, 6972982.867737899534404 ], [ 1930558.076813464984298, 6972990.106145258061588 ], [ 1930559.522136059356853, 6972999.310666518285871 ], [ 1930564.112842172849923, 6973010.830939316190779 ], [ 1930573.096258581615984, 6973026.639715408906341 ], [ 1930598.588596942834556, 6973064.695133108645678 ], [ 1930623.963700690772384, 6973116.488107644952834 ], [ 1930643.777216814924031, 6973160.061334492638707 ], [ 1930650.343060530954972, 6973177.226613653823733 ], [ 1930651.719740567263216, 6973180.780768068507314 ], [ 1930653.079474197467789, 6973184.351146315224469 ], [ 1930655.690263251541182, 6973189.013810184784234 ], [ 1930658.301437671296299, 6973193.659870135597885 ], [ 1930667.757363608805463, 6973206.239964987151325 ], [ 1930674.318729361519217, 6973214.964948850683868 ], [ 1930677.19713612832129, 6973218.803079569712281 ], [ 1930680.759178348118439, 6973226.063043523579836 ], [ 1930681.644513994222507, 6973237.281853517517447 ], [ 1930681.709232234861702, 6973245.989479821175337 ], [ 1930680.447323257336393, 6973251.127477144822478 ], [ 1930671.145037163980305, 6973269.304832355119288 ], [ 1930661.070898746140301, 6973284.290924556553364 ], [ 1930647.243103262735531, 6973300.336601751856506 ], [ 1930626.975051240762696, 6973320.386977002955973 ], [ 1930620.564130232203752, 6973326.718431711196899 ], [ 1930617.290852761827409, 6973332.108990945853293 ], [ 1930616.877294484060258, 6973337.831575584597886 ], [ 1930617.162287341663614, 6973344.168469723314047 ], [ 1930617.447663030587137, 6973350.48876272700727 ], [ 1930622.617116352543235, 6973367.838147977367043 ], [ 1930623.554957078536972, 6973371.016704927198589 ], [ 1930624.325350945582613, 6973374.988909122534096 ], [ 1930624.7105481561739, 6973376.975011931732297 ], [ 1930626.620353743666783, 6973386.888543524779379 ], [ 1930626.686904488364235, 6973397.673259087838233 ], [ 1930625.27019480522722, 6973421.765595960430801 ], [ 1930625.549547242932022, 6973447.060318140313029 ], [ 1930627.961482795886695, 6973466.838373277336359 ], [ 1930632.302945055766031, 6973489.917719845660031 ], [ 1930634.957364117261022, 6973499.167393151670694 ], [ 1930637.595223261741921, 6973508.41669294051826 ], [ 1930643.335723323281854, 6973523.287318175658584 ], [ 1930645.432045261375606, 6973528.70258161611855 ], [ 1930652.102304876083508, 6973544.226136625744402 ], [ 1930658.756023999070749, 6973559.749333035200834 ], [ 1930670.174130186904222, 6973585.75082962680608 ], [ 1930675.343223395524547, 6973597.368332702666521 ], [ 1930679.631393429590389, 6973609.812859147787094 ], [ 1930681.175721506588161, 6973617.608035530894995 ], [ 1930678.024939751718193, 6973627.753694601356983 ], [ 1930676.080059905070812, 6973631.596736455336213 ], [ 1930669.759278232231736, 6973636.88378248270601 ], [ 1930646.009044363163412, 6973644.725099164061248 ], [ 1930611.215839666081592, 6973653.457252781838179 ], [ 1930599.195860621752217, 6973656.468936611898243 ], [ 1930587.19243898941204, 6973659.480986784212291 ], [ 1930584.820142607903108, 6973660.290085556916893 ], [ 1930582.464029445080087, 6973661.116173940710723 ], [ 1930552.454353027744219, 6973671.570535640232265 ], [ 1930533.217650219565257, 6973682.058243868872523 ] ] ] } },
{ "type": "Feature", "properties": { "TERYT": "3028", "LOKALNYID": "301F9EA4-A34E-4965-875C-28557D060E9C", "WERSJAID": "2021-10-29T00:00:00", "PNAZW": "PL.PZGiK.308.BDOT10k", "GMLID": "ID_301F9EA4-A34E-4965-875C-28557D060E9C", "X_KOD": "SKDR04", "X_SKRKARTO": null, "X_SKRK_NIL": "inapplicable", "X_KATDOKG": "dokladny", "X_DOKLGEOM": null, "X_ZRODLOG": "ortofotomapa", "X_ZRODLOA": "pomiarTerenowy", "X_KATIST": "eksploatowany", "X_KATI_NIL": null, "X_RODZREPG": "osGeometryczna", "X_UWAGI": null, "X_UZYTKOWN": "Uzytkownik30.xml", "X_AKTG": "2021-10-29", "X_AKTA": "2021-10-29", "POCZWERS": "2021-10-29", "KONIECWERS": null, "X_DATAUTW": "2021-10-29", "X_INFDOD": null, "KOD10K": null, "KOD10K_NIL": "inapplicable", "KOD25K": "0025_115", "KOD25K_NIL": null, "KOD50K": "0050_115", "KOD50K_NIL": null, "KOD100K": "0100_115", "KOD100_NIL": null, "KOD250K": null, "KOD250_NIL": "inapplicable", "KOD500K": null, "KOD500_NIL": "inapplicable", "KOD1000K": null, "KOD1000_NI": "inapplicable", "KATZARZ": "wojewodzka", "KATZA_NIL": null, "KLASADROGI": "glowna", "KLDROG_NIL": null, "MATNAWIERZ": "masaBitumiczna", "MATNAW_NIL": null, "NAZWADROGI": null, "LJEZDNIDR": 1, "LJEZD_NIL": null, "NRODCIREF": null, "SZL_NUMER": "194", "SZLNR_NIL": null, "length": 64.88 }, "geometry": { "type": "MultiLineString", "coordinates": [ [ [ 1925831.846037187380716, 6972396.018513255752623 ], [ 1925822.751339260721579, 6972419.011118588969111 ], [ 1925810.261030599474907, 6972451.043803077191114 ], [ 1925803.581042828969657, 6972468.628119713626802 ], [ 1925799.875941906822845, 6972478.1426044953987 ], [ 1925795.655178577871993, 6972489.140050097368658 ], [ 1925793.75247870082967, 6972496.720373609103262 ] ] ] } },
{ "type": "Feature", "properties": { "TERYT": "3028", "LOKALNYID": "DA0568B4-126C-4737-8BEF-585F23DB38E2", "WERSJAID": "2021-10-29T00:00:00", "PNAZW": "PL.PZGiK.308.BDOT10k", "GMLID": "ID_DA0568B4-126C-4737-8BEF-585F23DB38E2", "X_KOD": "SKDR04", "X_SKRKARTO": null, "X_SKRK_NIL": "inapplicable", "X_KATDOKG": "dokladny", "X_DOKLGEOM": null, "X_ZRODLOG": "ortofotomapa", "X_ZRODLOA": "pomiarTerenowy", "X_KATIST": "eksploatowany", "X_KATI_NIL": null, "X_RODZREPG": "osGeometryczna", "X_UWAGI": null, "X_UZYTKOWN": "Uzytkownik30.xml", "X_AKTG": "2021-10-29", "X_AKTA": "2021-10-29", "POCZWERS": "2021-10-29", "KONIECWERS": null, "X_DATAUTW": "2021-10-29", "X_INFDOD": null, "KOD10K": null, "KOD10K_NIL": "inapplicable", "KOD25K": "0025_115", "KOD25K_NIL": null, "KOD50K": "0050_115", "KOD50K_NIL": null, "KOD100K": "0100_115", "KOD100_NIL": null, "KOD250K": null, "KOD250_NIL": "inapplicable", "KOD500K": null, "KOD500_NIL": "inapplicable", "KOD1000K": null, "KOD1000_NI": "inapplicable", "KATZARZ": "wojewodzka", "KATZA_NIL": null, "KLASADROGI": "glowna", "KLDROG_NIL": null, "MATNAWIERZ": "masaBitumiczna", "MATNAW_NIL": null, "NAZWADROGI": null, "LJEZDNIDR": 1, "LJEZD_NIL": null, "NRODCIREF": null, "SZL_NUMER": "194", "SZLNR_NIL": null, "length": 19.2 }, "geometry": { "type": "MultiLineString", "coordinates": [ [ [ 1925843.567075573606417, 6972366.376643565483391 ], [ 1925837.363382109208032, 6972382.044992633163929 ], [ 1925831.846037187380716, 6972396.018513255752623 ] ] ] } },
{ "type": "Feature", "properties": { "TERYT": "3028", "LOKALNYID": "84263A6D-7C92-4CFD-9D21-D5512FE0BC4C", "WERSJAID": "2021-10-29T00:00:00", "PNAZW": "PL.PZGiK.308.BDOT10k", "GMLID": "ID_84263A6D-7C92-4CFD-9D21-D5512FE0BC4C", "X_KOD": "SKDR06", "X_SKRKARTO": null, "X_SKRK_NIL": "inapplicable", "X_KATDOKG": "dokladny", "X_DOKLGEOM": null, "X_ZRODLOG": "ortofotomapa", "X_ZRODLOA": "pomiarTerenowy", "X_KATIST": "eksploatowany", "X_KATI_NIL": null, "X_RODZREPG": "osGeometryczna", "X_UWAGI": null, "X_UZYTKOWN": "Uzytkownik30.xml", "X_AKTG": "2021-10-29", "X_AKTA": "2021-10-29", "POCZWERS": "2021-10-29", "KONIECWERS": null, "X_DATAUTW": "2021-10-29", "X_INFDOD": null, "KOD10K": null, "KOD10K_NIL": "inapplicable", "KOD25K": "0025_121", "KOD25K_NIL": null, "KOD50K": "0050_121", "KOD50K_NIL": null, "KOD100K": "0100_121", "KOD100_NIL": null, "KOD250K": null, "KOD250_NIL": "inapplicable", "KOD500K": null, "KOD500_NIL": "inapplicable", "KOD1000K": null, "KOD1000_NI": "inapplicable", "KATZARZ": "powiatowa", "KATZA_NIL": null, "KLASADROGI": "lokalna", "KLDROG_NIL": null, "MATNAWIERZ": "kostkaKamienna", "MATNAW_NIL": null, "NAZWADROGI": null, "LJEZDNIDR": 1, "LJEZD_NIL": null, "NRODCIREF": null, "SZL_NUMER": "1560P", "SZLNR_NIL": null, "length": 100.7 }, "geometry": { "type": "MultiLineString", "coordinates": [ [ [ 1926879.122651816345751, 6973117.234114139340818 ], [ 1927003.967433656798676, 6973149.306398993358016 ], [ 1927040.537822957150638, 6973159.556526217609644 ] ] ] } },
{ "type": "Feature", "properties": { "TERYT": "3028", "LOKALNYID": "92498C22-732F-4F18-A328-96ABBFC7BF8E", "WERSJAID": "2021-10-29T00:00:00", "PNAZW": "PL.PZGiK.308.BDOT10k", "GMLID": "ID_92498C22-732F-4F18-A328-96ABBFC7BF8E", "X_KOD": "SKDR06", "X_SKRKARTO": null, "X_SKRK_NIL": "inapplicable", "X_KATDOKG": "dokladny", "X_DOKLGEOM": null, "X_ZRODLOG": "ortofotomapa", "X_ZRODLOA": "pomiarTerenowy", "X_KATIST": "eksploatowany", "X_KATI_NIL": null, "X_RODZREPG": "osGeometryczna", "X_UWAGI": null, "X_UZYTKOWN": "Uzytkownik30.xml", "X_AKTG": "2021-10-29", "X_AKTA": "2021-10-29", "POCZWERS": "2021-10-29", "KONIECWERS": null, "X_DATAUTW": "2021-10-29", "X_INFDOD": null, "KOD10K": null, "KOD10K_NIL": "inapplicable", "KOD25K": "0025_121", "KOD25K_NIL": null, "KOD50K": "0050_121", "KOD50K_NIL": null, "KOD100K": "0100_121", "KOD100_NIL": null, "KOD250K": null, "KOD250_NIL": "inapplicable", "KOD500K": null, "KOD500_NIL": "inapplicable", "KOD1000K": null, "KOD1000_NI": "inapplicable", "KATZARZ": "powiatowa", "KATZA_NIL": null, "KLASADROGI": "lokalna", "KLDROG_NIL": null, "MATNAWIERZ": "kostkaKamienna", "MATNAW_NIL": null, "NAZWADROGI": null, "LJEZDNIDR": 1, "LJEZD_NIL": null, "NRODCIREF": null, "SZL_NUMER": "1560P", "SZLNR_NIL": null, "length": 47.45 }, "geometry": { "type": "MultiLineString", "coordinates": [ [ [ 1927040.537822957150638, 6973159.556526217609644 ], [ 1927040.8178673137445, 6973159.62959164660424 ], [ 1927047.815859283320606, 6973161.589068057015538 ], [ 1927076.212826612405479, 6973169.120790763758123 ], [ 1927116.665062161628157, 6973179.229548511095345 ] ] ] } },
{ "type": "Feature", "properties": { "TERYT": "3028", "LOKALNYID": "63F2C9BF-F60A-48BE-9C93-3A1C1AB6439A", "WERSJAID": "2021-10-29T00:00:00", "PNAZW": "PL.PZGiK.308.BDOT10k", "GMLID": "ID_63F2C9BF-F60A-48BE-9C93-3A1C1AB6439A", "X_KOD": "SKDR04", "X_SKRKARTO": null, "X_SKRK_NIL": "inapplicable", "X_KATDOKG": "dokladny", "X_DOKLGEOM": null, "X_ZRODLOG": "ortofotomapa", "X_ZRODLOA": "pomiarTerenowy", "X_KATIST": "eksploatowany", "X_KATI_NIL": null, "X_RODZREPG": "osGeometryczna", "X_UWAGI": null, "X_UZYTKOWN": "Uzytkownik30.xml", "X_AKTG": "2021-10-29", "X_AKTA": "2021-10-29", "POCZWERS": "2021-10-29", "KONIECWERS": null, "X_DATAUTW": "2021-10-29", "X_INFDOD": null, "KOD10K": null, "KOD10K_NIL": "inapplicable", "KOD25K": "0025_115", "KOD25K_NIL": null, "KOD50K": "0050_115", "KOD50K_NIL": null, "KOD100K": "0100_115", "KOD100_NIL": null, "KOD250K": null, "KOD250_NIL": "inapplicable", "KOD500K": null, "KOD500_NIL": "inapplicable", "KOD1000K": null, "KOD1000_NI": "inapplicable", "KATZARZ": "wojewodzka", "KATZA_NIL": null, "KLASADROGI": "glowna", "KLDROG_NIL": null, "MATNAWIERZ": "masaBitumiczna", "MATNAW_NIL": null, "NAZWADROGI": null, "LJEZDNIDR": 1, "LJEZD_NIL": null, "NRODCIREF": null, "SZL_NUMER": "194", "SZLNR_NIL": null, "length": 660.5 }, "geometry": { "type": "MultiLineString", "coordinates": [ [ [ 1926489.421745467465371, 6971688.184678127989173 ], [ 1926611.054528593551368, 6971607.139892546460032 ], [ 1926622.569423978915438, 6971599.471860446967185 ], [ 1926693.460098446812481, 6971552.243584408424795 ], [ 1926816.554506000131369, 6971472.992399781942368 ], [ 1926896.917169978143647, 6971416.767631197348237 ], [ 1927007.666898678988218, 6971339.449300020001829 ], [ 1927218.72653463925235, 6971198.69990371633321 ], [ 1927230.341579401632771, 6971190.950701606459916 ], [ 1927398.780195422237739, 6971078.312643618322909 ] ] ] } },
{ "type": "Feature", "properties": { "TERYT": "3028", "LOKALNYID": "BAE6909A-141D-4309-8D70-3FCA2A28080F", "WERSJAID": "2021-10-29T00:00:00", "PNAZW": "PL.PZGiK.308.BDOT10k", "GMLID": "ID_BAE6909A-141D-4309-8D70-3FCA2A28080F", "X_KOD": "SKDR06", "X_SKRKARTO": null, "X_SKRK_NIL": "inapplicable", "X_KATDOKG": "dokladny", "X_DOKLGEOM": null, "X_ZRODLOG": "ortofotomapa", "X_ZRODLOA": "pomiarTerenowy", "X_KATIST": "eksploatowany", "X_KATI_NIL": null, "X_RODZREPG": "osGeometryczna", "X_UWAGI": null, "X_UZYTKOWN": "Uzytkownik30.xml", "X_AKTG": "2021-10-29", "X_AKTA": "2021-10-29", "POCZWERS": "2021-10-29", "KONIECWERS": null, "X_DATAUTW": "2021-10-29", "X_INFDOD": null, "KOD10K": null, "KOD10K_NIL": "inapplicable", "KOD25K": "0025_121", "KOD25K_NIL": null, "KOD50K": "0050_121", "KOD50K_NIL": null, "KOD100K": "0100_121", "KOD100_NIL": null, "KOD250K": null, "KOD250_NIL": "inapplicable", "KOD500K": null, "KOD500_NIL": "inapplicable", "KOD1000K": null, "KOD1000_NI": "inapplicable", "KATZARZ": "gminna", "KATZA_NIL": null, "KLASADROGI": "lokalna", "KLDROG_NIL": null, "MATNAWIERZ": "masaBitumiczna", "MATNAW_NIL": null, "NAZWADROGI": null, "LJEZDNIDR": 1, "LJEZD_NIL": null, "NRODCIREF": null, "SZL_NUMER": "207014P", "SZLNR_NIL": null, "length": 280.51 }, "geometry": { "type": "MultiLineString", "coordinates": [ [ [ 1926390.06535761570558, 6972298.659674726426601 ], [ 1926441.30435602972284, 6972305.105513978749514 ], [ 1926476.234727613627911, 6972309.503867982886732 ], [ 1926486.881834083236754, 6972310.586432221345603 ], [ 1926492.543441275134683, 6972311.55103010777384 ], [ 1926529.085873439442366, 6972317.166813335381448 ], [ 1926545.149446059018373, 6972319.772910371422768 ], [ 1926553.344207416754216, 6972321.544963866472244 ], [ 1926569.715073038591072, 6972324.473926527425647 ], [ 1926581.956013134215027, 6972328.252130419947207 ], [ 1926597.638116433983669, 6972333.689919468015432 ], [ 1926620.986029897117987, 6972343.661529521457851 ], [ 1926633.898617558181286, 6972349.183292958885431 ], [ 1926652.223969648592174, 6972357.09236413333565 ], [ 1926672.248343755956739, 6972365.340594794601202 ], [ 1926685.839315565302968, 6972370.911549171432853 ], [ 1926695.555345961591229, 6972374.945569706149399 ], [ 1926714.408237038180232, 6972380.15906158555299 ], [ 1926729.812923087272793, 6972384.011826805770397 ], [ 1926737.983812224119902, 6972386.098787615075707 ], [ 1926755.555638389429078, 6972388.706892461515963 ], [ 1926786.904303660150617, 6972390.394434751011431 ], [ 1926797.563273789826781, 6972390.978481203317642 ], [ 1926841.448094948660582, 6972391.649485593661666 ] ] ] } },
{ "type": "Feature", "properties": { "TERYT": "3028", "LOKALNYID": "8425490D-75E9-43A0-8DE6-35F1E84D9CE3", "WERSJAID": "2021-10-29T00:00:00", "PNAZW": "PL.PZGiK.308.BDOT10k", "GMLID": "ID_8425490D-75E9-43A0-8DE6-35F1E84D9CE3", "X_KOD": "SKDR04", "X_SKRKARTO": null, "X_SKRK_NIL": "inapplicable", "X_KATDOKG": "dokladny", "X_DOKLGEOM": null, "X_ZRODLOG": "ortofotomapa", "X_ZRODLOA": "pomiarTerenowy", "X_KATIST": "eksploatowany", "X_KATI_NIL": null, "X_RODZREPG": "osGeometryczna", "X_UWAGI": null, "X_UZYTKOWN": "Uzytkownik30.xml", "X_AKTG": "2021-10-29", "X_AKTA": "2021-10-29", "POCZWERS": "2021-10-29", "KONIECWERS": null, "X_DATAUTW": "2021-10-29", "X_INFDOD": null, "KOD10K": null, "KOD10K_NIL": "inapplicable", "KOD25K": "0025_115", "KOD25K_NIL": null, "KOD50K": "0050_115", "KOD50K_NIL": null, "KOD100K": "0100_115", "KOD100_NIL": null, "KOD250K": null, "KOD250_NIL": "inapplicable", "KOD500K": null, "KOD500_NIL": "inapplicable", "KOD1000K": null, "KOD1000_NI": "inapplicable", "KATZARZ": "wojewodzka", "KATZA_NIL": null, "KLASADROGI": "glowna", "KLDROG_NIL": null, "MATNAWIERZ": "masaBitumiczna", "MATNAW_NIL": null, "NAZWADROGI": null, "LJEZDNIDR": 1, "LJEZD_NIL": null, "NRODCIREF": null, "SZL_NUMER": "193", "SZLNR_NIL": null, "length": 141.2 }, "geometry": { "type": "MultiLineString", "coordinates": [ [ [ 1925565.320617352146655, 6972449.49346122238785 ], [ 1925596.357064029900357, 6972457.375012211501598 ], [ 1925601.157756717642769, 6972458.303182080388069 ], [ 1925642.96232699113898, 6972469.165101207792759 ], [ 1925680.615804034052417, 6972478.964608764275908 ], [ 1925699.11327230813913, 6972483.773410273715854 ], [ 1925719.335007960675284, 6972489.254440024495125 ], [ 1925747.707798625575379, 6972496.95586381200701 ], [ 1925759.39556175423786, 6972499.592568075284362 ], [ 1925767.654613488586619, 6972501.450062789022923 ], [ 1925775.638679277384654, 6972502.320832220837474 ], [ 1925777.870431154267862, 6972502.556581922806799 ], [ 1925792.609649636084214, 6972503.704055796377361 ] ] ] } },
{ "type": "Feature", "properties": { "TERYT": "3028", "LOKALNYID": "29120CE2-2A8C-45BE-9AE2-2E5FEBABCCE5", "WERSJAID": "2021-10-29T00:00:00", "PNAZW": "PL.PZGiK.308.BDOT10k", "GMLID": "ID_29120CE2-2A8C-45BE-9AE2-2E5FEBABCCE5", "X_KOD": "SKDR08", "X_SKRKARTO": null, "X_SKRK_NIL": "inapplicable", "X_KATDOKG": "dokladny", "X_DOKLGEOM": null, "X_ZRODLOG": "ortofotomapa", "X_ZRODLOA": "pomiarTerenowy", "X_KATIST": "eksploatowany", "X_KATI_NIL": null, "X_RODZREPG": "osGeometryczna", "X_UWAGI": null, "X_UZYTKOWN": "Uzytkownik30.xml", "X_AKTG": "2021-10-29", "X_AKTA": "2021-10-29", "POCZWERS": "2021-10-29", "KONIECWERS": null, "X_DATAUTW": "2021-10-29", "X_INFDOD": null, "KOD10K": null, "KOD10K_NIL": "inapplicable", "KOD25K": "0025_121", "KOD25K_NIL": null, "KOD50K": "0050_121", "KOD50K_NIL": null, "KOD100K": "0100_121", "KOD100_NIL": null, "KOD250K": null, "KOD250_NIL": "inapplicable", "KOD500K": null, "KOD500_NIL": "inapplicable", "KOD1000K": null, "KOD1000_NI": "inapplicable", "KATZARZ": "inna", "KATZA_NIL": null, "KLASADROGI": "inna", "KLDROG_NIL": null, "MATNAWIERZ": "kostkaPrefabrykowana", "MATNAW_NIL": null, "NAZWADROGI": null, "LJEZDNIDR": 1, "LJEZD_NIL": null, "NRODCIREF": null, "SZL_NUMER": null, "SZLNR_NIL": null, "length": 143.02 }, "geometry": { "type": "MultiLineString", "coordinates": [ [ [ 1924922.039911939296871, 6971962.072690499946475 ], [ 1924941.907328821020201, 6971974.025680094026029 ], [ 1925040.252085488522425, 6972038.633911027573049 ], [ 1925023.002463571494445, 6972061.612910164520144 ], [ 1924997.303801805712283, 6972099.840082040987909 ], [ 1924993.627418100135401, 6972105.317604653537273 ], [ 1924986.422557914163917, 6972118.419202097691596 ] ] ] } },
{ "type": "Feature", "properties": { "TERYT": "3028", "LOKALNYID": "7A584226-7D38-4C1D-91E6-7E231CF12335", "WERSJAID": "2021-10-29T00:00:00", "PNAZW": "PL.PZGiK.308.BDOT10k", "GMLID": "ID_7A584226-7D38-4C1D-91E6-7E231CF12335", "X_KOD": "SKDR06", "X_SKRKARTO": null, "X_SKRK_NIL": "inapplicable", "X_KATDOKG": "dokladny", "X_DOKLGEOM": null, "X_ZRODLOG": "ortofotomapa", "X_ZRODLOA": "pomiarTerenowy", "X_KATIST": "eksploatowany", "X_KATI_NIL": null, "X_RODZREPG": "osGeometryczna", "X_UWAGI": null, "X_UZYTKOWN": "Uzytkownik30.xml", "X_AKTG": "2021-10-29", "X_AKTA": "2021-10-29", "POCZWERS": "2021-10-29", "KONIECWERS": null, "X_DATAUTW": "2021-10-29", "X_INFDOD": null, "KOD10K": null, "KOD10K_NIL": "inapplicable", "KOD25K": "0025_121", "KOD25K_NIL": null, "KOD50K": "0050_121", "KOD50K_NIL": null, "KOD100K": "0100_121", "KOD100_NIL": null, "KOD250K": null, "KOD250_NIL": "inapplicable", "KOD500K": null, "KOD500_NIL": "inapplicable", "KOD1000K": null, "KOD1000_NI": "inapplicable", "KATZARZ": "powiatowa", "KATZA_NIL": null, "KLASADROGI": "lokalna", "KLDROG_NIL": null, "MATNAWIERZ": "masaBitumiczna", "MATNAW_NIL": null, "NAZWADROGI": null, "LJEZDNIDR": 1, "LJEZD_NIL": null, "NRODCIREF": null, "SZL_NUMER": "1600P", "SZLNR_NIL": null, "length": 120.36 }, "geometry": { "type": "MultiLineString", "coordinates": [ [ [ 1924687.561904888600111, 6971934.414546805433929 ], [ 1924722.736222225939855, 6971956.335499954409897 ], [ 1924757.910338905407116, 6971978.272963048890233 ], [ 1924828.276110920822248, 6972022.131403179839253 ], [ 1924831.72148612421006, 6972024.290180589072406 ], [ 1924857.058477010345086, 6972039.696493960916996 ] ] ] } },
{ "type": "Feature", "properties": { "TERYT": "3028", "LOKALNYID": "8A8DAC07-5974-4A33-B803-FF961E31BEE0", "WERSJAID": "2021-10-29T00:00:00", "PNAZW": "PL.PZGiK.308.BDOT10k", "GMLID": "ID_8A8DAC07-5974-4A33-B803-FF961E31BEE0", "X_KOD": "SKDR06", "X_SKRKARTO": null, "X_SKRK_NIL": "inapplicable", "X_KATDOKG": "dokladny", "X_DOKLGEOM": null, "X_ZRODLOG": "ortofotomapa", "X_ZRODLOA": "pomiarTerenowy", "X_KATIST": "eksploatowany", "X_KATI_NIL": null, "X_RODZREPG": "osGeometryczna", "X_UWAGI": null, "X_UZYTKOWN": "Uzytkownik30.xml", "X_AKTG": "2021-10-29", "X_AKTA": "2021-10-29", "POCZWERS": "2021-10-29", "KONIECWERS": null, "X_DATAUTW": "2021-10-29", "X_INFDOD": null, "KOD10K": null, "KOD10K_NIL": "inapplicable", "KOD25K": "0025_121", "KOD25K_NIL": null, "KOD50K": "0050_121", "KOD50K_NIL": null, "KOD100K": "0100_121", "KOD100_NIL": null, "KOD250K": null, "KOD250_NIL": "inapplicable", "KOD500K": null, "KOD500_NIL": "inapplicable", "KOD1000K": null, "KOD1000_NI": "inapplicable", "KATZARZ": "gminna", "KATZA_NIL": null, "KLASADROGI": "lokalna", "KLDROG_NIL": null, "MATNAWIERZ": "masaBitumiczna", "MATNAW_NIL": null, "NAZWADROGI": null, "LJEZDNIDR": 1, "LJEZD_NIL": null, "NRODCIREF": null, "SZL_NUMER": "207011P", "SZLNR_NIL": null, "length": 163.08 }, "geometry": { "type": "MultiLineString", "coordinates": [ [ [ 1925753.464258166495711, 6972685.323662376962602 ], [ 1925745.143885318888351, 6972704.28164944332093 ], [ 1925740.438881415873766, 6972717.527346792630851 ], [ 1925736.5101693875622, 6972728.781234815716743 ], [ 1925734.210365435108542, 6972741.236799422651529 ], [ 1925734.318226373521611, 6972742.98381297942251 ], [ 1925734.495247051585466, 6972746.011734629049897 ], [ 1925734.780128969578072, 6972750.786672656424344 ], [ 1925737.721371677471325, 6972760.97437684610486 ], [ 1925743.393488122150302, 6972772.722212441265583 ], [ 1925745.337448205100372, 6972776.722494987770915 ], [ 1925746.585954698966816, 6972779.294077904894948 ], [ 1925748.934678597608581, 6972784.400495390407741 ], [ 1925752.086176388664171, 6972791.303673398680985 ], [ 1925761.999082864960656, 6972812.954505475237966 ], [ 1925767.615760574350134, 6972822.142527900636196 ], [ 1925771.238216819940135, 6972825.950098726898432 ], [ 1925781.193528389325365, 6972831.785457089543343 ], [ 1925797.060775093035772, 6972838.52544822730124 ], [ 1925814.552600683178753, 6972845.951936879195273 ], [ 1925835.135162943275645, 6972855.844200534746051 ], [ 1925846.360423920210451, 6972861.24445653706789 ], [ 1925876.764511628076434, 6972877.732999037019908 ] ] ] } },
{ "type": "Feature", "properties": { "TERYT": "3028", "LOKALNYID": "44F23132-293D-4733-B84F-657F06540960", "WERSJAID": "2021-10-29T00:00:00", "PNAZW": "PL.PZGiK.308.BDOT10k", "GMLID": "ID_44F23132-293D-4733-B84F-657F06540960", "X_KOD": "SKDR04", "X_SKRKARTO": null, "X_SKRK_NIL": "inapplicable", "X_KATDOKG": "dokladny", "X_DOKLGEOM": null, "X_ZRODLOG": "ortofotomapa", "X_ZRODLOA": "pomiarTerenowy", "X_KATIST": "eksploatowany", "X_KATI_NIL": null, "X_RODZREPG": "osGeometryczna", "X_UWAGI": null, "X_UZYTKOWN": "Uzytkownik30.xml", "X_AKTG": "2021-10-29", "X_AKTA": "2021-10-29", "POCZWERS": "2021-10-29", "KONIECWERS": null, "X_DATAUTW": "2021-10-29", "X_INFDOD": null, "KOD10K": null, "KOD10K_NIL": "inapplicable", "KOD25K": "0025_115", "KOD25K_NIL": null, "KOD50K": "0050_115", "KOD50K_NIL": null, "KOD100K": "0100_115", "KOD100_NIL": null, "KOD250K": null, "KOD250_NIL": "inapplicable", "KOD500K": null, "KOD500_NIL": "inapplicable", "KOD1000K": null, "KOD1000_NI": "inapplicable", "KATZARZ": "wojewodzka", "KATZA_NIL": null, "KLASADROGI": "glowna", "KLDROG_NIL": null, "MATNAWIERZ": "masaBitumiczna", "MATNAW_NIL": null, "NAZWADROGI": null, "LJEZDNIDR": 1, "LJEZD_NIL": null, "NRODCIREF": null, "SZL_NUMER": "194", "SZLNR_NIL": null, "length": 72.58 }, "geometry": { "type": "MultiLineString", "coordinates": [ [ [ 1925965.038356709526852, 6973080.462310911156237 ], [ 1925964.845265064155683, 6973081.620745625346899 ], [ 1925963.064898463431746, 6973092.444404914975166 ], [ 1925961.362548111472279, 6973102.771492671221495 ], [ 1925960.316317804623395, 6973109.176506258547306 ], [ 1925954.41636630659923, 6973144.957303847186267 ], [ 1925948.495089778210968, 6973180.937127385288477 ], [ 1925945.44023471348919, 6973199.406690400093794 ] ] ] } },
{ "type": "Feature", "properties": { "TERYT": "3028", "LOKALNYID": "D247AC3F-70A5-4E58-895B-2ECBF41D706D", "WERSJAID": "2021-10-29T00:00:00", "PNAZW": "PL.PZGiK.308.BDOT10k", "GMLID": "ID_D247AC3F-70A5-4E58-895B-2ECBF41D706D", "X_KOD": "SKDR06", "X_SKRKARTO": null, "X_SKRK_NIL": "inapplicable", "X_KATDOKG": "dokladny", "X_DOKLGEOM": null, "X_ZRODLOG": "ortofotomapa", "X_ZRODLOA": "pomiarTerenowy", "X_KATIST": "eksploatowany", "X_KATI_NIL": null, "X_RODZREPG": "osGeometryczna", "X_UWAGI": null, "X_UZYTKOWN": "Uzytkownik30.xml", "X_AKTG": "2021-10-29", "X_AKTA": "2021-10-29", "POCZWERS": "2021-10-29", "KONIECWERS": null, "X_DATAUTW": "2021-10-29", "X_INFDOD": null, "KOD10K": null, "KOD10K_NIL": "inapplicable", "KOD25K": "0025_121", "KOD25K_NIL": null, "KOD50K": "0050_121", "KOD50K_NIL": null, "KOD100K": "0100_121", "KOD100_NIL": null, "KOD250K": null, "KOD250_NIL": "inapplicable", "KOD500K": null, "KOD500_NIL": "inapplicable", "KOD1000K": null, "KOD1000_NI": "inapplicable", "KATZARZ": "powiatowa", "KATZA_NIL": null, "KLASADROGI": "lokalna", "KLDROG_NIL": null, "MATNAWIERZ": "masaBitumiczna", "MATNAW_NIL": null, "NAZWADROGI": null, "LJEZDNIDR": 1, "LJEZD_NIL": null, "NRODCIREF": null, "SZL_NUMER": "1557P", "SZLNR_NIL": null, "length": 294.31 }, "geometry": { "type": "MultiLineString", "coordinates": [ [ [ 1927619.111990549368784, 6973382.383299535140395 ], [ 1927628.74290860327892, 6973396.500049761496484 ], [ 1927654.443045854801312, 6973442.131577328778803 ], [ 1927690.177434941753745, 6973514.41760301310569 ], [ 1927739.972005366813391, 6973608.501893144100904 ], [ 1927779.744165109237656, 6973685.386764293536544 ], [ 1927820.613427740056068, 6973769.259999224916101 ], [ 1927824.251661733957008, 6973776.70632569026202 ], [ 1927830.65013418532908, 6973789.451525991782546 ], [ 1927843.95358047937043, 6973815.967445624060929 ] ] ] } },
{ "type": "Feature", "properties": { "TERYT": "3028", "LOKALNYID": "E7E90EB2-48AC-4331-844B-0DAF3D1E79AA", "WERSJAID": "2021-10-15T00:00:00", "PNAZW": "PL.PZGiK.308.BDOT10k", "GMLID": "ID_E7E90EB2-48AC-4331-844B-0DAF3D1E79AA", "X_KOD": "SKDR06", "X_SKRKARTO": null, "X_SKRK_NIL": "inapplicable", "X_KATDOKG": "dokladny", "X_DOKLGEOM": null, "X_ZRODLOG": "ortofotomapa", "X_ZRODLOA": "pomiarTerenowy", "X_KATIST": "eksploatowany", "X_KATI_NIL": null, "X_RODZREPG": "osGeometryczna", "X_UWAGI": null, "X_UZYTKOWN": "Uzytkownik30.xml", "X_AKTG": "2021-10-15", "X_AKTA": "2021-10-15", "POCZWERS": "2021-10-15", "KONIECWERS": null, "X_DATAUTW": "2021-10-15", "X_INFDOD": null, "KOD10K": null, "KOD10K_NIL": "inapplicable", "KOD25K": "0025_121", "KOD25K_NIL": null, "KOD50K": "0050_121", "KOD50K_NIL": null, "KOD100K": "0100_121", "KOD100_NIL": null, "KOD250K": null, "KOD250_NIL": "inapplicable", "KOD500K": null, "KOD500_NIL": "inapplicable", "KOD1000K": null, "KOD1000_NI": "inapplicable", "KATZARZ": "gminna", "KATZA_NIL": null, "KLASADROGI": "lokalna", "KLDROG_NIL": null, "MATNAWIERZ": "masaBitumiczna", "MATNAW_NIL": null, "NAZWADROGI": null, "LJEZDNIDR": 1, "LJEZD_NIL": null, "NRODCIREF": null, "SZL_NUMER": "207009P", "SZLNR_NIL": null, "length": 25.36 }, "geometry": { "type": "MultiLineString", "coordinates": [ [ [ 1927058.634431711630896, 6973680.720251473598182 ], [ 1927065.72898538177833, 6973675.055493099614978 ], [ 1927076.27588601806201, 6973664.952696980908513 ], [ 1927088.677951251156628, 6973651.371134416200221 ] ] ] } },
{ "type": "Feature", "properties": { "TERYT": "3028", "LOKALNYID": "C52CB74A-3588-43C4-BFCF-C7C6BCCE81D4", "WERSJAID": "2021-10-15T00:00:00", "PNAZW": "PL.PZGiK.308.BDOT10k", "GMLID": "ID_C52CB74A-3588-43C4-BFCF-C7C6BCCE81D4", "X_KOD": "SKDR08", "X_SKRKARTO": null, "X_SKRK_NIL": "inapplicable", "X_KATDOKG": "dokladny", "X_DOKLGEOM": null, "X_ZRODLOG": "ortofotomapa", "X_ZRODLOA": "pomiarTerenowy", "X_KATIST": "eksploatowany", "X_KATI_NIL": null, "X_RODZREPG": "osGeometryczna", "X_UWAGI": null, "X_UZYTKOWN": "Uzytkownik30.xml", "X_AKTG": "2021-10-15", "X_AKTA": "2021-10-15", "POCZWERS": "2021-10-15", "KONIECWERS": null, "X_DATAUTW": "2021-10-15", "X_INFDOD": null, "KOD10K": null, "KOD10K_NIL": "inapplicable", "KOD25K": "0025_123", "KOD25K_NIL": null, "KOD50K": "0050_123", "KOD50K_NIL": null, "KOD100K": "0100_123", "KOD100_NIL": null, "KOD250K": null, "KOD250_NIL": "inapplicable", "KOD500K": null, "KOD500_NIL": "inapplicable", "KOD1000K": null, "KOD1000_NI": "inapplicable", "KATZARZ": "zakladowa", "KATZA_NIL": null, "KLASADROGI": "inna", "KLDROG_NIL": null, "MATNAWIERZ": "plytyBetonowe", "MATNAW_NIL": null, "NAZWADROGI": null, "LJEZDNIDR": 1, "LJEZD_NIL": null, "NRODCIREF": null, "SZL_NUMER": null, "SZLNR_NIL": null, "length": 114.52 }, "geometry": { "type": "MultiLineString", "coordinates": [ [ [ 1927566.05148207093589, 6973525.621385778300464 ], [ 1927559.286061083199456, 6973545.566875734366477 ], [ 1927562.567753282841295, 6973554.068118968047202 ], [ 1927587.823116993298754, 6973566.309711273759604 ], [ 1927605.687064279336482, 6973584.176200648769736 ], [ 1927613.70760540664196, 6973601.246241429820657 ], [ 1927614.574533803854138, 6973613.778155952692032 ], [ 1927611.725845750188455, 6973623.597429835237563 ], [ 1927597.012582403374836, 6973632.572702930308878 ], [ 1927581.394465685356408, 6973642.673151928931475 ], [ 1927554.03982921759598, 6973633.007301364094019 ] ] ] } },
{ "type": "Feature", "properties": { "TERYT": "3028", "LOKALNYID": "3C823D3C-527C-4E52-9156-A5492055230A", "WERSJAID": "2021-10-15T00:00:00", "PNAZW": "PL.PZGiK.308.BDOT10k", "GMLID": "ID_3C823D3C-527C-4E52-9156-A5492055230A", "X_KOD": "SKDR08", "X_SKRKARTO": null, "X_SKRK_NIL": "inapplicable", "X_KATDOKG": "dokladny", "X_DOKLGEOM": null, "X_ZRODLOG": "ortofotomapa", "X_ZRODLOA": "pomiarTerenowy", "X_KATIST": "eksploatowany", "X_KATI_NIL": null, "X_RODZREPG": "osGeometryczna", "X_UWAGI": null, "X_UZYTKOWN": "Uzytkownik30.xml", "X_AKTG": "2021-10-15", "X_AKTA": "2021-10-15", "POCZWERS": "2021-10-15", "KONIECWERS": null, "X_DATAUTW": "2021-10-15", "X_INFDOD": null, "KOD10K": null, "KOD10K_NIL": "inapplicable", "KOD25K": "0025_121", "KOD25K_NIL": null, "KOD50K": "0050_121", "KOD50K_NIL": null, "KOD100K": "0100_121", "KOD100_NIL": null, "KOD250K": null, "KOD250_NIL": "inapplicable", "KOD500K": null, "KOD500_NIL": "inapplicable", "KOD1000K": null, "KOD1000_NI": "inapplicable", "KATZARZ": "zakladowa", "KATZA_NIL": null, "KLASADROGI": "inna", "KLDROG_NIL": null, "MATNAWIERZ": "masaBitumiczna", "MATNAW_NIL": null, "NAZWADROGI": null, "LJEZDNIDR": 1, "LJEZD_NIL": null, "NRODCIREF": null, "SZL_NUMER": null, "SZLNR_NIL": null, "length": 133.75 }, "geometry": { "type": "MultiLineString", "coordinates": [ [ [ 1927377.159150630701333, 6973394.300982587970793 ], [ 1927386.240062362980098, 6973397.920937295071781 ], [ 1927421.537227212451398, 6973410.233143349178135 ], [ 1927472.533106650458649, 6973430.22543315961957 ], [ 1927517.0749767574016, 6973447.672971206717193 ], [ 1927553.974305927287787, 6973462.365118302404881 ], [ 1927567.951644791290164, 6973467.113628844730556 ], [ 1927585.297474503982812, 6973468.867530959658325 ] ] ] } },
{ "type": "Feature", "properties": { "TERYT": "3028", "LOKALNYID": "A95E6440-A56F-45A3-84E3-15DDC1848654", "WERSJAID": "2021-10-29T00:00:00", "PNAZW": "PL.PZGiK.308.BDOT10k", "GMLID": "ID_A95E6440-A56F-45A3-84E3-15DDC1848654", "X_KOD": "SKDR08", "X_SKRKARTO": null, "X_SKRK_NIL": "inapplicable", "X_KATDOKG": "dokladny", "X_DOKLGEOM": null, "X_ZRODLOG": "ortofotomapa", "X_ZRODLOA": "pomiarTerenowy", "X_KATIST": "eksploatowany", "X_KATI_NIL": null, "X_RODZREPG": "osGeometryczna", "X_UWAGI": null, "X_UZYTKOWN": "Uzytkownik30.xml", "X_AKTG": "2021-10-29", "X_AKTA": "2021-10-29", "POCZWERS": "2021-10-29", "KONIECWERS": null, "X_DATAUTW": "2021-10-29", "X_INFDOD": null, "KOD10K": null, "KOD10K_NIL": "inapplicable", "KOD25K": "0025_121", "KOD25K_NIL": null, "KOD50K": "0050_121", "KOD50K_NIL": null, "KOD100K": "0100_121", "KOD100_NIL": null, "KOD250K": null, "KOD250_NIL": "inapplicable", "KOD500K": null, "KOD500_NIL": "inapplicable", "KOD1000K": null, "KOD1000_NI": "inapplicable", "KATZARZ": "inna", "KATZA_NIL": null, "KLASADROGI": "inna", "KLDROG_NIL": null, "MATNAWIERZ": "masaBitumiczna", "MATNAW_NIL": null, "NAZWADROGI": null, "LJEZDNIDR": 1, "LJEZD_NIL": null, "NRODCIREF": null, "SZL_NUMER": null, "SZLNR_NIL": null, "length": 438.83 }, "geometry": { "type": "MultiLineString", "coordinates": [ [ [ 1924591.788894273107871, 6972657.994844869710505 ], [ 1924550.309040024410933, 6972624.440697838552296 ], [ 1924277.664859382202849, 6972426.20020451862365 ], [ 1924267.978208034764975, 6972425.15427650231868 ], [ 1924261.857933865161613, 6972427.449902454391122 ], [ 1924260.581576778553426, 6972430.243591926060617 ], [ 1924218.078591051744297, 6972483.551340272650123 ], [ 1924212.163093335460871, 6972493.942542070522904 ], [ 1924209.910905102035031, 6972503.607421678490937 ], [ 1924210.859289722051471, 6972514.578344710171223 ], [ 1924213.989784269360825, 6972519.521030513569713 ], [ 1924374.062553691444919, 6972588.610184174962342 ], [ 1924394.782851011492312, 6972601.665748483501375 ], [ 1924403.141861789161339, 6972610.454933837987483 ] ] ] } },
{ "type": "Feature", "properties": { "TERYT": "3028", "LOKALNYID": "38F54DA5-F395-4FF7-B09A-CC9D1A0E61ED", "WERSJAID": "2021-10-29T00:00:00", "PNAZW": "PL.PZGiK.308.BDOT10k", "GMLID": "ID_38F54DA5-F395-4FF7-B09A-CC9D1A0E61ED", "X_KOD": "SKDR08", "X_SKRKARTO": null, "X_SKRK_NIL": "inapplicable", "X_KATDOKG": "dokladny", "X_DOKLGEOM": null, "X_ZRODLOG": "ortofotomapa", "X_ZRODLOA": "pomiarTerenowy", "X_KATIST": "eksploatowany", "X_KATI_NIL": null, "X_RODZREPG": "osGeometryczna", "X_UWAGI": null, "X_UZYTKOWN": "Uzytkownik30.xml", "X_AKTG": "2021-10-29", "X_AKTA": "2021-10-29", "POCZWERS": "2021-10-29", "KONIECWERS": null, "X_DATAUTW": "2021-10-29", "X_INFDOD": null, "KOD10K": null, "KOD10K_NIL": "inapplicable", "KOD25K": "0025_121", "KOD25K_NIL": null, "KOD50K": "0050_121", "KOD50K_NIL": null, "KOD100K": "0100_121", "KOD100_NIL": null, "KOD250K": null, "KOD250_NIL": "inapplicable", "KOD500K": null, "KOD500_NIL": "inapplicable", "KOD1000K": null, "KOD1000_NI": "inapplicable", "KATZARZ": "inna", "KATZA_NIL": null, "KLASADROGI": "inna", "KLDROG_NIL": null, "MATNAWIERZ": "masaBitumiczna", "MATNAW_NIL": null, "NAZWADROGI": null, "LJEZDNIDR": 1, "LJEZD_NIL": null, "NRODCIREF": null, "SZL_NUMER": null, "SZLNR_NIL": null, "length": 92.67 }, "geometry": { "type": "MultiLineString", "coordinates": [ [ [ 1924403.141861789161339, 6972610.454933837987483 ], [ 1924407.410299895796925, 6972614.943028901703656 ], [ 1924416.723440940724686, 6972636.564138500019908 ], [ 1924422.994339738506824, 6972652.314354751259089 ], [ 1924439.909981164848432, 6972688.754074237309396 ], [ 1924464.704932354157791, 6972744.40519580617547 ], [ 1924467.930709486594424, 6972749.532951639033854 ] ] ] } },
{ "type": "Feature", "properties": { "TERYT": "3028", "LOKALNYID": "A99B875F-0F0B-4028-B301-D4CB31B58EA7", "WERSJAID": "2021-10-15T00:00:00", "PNAZW": "PL.PZGiK.308.BDOT10k", "GMLID": "ID_A99B875F-0F0B-4028-B301-D4CB31B58EA7", "X_KOD": "SKDR08", "X_SKRKARTO": null, "X_SKRK_NIL": "inapplicable", "X_KATDOKG": "dokladny", "X_DOKLGEOM": null, "X_ZRODLOG": "ortofotomapa", "X_ZRODLOA": "pomiarTerenowy", "X_KATIST": "eksploatowany", "X_KATI_NIL": null, "X_RODZREPG": "osGeometryczna", "X_UWAGI": null, "X_UZYTKOWN": "Uzytkownik30.xml", "X_AKTG": "2021-10-15", "X_AKTA": "2021-10-15", "POCZWERS": "2021-10-15", "KONIECWERS": null, "X_DATAUTW": "2021-10-15", "X_INFDOD": null, "KOD10K": null, "KOD10K_NIL": "inapplicable", "KOD25K": "0025_121", "KOD25K_NIL": null, "KOD50K": "0050_121", "KOD50K_NIL": null, "KOD100K": "0100_121", "KOD100_NIL": null, "KOD250K": null, "KOD250_NIL": "inapplicable", "KOD500K": null, "KOD500_NIL": "inapplicable", "KOD1000K": null, "KOD1000_NI": "inapplicable", "KATZARZ": "inna", "KATZA_NIL": null, "KLASADROGI": "inna", "KLDROG_NIL": null, "MATNAWIERZ": "masaBitumiczna", "MATNAW_NIL": null, "NAZWADROGI": null, "LJEZDNIDR": 1, "LJEZD_NIL": null, "NRODCIREF": null, "SZL_NUMER": null, "SZLNR_NIL": null, "length": 102.18 }, "geometry": { "type": "MultiLineString", "coordinates": [ [ [ 1924403.141861789161339, 6972610.454933837987483 ], [ 1924355.353041627444327, 6972631.008938528597355 ], [ 1924347.586531615816057, 6972646.057801342569292 ], [ 1924344.945641026599333, 6972661.611455291509628 ], [ 1924380.450689525576308, 6972738.651721846312284 ] ] ] } },
{ "type": "Feature", "properties": { "TERYT": "3028", "LOKALNYID": "13E39414-2F84-4BAD-B030-9B3491DE68E9", "WERSJAID": "2021-10-15T00:00:00", "PNAZW": "PL.PZGiK.308.BDOT10k", "GMLID": "ID_13E39414-2F84-4BAD-B030-9B3491DE68E9", "X_KOD": "SKDR06", "X_SKRKARTO": null, "X_SKRK_NIL": "inapplicable", "X_KATDOKG": "dokladny", "X_DOKLGEOM": null, "X_ZRODLOG": "ortofotomapa", "X_ZRODLOA": "pomiarTerenowy", "X_KATIST": "eksploatowany", "X_KATI_NIL": null, "X_RODZREPG": "osGeometryczna", "X_UWAGI": null, "X_UZYTKOWN": "Uzytkownik30.xml", "X_AKTG": "2021-10-15", "X_AKTA": "2021-10-15", "POCZWERS": "2021-10-15", "KONIECWERS": null, "X_DATAUTW": "2021-10-15", "X_INFDOD": null, "KOD10K": null, "KOD10K_NIL": "inapplicable", "KOD25K": "0025_121", "KOD25K_NIL": null, "KOD50K": "0050_121", "KOD50K_NIL": null, "KOD100K": "0100_121", "KOD100_NIL": null, "KOD250K": null, "KOD250_NIL": "inapplicable", "KOD500K": null, "KOD500_NIL": "inapplicable", "KOD1000K": null, "KOD1000_NI": "inapplicable", "KATZARZ": "powiatowa", "KATZA_NIL": null, "KLASADROGI": "lokalna", "KLDROG_NIL": null, "MATNAWIERZ": "masaBitumiczna", "MATNAW_NIL": null, "NAZWADROGI": null, "LJEZDNIDR": 1, "LJEZD_NIL": null, "NRODCIREF": null, "SZL_NUMER": "1600P", "SZLNR_NIL": null, "length": 92.49 }, "geometry": { "type": "MultiLineString", "coordinates": [ [ [ 1924986.422557914163917, 6972118.419202097691596 ], [ 1925017.918384038144723, 6972137.593596063554287 ], [ 1925116.854411813197657, 6972199.043237614445388 ] ] ] } },
{ "type": "Feature", "properties": { "TERYT": "3028", "LOKALNYID": "7FAD39C1-6263-4C99-97A5-B8EE8FBD7F59", "WERSJAID": "2021-10-15T00:00:00", "PNAZW": "PL.PZGiK.308.BDOT10k", "GMLID": "ID_7FAD39C1-6263-4C99-97A5-B8EE8FBD7F59", "X_KOD": "SKDR06", "X_SKRKARTO": null, "X_SKRK_NIL": "inapplicable", "X_KATDOKG": "dokladny", "X_DOKLGEOM": null, "X_ZRODLOG": "ortofotomapa", "X_ZRODLOA": "pomiarTerenowy", "X_KATIST": "eksploatowany", "X_KATI_NIL": null, "X_RODZREPG": "osGeometryczna", "X_UWAGI": null, "X_UZYTKOWN": "Uzytkownik30.xml", "X_AKTG": "2021-10-15", "X_AKTA": "2021-10-15", "POCZWERS": "2021-10-15", "KONIECWERS": null, "X_DATAUTW": "2021-10-15", "X_INFDOD": null, "KOD10K": null, "KOD10K_NIL": "inapplicable", "KOD25K": "0025_121", "KOD25K_NIL": null, "KOD50K": "0050_121", "KOD50K_NIL": null, "KOD100K": "0100_121", "KOD100_NIL": null, "KOD250K": null, "KOD250_NIL": "inapplicable", "KOD500K": null, "KOD500_NIL": "inapplicable", "KOD1000K": null, "KOD1000_NI": "inapplicable", "KATZARZ": "powiatowa", "KATZA_NIL": null, "KLASADROGI": "lokalna", "KLDROG_NIL": null, "MATNAWIERZ": "masaBitumiczna", "MATNAW_NIL": null, "NAZWADROGI": null, "LJEZDNIDR": 1, "LJEZD_NIL": null, "NRODCIREF": null, "SZL_NUMER": "1600P", "SZLNR_NIL": null, "length": 59.91 }, "geometry": { "type": "MultiLineString", "coordinates": [ [ [ 1925116.854411813197657, 6972199.043237614445388 ], [ 1925123.664628661936149, 6972203.275650910101831 ], [ 1925201.051365210441872, 6972251.734920823015273 ] ] ] } },
{ "type": "Feature", "properties": { "TERYT": "3028", "LOKALNYID": "AFEEAAC7-3287-4598-94DA-01922D854AC5", "WERSJAID": "2021-10-15T00:00:00", "PNAZW": "PL.PZGiK.308.BDOT10k", "GMLID": "ID_AFEEAAC7-3287-4598-94DA-01922D854AC5", "X_KOD": "SKDR06", "X_SKRKARTO": null, "X_SKRK_NIL": "inapplicable", "X_KATDOKG": "dokladny", "X_DOKLGEOM": null, "X_ZRODLOG": "ortofotomapa", "X_ZRODLOA": "pomiarTerenowy", "X_KATIST": "eksploatowany", "X_KATI_NIL": null, "X_RODZREPG": "osGeometryczna", "X_UWAGI": null, "X_UZYTKOWN": "Uzytkownik30.xml", "X_AKTG": "2021-10-15", "X_AKTA": "2021-10-15", "POCZWERS": "2021-10-15", "KONIECWERS": null, "X_DATAUTW": "2021-10-15", "X_INFDOD": null, "KOD10K": null, "KOD10K_NIL": "inapplicable", "KOD25K": "0025_121", "KOD25K_NIL": null, "KOD50K": "0050_121", "KOD50K_NIL": null, "KOD100K": "0100_121", "KOD100_NIL": null, "KOD250K": null, "KOD250_NIL": "inapplicable", "KOD500K": null, "KOD500_NIL": "inapplicable", "KOD1000K": null, "KOD1000_NI": "inapplicable", "KATZARZ": "powiatowa", "KATZA_NIL": null, "KLASADROGI": "lokalna", "KLDROG_NIL": null, "MATNAWIERZ": "masaBitumiczna", "MATNAW_NIL": null, "NAZWADROGI": null, "LJEZDNIDR": 1, "LJEZD_NIL": null, "NRODCIREF": null, "SZL_NUMER": "1600P", "SZLNR_NIL": null, "length": 31.59 }, "geometry": { "type": "MultiLineString", "coordinates": [ [ [ 1925201.051365210441872, 6972251.734920823015273 ], [ 1925206.326011017896235, 6972255.033617932349443 ], [ 1925226.855629292782396, 6972269.16176556237042 ], [ 1925231.877917791716754, 6972272.620570600032806 ], [ 1925243.958286612061784, 6972281.746334639377892 ] ] ] } },
{ "type": "Feature", "properties": { "TERYT": "3028", "LOKALNYID": "75286047-FF13-403B-94ED-862F3B372196", "WERSJAID": "2021-10-15T00:00:00", "PNAZW": "PL.PZGiK.308.BDOT10k", "GMLID": "ID_75286047-FF13-403B-94ED-862F3B372196", "X_KOD": "SKDR08", "X_SKRKARTO": null, "X_SKRK_NIL": "inapplicable", "X_KATDOKG": "dokladny", "X_DOKLGEOM": null, "X_ZRODLOG": "ortofotomapa", "X_ZRODLOA": "pomiarTerenowy", "X_KATIST": "eksploatowany", "X_KATI_NIL": null, "X_RODZREPG": "osGeometryczna", "X_UWAGI": null, "X_UZYTKOWN": "Uzytkownik30.xml", "X_AKTG": "2021-10-15", "X_AKTA": "2021-10-15", "POCZWERS": "2021-10-15", "KONIECWERS": null, "X_DATAUTW": "2021-10-15", "X_INFDOD": null, "KOD10K": null, "KOD10K_NIL": "inapplicable", "KOD25K": "0025_121", "KOD25K_NIL": null, "KOD50K": "0050_121", "KOD50K_NIL": null, "KOD100K": "0100_121", "KOD100_NIL": null, "KOD250K": null, "KOD250_NIL": "inapplicable", "KOD500K": null, "KOD500_NIL": "inapplicable", "KOD1000K": null, "KOD1000_NI": "inapplicable", "KATZARZ": "inna", "KATZA_NIL": null, "KLASADROGI": "inna", "KLDROG_NIL": null, "MATNAWIERZ": "kostkaPrefabrykowana", "MATNAW_NIL": null, "NAZWADROGI": null, "LJEZDNIDR": 1, "LJEZD_NIL": null, "NRODCIREF": null, "SZL_NUMER": null, "SZLNR_NIL": null, "length": 124.84 }, "geometry": { "type": "MultiLineString", "coordinates": [ [ [ 1925201.051365210441872, 6972251.734920823015273 ], [ 1925216.059637056896463, 6972233.818342430517077 ], [ 1925228.36214911355637, 6972223.080491723492742 ], [ 1925229.823302538134158, 6972216.669544588774443 ], [ 1925226.958014853531495, 6972210.305070582777262 ], [ 1925195.411939905257896, 6972187.624862657859921 ], [ 1925180.028694553067908, 6972178.719471029937267 ], [ 1925171.229126448743045, 6972168.924321069382131 ], [ 1925158.001344900112599, 6972157.179663100279868 ], [ 1925145.766905789962038, 6972153.864650675095618 ], [ 1925138.861817397642881, 6972163.418500275351107 ], [ 1925116.854411813197657, 6972199.043237614445388 ] ] ] } },
{ "type": "Feature", "properties": { "TERYT": "3028", "LOKALNYID": "FEE549A5-E44E-407A-BFBC-0395763901D0", "WERSJAID": "2021-10-29T00:00:00", "PNAZW": "PL.PZGiK.308.BDOT10k", "GMLID": "ID_FEE549A5-E44E-407A-BFBC-0395763901D0", "X_KOD": "SKDR08", "X_SKRKARTO": null, "X_SKRK_NIL": "inapplicable", "X_KATDOKG": "dokladny", "X_DOKLGEOM": null, "X_ZRODLOG": "ortofotomapa", "X_ZRODLOA": "pomiarTerenowy", "X_KATIST": "eksploatowany", "X_KATI_NIL": null, "X_RODZREPG": "osGeometryczna", "X_UWAGI": null, "X_UZYTKOWN": "Uzytkownik30.xml", "X_AKTG": "2021-10-29", "X_AKTA": "2021-10-29", "POCZWERS": "2021-10-29", "KONIECWERS": null, "X_DATAUTW": "2021-10-29", "X_INFDOD": null, "KOD10K": null, "KOD10K_NIL": "inapplicable", "KOD25K": "0025_121", "KOD25K_NIL": null, "KOD50K": "0050_121", "KOD50K_NIL": null, "KOD100K": "0100_121", "KOD100_NIL": null, "KOD250K": null, "KOD250_NIL": "inapplicable", "KOD500K": null, "KOD500_NIL": "inapplicable", "KOD1000K": null, "KOD1000_NI": "inapplicable", "KATZARZ": "inna", "KATZA_NIL": null, "KLASADROGI": "inna", "KLDROG_NIL": null, "MATNAWIERZ": "kostkaPrefabrykowana", "MATNAW_NIL": null, "NAZWADROGI": null, "LJEZDNIDR": 1, "LJEZD_NIL": null, "NRODCIREF": null, "SZL_NUMER": null, "SZLNR_NIL": null, "length": 39.27 }, "geometry": { "type": "MultiLineString", "coordinates": [ [ [ 1924890.796917241066694, 6971983.936571722850204 ], [ 1924857.058477010345086, 6972039.696493960916996 ] ] ] } },
{ "type": "Feature", "properties": { "TERYT": "3028", "LOKALNYID": "AAE3FCEA-BDA4-4D4B-A5CA-111B6787A647", "WERSJAID": "2021-10-15T00:00:00", "PNAZW": "PL.PZGiK.308.BDOT10k", "GMLID": "ID_AAE3FCEA-BDA4-4D4B-A5CA-111B6787A647", "X_KOD": "SKDR08", "X_SKRKARTO": null, "X_SKRK_NIL": "inapplicable", "X_KATDOKG": "dokladny", "X_DOKLGEOM": null, "X_ZRODLOG": "ortofotomapa", "X_ZRODLOA": "pomiarTerenowy", "X_KATIST": "eksploatowany", "X_KATI_NIL": null, "X_RODZREPG": "osGeometryczna", "X_UWAGI": null, "X_UZYTKOWN": "Uzytkownik30.xml", "X_AKTG": "2021-10-15", "X_AKTA": "2021-10-15", "POCZWERS": "2021-10-15", "KONIECWERS": null, "X_DATAUTW": "2021-10-15", "X_INFDOD": null, "KOD10K": null, "KOD10K_NIL": "inapplicable", "KOD25K": "0025_123", "KOD25K_NIL": null, "KOD50K": "0050_123", "KOD50K_NIL": null, "KOD100K": "0100_123", "KOD100_NIL": null, "KOD250K": null, "KOD250_NIL": "inapplicable", "KOD500K": null, "KOD500_NIL": "inapplicable", "KOD1000K": null, "KOD1000_NI": "inapplicable", "KATZARZ": "inna", "KATZA_NIL": null, "KLASADROGI": "inna", "KLDROG_NIL": null, "MATNAWIERZ": "plytyBetonowe", "MATNAW_NIL": null, "NAZWADROGI": null, "LJEZDNIDR": 1, "LJEZD_NIL": null, "NRODCIREF": null, "SZL_NUMER": null, "SZLNR_NIL": null, "length": 29.59 }, "geometry": { "type": "MultiLineString", "coordinates": [ [ [ 1926879.122651816345751, 6973117.234114139340818 ], [ 1926865.944351109210402, 6973164.573668112047017 ] ] ] } },
{ "type": "Feature", "properties": { "TERYT": "3028", "LOKALNYID": "64893329-86AA-454C-97E0-BE25EB57FD25", "WERSJAID": "2021-10-15T00:00:00", "PNAZW": "PL.PZGiK.308.BDOT10k", "GMLID": "ID_64893329-86AA-454C-97E0-BE25EB57FD25", "X_KOD": "SKDR08", "X_SKRKARTO": null, "X_SKRK_NIL": "inapplicable", "X_KATDOKG": "dokladny", "X_DOKLGEOM": null, "X_ZRODLOG": "ortofotomapa", "X_ZRODLOA": "pomiarTerenowy", "X_KATIST": "eksploatowany", "X_KATI_NIL": null, "X_RODZREPG": "osGeometryczna", "X_UWAGI": null, "X_UZYTKOWN": "Uzytkownik30.xml", "X_AKTG": "2021-10-15", "X_AKTA": "2021-10-15", "POCZWERS": "2021-10-15", "KONIECWERS": null, "X_DATAUTW": "2021-10-15", "X_INFDOD": null, "KOD10K": null, "KOD10K_NIL": "inapplicable", "KOD25K": "0025_123", "KOD25K_NIL": null, "KOD50K": "0050_123", "KOD50K_NIL": null, "KOD100K": "0100_123", "KOD100_NIL": null, "KOD250K": null, "KOD250_NIL": "inapplicable", "KOD500K": null, "KOD500_NIL": "inapplicable", "KOD1000K": null, "KOD1000_NI": "inapplicable", "KATZARZ": "inna", "KATZA_NIL": null, "KLASADROGI": "inna", "KLDROG_NIL": null, "MATNAWIERZ": "plytyBetonowe", "MATNAW_NIL": null, "NAZWADROGI": null, "LJEZDNIDR": 1, "LJEZD_NIL": null, "NRODCIREF": null, "SZL_NUMER": null, "SZLNR_NIL": null, "length": 98.25 }, "geometry": { "type": "MultiLineString", "coordinates": [ [ [ 1926865.944351109210402, 6973164.573668112047017 ], [ 1926976.247249386273324, 6973200.473463364876807 ], [ 1927020.897448434494436, 6973214.619517523795366 ] ] ] } },
{ "type": "Feature", "properties": { "TERYT": "3028", "LOKALNYID": "C7E0D661-70DB-476E-8776-795574131E82", "WERSJAID": "2021-10-15T00:00:00", "PNAZW": "PL.PZGiK.308.BDOT10k", "GMLID": "ID_C7E0D661-70DB-476E-8776-795574131E82", "X_KOD": "SKDR08", "X_SKRKARTO": null, "X_SKRK_NIL": "inapplicable", "X_KATDOKG": "dokladny", "X_DOKLGEOM": null, "X_ZRODLOG": "ortofotomapa", "X_ZRODLOA": "pomiarTerenowy", "X_KATIST": "eksploatowany", "X_KATI_NIL": null, "X_RODZREPG": "osGeometryczna", "X_UWAGI": null, "X_UZYTKOWN": "Uzytkownik30.xml", "X_AKTG": "2021-10-15", "X_AKTA": "2021-10-15", "POCZWERS": "2021-10-15", "KONIECWERS": null, "X_DATAUTW": "2021-10-15", "X_INFDOD": null, "KOD10K": null, "KOD10K_NIL": "inapplicable", "KOD25K": "0025_123", "KOD25K_NIL": null, "KOD50K": "0050_123", "KOD50K_NIL": null, "KOD100K": "0100_123", "KOD100_NIL": null, "KOD250K": null, "KOD250_NIL": "inapplicable", "KOD500K": null, "KOD500_NIL": "inapplicable", "KOD1000K": null, "KOD1000_NI": "inapplicable", "KATZARZ": "zakladowa", "KATZA_NIL": null, "KLASADROGI": "inna", "KLDROG_NIL": null, "MATNAWIERZ": "plytyBetonowe", "MATNAW_NIL": null, "NAZWADROGI": null, "LJEZDNIDR": 1, "LJEZD_NIL": null, "NRODCIREF": null, "SZL_NUMER": null, "SZLNR_NIL": null, "length": 158.64 }, "geometry": { "type": "MultiLineString", "coordinates": [ [ [ 1927566.05148207093589, 6973525.621385778300464 ], [ 1927502.931078367633745, 6973510.195817107334733 ], [ 1927477.123453426174819, 6973496.777964886277914 ], [ 1927464.817184109939262, 6973477.297594986855984 ], [ 1927441.267443866934627, 6973466.558042446151376 ], [ 1927402.715255494927987, 6973451.676906804554164 ], [ 1927382.620141855208203, 6973442.763158224523067 ], [ 1927373.496946049621329, 6973435.287452226504683 ], [ 1927368.334799782605842, 6973431.360994465649128 ], [ 1927369.627303478540853, 6973415.108544423244894 ], [ 1927374.514723510714248, 6973399.638625895604491 ], [ 1927377.159150630701333, 6973394.300982587970793 ] ] ] } },
{ "type": "Feature", "properties": { "TERYT": "3028", "LOKALNYID": "5A7576F7-DE91-4C59-9CED-4EF115BCCAE8", "WERSJAID": "2021-10-15T00:00:00", "PNAZW": "PL.PZGiK.308.BDOT10k", "GMLID": "ID_5A7576F7-DE91-4C59-9CED-4EF115BCCAE8", "X_KOD": "SKDR08", "X_SKRKARTO": null, "X_SKRK_NIL": "inapplicable", "X_KATDOKG": "dokladny", "X_DOKLGEOM": null, "X_ZRODLOG": "ortofotomapa", "X_ZRODLOA": "pomiarTerenowy", "X_KATIST": "eksploatowany", "X_KATI_NIL": null, "X_RODZREPG": "osGeometryczna", "X_UWAGI": null, "X_UZYTKOWN": "Uzytkownik30.xml", "X_AKTG": "2021-10-15", "X_AKTA": "2021-10-15", "POCZWERS": "2021-10-15", "KONIECWERS": null, "X_DATAUTW": "2021-10-15", "X_INFDOD": null, "KOD10K": null, "KOD10K_NIL": "inapplicable", "KOD25K": "0025_127", "KOD25K_NIL": null, "KOD50K": "0050_127", "KOD50K_NIL": null, "KOD100K": "0100_127", "KOD100_NIL": null, "KOD250K": null, "KOD250_NIL": "inapplicable", "KOD500K": null, "KOD500_NIL": "inapplicable", "KOD1000K": null, "KOD1000_NI": "inapplicable", "KATZARZ": "inna", "KATZA_NIL": null, "KLASADROGI": "inna", "KLDROG_NIL": null, "MATNAWIERZ": "stabilizacjaZwiremLubZuzlem", "MATNAW_NIL": null, "NAZWADROGI": null, "LJEZDNIDR": 1, "LJEZD_NIL": null, "NRODCIREF": null, "SZL_NUMER": null, "SZLNR_NIL": null, "length": 253.19 }, "geometry": { "type": "MultiLineString", "coordinates": [ [ [ 1927376.44031545962207, 6972422.124837934039533 ], [ 1927381.326620635343716, 6972344.441005888395011 ], [ 1927383.606131516164169, 6972295.254002229310572 ], [ 1927385.347983008949086, 6972270.425598531030118 ], [ 1927387.089822677196935, 6972245.597270893864334 ], [ 1927386.324418472591788, 6972240.778161170892417 ], [ 1927384.399046463193372, 6972236.662700913846493 ], [ 1927378.802962591173127, 6972233.607084040530026 ], [ 1927314.737107693450525, 6972237.0488011687994 ], [ 1927310.113079308765009, 6972236.358429973013699 ], [ 1927305.702730522723868, 6972232.915374947711825 ], [ 1927303.693899179110304, 6972225.292647670023143 ], [ 1927306.750306754373014, 6972181.158316908404231 ], [ 1927308.985709885368124, 6972148.716736097820103 ], [ 1927310.068051134468988, 6972132.943699932657182 ], [ 1927310.151427604956552, 6972132.214712660759687 ], [ 1927315.226806686259806, 6972080.420281610451639 ] ] ] } },
{ "type": "Feature", "properties": { "TERYT": "3028", "LOKALNYID": "AE44875C-9915-4A5A-8B98-5F41E3DFD017", "WERSJAID": "2021-10-15T00:00:00", "PNAZW": "PL.PZGiK.308.BDOT10k", "GMLID": "ID_AE44875C-9915-4A5A-8B98-5F41E3DFD017", "X_KOD": "SKDR08", "X_SKRKARTO": null, "X_SKRK_NIL": "inapplicable", "X_KATDOKG": "dokladny", "X_DOKLGEOM": null, "X_ZRODLOG": "ortofotomapa", "X_ZRODLOA": "pomiarTerenowy", "X_KATIST": "eksploatowany", "X_KATI_NIL": null, "X_RODZREPG": "osGeometryczna", "X_UWAGI": null, "X_UZYTKOWN": "Uzytkownik30.xml", "X_AKTG": "2021-10-15", "X_AKTA": "2021-10-15", "POCZWERS": "2021-10-15", "KONIECWERS": null, "X_DATAUTW": "2021-10-15", "X_INFDOD": null, "KOD10K": null, "KOD10K_NIL": "inapplicable", "KOD25K": "0025_121", "KOD25K_NIL": null, "KOD50K": "0050_121", "KOD50K_NIL": null, "KOD100K": "0100_121", "KOD100_NIL": null, "KOD250K": null, "KOD250_NIL": "inapplicable", "KOD500K": null, "KOD500_NIL": "inapplicable", "KOD1000K": null, "KOD1000_NI": "inapplicable", "KATZARZ": "inna", "KATZA_NIL": null, "KLASADROGI": "inna", "KLDROG_NIL": null, "MATNAWIERZ": "masaBitumiczna", "MATNAW_NIL": null, "NAZWADROGI": null, "LJEZDNIDR": 1, "LJEZD_NIL": null, "NRODCIREF": null, "SZL_NUMER": null, "SZLNR_NIL": null, "length": 26.38 }, "geometry": { "type": "MultiLineString", "coordinates": [ [ [ 1926517.031556605594233, 6971899.974439023993909 ], [ 1926509.171899306122214, 6971899.472880887798965 ], [ 1926506.510453409980983, 6971899.193962838500738 ], [ 1926473.549384714802727, 6971895.689758841879666 ] ] ] } },
{ "type": "Feature", "properties": { "TERYT": "3028", "LOKALNYID": "9D0C20FF-710C-451B-9A85-9B1871E2EE65", "WERSJAID": "2021-10-15T00:00:00", "PNAZW": "PL.PZGiK.308.BDOT10k", "GMLID": "ID_9D0C20FF-710C-451B-9A85-9B1871E2EE65", "X_KOD": "SKDR08", "X_SKRKARTO": null, "X_SKRK_NIL": "inapplicable", "X_KATDOKG": "dokladny", "X_DOKLGEOM": null, "X_ZRODLOG": "ortofotomapa", "X_ZRODLOA": "pomiarTerenowy", "X_KATIST": "eksploatowany", "X_KATI_NIL": null, "X_RODZREPG": "osGeometryczna", "X_UWAGI": null, "X_UZYTKOWN": "Uzytkownik30.xml", "X_AKTG": "2021-10-15", "X_AKTA": "2021-10-15", "POCZWERS": "2021-10-15", "KONIECWERS": null, "X_DATAUTW": "2021-10-15", "X_INFDOD": null, "KOD10K": null, "KOD10K_NIL": "inapplicable", "KOD25K": "0025_121", "KOD25K_NIL": null, "KOD50K": "0050_121", "KOD50K_NIL": null, "KOD100K": "0100_121", "KOD100_NIL": null, "KOD250K": null, "KOD250_NIL": "inapplicable", "KOD500K": null, "KOD500_NIL": "inapplicable", "KOD1000K": null, "KOD1000_NI": "inapplicable", "KATZARZ": "inna", "KATZA_NIL": null, "KLASADROGI": "inna", "KLDROG_NIL": null, "MATNAWIERZ": "masaBitumiczna", "MATNAW_NIL": null, "NAZWADROGI": null, "LJEZDNIDR": 1, "LJEZD_NIL": null, "NRODCIREF": null, "SZL_NUMER": null, "SZLNR_NIL": null, "length": 64.15 }, "geometry": { "type": "MultiLineString", "coordinates": [ [ [ 1926517.031556605594233, 6971899.974439023993909 ], [ 1926505.671973049873486, 6972005.907353354617953 ] ] ] } },
{ "type": "Feature", "properties": { "TERYT": "3028", "LOKALNYID": "A0352D5F-7574-42F1-A17E-056CF6C8F106", "WERSJAID": "2021-10-15T00:00:00", "PNAZW": "PL.PZGiK.308.BDOT10k", "GMLID": "ID_A0352D5F-7574-42F1-A17E-056CF6C8F106", "X_KOD": "SKDR08", "X_SKRKARTO": null, "X_SKRK_NIL": "inapplicable", "X_KATDOKG": "dokladny", "X_DOKLGEOM": null, "X_ZRODLOG": "ortofotomapa", "X_ZRODLOA": "pomiarTerenowy", "X_KATIST": "eksploatowany", "X_KATI_NIL": null, "X_RODZREPG": "osGeometryczna", "X_UWAGI": null, "X_UZYTKOWN": "Uzytkownik30.xml", "X_AKTG": "2021-10-15", "X_AKTA": "2021-10-15", "POCZWERS": "2021-10-15", "KONIECWERS": null, "X_DATAUTW": "2021-10-15", "X_INFDOD": null, "KOD10K": null, "KOD10K_NIL": "inapplicable", "KOD25K": "0025_121", "KOD25K_NIL": null, "KOD50K": "0050_121", "KOD50K_NIL": null, "KOD100K": "0100_121", "KOD100_NIL": null, "KOD250K": null, "KOD250_NIL": "inapplicable", "KOD500K": null, "KOD500_NIL": "inapplicable", "KOD1000K": null, "KOD1000_NI": "inapplicable", "KATZARZ": "inna", "KATZA_NIL": null, "KLASADROGI": "inna", "KLDROG_NIL": null, "MATNAWIERZ": "kostkaPrefabrykowana", "MATNAW_NIL": null, "NAZWADROGI": null, "LJEZDNIDR": 1, "LJEZD_NIL": null, "NRODCIREF": null, "SZL_NUMER": null, "SZLNR_NIL": null, "length": 24.37 }, "geometry": { "type": "MultiLineString", "coordinates": [ [ [ 1926462.17885636142455, 6972004.87830862775445 ], [ 1926421.823103139642626, 6972003.624260327778757 ] ] ] } },
{ "type": "Feature", "properties": { "TERYT": "3028", "LOKALNYID": "FB1EAB6C-F11C-4495-A95E-7FA55E74C49F", "WERSJAID": "2021-10-15T00:00:00", "PNAZW": "PL.PZGiK.308.BDOT10k", "GMLID": "ID_FB1EAB6C-F11C-4495-A95E-7FA55E74C49F", "X_KOD": "SKDR08", "X_SKRKARTO": null, "X_SKRK_NIL": "inapplicable", "X_KATDOKG": "dokladny", "X_DOKLGEOM": null, "X_ZRODLOG": "ortofotomapa", "X_ZRODLOA": "pomiarTerenowy", "X_KATIST": "eksploatowany", "X_KATI_NIL": null, "X_RODZREPG": "osGeometryczna", "X_UWAGI": null, "X_UZYTKOWN": "Uzytkownik30.xml", "X_AKTG": "2021-10-15", "X_AKTA": "2021-10-15", "POCZWERS": "2021-10-15", "KONIECWERS": null, "X_DATAUTW": "2021-10-15", "X_INFDOD": null, "KOD10K": null, "KOD10K_NIL": "inapplicable", "KOD25K": "0025_121", "KOD25K_NIL": null, "KOD50K": "0050_121", "KOD50K_NIL": null, "KOD100K": "0100_121", "KOD100_NIL": null, "KOD250K": null, "KOD250_NIL": "inapplicable", "KOD500K": null, "KOD500_NIL": "inapplicable", "KOD1000K": null, "KOD1000_NI": "inapplicable", "KATZARZ": "inna", "KATZA_NIL": null, "KLASADROGI": "inna", "KLDROG_NIL": null, "MATNAWIERZ": "kostkaPrefabrykowana", "MATNAW_NIL": null, "NAZWADROGI": null, "LJEZDNIDR": 1, "LJEZD_NIL": null, "NRODCIREF": null, "SZL_NUMER": null, "SZLNR_NIL": null, "length": 26.27 }, "geometry": { "type": "MultiLineString", "coordinates": [ [ [ 1926462.17885636142455, 6972004.87830862775445 ], [ 1926477.918843337334692, 6972005.71588724013418 ], [ 1926505.671973049873486, 6972005.907353354617953 ] ] ] } },
{ "type": "Feature", "properties": { "TERYT": "3028", "LOKALNYID": "A90BC6C2-7ADF-4FF4-B3C8-05BF3E27B59B", "WERSJAID": "2021-10-15T00:00:00", "PNAZW": "PL.PZGiK.308.BDOT10k", "GMLID": "ID_A90BC6C2-7ADF-4FF4-B3C8-05BF3E27B59B", "X_KOD": "SKDR08", "X_SKRKARTO": null, "X_SKRK_NIL": "inapplicable", "X_KATDOKG": "dokladny", "X_DOKLGEOM": null, "X_ZRODLOG": "ortofotomapa", "X_ZRODLOA": "pomiarTerenowy", "X_KATIST": "eksploatowany", "X_KATI_NIL": null, "X_RODZREPG": "osGeometryczna", "X_UWAGI": null, "X_UZYTKOWN": "Uzytkownik30.xml", "X_AKTG": "2021-10-15", "X_AKTA": "2021-10-15", "POCZWERS": "2021-10-15", "KONIECWERS": null, "X_DATAUTW": "2021-10-15", "X_INFDOD": null, "KOD10K": null, "KOD10K_NIL": "inapplicable", "KOD25K": "0025_121", "KOD25K_NIL": null, "KOD50K": "0050_121", "KOD50K_NIL": null, "KOD100K": "0100_121", "KOD100_NIL": null, "KOD250K": null, "KOD250_NIL": "inapplicable", "KOD500K": null, "KOD500_NIL": "inapplicable", "KOD1000K": null, "KOD1000_NI": "inapplicable", "KATZARZ": "inna", "KATZA_NIL": null, "KLASADROGI": "inna", "KLDROG_NIL": null, "MATNAWIERZ": "kostkaPrefabrykowana", "MATNAW_NIL": null, "NAZWADROGI": null, "LJEZDNIDR": 1, "LJEZD_NIL": null, "NRODCIREF": null, "SZL_NUMER": null, "SZLNR_NIL": null, "length": 85.78 }, "geometry": { "type": "MultiLineString", "coordinates": [ [ [ 1926505.671973049873486, 6972005.907353354617953 ], [ 1926524.586201138328761, 6972005.657072898000479 ], [ 1926528.699267325224355, 6972004.109749747440219 ], [ 1926533.071712016360834, 6972002.103416294790804 ], [ 1926535.57806443516165, 6971999.820369851775467 ], [ 1926536.678949036402628, 6971997.404405832290649 ], [ 1926538.679863523226231, 6971991.953075217083097 ], [ 1926542.267416314454749, 6971978.233157994225621 ], [ 1926545.22590853087604, 6971971.525347366929054 ], [ 1926547.072577429469675, 6971967.698380056768656 ], [ 1926551.693133580498397, 6971964.302489220164716 ], [ 1926557.580936290323734, 6971961.983136595226824 ], [ 1926565.301604659296572, 6971961.351734029129148 ], [ 1926595.08925431035459, 6971964.514750963076949 ], [ 1926603.146794977597892, 6971964.356418708339334 ], [ 1926608.214821265311912, 6971962.366501274518669 ], [ 1926611.206763605820015, 6971959.164641543291509 ], [ 1926613.10043405694887, 6971950.52124603278935 ] ] ] } },
{ "type": "Feature", "properties": { "TERYT": "3028", "LOKALNYID": "187D1621-33E1-4CB3-B936-92F632CE32D8", "WERSJAID": "2021-10-15T00:00:00", "PNAZW": "PL.PZGiK.308.BDOT10k", "GMLID": "ID_187D1621-33E1-4CB3-B936-92F632CE32D8", "X_KOD": "SKDR08", "X_SKRKARTO": null, "X_SKRK_NIL": "inapplicable", "X_KATDOKG": "dokladny", "X_DOKLGEOM": null, "X_ZRODLOG": "ortofotomapa", "X_ZRODLOA": "pomiarTerenowy", "X_KATIST": "eksploatowany", "X_KATI_NIL": null, "X_RODZREPG": "osGeometryczna", "X_UWAGI": null, "X_UZYTKOWN": "Uzytkownik30.xml", "X_AKTG": "2021-10-15", "X_AKTA": "2021-10-15", "POCZWERS": "2021-10-15", "KONIECWERS": null, "X_DATAUTW": "2021-10-15", "X_INFDOD": null, "KOD10K": null, "KOD10K_NIL": "inapplicable", "KOD25K": "0025_123", "KOD25K_NIL": null, "KOD50K": "0050_123", "KOD50K_NIL": null, "KOD100K": "0100_123", "KOD100_NIL": null, "KOD250K": null, "KOD250_NIL": "inapplicable", "KOD500K": null, "KOD500_NIL": "inapplicable", "KOD1000K": null, "KOD1000_NI": "inapplicable", "KATZARZ": "inna", "KATZA_NIL": null, "KLASADROGI": "inna", "KLDROG_NIL": null, "MATNAWIERZ": "plytyBetonowe", "MATNAW_NIL": null, "NAZWADROGI": null, "LJEZDNIDR": 1, "LJEZD_NIL": null, "NRODCIREF": null, "SZL_NUMER": null, "SZLNR_NIL": null, "length": 35.21 }, "geometry": { "type": "MultiLineString", "coordinates": [ [ [ 1927020.897448434494436, 6973214.619517523795366 ], [ 1927040.537822957150638, 6973159.556526217609644 ] ] ] } },
{ "type": "Feature", "properties": { "TERYT": "3028", "LOKALNYID": "F35D7454-7E56-452C-81B2-B9C9D408632B", "WERSJAID": "2021-10-15T00:00:00", "PNAZW": "PL.PZGiK.308.BDOT10k", "GMLID": "ID_F35D7454-7E56-452C-81B2-B9C9D408632B", "X_KOD": "SKDR08", "X_SKRKARTO": null, "X_SKRK_NIL": "inapplicable", "X_KATDOKG": "dokladny", "X_DOKLGEOM": null, "X_ZRODLOG": "ortofotomapa", "X_ZRODLOA": "pomiarTerenowy", "X_KATIST": "eksploatowany", "X_KATI_NIL": null, "X_RODZREPG": "osGeometryczna", "X_UWAGI": null, "X_UZYTKOWN": "Uzytkownik30.xml", "X_AKTG": "2021-10-15", "X_AKTA": "2021-10-15", "POCZWERS": "2021-10-15", "KONIECWERS": null, "X_DATAUTW": "2021-10-15", "X_INFDOD": null, "KOD10K": null, "KOD10K_NIL": "inapplicable", "KOD25K": "0025_123", "KOD25K_NIL": null, "KOD50K": "0050_123", "KOD50K_NIL": null, "KOD100K": "0100_123", "KOD100_NIL": null, "KOD250K": null, "KOD250_NIL": "inapplicable", "KOD500K": null, "KOD500_NIL": "inapplicable", "KOD1000K": null, "KOD1000_NI": "inapplicable", "KATZARZ": "inna", "KATZA_NIL": null, "KLASADROGI": "inna", "KLDROG_NIL": null, "MATNAWIERZ": "plytyBetonowe", "MATNAW_NIL": null, "NAZWADROGI": null, "LJEZDNIDR": 1, "LJEZD_NIL": null, "NRODCIREF": null, "SZL_NUMER": null, "SZLNR_NIL": null, "length": 79.24 }, "geometry": { "type": "MultiLineString", "coordinates": [ [ [ 1926973.727000390645117, 6973332.485653584823012 ], [ 1926993.028688864316791, 6973313.750843204557896 ], [ 1927007.508411157410592, 6973278.021493382751942 ], [ 1927023.557330429786816, 6973224.867136577144265 ], [ 1927020.897448434494436, 6973214.619517523795366 ] ] ] } },
{ "type": "Feature", "properties": { "TERYT": "3028", "LOKALNYID": "03560BE2-7EFA-482D-B280-8C514B39E344", "WERSJAID": "2021-10-15T00:00:00", "PNAZW": "PL.PZGiK.308.BDOT10k", "GMLID": "ID_03560BE2-7EFA-482D-B280-8C514B39E344", "X_KOD": "SKDR08", "X_SKRKARTO": null, "X_SKRK_NIL": "inapplicable", "X_KATDOKG": "dokladny", "X_DOKLGEOM": null, "X_ZRODLOG": "ortofotomapa", "X_ZRODLOA": "pomiarTerenowy", "X_KATIST": "eksploatowany", "X_KATI_NIL": null, "X_RODZREPG": "osGeometryczna", "X_UWAGI": null, "X_UZYTKOWN": "Uzytkownik30.xml", "X_AKTG": "2021-10-15", "X_AKTA": "2021-10-15", "POCZWERS": "2021-10-15", "KONIECWERS": null, "X_DATAUTW": "2021-10-15", "X_INFDOD": null, "KOD10K": null, "KOD10K_NIL": "inapplicable", "KOD25K": "0025_123", "KOD25K_NIL": null, "KOD50K": "0050_123", "KOD50K_NIL": null, "KOD100K": "0100_123", "KOD100_NIL": null, "KOD250K": null, "KOD250_NIL": "inapplicable", "KOD500K": null, "KOD500_NIL": "inapplicable", "KOD1000K": null, "KOD1000_NI": "inapplicable", "KATZARZ": "inna", "KATZA_NIL": null, "KLASADROGI": "inna", "KLDROG_NIL": null, "MATNAWIERZ": "plytyBetonowe", "MATNAW_NIL": null, "NAZWADROGI": null, "LJEZDNIDR": 1, "LJEZD_NIL": null, "NRODCIREF": null, "SZL_NUMER": null, "SZLNR_NIL": null, "length": 302.23 }, "geometry": { "type": "MultiLineString", "coordinates": [ [ [ 1927020.897448434494436, 6973214.619517523795366 ], [ 1927174.709709478309378, 6973263.921310072764754 ], [ 1927199.174412266351283, 6973272.356873089447618 ], [ 1927201.109484141226858, 6973276.772203088738024 ], [ 1927171.155685956357047, 6973341.229953642003238 ], [ 1927152.265327434521168, 6973379.181995827704668 ], [ 1927147.062716372311115, 6973390.407451547682285 ], [ 1927135.487581367138773, 6973389.253911060281098 ], [ 1927027.863783566281199, 6973350.644008521921933 ], [ 1926973.727000390645117, 6973332.485653584823012 ] ] ] } },
{ "type": "Feature", "properties": { "TERYT": "3028", "LOKALNYID": "3E1E4B64-FA8E-4AC9-A1DC-884B762411BE", "WERSJAID": "2021-10-15T00:00:00", "PNAZW": "PL.PZGiK.308.BDOT10k", "GMLID": "ID_3E1E4B64-FA8E-4AC9-A1DC-884B762411BE", "X_KOD": "SKDR08", "X_SKRKARTO": null, "X_SKRK_NIL": "inapplicable", "X_KATDOKG": "dokladny", "X_DOKLGEOM": null, "X_ZRODLOG": "ortofotomapa", "X_ZRODLOA": "pomiarTerenowy", "X_KATIST": "eksploatowany", "X_KATI_NIL": null, "X_RODZREPG": "osGeometryczna", "X_UWAGI": null, "X_UZYTKOWN": "Uzytkownik30.xml", "X_AKTG": "2021-10-15", "X_AKTA": "2021-10-15", "POCZWERS": "2021-10-15", "KONIECWERS": null, "X_DATAUTW": "2021-10-15", "X_INFDOD": null, "KOD10K": null, "KOD10K_NIL": "inapplicable", "KOD25K": "0025_123", "KOD25K_NIL": null, "KOD50K": "0050_123", "KOD50K_NIL": null, "KOD100K": "0100_123", "KOD100_NIL": null, "KOD250K": null, "KOD250_NIL": "inapplicable", "KOD500K": null, "KOD500_NIL": "inapplicable", "KOD1000K": null, "KOD1000_NI": "inapplicable", "KATZARZ": "inna", "KATZA_NIL": null, "KLASADROGI": "inna", "KLDROG_NIL": null, "MATNAWIERZ": "plytyBetonowe", "MATNAW_NIL": null, "NAZWADROGI": null, "LJEZDNIDR": 1, "LJEZD_NIL": null, "NRODCIREF": null, "SZL_NUMER": null, "SZLNR_NIL": null, "length": 355.3 }, "geometry": { "type": "MultiLineString", "coordinates": [ [ [ 1926865.944351109210402, 6973164.573668112047017 ], [ 1926828.226775605464354, 6973251.093168823979795 ], [ 1926730.226071824552491, 6973210.082020890899003 ], [ 1926707.768940704874694, 6973202.290654190815985 ], [ 1926702.228356847539544, 6973203.904256047680974 ], [ 1926687.298872477607802, 6973246.018815310671926 ], [ 1926689.786091765156016, 6973251.610348456539214 ], [ 1926779.080829104641452, 6973292.117459530942142 ], [ 1926820.363520889542997, 6973313.445981152355671 ], [ 1926859.14792821649462, 6973330.362211879342794 ], [ 1926894.563033401966095, 6973342.546525278128684 ], [ 1926913.034236666746438, 6973346.47177928686142 ], [ 1926934.134508303133771, 6973337.964543583802879 ], [ 1926953.804684681119397, 6973328.2438412476331 ], [ 1926973.727000390645117, 6973332.485653584823012 ] ] ] } },
{ "type": "Feature", "properties": { "TERYT": "3028", "LOKALNYID": "D780AA0A-6CAB-45DB-9325-678A097A67E7", "WERSJAID": "2021-10-15T00:00:00", "PNAZW": "PL.PZGiK.308.BDOT10k", "GMLID": "ID_D780AA0A-6CAB-45DB-9325-678A097A67E7", "X_KOD": "SKDR06", "X_SKRKARTO": null, "X_SKRK_NIL": "inapplicable", "X_KATDOKG": "dokladny", "X_DOKLGEOM": null, "X_ZRODLOG": "ortofotomapa", "X_ZRODLOA": "pomiarTerenowy", "X_KATIST": "eksploatowany", "X_KATI_NIL": null, "X_RODZREPG": "osGeometryczna", "X_UWAGI": null, "X_UZYTKOWN": "Uzytkownik30.xml", "X_AKTG": "2021-10-15", "X_AKTA": "2021-10-15", "POCZWERS": "2021-10-15", "KONIECWERS": null, "X_DATAUTW": "2021-10-15", "X_INFDOD": null, "KOD10K": null, "KOD10K_NIL": "inapplicable", "KOD25K": "0025_121", "KOD25K_NIL": null, "KOD50K": "0050_121", "KOD50K_NIL": null, "KOD100K": "0100_121", "KOD100_NIL": null, "KOD250K": null, "KOD250_NIL": "inapplicable", "KOD500K": null, "KOD500_NIL": "inapplicable", "KOD1000K": null, "KOD1000_NI": "inapplicable", "KATZARZ": "powiatowa", "KATZA_NIL": null, "KLASADROGI": "lokalna", "KLDROG_NIL": null, "MATNAWIERZ": "masaBitumiczna", "MATNAW_NIL": null, "NAZWADROGI": null, "LJEZDNIDR": 1, "LJEZD_NIL": null, "NRODCIREF": null, "SZL_NUMER": "1570P", "SZLNR_NIL": null, "length": 46.93 }, "geometry": { "type": "MultiLineString", "coordinates": [ [ [ 1926044.560832716524601, 6973075.520170885138214 ], [ 1926034.151427091099322, 6973072.0500722900033 ], [ 1925981.679047051817179, 6973052.363280653953552 ], [ 1925971.627357970690355, 6973048.486235251650214 ] ] ] } },
{ "type": "Feature", "properties": { "TERYT": "3028", "LOKALNYID": "9C3A19E5-602D-41FD-8857-CFEC2E24CAAF", "WERSJAID": "2021-10-15T00:00:00", "PNAZW": "PL.PZGiK.308.BDOT10k", "GMLID": "ID_9C3A19E5-602D-41FD-8857-CFEC2E24CAAF", "X_KOD": "SKDR08", "X_SKRKARTO": null, "X_SKRK_NIL": "inapplicable", "X_KATDOKG": "dokladny", "X_DOKLGEOM": null, "X_ZRODLOG": "ortofotomapa", "X_ZRODLOA": "pomiarTerenowy", "X_KATIST": "eksploatowany", "X_KATI_NIL": null, "X_RODZREPG": "osGeometryczna", "X_UWAGI": null, "X_UZYTKOWN": "Uzytkownik30.xml", "X_AKTG": "2021-10-15", "X_AKTA": "2021-10-15", "POCZWERS": "2021-10-15", "KONIECWERS": null, "X_DATAUTW": "2021-10-15", "X_INFDOD": null, "KOD10K": null, "KOD10K_NIL": "inapplicable", "KOD25K": "0025_121", "KOD25K_NIL": null, "KOD50K": "0050_121", "KOD50K_NIL": null, "KOD100K": "0100_121", "KOD100_NIL": null, "KOD250K": null, "KOD250_NIL": "inapplicable", "KOD500K": null, "KOD500_NIL": "inapplicable", "KOD1000K": null, "KOD1000_NI": "inapplicable", "KATZARZ": "inna", "KATZA_NIL": null, "KLASADROGI": "inna", "KLDROG_NIL": null, "MATNAWIERZ": "kostkaPrefabrykowana", "MATNAW_NIL": null, "NAZWADROGI": null, "LJEZDNIDR": 1, "LJEZD_NIL": null, "NRODCIREF": null, "SZL_NUMER": null, "SZLNR_NIL": null, "length": 4.91 }, "geometry": { "type": "MultiLineString", "coordinates": [ [ [ 1926242.36397291556932, 6972991.454772973433137 ], [ 1926236.446336222579703, 6972985.86507357750088 ] ] ] } },
{ "type": "Feature", "properties": { "TERYT": "3028", "LOKALNYID": "8B37FB3F-9E77-4452-833F-12C1511E1B9F", "WERSJAID": "2021-10-15T00:00:00", "PNAZW": "PL.PZGiK.308.BDOT10k", "GMLID": "ID_8B37FB3F-9E77-4452-833F-12C1511E1B9F", "X_KOD": "SKDR08", "X_SKRKARTO": null, "X_SKRK_NIL": "inapplicable", "X_KATDOKG": "dokladny", "X_DOKLGEOM": null, "X_ZRODLOG": "ortofotomapa", "X_ZRODLOA": "pomiarTerenowy", "X_KATIST": "eksploatowany", "X_KATI_NIL": null, "X_RODZREPG": "osGeometryczna", "X_UWAGI": null, "X_UZYTKOWN": "Uzytkownik30.xml", "X_AKTG": "2021-10-15", "X_AKTA": "2021-10-15", "POCZWERS": "2021-10-15", "KONIECWERS": null, "X_DATAUTW": "2021-10-15", "X_INFDOD": null, "KOD10K": null, "KOD10K_NIL": "inapplicable", "KOD25K": "0025_121", "KOD25K_NIL": null, "KOD50K": "0050_121", "KOD50K_NIL": null, "KOD100K": "0100_121", "KOD100_NIL": null, "KOD250K": null, "KOD250_NIL": "inapplicable", "KOD500K": null, "KOD500_NIL": "inapplicable", "KOD1000K": null, "KOD1000_NI": "inapplicable", "KATZARZ": "inna", "KATZA_NIL": null, "KLASADROGI": "inna", "KLDROG_NIL": null, "MATNAWIERZ": "kostkaPrefabrykowana", "MATNAW_NIL": null, "NAZWADROGI": null, "LJEZDNIDR": 1, "LJEZD_NIL": null, "NRODCIREF": null, "SZL_NUMER": null, "SZLNR_NIL": null, "length": 102.91 }, "geometry": { "type": "MultiLineString", "coordinates": [ [ [ 1926236.446336222579703, 6972985.86507357750088 ], [ 1926222.091987165389583, 6972992.253768062219024 ], [ 1926201.954389498336241, 6972990.16500336304307 ], [ 1926169.155596135184169, 6973051.974102237261832 ], [ 1926157.678355987882242, 6973076.20842372905463 ], [ 1926145.540777146117762, 6973112.273334624245763 ] ] ] } },
{ "type": "Feature", "properties": { "TERYT": "3028", "LOKALNYID": "BE4CFFCA-64DE-4E19-AF7D-D7F963CDC4DD", "WERSJAID": "2021-10-15T00:00:00", "PNAZW": "PL.PZGiK.308.BDOT10k", "GMLID": "ID_BE4CFFCA-64DE-4E19-AF7D-D7F963CDC4DD", "X_KOD": "SKDR06", "X_SKRKARTO": null, "X_SKRK_NIL": "inapplicable", "X_KATDOKG": "dokladny", "X_DOKLGEOM": null, "X_ZRODLOG": "ortofotomapa", "X_ZRODLOA": "pomiarTerenowy", "X_KATIST": "eksploatowany", "X_KATI_NIL": null, "X_RODZREPG": "osGeometryczna", "X_UWAGI": null, "X_UZYTKOWN": "Uzytkownik30.xml", "X_AKTG": "2021-10-15", "X_AKTA": "2021-10-15", "POCZWERS": "2021-10-15", "KONIECWERS": null, "X_DATAUTW": "2021-10-15", "X_INFDOD": null, "KOD10K": null, "KOD10K_NIL": "inapplicable", "KOD25K": "0025_121", "KOD25K_NIL": null, "KOD50K": "0050_121", "KOD50K_NIL": null, "KOD100K": "0100_121", "KOD100_NIL": null, "KOD250K": null, "KOD250_NIL": "inapplicable", "KOD500K": null, "KOD500_NIL": "inapplicable", "KOD1000K": null, "KOD1000_NI": "inapplicable", "KATZARZ": "powiatowa", "KATZA_NIL": null, "KLASADROGI": "lokalna", "KLDROG_NIL": null, "MATNAWIERZ": "masaBitumiczna", "MATNAW_NIL": null, "NAZWADROGI": null, "LJEZDNIDR": 1, "LJEZD_NIL": null, "NRODCIREF": null, "SZL_NUMER": "1570P", "SZLNR_NIL": null, "length": 64.84 }, "geometry": { "type": "MultiLineString", "coordinates": [ [ [ 1926145.540777146117762, 6973112.273334624245763 ], [ 1926068.044449233682826, 6973084.018831757828593 ], [ 1926044.560832716524601, 6973075.520170885138214 ] ] ] } },
{ "type": "Feature", "properties": { "TERYT": "3028", "LOKALNYID": "EE4DC48D-3257-420C-867D-123642D23B21", "WERSJAID": "2021-10-15T00:00:00", "PNAZW": "PL.PZGiK.308.BDOT10k", "GMLID": "ID_EE4DC48D-3257-420C-867D-123642D23B21", "X_KOD": "SKDR08", "X_SKRKARTO": null, "X_SKRK_NIL": "inapplicable", "X_KATDOKG": "dokladny", "X_DOKLGEOM": null, "X_ZRODLOG": "ortofotomapa", "X_ZRODLOA": "pomiarTerenowy", "X_KATIST": "eksploatowany", "X_KATI_NIL": null, "X_RODZREPG": "osGeometryczna", "X_UWAGI": null, "X_UZYTKOWN": "Uzytkownik30.xml", "X_AKTG": "2021-10-15", "X_AKTA": "2021-10-15", "POCZWERS": "2021-10-15", "KONIECWERS": null, "X_DATAUTW": "2021-10-15", "X_INFDOD": null, "KOD10K": null, "KOD10K_NIL": "inapplicable", "KOD25K": "0025_123", "KOD25K_NIL": null, "KOD50K": "0050_123", "KOD50K_NIL": null, "KOD100K": "0100_123", "KOD100_NIL": null, "KOD250K": null, "KOD250_NIL": "inapplicable", "KOD500K": null, "KOD500_NIL": "inapplicable", "KOD1000K": null, "KOD1000_NI": "inapplicable", "KATZARZ": "zakladowa", "KATZA_NIL": null, "KLASADROGI": "inna", "KLDROG_NIL": null, "MATNAWIERZ": "plytyBetonowe", "MATNAW_NIL": null, "NAZWADROGI": null, "LJEZDNIDR": 1, "LJEZD_NIL": null, "NRODCIREF": null, "SZL_NUMER": null, "SZLNR_NIL": null, "length": 36.09 }, "geometry": { "type": "MultiLineString", "coordinates": [ [ [ 1927585.297474503982812, 6973468.867530959658325 ], [ 1927566.05148207093589, 6973525.621385778300464 ] ] ] } },
{ "type": "Feature", "properties": { "TERYT": "3028", "LOKALNYID": "94EC039C-31F5-4DE3-BCFC-7F7B41B87904", "WERSJAID": "2021-10-15T00:00:00", "PNAZW": "PL.PZGiK.308.BDOT10k", "GMLID": "ID_94EC039C-31F5-4DE3-BCFC-7F7B41B87904", "X_KOD": "SKDR06", "X_SKRKARTO": null, "X_SKRK_NIL": "inapplicable", "X_KATDOKG": "dokladny", "X_DOKLGEOM": null, "X_ZRODLOG": "ortofotomapa", "X_ZRODLOA": "pomiarTerenowy", "X_KATIST": "eksploatowany", "X_KATI_NIL": null, "X_RODZREPG": "osGeometryczna", "X_UWAGI": null, "X_UZYTKOWN": "Uzytkownik30.xml", "X_AKTG": "2021-10-15", "X_AKTA": "2021-10-15", "POCZWERS": "2021-10-15", "KONIECWERS": null, "X_DATAUTW": "2021-10-15", "X_INFDOD": null, "KOD10K": null, "KOD10K_NIL": "inapplicable", "KOD25K": "0025_121", "KOD25K_NIL": null, "KOD50K": "0050_121", "KOD50K_NIL": null, "KOD100K": "0100_121", "KOD100_NIL": null, "KOD250K": null, "KOD250_NIL": "inapplicable", "KOD500K": null, "KOD500_NIL": "inapplicable", "KOD1000K": null, "KOD1000_NI": "inapplicable", "KATZARZ": "powiatowa", "KATZA_NIL": null, "KLASADROGI": "lokalna", "KLDROG_NIL": null, "MATNAWIERZ": "masaBitumiczna", "MATNAW_NIL": null, "NAZWADROGI": null, "LJEZDNIDR": 1, "LJEZD_NIL": null, "NRODCIREF": null, "SZL_NUMER": "1571P", "SZLNR_NIL": null, "length": 75.71 }, "geometry": { "type": "MultiLineString", "coordinates": [ [ [ 1925556.21642996952869, 6972775.434358878061175 ], [ 1925600.186398229561746, 6972851.059865333139896 ], [ 1925610.388467974262312, 6972868.880069528706372 ], [ 1925617.765422834316269, 6972884.921892281621695 ] ] ] } },
{ "type": "Feature", "properties": { "TERYT": "3028", "LOKALNYID": "09DF605B-EB3A-46ED-B2BB-261DF15A651B", "WERSJAID": "2021-10-15T00:00:00", "PNAZW": "PL.PZGiK.308.BDOT10k", "GMLID": "ID_09DF605B-EB3A-46ED-B2BB-261DF15A651B", "X_KOD": "SKDR06", "X_SKRKARTO": null, "X_SKRK_NIL": "inapplicable", "X_KATDOKG": "dokladny", "X_DOKLGEOM": null, "X_ZRODLOG": "ortofotomapa", "X_ZRODLOA": "pomiarTerenowy", "X_KATIST": "eksploatowany", "X_KATI_NIL": null, "X_RODZREPG": "osGeometryczna", "X_UWAGI": null, "X_UZYTKOWN": "Uzytkownik30.xml", "X_AKTG": "2021-10-15", "X_AKTA": "2021-10-15", "POCZWERS": "2021-10-15", "KONIECWERS": null, "X_DATAUTW": "2021-10-15", "X_INFDOD": null, "KOD10K": null, "KOD10K_NIL": "inapplicable", "KOD25K": "0025_121", "KOD25K_NIL": null, "KOD50K": "0050_121", "KOD50K_NIL": null, "KOD100K": "0100_121", "KOD100_NIL": null, "KOD250K": null, "KOD250_NIL": "inapplicable", "KOD500K": null, "KOD500_NIL": "inapplicable", "KOD1000K": null, "KOD1000_NI": "inapplicable", "KATZARZ": "gminna", "KATZA_NIL": null, "KLASADROGI": "lokalna", "KLDROG_NIL": null, "MATNAWIERZ": "masaBitumiczna", "MATNAW_NIL": null, "NAZWADROGI": null, "LJEZDNIDR": 1, "LJEZD_NIL": null, "NRODCIREF": null, "SZL_NUMER": "207004P", "SZLNR_NIL": null, "length": 57.54 }, "geometry": { "type": "MultiLineString", "coordinates": [ [ [ 1925661.842430137097836, 6972658.924121641553938 ], [ 1925682.13554628402926, 6972664.207693223841488 ], [ 1925688.143641711212695, 6972665.945365271531045 ], [ 1925753.464258166495711, 6972685.323662376962602 ] ] ] } },
{ "type": "Feature", "properties": { "TERYT": "3028", "LOKALNYID": "7295A2C4-A57D-4F18-AA0E-1C576CF5BE46", "WERSJAID": "2021-10-15T00:00:00", "PNAZW": "PL.PZGiK.308.BDOT10k", "GMLID": "ID_7295A2C4-A57D-4F18-AA0E-1C576CF5BE46", "X_KOD": "SKDR08", "X_SKRKARTO": null, "X_SKRK_NIL": "inapplicable", "X_KATDOKG": "przyblizony", "X_DOKLGEOM": null, "X_ZRODLOG": "ortofotomapa", "X_ZRODLOA": "pomiarTerenowy", "X_KATIST": "eksploatowany", "X_KATI_NIL": null, "X_RODZREPG": "liniaUmowna", "X_UWAGI": null, "X_UZYTKOWN": "Uzytkownik30.xml", "X_AKTG": "2021-10-15", "X_AKTA": "2021-10-15", "POCZWERS": "2021-10-15", "KONIECWERS": null, "X_DATAUTW": "2021-10-15", "X_INFDOD": null, "KOD10K": null, "KOD10K_NIL": "inapplicable", "KOD25K": null, "KOD25K_NIL": "inapplicable", "KOD50K": null, "KOD50K_NIL": "inapplicable", "KOD100K": null, "KOD100_NIL": "inapplicable", "KOD250K": null, "KOD250_NIL": "inapplicable", "KOD500K": null, "KOD500_NIL": "inapplicable", "KOD1000K": null, "KOD1000_NI": "inapplicable", "KATZARZ": "inna", "KATZA_NIL": null, "KLASADROGI": "inna", "KLDROG_NIL": null, "MATNAWIERZ": "kostkaPrefabrykowana", "MATNAW_NIL": null, "NAZWADROGI": null, "LJEZDNIDR": null, "LJEZD_NIL": "inapplicable", "NRODCIREF": null, "SZL_NUMER": null, "SZLNR_NIL": null, "length": 96.66 }, "geometry": { "type": "MultiLineString", "coordinates": [ [ [ 1925580.097772679291666, 6972758.657278697937727 ], [ 1925610.346162682864815, 6972810.41430692654103 ], [ 1925617.651510273339227, 6972808.461371382698417 ], [ 1925642.978473991155624, 6972731.260546196252108 ], [ 1925641.446725966176018, 6972719.644330228678882 ] ] ] } },
{ "type": "Feature", "properties": { "TERYT": "3028", "LOKALNYID": "1890A1DC-A08A-4643-99F4-9CC12AE3520A", "WERSJAID": "2021-10-15T00:00:00", "PNAZW": "PL.PZGiK.308.BDOT10k", "GMLID": "ID_1890A1DC-A08A-4643-99F4-9CC12AE3520A", "X_KOD": "SKDR08", "X_SKRKARTO": null, "X_SKRK_NIL": "inapplicable", "X_KATDOKG": "przyblizony", "X_DOKLGEOM": null, "X_ZRODLOG": "ortofotomapa", "X_ZRODLOA": "pomiarTerenowy", "X_KATIST": "eksploatowany", "X_KATI_NIL": null, "X_RODZREPG": "liniaUmowna", "X_UWAGI": null, "X_UZYTKOWN": "Uzytkownik30.xml", "X_AKTG": "2021-10-15", "X_AKTA": "2021-10-15", "POCZWERS": "2021-10-15", "KONIECWERS": null, "X_DATAUTW": "2021-10-15", "X_INFDOD": null, "KOD10K": null, "KOD10K_NIL": "inapplicable", "KOD25K": null, "KOD25K_NIL": "inapplicable", "KOD50K": null, "KOD50K_NIL": "inapplicable", "KOD100K": null, "KOD100_NIL": "inapplicable", "KOD250K": null, "KOD250_NIL": "inapplicable", "KOD500K": null, "KOD500_NIL": "inapplicable", "KOD1000K": null, "KOD1000_NI": "inapplicable", "KATZARZ": "inna", "KATZA_NIL": null, "KLASADROGI": "inna", "KLDROG_NIL": null, "MATNAWIERZ": "kostkaPrefabrykowana", "MATNAW_NIL": null, "NAZWADROGI": null, "LJEZDNIDR": null, "LJEZD_NIL": "inapplicable", "NRODCIREF": null, "SZL_NUMER": null, "SZLNR_NIL": null, "length": 38.62 }, "geometry": { "type": "MultiLineString", "coordinates": [ [ [ 1925641.446725966176018, 6972719.644330228678882 ], [ 1925654.255851781927049, 6972686.089945377781987 ], [ 1925661.842430137097836, 6972658.924121641553938 ] ] ] } },
{ "type": "Feature", "properties": { "TERYT": "3028", "LOKALNYID": "85EAFA8B-7AB0-44B2-8AE7-32906CD6A2F0", "WERSJAID": "2021-10-15T00:00:00", "PNAZW": "PL.PZGiK.308.BDOT10k", "GMLID": "ID_85EAFA8B-7AB0-44B2-8AE7-32906CD6A2F0", "X_KOD": "SKDR08", "X_SKRKARTO": null, "X_SKRK_NIL": "inapplicable", "X_KATDOKG": "przyblizony", "X_DOKLGEOM": null, "X_ZRODLOG": "ortofotomapa", "X_ZRODLOA": "pomiarTerenowy", "X_KATIST": "eksploatowany", "X_KATI_NIL": null, "X_RODZREPG": "liniaUmowna", "X_UWAGI": null, "X_UZYTKOWN": "Uzytkownik30.xml", "X_AKTG": "2021-10-15", "X_AKTA": "2021-10-15", "POCZWERS": "2021-10-15", "KONIECWERS": null, "X_DATAUTW": "2021-10-15", "X_INFDOD": null, "KOD10K": null, "KOD10K_NIL": "inapplicable", "KOD25K": null, "KOD25K_NIL": "inapplicable", "KOD50K": null, "KOD50K_NIL": "inapplicable", "KOD100K": null, "KOD100_NIL": "inapplicable", "KOD250K": null, "KOD250_NIL": "inapplicable", "KOD500K": null, "KOD500_NIL": "inapplicable", "KOD1000K": null, "KOD1000_NI": "inapplicable", "KATZARZ": "inna", "KATZA_NIL": null, "KLASADROGI": "inna", "KLDROG_NIL": null, "MATNAWIERZ": "kostkaPrefabrykowana", "MATNAW_NIL": null, "NAZWADROGI": null, "LJEZDNIDR": null, "LJEZD_NIL": "inapplicable", "NRODCIREF": null, "SZL_NUMER": null, "SZLNR_NIL": null, "length": 43.85 }, "geometry": { "type": "MultiLineString", "coordinates": [ [ [ 1925580.097772679291666, 6972758.657278697937727 ], [ 1925585.810778205981478, 6972754.656251547858119 ], [ 1925641.446725966176018, 6972719.644330228678882 ] ] ] } },
{ "type": "Feature", "properties": { "TERYT": "3028", "LOKALNYID": "B789F22D-F39E-46EA-AA12-3FC67CB596D6", "WERSJAID": "2021-10-15T00:00:00", "PNAZW": "PL.PZGiK.308.BDOT10k", "GMLID": "ID_B789F22D-F39E-46EA-AA12-3FC67CB596D6", "X_KOD": "SKDR08", "X_SKRKARTO": null, "X_SKRK_NIL": "inapplicable", "X_KATDOKG": "przyblizony", "X_DOKLGEOM": null, "X_ZRODLOG": "ortofotomapa", "X_ZRODLOA": "pomiarTerenowy", "X_KATIST": "eksploatowany", "X_KATI_NIL": null, "X_RODZREPG": "liniaUmowna", "X_UWAGI": null, "X_UZYTKOWN": "Uzytkownik30.xml", "X_AKTG": "2021-10-15", "X_AKTA": "2021-10-15", "POCZWERS": "2021-10-15", "KONIECWERS": null, "X_DATAUTW": "2021-10-15", "X_INFDOD": null, "KOD10K": null, "KOD10K_NIL": "inapplicable", "KOD25K": null, "KOD25K_NIL": "inapplicable", "KOD50K": null, "KOD50K_NIL": "inapplicable", "KOD100K": null, "KOD100_NIL": "inapplicable", "KOD250K": null, "KOD250_NIL": "inapplicable", "KOD500K": null, "KOD500_NIL": "inapplicable", "KOD1000K": null, "KOD1000_NI": "inapplicable", "KATZARZ": "inna", "KATZA_NIL": null, "KLASADROGI": "inna", "KLDROG_NIL": null, "MATNAWIERZ": "kostkaPrefabrykowana", "MATNAW_NIL": null, "NAZWADROGI": null, "LJEZDNIDR": null, "LJEZD_NIL": "inapplicable", "NRODCIREF": null, "SZL_NUMER": null, "SZLNR_NIL": null, "length": 17.6 }, "geometry": { "type": "MultiLineString", "coordinates": [ [ [ 1925556.21642996952869, 6972775.434358878061175 ], [ 1925580.097772679291666, 6972758.657278697937727 ] ] ] } },
{ "type": "Feature", "properties": { "TERYT": "3028", "LOKALNYID": "2EBDC9DC-3770-7DB6-E053-CC2BA8C07DDB", "WERSJAID": "2021-10-29T00:00:00", "PNAZW": "PL.PZGiK.308.BDOT10k", "GMLID": "OT_SKDR_L.565", "X_KOD": "SKDR06", "X_SKRKARTO": null, "X_SKRK_NIL": "inapplicable", "X_KATDOKG": "dokladny", "X_DOKLGEOM": null, "X_ZRODLOG": "ortofotomapa", "X_ZRODLOA": "pomiarTerenowy", "X_KATIST": "eksploatowany", "X_KATI_NIL": null, "X_RODZREPG": "osGeometryczna", "X_UWAGI": null, "X_UZYTKOWN": "Uzytkownik30.xml", "X_AKTG": "2021-10-29", "X_AKTA": "2020-01-20", "POCZWERS": "2021-10-29", "KONIECWERS": null, "X_DATAUTW": "2012-11-13", "X_INFDOD": null, "KOD10K": null, "KOD10K_NIL": "inapplicable", "KOD25K": "0025_121", "KOD25K_NIL": null, "KOD50K": "0050_121", "KOD50K_NIL": null, "KOD100K": "0100_121", "KOD100_NIL": null, "KOD250K": null, "KOD250_NIL": "inapplicable", "KOD500K": null, "KOD500_NIL": "inapplicable", "KOD1000K": null, "KOD1000_NI": "inapplicable", "KATZARZ": "gminna", "KATZA_NIL": null, "KLASADROGI": "lokalna", "KLDROG_NIL": null, "MATNAWIERZ": "masaBitumiczna", "MATNAW_NIL": null, "NAZWADROGI": null, "LJEZDNIDR": 1, "LJEZD_NIL": null, "NRODCIREF": null, "SZL_NUMER": "207017P", "SZLNR_NIL": null, "length": 177.68 }, "geometry": { "type": "MultiLineString", "coordinates": [ [ [ 1926498.226857028435916, 6973020.440360476262867 ], [ 1926500.205318983877078, 6973006.099129697307944 ], [ 1926507.479992030421272, 6972911.819211100228131 ], [ 1926508.095475409412757, 6972905.387482561171055 ], [ 1926511.968122746329755, 6972862.681184401735663 ], [ 1926516.305845468770713, 6972815.001925569958985 ], [ 1926517.827459630323574, 6972800.351199012249708 ], [ 1926518.746503675123677, 6972791.584178970195353 ], [ 1926520.3377849268727, 6972778.197797529399395 ], [ 1926521.816484035924077, 6972769.593565627001226 ], [ 1926523.264690631534904, 6972762.284501296468079 ], [ 1926526.003570691682398, 6972754.358036118559539 ], [ 1926530.302495224634185, 6972747.747745220549405 ], [ 1926535.884659494971856, 6972740.835536146536469 ], [ 1926544.317144584143534, 6972734.638687757775187 ] ] ] } },
{ "type": "Feature", "properties": { "TERYT": "3028", "LOKALNYID": "2EBDC9DC-3C49-7DB6-E053-CC2BA8C07DDB", "WERSJAID": "2021-10-29T00:00:00", "PNAZW": "PL.PZGiK.308.BDOT10k", "GMLID": "OT_SKDR_L.645", "X_KOD": "SKDR08", "X_SKRKARTO": null, "X_SKRK_NIL": "inapplicable", "X_KATDOKG": "dokladny", "X_DOKLGEOM": null, "X_ZRODLOG": "ortofotomapa", "X_ZRODLOA": "pomiarTerenowy", "X_KATIST": "eksploatowany", "X_KATI_NIL": null, "X_RODZREPG": "osGeometryczna", "X_UWAGI": null, "X_UZYTKOWN": "Uzytkownik30.xml", "X_AKTG": "2021-10-29", "X_AKTA": "2020-01-20", "POCZWERS": "2021-10-29", "KONIECWERS": null, "X_DATAUTW": "2012-11-13", "X_INFDOD": null, "KOD10K": null, "KOD10K_NIL": "inapplicable", "KOD25K": "0025_121", "KOD25K_NIL": null, "KOD50K": "0050_121", "KOD50K_NIL": null, "KOD100K": "0100_121", "KOD100_NIL": null, "KOD250K": null, "KOD250_NIL": "inapplicable", "KOD500K": null, "KOD500_NIL": "inapplicable", "KOD1000K": null, "KOD1000_NI": "inapplicable", "KATZARZ": "inna", "KATZA_NIL": null, "KLASADROGI": "inna", "KLDROG_NIL": null, "MATNAWIERZ": "masaBitumiczna", "MATNAW_NIL": null, "NAZWADROGI": null, "LJEZDNIDR": 1, "LJEZD_NIL": null, "NRODCIREF": null, "SZL_NUMER": null, "SZLNR_NIL": null, "length": 63.03 }, "geometry": { "type": "MultiLineString", "coordinates": [ [ [ 1926217.769650967791677, 6971977.163008723407984 ], [ 1926227.919429582776502, 6971976.124342295341194 ], [ 1926291.907658995361999, 6971937.239250686950982 ], [ 1926298.648660204838961, 6971938.09661153331399 ], [ 1926311.227566766319796, 6971937.347943590022624 ] ] ] } },
{ "type": "Feature", "properties": { "TERYT": "3028", "LOKALNYID": "2EBDC9DC-3C4A-7DB6-E053-CC2BA8C07DDB", "WERSJAID": "2021-10-29T00:00:00", "PNAZW": "PL.PZGiK.308.BDOT10k", "GMLID": "OT_SKDR_L.838", "X_KOD": "SKDR08", "X_SKRKARTO": null, "X_SKRK_NIL": "inapplicable", "X_KATDOKG": "dokladny", "X_DOKLGEOM": null, "X_ZRODLOG": "ortofotomapa", "X_ZRODLOA": "pomiarTerenowy", "X_KATIST": "eksploatowany", "X_KATI_NIL": null, "X_RODZREPG": "osGeometryczna", "X_UWAGI": null, "X_UZYTKOWN": "Uzytkownik30.xml", "X_AKTG": "2021-10-29", "X_AKTA": "2020-01-20", "POCZWERS": "2021-10-29", "KONIECWERS": null, "X_DATAUTW": "2012-11-13", "X_INFDOD": null, "KOD10K": null, "KOD10K_NIL": "inapplicable", "KOD25K": "0025_121", "KOD25K_NIL": null, "KOD50K": "0050_121", "KOD50K_NIL": null, "KOD100K": "0100_121", "KOD100_NIL": null, "KOD250K": null, "KOD250_NIL": "inapplicable", "KOD500K": null, "KOD500_NIL": "inapplicable", "KOD1000K": null, "KOD1000_NI": "inapplicable", "KATZARZ": "inna", "KATZA_NIL": null, "KLASADROGI": "inna", "KLDROG_NIL": null, "MATNAWIERZ": "masaBitumiczna", "MATNAW_NIL": null, "NAZWADROGI": null, "LJEZDNIDR": 1, "LJEZD_NIL": null, "NRODCIREF": null, "SZL_NUMER": null, "SZLNR_NIL": null, "length": 176.81 }, "geometry": { "type": "MultiLineString", "coordinates": [ [ [ 1926527.368873892817646, 6971741.01049432810396 ], [ 1926532.299684484256431, 6971737.804779464378953 ], [ 1926545.089571422664449, 6971729.485809643752873 ], [ 1926551.424374482128769, 6971727.177103328518569 ], [ 1926557.022004046244547, 6971725.914107473567128 ], [ 1926564.334169801091775, 6971726.435884889215231 ], [ 1926570.917525328462943, 6971728.352415651082993 ], [ 1926576.441463527735323, 6971730.924968854524195 ], [ 1926580.246004039887339, 6971734.73596256878227 ], [ 1926583.936958601232618, 6971738.444599883630872 ], [ 1926626.866386106004938, 6971795.773605461232364 ], [ 1926630.941757472464815, 6971800.753838078118861 ], [ 1926630.810128317447379, 6971806.348924748599529 ], [ 1926628.901988831348717, 6971820.540199749171734 ], [ 1926622.691365644335747, 6971866.87359983753413 ], [ 1926619.616337875602767, 6971889.808545764535666 ], [ 1926619.396262649912387, 6971891.414710960350931 ], [ 1926619.16134369187057, 6971893.65178344398737 ], [ 1926613.10043405694887, 6971950.52124603278935 ] ] ] } },
{ "type": "Feature", "properties": { "TERYT": "3028", "LOKALNYID": "2EBDC9DC-3C4B-7DB6-E053-CC2BA8C07DDB", "WERSJAID": "2021-10-29T00:00:00", "PNAZW": "PL.PZGiK.308.BDOT10k", "GMLID": "OT_SKDR_L.839", "X_KOD": "SKDR08", "X_SKRKARTO": null, "X_SKRK_NIL": "inapplicable", "X_KATDOKG": "dokladny", "X_DOKLGEOM": null, "X_ZRODLOG": "ortofotomapa", "X_ZRODLOA": "pomiarTerenowy", "X_KATIST": "eksploatowany", "X_KATI_NIL": null, "X_RODZREPG": "osGeometryczna", "X_UWAGI": null, "X_UZYTKOWN": "Uzytkownik30.xml", "X_AKTG": "2021-10-29", "X_AKTA": "2020-01-20", "POCZWERS": "2021-10-29", "KONIECWERS": null, "X_DATAUTW": "2012-11-13", "X_INFDOD": null, "KOD10K": null, "KOD10K_NIL": "inapplicable", "KOD25K": "0025_123", "KOD25K_NIL": null, "KOD50K": "0050_123", "KOD50K_NIL": null, "KOD100K": "0100_123", "KOD100_NIL": null, "KOD250K": null, "KOD250_NIL": "inapplicable", "KOD500K": null, "KOD500_NIL": "inapplicable", "KOD1000K": null, "KOD1000_NI": "inapplicable", "KATZARZ": "inna", "KATZA_NIL": null, "KLASADROGI": "inna", "KLDROG_NIL": null, "MATNAWIERZ": "plytyBetonowe", "MATNAW_NIL": null, "NAZWADROGI": null, "LJEZDNIDR": 1, "LJEZD_NIL": null, "NRODCIREF": null, "SZL_NUMER": null, "SZLNR_NIL": null, "length": 178.09 }, "geometry": { "type": "MultiLineString", "coordinates": [ [ [ 1926236.392218958120793, 6972081.364891892299056 ], [ 1926143.432223808718845, 6972140.030247278511524 ], [ 1926122.013471217593178, 6972154.40740764234215 ], [ 1926104.719231066526845, 6972166.755904758349061 ], [ 1926091.300481605343521, 6972175.691002001054585 ], [ 1926055.917493432527408, 6972197.528300570324063 ], [ 1925987.35322066466324, 6972239.875979812815785 ] ] ] } },
{ "type": "Feature", "properties": { "TERYT": "3028", "LOKALNYID": "2EBDC9DC-41F8-7DB6-E053-CC2BA8C07DDB", "WERSJAID": "2021-10-29T00:00:00", "PNAZW": "PL.PZGiK.308.BDOT10k", "GMLID": "OT_SKDR_L.5999", "X_KOD": "SKDR04", "X_SKRKARTO": null, "X_SKRK_NIL": "inapplicable", "X_KATDOKG": "dokladny", "X_DOKLGEOM": null, "X_ZRODLOG": "ortofotomapa", "X_ZRODLOA": "pomiarTerenowy", "X_KATIST": "eksploatowany", "X_KATI_NIL": null, "X_RODZREPG": "osGeometryczna", "X_UWAGI": null, "X_UZYTKOWN": "Uzytkownik30.xml", "X_AKTG": "2021-10-29", "X_AKTA": "2020-01-20", "POCZWERS": "2021-10-29", "KONIECWERS": null, "X_DATAUTW": "2012-11-13", "X_INFDOD": null, "KOD10K": null, "KOD10K_NIL": "inapplicable", "KOD25K": "0025_115", "KOD25K_NIL": null, "KOD50K": "0050_115", "KOD50K_NIL": null, "KOD100K": "0100_115", "KOD100_NIL": null, "KOD250K": null, "KOD250_NIL": "inapplicable", "KOD500K": null, "KOD500_NIL": "inapplicable", "KOD1000K": null, "KOD1000_NI": "inapplicable", "KATZARZ": "wojewodzka", "KATZA_NIL": null, "KLASADROGI": "glowna", "KLDROG_NIL": null, "MATNAWIERZ": "masaBitumiczna", "MATNAW_NIL": null, "NAZWADROGI": null, "LJEZDNIDR": 1, "LJEZD_NIL": null, "NRODCIREF": null, "SZL_NUMER": "194", "SZLNR_NIL": null, "length": 83.64 }, "geometry": { "type": "MultiLineString", "coordinates": [ [ [ 1926003.655470885336399, 6972940.754440739750862 ], [ 1926029.44243325246498, 6972870.606430470943451 ], [ 1926048.553130640415475, 6972820.685946368612349 ], [ 1926052.368458703160286, 6972810.708365553058684 ] ] ] } },
{ "type": "Feature", "properties": { "TERYT": "3028", "LOKALNYID": "2EBDC9DC-48FF-7DB6-E053-CC2BA8C07DDB", "WERSJAID": "2021-10-29T00:00:00", "PNAZW": "PL.PZGiK.308.BDOT10k", "GMLID": "OT_SKDR_L.5666", "X_KOD": "SKDR08", "X_SKRKARTO": null, "X_SKRK_NIL": "inapplicable", "X_KATDOKG": "przyblizony", "X_DOKLGEOM": null, "X_ZRODLOG": "ortofotomapa", "X_ZRODLOA": "pomiarTerenowy", "X_KATIST": "eksploatowany", "X_KATI_NIL": null, "X_RODZREPG": "liniaUmowna", "X_UWAGI": null, "X_UZYTKOWN": "Uzytkownik30.xml", "X_AKTG": "2011-01-01", "X_AKTA": "2021-10-29", "POCZWERS": "2021-10-29", "KONIECWERS": null, "X_DATAUTW": "2012-11-13", "X_INFDOD": null, "KOD10K": null, "KOD10K_NIL": "inapplicable", "KOD25K": null, "KOD25K_NIL": "inapplicable", "KOD50K": null, "KOD50K_NIL": "inapplicable", "KOD100K": null, "KOD100_NIL": "inapplicable", "KOD250K": null, "KOD250_NIL": "inapplicable", "KOD500K": null, "KOD500_NIL": "inapplicable", "KOD1000K": null, "KOD1000_NI": "inapplicable", "KATZARZ": "zakladowa", "KATZA_NIL": null, "KLASADROGI": "inna", "KLDROG_NIL": null, "MATNAWIERZ": "plytyBetonowe", "MATNAW_NIL": null, "NAZWADROGI": null, "LJEZDNIDR": 1, "LJEZD_NIL": null, "NRODCIREF": null, "SZL_NUMER": null, "SZLNR_NIL": null, "length": 77.89 }, "geometry": { "type": "MultiLineString", "coordinates": [ [ [ 1927637.154644939349964, 6973534.953591023571789 ], [ 1927646.250815737992525, 6973552.098637109622359 ], [ 1927682.362675430485979, 6973613.228881192393601 ], [ 1927687.964779941830784, 6973614.656612220220268 ], [ 1927697.448675950057805, 6973612.403865500353277 ], [ 1927704.382473436882719, 6973608.628987004049122 ], [ 1927715.084715520497411, 6973597.515541238710284 ] ] ] } },
{ "type": "Feature", "properties": { "TERYT": "3028", "LOKALNYID": "2EBDC9DC-3FA2-7DB6-E053-CC2BA8C07DDB", "WERSJAID": "2021-10-29T00:00:00", "PNAZW": "PL.PZGiK.308.BDOT10k", "GMLID": "OT_SKDR_L.1309", "X_KOD": "SKDR08", "X_SKRKARTO": null, "X_SKRK_NIL": "inapplicable", "X_KATDOKG": "dokladny", "X_DOKLGEOM": null, "X_ZRODLOG": "ortofotomapa", "X_ZRODLOA": "pomiarTerenowy", "X_KATIST": "eksploatowany", "X_KATI_NIL": null, "X_RODZREPG": "osGeometryczna", "X_UWAGI": null, "X_UZYTKOWN": "Uzytkownik30.xml", "X_AKTG": "2021-10-29", "X_AKTA": "2020-01-20", "POCZWERS": "2021-10-29", "KONIECWERS": null, "X_DATAUTW": "2012-11-13", "X_INFDOD": null, "KOD10K": null, "KOD10K_NIL": "inapplicable", "KOD25K": "0025_121", "KOD25K_NIL": null, "KOD50K": "0050_121", "KOD50K_NIL": null, "KOD100K": "0100_121", "KOD100_NIL": null, "KOD250K": null, "KOD250_NIL": "inapplicable", "KOD500K": null, "KOD500_NIL": "inapplicable", "KOD1000K": null, "KOD1000_NI": "inapplicable", "KATZARZ": "zakladowa", "KATZA_NIL": null, "KLASADROGI": "inna", "KLDROG_NIL": null, "MATNAWIERZ": "kostkaPrefabrykowana", "MATNAW_NIL": null, "NAZWADROGI": null, "LJEZDNIDR": 1, "LJEZD_NIL": null, "NRODCIREF": null, "SZL_NUMER": null, "SZLNR_NIL": null, "length": 186.91 }, "geometry": { "type": "MultiLineString", "coordinates": [ [ [ 1926168.298497158568352, 6974498.704235455021262 ], [ 1926200.542155194794759, 6974503.556357266381383 ], [ 1926219.316316045355052, 6974510.199588572606444 ], [ 1926223.918136797146872, 6974514.695649728178978 ], [ 1926229.207580799469724, 6974519.556971842423081 ], [ 1926233.414224145235494, 6974526.752320002764463 ], [ 1926234.628930211532861, 6974532.181791469454765 ], [ 1926235.064465463161469, 6974543.940698546357453 ], [ 1926229.670382698299363, 6974570.932740019634366 ], [ 1926208.659940668614581, 6974647.158614014275372 ], [ 1926200.647337704664096, 6974665.680323670618236 ], [ 1926197.689375076210126, 6974671.609241984784603 ], [ 1926192.295680591836572, 6974676.08453878108412 ], [ 1926185.162616151152179, 6974679.804042194969952 ], [ 1926178.104761218652129, 6974680.334702491760254 ], [ 1926167.907376289600506, 6974679.029449108056724 ], [ 1926117.134404048323631, 6974665.545206557959318 ] ] ] } },
{ "type": "Feature", "properties": { "TERYT": "3028", "LOKALNYID": "2EBDC9DC-3FA8-7DB6-E053-CC2BA8C07DDB", "WERSJAID": "2021-10-29T00:00:00", "PNAZW": "PL.PZGiK.308.BDOT10k", "GMLID": "OT_SKDR_L.1315", "X_KOD": "SKDR08", "X_SKRKARTO": null, "X_SKRK_NIL": "inapplicable", "X_KATDOKG": "dokladny", "X_DOKLGEOM": null, "X_ZRODLOG": "ortofotomapa", "X_ZRODLOA": "pomiarTerenowy", "X_KATIST": "eksploatowany", "X_KATI_NIL": null, "X_RODZREPG": "osGeometryczna", "X_UWAGI": null, "X_UZYTKOWN": "Uzytkownik30.xml", "X_AKTG": "2021-10-29", "X_AKTA": "2020-01-20", "POCZWERS": "2021-10-29", "KONIECWERS": null, "X_DATAUTW": "2012-11-13", "X_INFDOD": null, "KOD10K": null, "KOD10K_NIL": "inapplicable", "KOD25K": "0025_123", "KOD25K_NIL": null, "KOD50K": "0050_123", "KOD50K_NIL": null, "KOD100K": "0100_123", "KOD100_NIL": null, "KOD250K": null, "KOD250_NIL": "inapplicable", "KOD500K": null, "KOD500_NIL": "inapplicable", "KOD1000K": null, "KOD1000_NI": "inapplicable", "KATZARZ": "inna", "KATZA_NIL": null, "KLASADROGI": "inna", "KLDROG_NIL": null, "MATNAWIERZ": "plytyBetonowe", "MATNAW_NIL": null, "NAZWADROGI": null, "LJEZDNIDR": 1, "LJEZD_NIL": null, "NRODCIREF": null, "SZL_NUMER": null, "SZLNR_NIL": null, "length": 33.65 }, "geometry": { "type": "MultiLineString", "coordinates": [ [ [ 1926334.78659982397221, 6971897.505178018473089 ], [ 1926339.189443457871675, 6971908.274382540024817 ], [ 1926338.985626192297786, 6971916.924458761699498 ], [ 1926336.698342046700418, 6971922.568254250101745 ], [ 1926311.227566766319796, 6971937.347943590022624 ] ] ] } },
{ "type": "Feature", "properties": { "TERYT": "3028", "LOKALNYID": "2EBDC9DC-4133-7DB6-E053-CC2BA8C07DDB", "WERSJAID": "2021-10-29T00:00:00", "PNAZW": "PL.PZGiK.308.BDOT10k", "GMLID": "OT_SKDR_L.6155", "X_KOD": "SKDR06", "X_SKRKARTO": null, "X_SKRK_NIL": "inapplicable", "X_KATDOKG": "dokladny", "X_DOKLGEOM": null, "X_ZRODLOG": "ortofotomapa", "X_ZRODLOA": "pomiarTerenowy", "X_KATIST": "eksploatowany", "X_KATI_NIL": null, "X_RODZREPG": "osGeometryczna", "X_UWAGI": null, "X_UZYTKOWN": "Uzytkownik30.xml", "X_AKTG": "2021-10-29", "X_AKTA": "2020-01-20", "POCZWERS": "2021-10-29", "KONIECWERS": null, "X_DATAUTW": "2012-11-13", "X_INFDOD": null, "KOD10K": null, "KOD10K_NIL": "inapplicable", "KOD25K": "0025_121", "KOD25K_NIL": null, "KOD50K": "0050_121", "KOD50K_NIL": null, "KOD100K": "0100_121", "KOD100_NIL": null, "KOD250K": null, "KOD250_NIL": "inapplicable", "KOD500K": null, "KOD500_NIL": "inapplicable", "KOD1000K": null, "KOD1000_NI": "inapplicable", "KATZARZ": "gminna", "KATZA_NIL": null, "KLASADROGI": "lokalna", "KLDROG_NIL": null, "MATNAWIERZ": "masaBitumiczna", "MATNAW_NIL": null, "NAZWADROGI": null, "LJEZDNIDR": 1, "LJEZD_NIL": null, "NRODCIREF": null, "SZL_NUMER": "207014P", "SZLNR_NIL": null, "length": 164.43 }, "geometry": { "type": "MultiLineString", "coordinates": [ [ [ 1926841.448094948660582, 6972391.649485593661666 ], [ 1926844.842795779230073, 6972391.762879284098744 ], [ 1926890.78634178545326, 6972392.980621294118464 ], [ 1926931.694651456549764, 6972394.079246371053159 ], [ 1926937.408612062456086, 6972394.230731920339167 ], [ 1927018.31079401797615, 6972395.143124618567526 ], [ 1927032.509868067922071, 6972395.295374134555459 ], [ 1927059.482791406102479, 6972395.599404835142195 ], [ 1927103.305711959255859, 6972396.084762874990702 ], [ 1927107.44577073585242, 6972396.215622317045927 ], [ 1927113.821492742979899, 6972396.415813348256052 ] ] ] } },
{ "type": "Feature", "properties": { "TERYT": "3028", "LOKALNYID": "2EBDC9DC-354C-7DB6-E053-CC2BA8C07DDB", "WERSJAID": "2021-10-29T00:00:00", "PNAZW": "PL.PZGiK.308.BDOT10k", "GMLID": "OT_SKDR_L.1738", "X_KOD": "SKDR08", "X_SKRKARTO": null, "X_SKRK_NIL": "inapplicable", "X_KATDOKG": "dokladny", "X_DOKLGEOM": null, "X_ZRODLOG": "ortofotomapa", "X_ZRODLOA": "pomiarTerenowy", "X_KATIST": "eksploatowany", "X_KATI_NIL": null, "X_RODZREPG": "osGeometryczna", "X_UWAGI": null, "X_UZYTKOWN": "Uzytkownik30.xml", "X_AKTG": "2021-10-29", "X_AKTA": "2020-01-20", "POCZWERS": "2021-10-29", "KONIECWERS": null, "X_DATAUTW": "2012-11-13", "X_INFDOD": null, "KOD10K": null, "KOD10K_NIL": "inapplicable", "KOD25K": "0025_121", "KOD25K_NIL": null, "KOD50K": "0050_121", "KOD50K_NIL": null, "KOD100K": "0100_121", "KOD100_NIL": null, "KOD250K": null, "KOD250_NIL": "inapplicable", "KOD500K": null, "KOD500_NIL": "inapplicable", "KOD1000K": null, "KOD1000_NI": "inapplicable", "KATZARZ": "inna", "KATZA_NIL": null, "KLASADROGI": "inna", "KLDROG_NIL": null, "MATNAWIERZ": "masaBitumiczna", "MATNAW_NIL": null, "NAZWADROGI": null, "LJEZDNIDR": 1, "LJEZD_NIL": null, "NRODCIREF": null, "SZL_NUMER": null, "SZLNR_NIL": null, "length": 77.89 }, "geometry": { "type": "MultiLineString", "coordinates": [ [ [ 1926412.308374693850055, 6971846.132123054005206 ], [ 1926415.598762586712837, 6971834.481967890635133 ], [ 1926416.484995536273345, 6971831.330064740031958 ], [ 1926419.076041694963351, 6971824.746621437370777 ], [ 1926422.710635272786021, 6971818.88558057602495 ], [ 1926430.162856280338019, 6971813.463742366991937 ], [ 1926461.280042090686038, 6971791.807315079495311 ], [ 1926488.303305371897295, 6971772.994258150458336 ], [ 1926504.527296250453219, 6971761.699994365684688 ] ] ] } },
{ "type": "Feature", "properties": { "TERYT": "3028", "LOKALNYID": "2EBDC9DC-3559-7DB6-E053-CC2BA8C07DDB", "WERSJAID": "2021-10-29T00:00:00", "PNAZW": "PL.PZGiK.308.BDOT10k", "GMLID": "OT_SKDR_L.1934", "X_KOD": "SKDR06", "X_SKRKARTO": null, "X_SKRK_NIL": "inapplicable", "X_KATDOKG": "dokladny", "X_DOKLGEOM": null, "X_ZRODLOG": "ortofotomapa", "X_ZRODLOA": "pomiarTerenowy", "X_KATIST": "eksploatowany", "X_KATI_NIL": null, "X_RODZREPG": "osGeometryczna", "X_UWAGI": null, "X_UZYTKOWN": "Uzytkownik30.xml", "X_AKTG": "2020-01-20", "X_AKTA": "2021-10-29", "POCZWERS": "2021-10-29", "KONIECWERS": null, "X_DATAUTW": "2012-11-13", "X_INFDOD": null, "KOD10K": null, "KOD10K_NIL": "inapplicable", "KOD25K": "0025_121", "KOD25K_NIL": null, "KOD50K": "0050_121", "KOD50K_NIL": null, "KOD100K": "0100_121", "KOD100_NIL": null, "KOD250K": null, "KOD250_NIL": "inapplicable", "KOD500K": null, "KOD500_NIL": "inapplicable", "KOD1000K": null, "KOD1000_NI": "inapplicable", "KATZARZ": "gminna", "KATZA_NIL": null, "KLASADROGI": "lokalna", "KLDROG_NIL": null, "MATNAWIERZ": "masaBitumiczna", "MATNAW_NIL": null, "NAZWADROGI": null, "LJEZDNIDR": 1, "LJEZD_NIL": null, "NRODCIREF": null, "SZL_NUMER": "207028P", "SZLNR_NIL": null, "length": 404.45 }, "geometry": { "type": "MultiLineString", "coordinates": [ [ [ 1925183.233891841722652, 6974540.600315797142684 ], [ 1925216.619795609731227, 6974526.622761049307883 ], [ 1925254.693389764521271, 6974512.092047369107604 ], [ 1925324.541481253458187, 6974485.106915593147278 ], [ 1925391.759807900292799, 6974455.050931747071445 ], [ 1925468.856741246767342, 6974417.319698026403785 ], [ 1925567.481229023309425, 6974373.48618886154145 ], [ 1925650.034400975098833, 6974336.980071992613375 ], [ 1925780.14951249351725, 6974276.428334717638791 ], [ 1925789.26299611502327, 6974273.072141928598285 ], [ 1925796.509963865624741, 6974270.136885899119079 ] ] ] } },
{ "type": "Feature", "properties": { "TERYT": "3028", "LOKALNYID": "2EBDC9DC-3EE7-7DB6-E053-CC2BA8C07DDB", "WERSJAID": "2021-10-29T00:00:00", "PNAZW": "PL.PZGiK.308.BDOT10k", "GMLID": "OT_SKDR_L.1497", "X_KOD": "SKDR06", "X_SKRKARTO": null, "X_SKRK_NIL": "inapplicable", "X_KATDOKG": "dokladny", "X_DOKLGEOM": null, "X_ZRODLOG": "ortofotomapa", "X_ZRODLOA": "pomiarTerenowy", "X_KATIST": "eksploatowany", "X_KATI_NIL": null, "X_RODZREPG": "osGeometryczna", "X_UWAGI": null, "X_UZYTKOWN": "Uzytkownik30.xml", "X_AKTG": "2011-01-01", "X_AKTA": "2021-10-29", "POCZWERS": "2021-10-29", "KONIECWERS": null, "X_DATAUTW": "2012-11-13", "X_INFDOD": null, "KOD10K": null, "KOD10K_NIL": "inapplicable", "KOD25K": "0025_121", "KOD25K_NIL": null, "KOD50K": "0050_121", "KOD50K_NIL": null, "KOD100K": "0100_121", "KOD100_NIL": null, "KOD250K": null, "KOD250_NIL": "inapplicable", "KOD500K": null, "KOD500_NIL": "inapplicable", "KOD1000K": null, "KOD1000_NI": "inapplicable", "KATZARZ": "gminna", "KATZA_NIL": null, "KLASADROGI": "lokalna", "KLDROG_NIL": null, "MATNAWIERZ": "masaBitumiczna", "MATNAW_NIL": null, "NAZWADROGI": null, "LJEZDNIDR": 1, "LJEZD_NIL": null, "NRODCIREF": null, "SZL_NUMER": "207028P", "SZLNR_NIL": null, "length": 284.77 }, "geometry": { "type": "MultiLineString", "coordinates": [ [ [ 1924699.711703839711845, 6974745.793321639299393 ], [ 1924804.363640672294423, 6974701.197386189363897 ], [ 1924889.602845112327486, 6974664.961135268211365 ], [ 1925000.118445835774764, 6974618.375961770303547 ], [ 1925086.187444075942039, 6974582.02484851051122 ], [ 1925134.004672362003475, 6974560.681024649180472 ] ] ] } },
{ "type": "Feature", "properties": { "TERYT": "3028", "LOKALNYID": "2EBDC9DC-3EF4-7DB6-E053-CC2BA8C07DDB", "WERSJAID": "2021-10-29T00:00:00", "PNAZW": "PL.PZGiK.308.BDOT10k", "GMLID": "OT_SKDR_L.1696", "X_KOD": "SKDR06", "X_SKRKARTO": null, "X_SKRK_NIL": "inapplicable", "X_KATDOKG": "dokladny", "X_DOKLGEOM": null, "X_ZRODLOG": "ortofotomapa", "X_ZRODLOA": "pomiarTerenowy", "X_KATIST": "eksploatowany", "X_KATI_NIL": null, "X_RODZREPG": "osGeometryczna", "X_UWAGI": null, "X_UZYTKOWN": "Uzytkownik30.xml", "X_AKTG": "2021-10-29", "X_AKTA": "2020-01-20", "POCZWERS": "2021-10-29", "KONIECWERS": null, "X_DATAUTW": "2012-11-13", "X_INFDOD": null, "KOD10K": null, "KOD10K_NIL": "inapplicable", "KOD25K": "0025_121", "KOD25K_NIL": null, "KOD50K": "0050_121", "KOD50K_NIL": null, "KOD100K": "0100_121", "KOD100_NIL": null, "KOD250K": null, "KOD250_NIL": "inapplicable", "KOD500K": null, "KOD500_NIL": "inapplicable", "KOD1000K": null, "KOD1000_NI": "inapplicable", "KATZARZ": "powiatowa", "KATZA_NIL": null, "KLASADROGI": "lokalna", "KLDROG_NIL": null, "MATNAWIERZ": "masaBitumiczna", "MATNAW_NIL": null, "NAZWADROGI": null, "LJEZDNIDR": 1, "LJEZD_NIL": null, "NRODCIREF": null, "SZL_NUMER": "1600P", "SZLNR_NIL": null, "length": 161.51 }, "geometry": { "type": "MultiLineString", "coordinates": [ [ [ 1925323.305716089205816, 6972337.046282220631838 ], [ 1925341.557337501551956, 6972348.013408567756414 ], [ 1925400.674619307741523, 6972382.164737940765917 ], [ 1925425.354261657921597, 6972394.63035589735955 ], [ 1925449.660888610873371, 6972406.75477902777493 ], [ 1925469.044821235118434, 6972414.708435819484293 ], [ 1925524.727378982817754, 6972434.373761660419405 ], [ 1925565.320617352146655, 6972449.49346122238785 ] ] ] } },
{ "type": "Feature", "properties": { "TERYT": "3028", "LOKALNYID": "2EBDC9DC-31CA-7DB6-E053-CC2BA8C07DDB", "WERSJAID": "2021-10-29T00:00:00", "PNAZW": "PL.PZGiK.308.BDOT10k", "GMLID": "OT_SKDR_L.241", "X_KOD": "SKDR08", "X_SKRKARTO": null, "X_SKRK_NIL": "inapplicable", "X_KATDOKG": "przyblizony", "X_DOKLGEOM": null, "X_ZRODLOG": "ortofotomapa", "X_ZRODLOA": "pomiarTerenowy", "X_KATIST": "eksploatowany", "X_KATI_NIL": null, "X_RODZREPG": "liniaUmowna", "X_UWAGI": null, "X_UZYTKOWN": "Uzytkownik30.xml", "X_AKTG": "2021-10-29", "X_AKTA": "2021-10-29", "POCZWERS": "2021-10-29", "KONIECWERS": null, "X_DATAUTW": "2012-11-13", "X_INFDOD": null, "KOD10K": null, "KOD10K_NIL": "inapplicable", "KOD25K": null, "KOD25K_NIL": "inapplicable", "KOD50K": null, "KOD50K_NIL": "inapplicable", "KOD100K": null, "KOD100_NIL": "inapplicable", "KOD250K": null, "KOD250_NIL": "inapplicable", "KOD500K": null, "KOD500_NIL": "inapplicable", "KOD1000K": null, "KOD1000_NI": "inapplicable", "KATZARZ": "zakladowa", "KATZA_NIL": null, "KLASADROGI": "inna", "KLDROG_NIL": null, "MATNAWIERZ": "plytyBetonowe", "MATNAW_NIL": null, "NAZWADROGI": null, "LJEZDNIDR": 1, "LJEZD_NIL": null, "NRODCIREF": null, "SZL_NUMER": null, "SZLNR_NIL": null, "length": 68.18 }, "geometry": { "type": "MultiLineString", "coordinates": [ [ [ 1925932.608843863708898, 6974201.782446260564029 ], [ 1926001.421908315969631, 6974212.105887374840677 ], [ 1926016.722555302781984, 6974205.755662977695465 ], [ 1926040.774825085187331, 6974193.813731270842254 ] ] ] } },
{ "type": "Feature", "properties": { "TERYT": "3028", "LOKALNYID": "2EBDC9DC-3E23-7DB6-E053-CC2BA8C07DDB", "WERSJAID": "2021-10-29T00:00:00", "PNAZW": "PL.PZGiK.308.BDOT10k", "GMLID": "OT_SKDR_L.1681", "X_KOD": "SKDR06", "X_SKRKARTO": null, "X_SKRK_NIL": "inapplicable", "X_KATDOKG": "dokladny", "X_DOKLGEOM": null, "X_ZRODLOG": "ortofotomapa", "X_ZRODLOA": "pomiarTerenowy", "X_KATIST": "eksploatowany", "X_KATI_NIL": null, "X_RODZREPG": "osGeometryczna", "X_UWAGI": null, "X_UZYTKOWN": "Uzytkownik30.xml", "X_AKTG": "2021-10-29", "X_AKTA": "2020-01-20", "POCZWERS": "2021-10-29", "KONIECWERS": null, "X_DATAUTW": "2012-11-13", "X_INFDOD": null, "KOD10K": null, "KOD10K_NIL": "inapplicable", "KOD25K": "0025_121", "KOD25K_NIL": null, "KOD50K": "0050_121", "KOD50K_NIL": null, "KOD100K": "0100_121", "KOD100_NIL": null, "KOD250K": null, "KOD250_NIL": "inapplicable", "KOD500K": null, "KOD500_NIL": "inapplicable", "KOD1000K": null, "KOD1000_NI": "inapplicable", "KATZARZ": "gminna", "KATZA_NIL": null, "KLASADROGI": "lokalna", "KLDROG_NIL": null, "MATNAWIERZ": "masaBitumiczna", "MATNAW_NIL": null, "NAZWADROGI": null, "LJEZDNIDR": 1, "LJEZD_NIL": null, "NRODCIREF": null, "SZL_NUMER": "207006P", "SZLNR_NIL": null, "length": 485.99 }, "geometry": { "type": "MultiLineString", "coordinates": [ [ [ 1925898.491365007124841, 6973538.088116149418056 ], [ 1925912.433898886432871, 6973542.871989231556654 ], [ 1925940.92058577388525, 6973550.127778712660074 ], [ 1925999.651766874128953, 6973570.928207445889711 ], [ 1926002.132801493862644, 6973571.851073037832975 ], [ 1926048.882830589544028, 6973589.043839345686138 ], [ 1926095.780588243389502, 6973606.306331259198487 ], [ 1926121.944597500143573, 6973616.48064779676497 ], [ 1926142.317237277515233, 6973623.427096762694418 ], [ 1926152.899836159544066, 6973627.316780512221158 ], [ 1926189.612984602572396, 6973640.698540570214391 ], [ 1926235.380840707104653, 6973657.401834575459361 ], [ 1926278.618485008366406, 6973673.164327942766249 ], [ 1926281.346507592126727, 6973674.159431376494467 ], [ 1926326.34789283387363, 6973690.345638991333544 ], [ 1926375.931727869901806, 6973707.620452398434281 ], [ 1926423.575460086809471, 6973724.234283430501819 ], [ 1926470.759062634781003, 6973740.687430297024548 ], [ 1926501.111851235153154, 6973751.807196976616979 ], [ 1926517.035780556732789, 6973757.650582590140402 ], [ 1926597.237313195830211, 6973787.512260758318007 ], [ 1926601.148020532447845, 6973788.967251993715763 ], [ 1926611.861253035021946, 6973792.959186729975045 ], [ 1926656.597530281404033, 6973809.901821687817574 ] ] ] } },
{ "type": "Feature", "properties": { "TERYT": "3028", "LOKALNYID": "2EBDC9DC-31A9-7DB6-E053-CC2BA8C07DDB", "WERSJAID": "2021-10-29T00:00:00", "PNAZW": "PL.PZGiK.308.BDOT10k", "GMLID": "OT_SKDR_L.231", "X_KOD": "SKDR08", "X_SKRKARTO": null, "X_SKRK_NIL": "inapplicable", "X_KATDOKG": "dokladny", "X_DOKLGEOM": null, "X_ZRODLOG": "ortofotomapa", "X_ZRODLOA": "pomiarTerenowy", "X_KATIST": "eksploatowany", "X_KATI_NIL": null, "X_RODZREPG": "osGeometryczna", "X_UWAGI": null, "X_UZYTKOWN": "Uzytkownik30.xml", "X_AKTG": "2011-01-01", "X_AKTA": "2021-10-29", "POCZWERS": "2021-10-29", "KONIECWERS": null, "X_DATAUTW": "2012-11-13", "X_INFDOD": null, "KOD10K": null, "KOD10K_NIL": "inapplicable", "KOD25K": "0025_127", "KOD25K_NIL": null, "KOD50K": "0050_127", "KOD50K_NIL": null, "KOD100K": "0100_127", "KOD100_NIL": null, "KOD250K": null, "KOD250_NIL": "inapplicable", "KOD500K": null, "KOD500_NIL": "inapplicable", "KOD1000K": null, "KOD1000_NI": "inapplicable", "KATZARZ": "inna", "KATZA_NIL": null, "KLASADROGI": "inna", "KLDROG_NIL": null, "MATNAWIERZ": "gruntNaturalny", "MATNAW_NIL": null, "NAZWADROGI": null, "LJEZDNIDR": 1, "LJEZD_NIL": null, "NRODCIREF": null, "SZL_NUMER": null, "SZLNR_NIL": null, "length": 332.23 }, "geometry": { "type": "MultiLineString", "coordinates": [ [ [ 1923753.664791867369786, 6971996.991752749308944 ], [ 1923782.365981437498704, 6971943.607666119001806 ], [ 1923786.961131178075448, 6971935.079596677795053 ], [ 1923789.205186671344563, 6971929.933834112249315 ], [ 1923798.724142867373303, 6971908.134536132216454 ], [ 1923850.74420361337252, 6971798.381114360876381 ], [ 1923915.032303328625858, 6971667.510650194250047 ], [ 1923972.950367941055447, 6971552.120416830293834 ], [ 1923999.398412331240252, 6971503.45195547491312 ] ] ] } },
{ "type": "Feature", "properties": { "TERYT": "3028", "LOKALNYID": "2EBDC9DC-5868-7DB6-E053-CC2BA8C07DDB", "WERSJAID": "2021-10-29T00:00:00", "PNAZW": "PL.PZGiK.308.BDOT10k", "GMLID": "OT_SKDR_L.8303", "X_KOD": "SKDR08", "X_SKRKARTO": null, "X_SKRK_NIL": "inapplicable", "X_KATDOKG": "dokladny", "X_DOKLGEOM": null, "X_ZRODLOG": "ortofotomapa", "X_ZRODLOA": "pomiarTerenowy", "X_KATIST": "eksploatowany", "X_KATI_NIL": null, "X_RODZREPG": "osGeometryczna", "X_UWAGI": null, "X_UZYTKOWN": "Uzytkownik30.xml", "X_AKTG": "2021-10-29", "X_AKTA": "2021-10-29", "POCZWERS": "2021-10-29", "KONIECWERS": null, "X_DATAUTW": "2012-11-13", "X_INFDOD": null, "KOD10K": null, "KOD10K_NIL": "inapplicable", "KOD25K": "0025_127", "KOD25K_NIL": null, "KOD50K": "0050_127", "KOD50K_NIL": null, "KOD100K": "0100_127", "KOD100_NIL": null, "KOD250K": null, "KOD250_NIL": "inapplicable", "KOD500K": null, "KOD500_NIL": "inapplicable", "KOD1000K": null, "KOD1000_NI": "inapplicable", "KATZARZ": "inna", "KATZA_NIL": null, "KLASADROGI": "inna", "KLDROG_NIL": null, "MATNAWIERZ": "gruntNaturalny", "MATNAW_NIL": null, "NAZWADROGI": null, "LJEZDNIDR": 1, "LJEZD_NIL": null, "NRODCIREF": null, "SZL_NUMER": null, "SZLNR_NIL": null, "length": 426.36 }, "geometry": { "type": "MultiLineString", "coordinates": [ [ [ 1922721.712433116044849, 6975470.235944300889969 ], [ 1922750.453781549818814, 6975474.652429065667093 ], [ 1922756.139502245699987, 6975476.069353200495243 ], [ 1922767.573390849633142, 6975476.993450351059437 ], [ 1922855.51694967225194, 6975479.39778614975512 ], [ 1922917.434132972499356, 6975483.766252957284451 ], [ 1922941.892014235956594, 6975484.987525559961796 ], [ 1922949.168442385504022, 6975486.442665946669877 ], [ 1922951.209333743434399, 6975487.754956650547683 ], [ 1922953.249827274819836, 6975489.083857007324696 ], [ 1922956.953601144719869, 6975493.643812352791429 ], [ 1922959.366389348870143, 6975498.804188904352486 ], [ 1922963.302338820649311, 6975507.508021630346775 ], [ 1922966.96787346038036, 6975513.662542707286775 ], [ 1922973.147261662175879, 6975521.456531633622944 ], [ 1922982.813431325135753, 6975529.03542095888406 ], [ 1922998.440501823555678, 6975537.622208354994655 ], [ 1923063.827928200364113, 6975570.143865791149437 ], [ 1923169.975818464532495, 6975621.695922621525824 ], [ 1923287.929466766770929, 6975685.713440789841115 ], [ 1923308.845204723300412, 6975697.102878661826253 ], [ 1923358.319578067399561, 6975724.05432412493974 ] ] ] } },
{ "type": "Feature", "properties": { "TERYT": "3028", "LOKALNYID": "2EBDC9DC-55FC-7DB6-E053-CC2BA8C07DDB", "WERSJAID": "2021-10-29T00:00:00", "PNAZW": "PL.PZGiK.308.BDOT10k", "GMLID": "OT_SKDR_L.7879", "X_KOD": "SKDR06", "X_SKRKARTO": null, "X_SKRK_NIL": "inapplicable", "X_KATDOKG": "dokladny", "X_DOKLGEOM": null, "X_ZRODLOG": "ortofotomapa", "X_ZRODLOA": "pomiarTerenowy", "X_KATIST": "eksploatowany", "X_KATI_NIL": null, "X_RODZREPG": "osGeometryczna", "X_UWAGI": null, "X_UZYTKOWN": "Uzytkownik30.xml", "X_AKTG": "2021-10-29", "X_AKTA": "2020-01-20", "POCZWERS": "2021-10-29", "KONIECWERS": null, "X_DATAUTW": "2012-11-13", "X_INFDOD": null, "KOD10K": null, "KOD10K_NIL": "inapplicable", "KOD25K": "0025_121", "KOD25K_NIL": null, "KOD50K": "0050_121", "KOD50K_NIL": null, "KOD100K": "0100_121", "KOD100_NIL": null, "KOD250K": null, "KOD250_NIL": "inapplicable", "KOD500K": null, "KOD500_NIL": "inapplicable", "KOD1000K": null, "KOD1000_NI": "inapplicable", "KATZARZ": "powiatowa", "KATZA_NIL": null, "KLASADROGI": "lokalna", "KLDROG_NIL": null, "MATNAWIERZ": "masaBitumiczna", "MATNAW_NIL": null, "NAZWADROGI": null, "LJEZDNIDR": 1, "LJEZD_NIL": null, "NRODCIREF": null, "SZL_NUMER": "1557P", "SZLNR_NIL": null, "length": 364.13 }, "geometry": { "type": "MultiLineString", "coordinates": [ [ [ 1928987.55094135645777, 6974636.720561905764043 ], [ 1928996.09610834508203, 6974640.659062888473272 ], [ 1929056.018544115126133, 6974665.804656933061779 ], [ 1929095.772973349317908, 6974682.835076826624572 ], [ 1929096.772835965501145, 6974683.323707331903279 ], [ 1929130.69585036765784, 6974697.34302400611341 ], [ 1929150.073587949154899, 6974709.527292124927044 ], [ 1929166.31034443480894, 6974721.339138641022146 ], [ 1929180.612113249721006, 6974733.670841098763049 ], [ 1929190.140333672752604, 6974743.83057813346386 ], [ 1929201.640556561993435, 6974758.307112793438137 ], [ 1929208.212687990628183, 6974771.555320385843515 ], [ 1929213.201234104810283, 6974781.609198857098818 ], [ 1929217.630698601016775, 6974792.181823541410267 ], [ 1929222.433523704763502, 6974805.239249670878053 ], [ 1929223.57397820847109, 6974814.671644862741232 ], [ 1929225.592485063476488, 6974834.843176008202136 ], [ 1929227.518752049654722, 6974876.134254582226276 ], [ 1929228.528160914313048, 6974892.643021854571998 ], [ 1929231.88418423361145, 6974960.906007339246571 ], [ 1929233.62022300506942, 6974992.538000690750778 ], [ 1929237.560400605201721, 6975072.066210530698299 ], [ 1929238.780111608095467, 6975108.090535959228873 ] ] ] } },
{ "type": "Feature", "properties": { "TERYT": "3028", "LOKALNYID": "2EBDC9DC-3933-7DB6-E053-CC2BA8C07DDB", "WERSJAID": "2021-10-29T00:00:00", "PNAZW": "PL.PZGiK.308.BDOT10k", "GMLID": "OT_SKDR_L.1211", "X_KOD": "SKDR06", "X_SKRKARTO": null, "X_SKRK_NIL": "inapplicable", "X_KATDOKG": "dokladny", "X_DOKLGEOM": null, "X_ZRODLOG": "ortofotomapa", "X_ZRODLOA": "pomiarTerenowy", "X_KATIST": "eksploatowany", "X_KATI_NIL": null, "X_RODZREPG": "osGeometryczna", "X_UWAGI": null, "X_UZYTKOWN": "Uzytkownik30.xml", "X_AKTG": "2021-10-29", "X_AKTA": "2020-01-20", "POCZWERS": "2021-10-29", "KONIECWERS": null, "X_DATAUTW": "2012-11-13", "X_INFDOD": null, "KOD10K": null, "KOD10K_NIL": "inapplicable", "KOD25K": "0025_121", "KOD25K_NIL": null, "KOD50K": "0050_121", "KOD50K_NIL": null, "KOD100K": "0100_121", "KOD100_NIL": null, "KOD250K": null, "KOD250_NIL": "inapplicable", "KOD500K": null, "KOD500_NIL": "inapplicable", "KOD1000K": null, "KOD1000_NI": "inapplicable", "KATZARZ": "gminna", "KATZA_NIL": null, "KLASADROGI": "lokalna", "KLDROG_NIL": null, "MATNAWIERZ": "masaBitumiczna", "MATNAW_NIL": null, "NAZWADROGI": null, "LJEZDNIDR": 1, "LJEZD_NIL": null, "NRODCIREF": null, "SZL_NUMER": "207011P", "SZLNR_NIL": null, "length": 85.47 }, "geometry": { "type": "MultiLineString", "coordinates": [ [ [ 1925876.764511628076434, 6972877.732999037019908 ], [ 1925905.43115765391849, 6972892.003770656883717 ], [ 1925911.197078794240952, 6972894.881948814727366 ], [ 1925937.537202241597697, 6972908.017497073858976 ], [ 1925939.994794968748465, 6972909.222192623652518 ], [ 1925979.734900905285031, 6972929.022213872522116 ], [ 1925995.233099789125845, 6972936.6669144872576 ], [ 1926003.655470885336399, 6972940.754440739750862 ] ] ] } },
{ "type": "Feature", "properties": { "TERYT": "3028", "LOKALNYID": "2EBDC9DC-39FB-7DB6-E053-CC2BA8C07DDB", "WERSJAID": "2021-10-29T00:00:00", "PNAZW": "PL.PZGiK.308.BDOT10k", "GMLID": "OT_SKDR_L.1223", "X_KOD": "SKDR06", "X_SKRKARTO": null, "X_SKRK_NIL": "inapplicable", "X_KATDOKG": "dokladny", "X_DOKLGEOM": null, "X_ZRODLOG": "ortofotomapa", "X_ZRODLOA": "pomiarTerenowy", "X_KATIST": "eksploatowany", "X_KATI_NIL": null, "X_RODZREPG": "osGeometryczna", "X_UWAGI": null, "X_UZYTKOWN": "Uzytkownik30.xml", "X_AKTG": "2021-10-29", "X_AKTA": "2020-01-20", "POCZWERS": "2021-10-29", "KONIECWERS": null, "X_DATAUTW": "2012-11-13", "X_INFDOD": null, "KOD10K": null, "KOD10K_NIL": "inapplicable", "KOD25K": "0025_121", "KOD25K_NIL": null, "KOD50K": "0050_121", "KOD50K_NIL": null, "KOD100K": "0100_121", "KOD100_NIL": null, "KOD250K": null, "KOD250_NIL": "inapplicable", "KOD500K": null, "KOD500_NIL": "inapplicable", "KOD1000K": null, "KOD1000_NI": "inapplicable", "KATZARZ": "powiatowa", "KATZA_NIL": null, "KLASADROGI": "lokalna", "KLDROG_NIL": null, "MATNAWIERZ": "masaBitumiczna", "MATNAW_NIL": null, "NAZWADROGI": null, "LJEZDNIDR": 1, "LJEZD_NIL": null, "NRODCIREF": null, "SZL_NUMER": "1600P", "SZLNR_NIL": null, "length": 267.15 }, "geometry": { "type": "MultiLineString", "coordinates": [ [ [ 1924611.253163235727698, 6971886.874948513694108 ], [ 1924578.762075789505616, 6971866.429835952818394 ], [ 1924544.981316999532282, 6971845.17305032722652 ], [ 1924434.690299368929118, 6971775.191258560866117 ], [ 1924387.75080730416812, 6971745.662261481396854 ], [ 1924345.617520444327965, 6971719.60366727784276 ], [ 1924263.206974856089801, 6971668.909251095727086 ], [ 1924235.838109987787902, 6971651.941433632746339 ] ] ] } },
{ "type": "Feature", "properties": { "TERYT": "3028", "LOKALNYID": "2EBDC9DC-3E22-7DB6-E053-CC2BA8C07DDB", "WERSJAID": "2021-10-29T00:00:00", "PNAZW": "PL.PZGiK.308.BDOT10k", "GMLID": "OT_SKDR_L.1680", "X_KOD": "SKDR06", "X_SKRKARTO": null, "X_SKRK_NIL": "inapplicable", "X_KATDOKG": "dokladny", "X_DOKLGEOM": null, "X_ZRODLOG": "ortofotomapa", "X_ZRODLOA": "pomiarTerenowy", "X_KATIST": "eksploatowany", "X_KATI_NIL": null, "X_RODZREPG": "osGeometryczna", "X_UWAGI": null, "X_UZYTKOWN": "Uzytkownik30.xml", "X_AKTG": "2021-10-29", "X_AKTA": "2020-01-20", "POCZWERS": "2021-10-29", "KONIECWERS": null, "X_DATAUTW": "2012-11-13", "X_INFDOD": null, "KOD10K": null, "KOD10K_NIL": "inapplicable", "KOD25K": "0025_121", "KOD25K_NIL": null, "KOD50K": "0050_121", "KOD50K_NIL": null, "KOD100K": "0100_121", "KOD100_NIL": null, "KOD250K": null, "KOD250_NIL": "inapplicable", "KOD500K": null, "KOD500_NIL": "inapplicable", "KOD1000K": null, "KOD1000_NI": "inapplicable", "KATZARZ": "gminna", "KATZA_NIL": null, "KLASADROGI": "lokalna", "KLDROG_NIL": null, "MATNAWIERZ": "masaBitumiczna", "MATNAW_NIL": null, "NAZWADROGI": null, "LJEZDNIDR": 1, "LJEZD_NIL": null, "NRODCIREF": null, "SZL_NUMER": "207012P", "SZLNR_NIL": null, "length": 525.23 }, "geometry": { "type": "MultiLineString", "coordinates": [ [ [ 1925943.447797812521458, 6973211.488195644691586 ], [ 1925952.931665907381102, 6973214.853435788303614 ], [ 1925981.695309103000909, 6973225.072803295217454 ], [ 1926037.200998418964446, 6973244.798721117898822 ], [ 1926039.321425683563575, 6973245.546837223693728 ], [ 1926079.15687780524604, 6973259.982822872698307 ], [ 1926102.326725961174816, 6973268.457516410388052 ], [ 1926117.526801541447639, 6973274.018360994756222 ], [ 1926156.866370462113991, 6973288.409019970335066 ], [ 1926176.232553189853206, 6973295.829699529334903 ], [ 1926195.319788329536095, 6973302.429594369605184 ], [ 1926213.49479633779265, 6973309.057677372358739 ], [ 1926235.223640552023426, 6973316.800056993030012 ], [ 1926273.70094762230292, 6973330.521795336157084 ], [ 1926306.113951015751809, 6973342.056090927682817 ], [ 1926312.441867275396362, 6973344.316073456779122 ], [ 1926344.541417769156396, 6973355.792962388135493 ], [ 1926356.569773469818756, 6973360.214936327189207 ], [ 1926369.501800270983949, 6973364.97397708427161 ], [ 1926399.917722726939246, 6973376.161581169813871 ], [ 1926443.824767511570826, 6973392.304018966853619 ], [ 1926462.47550386399962, 6973399.158860177733004 ], [ 1926483.459789459127933, 6973406.866409372538328 ], [ 1926512.993622329086065, 6973417.517693200148642 ], [ 1926522.016495371004567, 6973420.771739404648542 ], [ 1926560.938559147529304, 6973434.652316739782691 ], [ 1926595.417778085451573, 6973447.164901911281049 ], [ 1926600.611439974280074, 6973449.032324268482625 ], [ 1926631.513494061073288, 6973460.014651742763817 ], [ 1926663.039655724307522, 6973471.244241666980088 ], [ 1926693.825925002340227, 6973482.223618887364864 ], [ 1926725.286001987289637, 6973493.451429741457105 ], [ 1926762.400230045663193, 6973506.706879554316401 ] ] ] } },
{ "type": "Feature", "properties": { "TERYT": "3028", "LOKALNYID": "2EBDC9DC-48F8-7DB6-E053-CC2BA8C07DDB", "WERSJAID": "2021-10-29T00:00:00", "PNAZW": "PL.PZGiK.308.BDOT10k", "GMLID": "OT_SKDR_L.5659", "X_KOD": "SKDR08", "X_SKRKARTO": null, "X_SKRK_NIL": "inapplicable", "X_KATDOKG": "przyblizony", "X_DOKLGEOM": null, "X_ZRODLOG": "ortofotomapa", "X_ZRODLOA": "pomiarTerenowy", "X_KATIST": "eksploatowany", "X_KATI_NIL": null, "X_RODZREPG": "liniaUmowna", "X_UWAGI": null, "X_UZYTKOWN": "Uzytkownik30.xml", "X_AKTG": "2011-01-01", "X_AKTA": "2021-10-29", "POCZWERS": "2021-10-29", "KONIECWERS": null, "X_DATAUTW": "2012-11-13", "X_INFDOD": null, "KOD10K": null, "KOD10K_NIL": "inapplicable", "KOD25K": null, "KOD25K_NIL": "inapplicable", "KOD50K": null, "KOD50K_NIL": "inapplicable", "KOD100K": null, "KOD100_NIL": "inapplicable", "KOD250K": null, "KOD250_NIL": "inapplicable", "KOD500K": null, "KOD500_NIL": "inapplicable", "KOD1000K": null, "KOD1000_NI": "inapplicable", "KATZARZ": "zakladowa", "KATZA_NIL": null, "KLASADROGI": "inna", "KLDROG_NIL": null, "MATNAWIERZ": "plytyBetonowe", "MATNAW_NIL": null, "NAZWADROGI": null, "LJEZDNIDR": 1, "LJEZD_NIL": null, "NRODCIREF": null, "SZL_NUMER": null, "SZLNR_NIL": null, "length": 46.15 }, "geometry": { "type": "MultiLineString", "coordinates": [ [ [ 1927585.297474503982812, 6973468.867530959658325 ], [ 1927613.205766835948452, 6973397.497064625844359 ] ] ] } },
{ "type": "Feature", "properties": { "TERYT": "3028", "LOKALNYID": "2EBDC9DC-55C2-7DB6-E053-CC2BA8C07DDB", "WERSJAID": "2021-10-29T00:00:00", "PNAZW": "PL.PZGiK.308.BDOT10k", "GMLID": "OT_SKDR_L.7080", "X_KOD": "SKDR06", "X_SKRKARTO": null, "X_SKRK_NIL": "inapplicable", "X_KATDOKG": "dokladny", "X_DOKLGEOM": null, "X_ZRODLOG": "ortofotomapa", "X_ZRODLOA": "pomiarTerenowy", "X_KATIST": "eksploatowany", "X_KATI_NIL": null, "X_RODZREPG": "osGeometryczna", "X_UWAGI": null, "X_UZYTKOWN": "Uzytkownik30.xml", "X_AKTG": "2011-01-01", "X_AKTA": "2021-10-29", "POCZWERS": "2021-10-29", "KONIECWERS": null, "X_DATAUTW": "2012-11-13", "X_INFDOD": null, "KOD10K": null, "KOD10K_NIL": "inapplicable", "KOD25K": "0025_123", "KOD25K_NIL": null, "KOD50K": "0050_123", "KOD50K_NIL": null, "KOD100K": "0100_123", "KOD100_NIL": null, "KOD250K": null, "KOD250_NIL": "inapplicable", "KOD500K": null, "KOD500_NIL": "inapplicable", "KOD1000K": null, "KOD1000_NI": "inapplicable", "KATZARZ": "gminna", "KATZA_NIL": null, "KLASADROGI": "lokalna", "KLDROG_NIL": null, "MATNAWIERZ": "tluczen", "MATNAW_NIL": null, "NAZWADROGI": null, "LJEZDNIDR": 1, "LJEZD_NIL": null, "NRODCIREF": null, "SZL_NUMER": "207028P", "SZLNR_NIL": null, "length": 56.35 }, "geometry": { "type": "MultiLineString", "coordinates": [ [ [ 1923290.541087643941864, 6976073.711996635422111 ], [ 1923286.14063196349889, 6976082.298746172338724 ], [ 1923283.462227443465963, 6976087.519688700325787 ], [ 1923276.391019884962589, 6976102.391314723528922 ], [ 1923264.710742843803018, 6976126.941702553071082 ], [ 1923254.030156636377797, 6976155.43875140696764 ], [ 1923252.630730892764404, 6976159.17801455501467 ] ] ] } },
{ "type": "Feature", "properties": { "TERYT": "3028", "LOKALNYID": "2EBDC9DC-5461-7DB6-E053-CC2BA8C07DDB", "WERSJAID": "2021-10-29T00:00:00", "PNAZW": "PL.PZGiK.308.BDOT10k", "GMLID": "OT_SKDR_L.7659", "X_KOD": "SKDR08", "X_SKRKARTO": null, "X_SKRK_NIL": "inapplicable", "X_KATDOKG": "dokladny", "X_DOKLGEOM": null, "X_ZRODLOG": "ortofotomapa", "X_ZRODLOA": "pomiarTerenowy", "X_KATIST": "eksploatowany", "X_KATI_NIL": null, "X_RODZREPG": "osGeometryczna", "X_UWAGI": null, "X_UZYTKOWN": "Uzytkownik30.xml", "X_AKTG": "2011-01-01", "X_AKTA": "2021-10-29", "POCZWERS": "2021-10-29", "KONIECWERS": null, "X_DATAUTW": "2012-11-13", "X_INFDOD": null, "KOD10K": null, "KOD10K_NIL": "inapplicable", "KOD25K": "0025_127", "KOD25K_NIL": null, "KOD50K": "0050_127", "KOD50K_NIL": null, "KOD100K": "0100_127", "KOD100_NIL": null, "KOD250K": null, "KOD250_NIL": "inapplicable", "KOD500K": null, "KOD500_NIL": "inapplicable", "KOD1000K": null, "KOD1000_NI": "inapplicable", "KATZARZ": "inna", "KATZA_NIL": null, "KLASADROGI": "inna", "KLDROG_NIL": null, "MATNAWIERZ": "gruntNaturalny", "MATNAW_NIL": null, "NAZWADROGI": null, "LJEZDNIDR": 1, "LJEZD_NIL": null, "NRODCIREF": null, "SZL_NUMER": null, "SZLNR_NIL": null, "length": 57.04 }, "geometry": { "type": "MultiLineString", "coordinates": [ [ [ 1927814.127713823225349, 6973905.575149363838136 ], [ 1927825.109893243992701, 6973866.901562368497252 ], [ 1927832.630641658091918, 6973839.445728086866438 ], [ 1927843.95358047937043, 6973815.967445624060929 ] ] ] } },
{ "type": "Feature", "properties": { "TERYT": "3028", "LOKALNYID": "2EBDC9DC-3897-7DB6-E053-CC2BA8C07DDB", "WERSJAID": "2021-10-29T00:00:00", "PNAZW": "PL.PZGiK.308.BDOT10k", "GMLID": "OT_SKDR_L.1988", "X_KOD": "SKDR06", "X_SKRKARTO": null, "X_SKRK_NIL": "inapplicable", "X_KATDOKG": "dokladny", "X_DOKLGEOM": null, "X_ZRODLOG": "ortofotomapa", "X_ZRODLOA": "pomiarTerenowy", "X_KATIST": "eksploatowany", "X_KATI_NIL": null, "X_RODZREPG": "osGeometryczna", "X_UWAGI": null, "X_UZYTKOWN": "Uzytkownik30.xml", "X_AKTG": "2021-10-29", "X_AKTA": "2020-01-20", "POCZWERS": "2021-10-29", "KONIECWERS": null, "X_DATAUTW": "2012-11-13", "X_INFDOD": null, "KOD10K": null, "KOD10K_NIL": "inapplicable", "KOD25K": "0025_126", "KOD25K_NIL": null, "KOD50K": "0050_126", "KOD50K_NIL": null, "KOD100K": "0100_126", "KOD100_NIL": null, "KOD250K": null, "KOD250_NIL": "inapplicable", "KOD500K": null, "KOD500_NIL": "inapplicable", "KOD1000K": null, "KOD1000_NI": "inapplicable", "KATZARZ": "gminna", "KATZA_NIL": null, "KLASADROGI": "lokalna", "KLDROG_NIL": null, "MATNAWIERZ": "stabilizacjaZwiremLubZuzlem", "MATNAW_NIL": null, "NAZWADROGI": null, "LJEZDNIDR": 1, "LJEZD_NIL": null, "NRODCIREF": null, "SZL_NUMER": "207018P", "SZLNR_NIL": null, "length": 337.01 }, "geometry": { "type": "MultiLineString", "coordinates": [ [ [ 1926426.744639777811244, 6973870.463515356183052 ], [ 1926380.928589302813634, 6973853.626824899576604 ], [ 1926358.135818868875504, 6973845.244354614056647 ], [ 1926333.367147536017001, 6973835.602061504498124 ], [ 1926320.917156615760177, 6973830.754411143250763 ], [ 1926287.631323589943349, 6973819.59760507941246 ], [ 1926263.702852107118815, 6973811.586780436336994 ], [ 1926243.423933477839455, 6973804.858713974244893 ], [ 1926238.670759150059894, 6973803.283886518329382 ], [ 1926215.710784681607038, 6973795.678047931753099 ], [ 1926192.625258265994489, 6973787.072216141968966 ], [ 1926143.380781029351056, 6973768.757333107292652 ], [ 1926098.976111740339547, 6973752.56746793538332 ], [ 1926053.117732499726117, 6973736.176749938167632 ], [ 1926006.091982471756637, 6973719.392557872459292 ], [ 1925995.177624499425292, 6973715.511380237527192 ], [ 1925960.117635695729405, 6973703.015233008190989 ], [ 1925942.529702171683311, 6973696.76573346182704 ], [ 1925916.667941731167957, 6973690.63553284201771 ], [ 1925907.276140199508518, 6973689.664912546984851 ], [ 1925899.284901180770248, 6973688.345362595282495 ] ] ] } },
{ "type": "Feature", "properties": { "TERYT": "3028", "LOKALNYID": "2EBDC9DC-41F1-7DB6-E053-CC2BA8C07DDB", "WERSJAID": "2021-10-29T00:00:00", "PNAZW": "PL.PZGiK.308.BDOT10k", "GMLID": "OT_SKDR_L.5992", "X_KOD": "SKDR08", "X_SKRKARTO": null, "X_SKRK_NIL": "inapplicable", "X_KATDOKG": "dokladny", "X_DOKLGEOM": null, "X_ZRODLOG": "ortofotomapa", "X_ZRODLOA": "pomiarTerenowy", "X_KATIST": "eksploatowany", "X_KATI_NIL": null, "X_RODZREPG": "osGeometryczna", "X_UWAGI": null, "X_UZYTKOWN": "Uzytkownik30.xml", "X_AKTG": "2021-10-29", "X_AKTA": "2020-01-20", "POCZWERS": "2021-10-29", "KONIECWERS": null, "X_DATAUTW": "2012-11-13", "X_INFDOD": null, "KOD10K": null, "KOD10K_NIL": "inapplicable", "KOD25K": "0025_121", "KOD25K_NIL": null, "KOD50K": "0050_121", "KOD50K_NIL": null, "KOD100K": "0100_121", "KOD100_NIL": null, "KOD250K": null, "KOD250_NIL": "inapplicable", "KOD500K": null, "KOD500_NIL": "inapplicable", "KOD1000K": null, "KOD1000_NI": "inapplicable", "KATZARZ": "inna", "KATZA_NIL": null, "KLASADROGI": "inna", "KLDROG_NIL": null, "MATNAWIERZ": "masaBitumiczna", "MATNAW_NIL": null, "NAZWADROGI": null, "LJEZDNIDR": 1, "LJEZD_NIL": null, "NRODCIREF": null, "SZL_NUMER": null, "SZLNR_NIL": null, "length": 89.79 }, "geometry": { "type": "MultiLineString", "coordinates": [ [ [ 1926106.592807889450341, 6971946.85215978231281 ], [ 1926114.938276078552008, 6971956.967476138845086 ], [ 1926117.081145964795724, 6971959.559941009618342 ], [ 1926156.924666591454297, 6972007.816050814464688 ], [ 1926158.615721461363137, 6972008.487397626042366 ], [ 1926160.290605720598251, 6972009.141748580150306 ], [ 1926164.022529374342412, 6972008.299907733686268 ], [ 1926203.728029055520892, 6971982.312342241406441 ], [ 1926217.769650967791677, 6971977.163008723407984 ] ] ] } },
{ "type": "Feature", "properties": { "TERYT": "3028", "LOKALNYID": "2EBDC9DC-5060-7DB6-E053-CC2BA8C07DDB", "WERSJAID": "2021-10-29T00:00:00", "PNAZW": "PL.PZGiK.308.BDOT10k", "GMLID": "OT_SKDR_L.7005", "X_KOD": "SKDR08", "X_SKRKARTO": null, "X_SKRK_NIL": "inapplicable", "X_KATDOKG": "dokladny", "X_DOKLGEOM": null, "X_ZRODLOG": "ortofotomapa", "X_ZRODLOA": "pomiarTerenowy", "X_KATIST": "eksploatowany", "X_KATI_NIL": null, "X_RODZREPG": "osGeometryczna", "X_UWAGI": null, "X_UZYTKOWN": "Uzytkownik30.xml", "X_AKTG": "2021-10-29", "X_AKTA": "2021-10-29", "POCZWERS": "2021-10-29", "KONIECWERS": null, "X_DATAUTW": "2012-11-13", "X_INFDOD": null, "KOD10K": null, "KOD10K_NIL": "inapplicable", "KOD25K": "0025_127", "KOD25K_NIL": null, "KOD50K": "0050_127", "KOD50K_NIL": null, "KOD100K": "0100_127", "KOD100_NIL": null, "KOD250K": null, "KOD250_NIL": "inapplicable", "KOD500K": null, "KOD500_NIL": "inapplicable", "KOD1000K": null, "KOD1000_NI": "inapplicable", "KATZARZ": "inna", "KATZA_NIL": null, "KLASADROGI": "inna", "KLDROG_NIL": null, "MATNAWIERZ": "stabilizacjaZwiremLubZuzlem", "MATNAW_NIL": null, "NAZWADROGI": null, "LJEZDNIDR": 1, "LJEZD_NIL": null, "NRODCIREF": null, "SZL_NUMER": null, "SZLNR_NIL": null, "length": 448.42 }, "geometry": { "type": "MultiLineString", "coordinates": [ [ [ 1929727.863985932664946, 6972175.244766576215625 ], [ 1929750.281747666886076, 6972191.182493806816638 ], [ 1929801.399867861531675, 6972243.770391384139657 ], [ 1929881.225313833216205, 6972332.045227183960378 ], [ 1929902.074419329408556, 6972351.352033628150821 ], [ 1929920.118483993690461, 6972364.397038101218641 ], [ 1929930.58364500454627, 6972370.504503560252488 ], [ 1929942.854952784022316, 6972375.906326130963862 ], [ 1929958.557490435894579, 6972379.842814411967993 ], [ 1929976.355875728419051, 6972383.445845061913133 ], [ 1930041.126188127789646, 6972391.827470878139138 ], [ 1930113.972235930850729, 6972402.871319454163313 ], [ 1930148.192179271019995, 6972406.555984726175666 ], [ 1930162.187599938362837, 6972409.787956974469125 ], [ 1930167.885123263346031, 6972413.525162268429995 ], [ 1930171.917554897489026, 6972418.320201030001044 ], [ 1930175.966171699110419, 6972423.132229080423713 ], [ 1930202.73278003023006, 6972451.04841578938067 ], [ 1930225.198744983412325, 6972478.615674425847828 ], [ 1930235.730237456504256, 6972494.791963586583734 ], [ 1930251.216155707836151, 6972513.159811601042747 ], [ 1930274.411765922792256, 6972538.56771632283926 ], [ 1930280.281858692644164, 6972544.169592068530619 ], [ 1930301.52178975334391, 6972562.405040046200156 ], [ 1930306.779529455583543, 6972568.690478570759296 ], [ 1930309.878607038175687, 6972572.284352493472397 ], [ 1930311.575683538801968, 6972577.025278252549469 ] ] ] } },
{ "type": "Feature", "properties": { "TERYT": "3028", "LOKALNYID": "2EBDC9DC-53C3-7DB6-E053-CC2BA8C07DDB", "WERSJAID": "2021-10-29T00:00:00", "PNAZW": "PL.PZGiK.308.BDOT10k", "GMLID": "OT_SKDR_L.8233", "X_KOD": "SKDR06", "X_SKRKARTO": null, "X_SKRK_NIL": "inapplicable", "X_KATDOKG": "dokladny", "X_DOKLGEOM": null, "X_ZRODLOG": "ortofotomapa", "X_ZRODLOA": "pomiarTerenowy", "X_KATIST": "eksploatowany", "X_KATI_NIL": null, "X_RODZREPG": "osGeometryczna", "X_UWAGI": null, "X_UZYTKOWN": "Uzytkownik30.xml", "X_AKTG": "2021-10-29", "X_AKTA": "2020-01-20", "POCZWERS": "2021-10-29", "KONIECWERS": null, "X_DATAUTW": "2012-11-13", "X_INFDOD": null, "KOD10K": null, "KOD10K_NIL": "inapplicable", "KOD25K": "0025_121", "KOD25K_NIL": null, "KOD50K": "0050_121", "KOD50K_NIL": null, "KOD100K": "0100_121", "KOD100_NIL": null, "KOD250K": null, "KOD250_NIL": "inapplicable", "KOD500K": null, "KOD500_NIL": "inapplicable", "KOD1000K": null, "KOD1000_NI": "inapplicable", "KATZARZ": "gminna", "KATZA_NIL": null, "KLASADROGI": "lokalna", "KLDROG_NIL": null, "MATNAWIERZ": "masaBitumiczna", "MATNAW_NIL": null, "NAZWADROGI": null, "LJEZDNIDR": 1, "LJEZD_NIL": null, "NRODCIREF": null, "SZL_NUMER": "207003P", "SZLNR_NIL": null, "length": 298.5 }, "geometry": { "type": "MultiLineString", "coordinates": [ [ [ 1927376.44031545962207, 6972422.124837934039533 ], [ 1927371.361010638764128, 6972453.586841105483472 ], [ 1927365.898186331614852, 6972490.804734707809985 ], [ 1927362.993343084817752, 6972507.266544157639146 ], [ 1927354.142557357437909, 6972557.512856997549534 ], [ 1927349.319116899045184, 6972583.000555730424821 ], [ 1927341.92072623455897, 6972622.183684234507382 ], [ 1927336.76938380789943, 6972646.102180235087872 ], [ 1927332.43097140523605, 6972662.912644417025149 ], [ 1927328.911479303380474, 6972676.602450219914317 ], [ 1927327.942686322610825, 6972679.752838591113687 ], [ 1927316.759235995821655, 6972716.371811249293387 ], [ 1927288.689484656555578, 6972812.286753196269274 ], [ 1927284.103544336045161, 6972827.629679247736931 ], [ 1927278.707175294868648, 6972845.728075234219432 ], [ 1927277.267568327486515, 6972850.578674130141735 ], [ 1927261.458462225738913, 6972903.504097873345017 ] ] ] } },
{ "type": "Feature", "properties": { "TERYT": "3028", "LOKALNYID": "2EBDC9DC-3E15-7DB6-E053-CC2BA8C07DDB", "WERSJAID": "2021-10-29T00:00:00", "PNAZW": "PL.PZGiK.308.BDOT10k", "GMLID": "OT_SKDR_L.1481", "X_KOD": "SKDR06", "X_SKRKARTO": null, "X_SKRK_NIL": "inapplicable", "X_KATDOKG": "dokladny", "X_DOKLGEOM": null, "X_ZRODLOG": "ortofotomapa", "X_ZRODLOA": "pomiarTerenowy", "X_KATIST": "eksploatowany", "X_KATI_NIL": null, "X_RODZREPG": "osGeometryczna", "X_UWAGI": null, "X_UZYTKOWN": "Uzytkownik30.xml", "X_AKTG": "2021-10-29", "X_AKTA": "2020-01-20", "POCZWERS": "2021-10-29", "KONIECWERS": null, "X_DATAUTW": "2012-11-13", "X_INFDOD": null, "KOD10K": null, "KOD10K_NIL": "inapplicable", "KOD25K": "0025_126", "KOD25K_NIL": null, "KOD50K": "0050_126", "KOD50K_NIL": null, "KOD100K": "0100_126", "KOD100_NIL": null, "KOD250K": null, "KOD250_NIL": "inapplicable", "KOD500K": null, "KOD500_NIL": "inapplicable", "KOD1000K": null, "KOD1000_NI": "inapplicable", "KATZARZ": "gminna", "KATZA_NIL": null, "KLASADROGI": "lokalna", "KLDROG_NIL": null, "MATNAWIERZ": "gruntNaturalny", "MATNAW_NIL": null, "NAZWADROGI": null, "LJEZDNIDR": 1, "LJEZD_NIL": null, "NRODCIREF": null, "SZL_NUMER": "206015P", "SZLNR_NIL": null, "length": 534.11 }, "geometry": { "type": "MultiLineString", "coordinates": [ [ [ 1923676.82458558678627, 6969669.55850341077894 ], [ 1923681.558690493460745, 6969690.531236093491316 ], [ 1923684.141378241591156, 6969695.459258699789643 ], [ 1923684.832537718582898, 6969697.734482355415821 ], [ 1923685.539858565432951, 6969700.026702169328928 ], [ 1923690.838405122281983, 6969710.55025971122086 ], [ 1923715.156322993105277, 6969746.026674769818783 ], [ 1923728.647310207365081, 6969769.385382238775492 ], [ 1923739.648136069532484, 6969788.798150095157325 ], [ 1923744.486303992336616, 6969802.648903626017272 ], [ 1923750.708450447069481, 6969820.983790817670524 ], [ 1923756.460119360825047, 6969843.758334612473845 ], [ 1923765.123357041040435, 6969884.057760523632169 ], [ 1923782.692245910409838, 6969967.004750318825245 ], [ 1923795.3680683914572, 6970025.221678604371846 ], [ 1923812.163075010990724, 6970096.890978923998773 ], [ 1923821.945550217758864, 6970135.441350175067782 ], [ 1923827.182765875011683, 6970164.515629399567842 ], [ 1923836.992694171145558, 6970218.579429693520069 ], [ 1923843.802145364927128, 6970258.836167626082897 ], [ 1923848.506755505455658, 6970278.995791207067668 ], [ 1923852.651201030006632, 6970292.083280651830137 ], [ 1923860.870226059574634, 6970305.916268825531006 ], [ 1923886.048570937477052, 6970338.077010072767735 ], [ 1923912.538122440921143, 6970369.455401821993291 ], [ 1923935.10926710953936, 6970401.188318056985736 ], [ 1923955.365912147099152, 6970436.187623709440231 ], [ 1923979.066092900699005, 6970487.97842016723007 ] ] ] } },
{ "type": "Feature", "properties": { "TERYT": "3028", "LOKALNYID": "2EBDC9DC-361B-7DB6-E053-CC2BA8C07DDB", "WERSJAID": "2021-10-29T00:00:00", "PNAZW": "PL.PZGiK.308.BDOT10k", "GMLID": "OT_SKDR_L.1753", "X_KOD": "SKDR04", "X_SKRKARTO": null, "X_SKRK_NIL": "inapplicable", "X_KATDOKG": "dokladny", "X_DOKLGEOM": null, "X_ZRODLOG": "ortofotomapa", "X_ZRODLOA": "pomiarTerenowy", "X_KATIST": "eksploatowany", "X_KATI_NIL": null, "X_RODZREPG": "osGeometryczna", "X_UWAGI": null, "X_UZYTKOWN": "Uzytkownik30.xml", "X_AKTG": "2021-10-29", "X_AKTA": "2020-01-20", "POCZWERS": "2021-10-29", "KONIECWERS": null, "X_DATAUTW": "2012-11-13", "X_INFDOD": null, "KOD10K": null, "KOD10K_NIL": "inapplicable", "KOD25K": "0025_115", "KOD25K_NIL": null, "KOD50K": "0050_115", "KOD50K_NIL": null, "KOD100K": "0100_115", "KOD100_NIL": null, "KOD250K": null, "KOD250_NIL": "inapplicable", "KOD500K": null, "KOD500_NIL": "inapplicable", "KOD1000K": null, "KOD1000_NI": "inapplicable", "KATZARZ": "wojewodzka", "KATZA_NIL": null, "KLASADROGI": "glowna", "KLDROG_NIL": null, "MATNAWIERZ": "masaBitumiczna", "MATNAW_NIL": null, "NAZWADROGI": null, "LJEZDNIDR": 1, "LJEZD_NIL": null, "NRODCIREF": null, "SZL_NUMER": "194", "SZLNR_NIL": null, "length": 67.72 }, "geometry": { "type": "MultiLineString", "coordinates": [ [ [ 1925971.627357970690355, 6973048.486235251650214 ], [ 1925974.359135759761557, 6973035.973920492455363 ], [ 1925974.730416149599478, 6973034.28805831912905 ], [ 1925981.300045009469613, 6973010.85148177202791 ], [ 1925992.564495387021452, 6972973.885998657904565 ], [ 1926003.655470885336399, 6972940.754440739750862 ] ] ] } },
{ "type": "Feature", "properties": { "TERYT": "3028", "LOKALNYID": "2EBDC9DC-31AA-7DB6-E053-CC2BA8C07DDB", "WERSJAID": "2021-10-29T00:00:00", "PNAZW": "PL.PZGiK.308.BDOT10k", "GMLID": "OT_SKDR_L.232", "X_KOD": "SKDR08", "X_SKRKARTO": null, "X_SKRK_NIL": "inapplicable", "X_KATDOKG": "dokladny", "X_DOKLGEOM": null, "X_ZRODLOG": "ortofotomapa", "X_ZRODLOA": "pomiarTerenowy", "X_KATIST": "eksploatowany", "X_KATI_NIL": null, "X_RODZREPG": "osGeometryczna", "X_UWAGI": null, "X_UZYTKOWN": "Uzytkownik30.xml", "X_AKTG": "2011-01-01", "X_AKTA": "2021-10-29", "POCZWERS": "2021-10-29", "KONIECWERS": null, "X_DATAUTW": "2012-11-13", "X_INFDOD": null, "KOD10K": null, "KOD10K_NIL": "inapplicable", "KOD25K": "0025_127", "KOD25K_NIL": null, "KOD50K": "0050_127", "KOD50K_NIL": null, "KOD100K": "0100_127", "KOD100_NIL": null, "KOD250K": null, "KOD250_NIL": "inapplicable", "KOD500K": null, "KOD500_NIL": "inapplicable", "KOD1000K": null, "KOD1000_NI": "inapplicable", "KATZARZ": "inna", "KATZA_NIL": null, "KLASADROGI": "inna", "KLDROG_NIL": null, "MATNAWIERZ": "gruntNaturalny", "MATNAW_NIL": null, "NAZWADROGI": null, "LJEZDNIDR": 1, "LJEZD_NIL": null, "NRODCIREF": null, "SZL_NUMER": null, "SZLNR_NIL": null, "length": 73.66 }, "geometry": { "type": "MultiLineString", "coordinates": [ [ [ 1925617.765422834316269, 6972884.921892281621695 ], [ 1925632.942919072927907, 6972884.385486861690879 ], [ 1925655.516419938765466, 6972888.577094351872802 ], [ 1925738.21566265146248, 6972902.720212817192078 ] ] ] } },
{ "type": "Feature", "properties": { "TERYT": "3028", "LOKALNYID": "2EBDC9DC-31AB-7DB6-E053-CC2BA8C07DDB", "WERSJAID": "2021-10-29T00:00:00", "PNAZW": "PL.PZGiK.308.BDOT10k", "GMLID": "OT_SKDR_L.233", "X_KOD": "SKDR08", "X_SKRKARTO": null, "X_SKRK_NIL": "inapplicable", "X_KATDOKG": "dokladny", "X_DOKLGEOM": null, "X_ZRODLOG": "ortofotomapa", "X_ZRODLOA": "pomiarTerenowy", "X_KATIST": "eksploatowany", "X_KATI_NIL": null, "X_RODZREPG": "osGeometryczna", "X_UWAGI": null, "X_UZYTKOWN": "Uzytkownik30.xml", "X_AKTG": "2011-01-01", "X_AKTA": "2021-10-29", "POCZWERS": "2021-10-29", "KONIECWERS": null, "X_DATAUTW": "2012-11-13", "X_INFDOD": null, "KOD10K": null, "KOD10K_NIL": "inapplicable", "KOD25K": "0025_127", "KOD25K_NIL": null, "KOD50K": "0050_127", "KOD50K_NIL": null, "KOD100K": "0100_127", "KOD100_NIL": null, "KOD250K": null, "KOD250_NIL": "inapplicable", "KOD500K": null, "KOD500_NIL": "inapplicable", "KOD1000K": null, "KOD1000_NI": "inapplicable", "KATZARZ": "inna", "KATZA_NIL": null, "KLASADROGI": "inna", "KLDROG_NIL": null, "MATNAWIERZ": "gruntNaturalny", "MATNAW_NIL": null, "NAZWADROGI": null, "LJEZDNIDR": 1, "LJEZD_NIL": null, "NRODCIREF": null, "SZL_NUMER": null, "SZLNR_NIL": null, "length": 289.58 }, "geometry": { "type": "MultiLineString", "coordinates": [ [ [ 1926799.488279462326318, 6973946.955583826638758 ], [ 1926778.401244117878377, 6974065.513981502503157 ], [ 1926760.706801482243463, 6974125.065194203518331 ], [ 1926746.585880790837109, 6974184.90065776091069 ], [ 1926741.837468778481707, 6974204.961244598962367 ], [ 1926731.643847956554964, 6974256.382213517092168 ], [ 1926716.018820106983185, 6974335.043433854356408 ], [ 1926707.078831922262907, 6974364.161353227682412 ], [ 1926694.85220846044831, 6974416.017145213671029 ] ] ] } },
{ "type": "Feature", "properties": { "TERYT": "3028", "LOKALNYID": "2EBDC9DC-3D03-7DB6-E053-CC2BA8C07DDB", "WERSJAID": "2021-10-29T00:00:00", "PNAZW": "PL.PZGiK.308.BDOT10k", "GMLID": "OT_SKDR_L.442", "X_KOD": "SKDR04", "X_SKRKARTO": null, "X_SKRK_NIL": "inapplicable", "X_KATDOKG": "dokladny", "X_DOKLGEOM": null, "X_ZRODLOG": "ortofotomapa", "X_ZRODLOA": "pomiarTerenowy", "X_KATIST": "eksploatowany", "X_KATI_NIL": null, "X_RODZREPG": "osGeometryczna", "X_UWAGI": null, "X_UZYTKOWN": "Uzytkownik30.xml", "X_AKTG": "2021-10-29", "X_AKTA": "2020-01-20", "POCZWERS": "2021-10-29", "KONIECWERS": null, "X_DATAUTW": "2012-11-13", "X_INFDOD": null, "KOD10K": null, "KOD10K_NIL": "inapplicable", "KOD25K": "0025_115", "KOD25K_NIL": null, "KOD50K": "0050_115", "KOD50K_NIL": null, "KOD100K": "0100_115", "KOD100_NIL": null, "KOD250K": null, "KOD250_NIL": "inapplicable", "KOD500K": null, "KOD500_NIL": "inapplicable", "KOD1000K": null, "KOD1000_NI": "inapplicable", "KATZARZ": "wojewodzka", "KATZA_NIL": null, "KLASADROGI": "glowna", "KLDROG_NIL": null, "MATNAWIERZ": "masaBitumiczna", "MATNAW_NIL": null, "NAZWADROGI": null, "LJEZDNIDR": 1, "LJEZD_NIL": null, "NRODCIREF": null, "SZL_NUMER": "194", "SZLNR_NIL": null, "length": 97.46 }, "geometry": { "type": "MultiLineString", "coordinates": [ [ [ 1925912.643906106939539, 6972734.674563977867365 ], [ 1925883.307908454909921, 6972709.472961699590087 ], [ 1925868.021910018287599, 6972697.77954045496881 ], [ 1925844.091580743901432, 6972679.484609269537032 ], [ 1925818.317900178954005, 6972659.949694350361824 ], [ 1925807.298428747337312, 6972651.464281198568642 ], [ 1925802.236778412712738, 6972646.144020359031856 ], [ 1925799.054462293395773, 6972641.948273313231766 ], [ 1925796.706615193281323, 6972637.506525881588459 ], [ 1925795.170394001062959, 6972633.084054282866418 ], [ 1925794.193726449273527, 6972628.126624532975256 ] ] ] } },
{ "type": "Feature", "properties": { "TERYT": "3028", "LOKALNYID": "2EBDC9DC-4CD6-7DB6-E053-CC2BA8C07DDB", "WERSJAID": "2021-10-29T00:00:00", "PNAZW": "PL.PZGiK.308.BDOT10k", "GMLID": "OT_SKDR_L.8324", "X_KOD": "SKDR06", "X_SKRKARTO": null, "X_SKRK_NIL": "inapplicable", "X_KATDOKG": "dokladny", "X_DOKLGEOM": null, "X_ZRODLOG": "ortofotomapa", "X_ZRODLOA": "pomiarTerenowy", "X_KATIST": "eksploatowany", "X_KATI_NIL": null, "X_RODZREPG": "osGeometryczna", "X_UWAGI": null, "X_UZYTKOWN": "Uzytkownik30.xml", "X_AKTG": "2011-01-01", "X_AKTA": "2021-10-29", "POCZWERS": "2021-10-29", "KONIECWERS": null, "X_DATAUTW": "2012-11-13", "X_INFDOD": null, "KOD10K": null, "KOD10K_NIL": "inapplicable", "KOD25K": "0025_123", "KOD25K_NIL": null, "KOD50K": "0050_123", "KOD50K_NIL": null, "KOD100K": "0100_123", "KOD100_NIL": null, "KOD250K": null, "KOD250_NIL": "inapplicable", "KOD500K": null, "KOD500_NIL": "inapplicable", "KOD1000K": null, "KOD1000_NI": "inapplicable", "KATZARZ": "gminna", "KATZA_NIL": null, "KLASADROGI": "lokalna", "KLDROG_NIL": null, "MATNAWIERZ": "tluczen", "MATNAW_NIL": null, "NAZWADROGI": null, "LJEZDNIDR": 1, "LJEZD_NIL": null, "NRODCIREF": null, "SZL_NUMER": "207028P", "SZLNR_NIL": null, "length": 671.1 }, "geometry": { "type": "MultiLineString", "coordinates": [ [ [ 1924001.936716079246253, 6975223.709549416787922 ], [ 1923920.622164292493835, 6975295.132597020827234 ], [ 1923897.643427713075653, 6975315.305451188236475 ], [ 1923842.651295368792489, 6975368.796210519038141 ], [ 1923790.327738620107993, 6975416.035640937276185 ], [ 1923759.187777836574242, 6975442.61041602678597 ], [ 1923734.794848770834506, 6975467.120152367278934 ], [ 1923714.867602387210354, 6975489.294055447913706 ], [ 1923698.497547766659409, 6975508.993983963504434 ], [ 1923675.583957515656948, 6975536.796720714308321 ], [ 1923641.181688300799578, 6975581.209135183133185 ], [ 1923605.360520357033238, 6975629.476597327739 ], [ 1923602.233219302026555, 6975634.071629445999861 ], [ 1923574.10193115985021, 6975675.510429224930704 ], [ 1923544.443928946740925, 6975716.995751383714378 ], [ 1923527.719262860016897, 6975740.393645445816219 ], [ 1923486.703079683706164, 6975795.766440602019429 ], [ 1923476.110777962720022, 6975811.616734060458839 ], [ 1923450.696345854317769, 6975849.631088181398809 ], [ 1923392.843451333697885, 6975928.848473133519292 ], [ 1923332.916342243552208, 6976015.013603375293314 ], [ 1923307.632512882119045, 6976048.211613417603076 ], [ 1923293.4803756326437, 6976067.982096492312849 ], [ 1923290.541087643941864, 6976073.711996635422111 ] ] ] } },
{ "type": "Feature", "properties": { "TERYT": "3028", "LOKALNYID": "2EBDC9DC-31AC-7DB6-E053-CC2BA8C07DDB", "WERSJAID": "2021-10-29T00:00:00", "PNAZW": "PL.PZGiK.308.BDOT10k", "GMLID": "OT_SKDR_L.234", "X_KOD": "SKDR08", "X_SKRKARTO": null, "X_SKRK_NIL": "inapplicable", "X_KATDOKG": "dokladny", "X_DOKLGEOM": null, "X_ZRODLOG": "ortofotomapa", "X_ZRODLOA": "pomiarTerenowy", "X_KATIST": "eksploatowany", "X_KATI_NIL": null, "X_RODZREPG": "osGeometryczna", "X_UWAGI": null, "X_UZYTKOWN": "Uzytkownik30.xml", "X_AKTG": "2021-10-29", "X_AKTA": "2021-10-29", "POCZWERS": "2021-10-29", "KONIECWERS": null, "X_DATAUTW": "2012-11-13", "X_INFDOD": null, "KOD10K": null, "KOD10K_NIL": "inapplicable", "KOD25K": "0025_127", "KOD25K_NIL": null, "KOD50K": "0050_127", "KOD50K_NIL": null, "KOD100K": "0100_127", "KOD100_NIL": null, "KOD250K": null, "KOD250_NIL": "inapplicable", "KOD500K": null, "KOD500_NIL": "inapplicable", "KOD1000K": null, "KOD1000_NI": "inapplicable", "KATZARZ": "inna", "KATZA_NIL": null, "KLASADROGI": "inna", "KLDROG_NIL": null, "MATNAWIERZ": "gruntNaturalny", "MATNAW_NIL": null, "NAZWADROGI": null, "LJEZDNIDR": 1, "LJEZD_NIL": null, "NRODCIREF": null, "SZL_NUMER": null, "SZLNR_NIL": null, "length": 663.44 }, "geometry": { "type": "MultiLineString", "coordinates": [ [ [ 1923284.258622812572867, 6973550.576774414628744 ], [ 1923295.63479340611957, 6973562.797110117040575 ], [ 1923298.302351186983287, 6973566.300722101703286 ], [ 1923312.505691709928215, 6973582.975605295039713 ], [ 1923318.647235850337893, 6973599.223915285430849 ], [ 1923318.115139120956883, 6973607.602017218247056 ], [ 1923316.775427633663639, 6973621.327562199905515 ], [ 1923313.508085153298452, 6973660.179601487703621 ], [ 1923311.573920950293541, 6973698.731588205322623 ], [ 1923310.321970716584474, 6973742.019099464640021 ], [ 1923310.794799180468544, 6973752.731147726066411 ], [ 1923311.920878192177042, 6973808.156045484356582 ], [ 1923312.093540495727211, 6973816.867027908563614 ], [ 1923313.4944010109175, 6973856.663142790086567 ], [ 1923317.027548465179279, 6973890.479059655219316 ], [ 1923325.52367430459708, 6973948.24235668964684 ], [ 1923333.172512027667835, 6974013.014448778703809 ], [ 1923340.880702394526452, 6974069.081371622160077 ], [ 1923349.413845567498356, 6974103.849287737160921 ], [ 1923354.833832162432373, 6974129.486326400190592 ], [ 1923355.199122998164967, 6974141.924443339928985 ], [ 1923347.611809079768136, 6974207.511333996430039 ], [ 1923341.235072165261954, 6974264.071599171496928 ], [ 1923341.238523209700361, 6974277.082816198468208 ], [ 1923343.614226980833337, 6974281.709659389220178 ], [ 1923348.506788489641622, 6974287.144821846857667 ], [ 1923354.333862320054322, 6974290.242842 ], [ 1923374.557661126833409, 6974295.764308135025203 ], [ 1923441.729191953781992, 6974311.554164560511708 ], [ 1923552.488211038289592, 6974340.205890015698969 ], [ 1923616.843602736713365, 6974353.866139398887753 ], [ 1923684.96652216068469, 6974365.954647043719888 ] ] ] } },
{ "type": "Feature", "properties": { "TERYT": "3028", "LOKALNYID": "2EBDC9DC-5212-7DB6-E053-CC2BA8C07DDB", "WERSJAID": "2021-10-29T00:00:00", "PNAZW": "PL.PZGiK.308.BDOT10k", "GMLID": "OT_SKDR_L.7630", "X_KOD": "SKDR08", "X_SKRKARTO": null, "X_SKRK_NIL": "inapplicable", "X_KATDOKG": "dokladny", "X_DOKLGEOM": null, "X_ZRODLOG": "ortofotomapa", "X_ZRODLOA": "pomiarTerenowy", "X_KATIST": "eksploatowany", "X_KATI_NIL": null, "X_RODZREPG": "osGeometryczna", "X_UWAGI": null, "X_UZYTKOWN": "Uzytkownik30.xml", "X_AKTG": "2011-01-01", "X_AKTA": "2021-10-29", "POCZWERS": "2021-10-29", "KONIECWERS": null, "X_DATAUTW": "2012-11-13", "X_INFDOD": null, "KOD10K": null, "KOD10K_NIL": "inapplicable", "KOD25K": "0025_127", "KOD25K_NIL": null, "KOD50K": "0050_127", "KOD50K_NIL": null, "KOD100K": "0100_127", "KOD100_NIL": null, "KOD250K": null, "KOD250_NIL": "inapplicable", "KOD500K": null, "KOD500_NIL": "inapplicable", "KOD1000K": null, "KOD1000_NI": "inapplicable", "KATZARZ": "inna", "KATZA_NIL": null, "KLASADROGI": "inna", "KLDROG_NIL": null, "MATNAWIERZ": "stabilizacjaZwiremLubZuzlem", "MATNAW_NIL": null, "NAZWADROGI": null, "LJEZDNIDR": 1, "LJEZD_NIL": null, "NRODCIREF": null, "SZL_NUMER": null, "SZLNR_NIL": null, "length": 9.6 }, "geometry": { "type": "MultiLineString", "coordinates": [ [ [ 1930311.575683538801968, 6972577.025278252549469 ], [ 1930311.831695784348994, 6972581.732802150771022 ], [ 1930311.342523811385036, 6972584.977689044550061 ], [ 1930310.16674747178331, 6972592.841803658753633 ] ] ] } },
{ "type": "Feature", "properties": { "TERYT": "3028", "LOKALNYID": "2EBDC9DC-3B74-7DB6-E053-CC2BA8C07DDB", "WERSJAID": "2021-10-29T00:00:00", "PNAZW": "PL.PZGiK.308.BDOT10k", "GMLID": "OT_SKDR_L.629", "X_KOD": "SKDR08", "X_SKRKARTO": null, "X_SKRK_NIL": "inapplicable", "X_KATDOKG": "dokladny", "X_DOKLGEOM": null, "X_ZRODLOG": "ortofotomapa", "X_ZRODLOA": "pomiarTerenowy", "X_KATIST": "eksploatowany", "X_KATI_NIL": null, "X_RODZREPG": "osGeometryczna", "X_UWAGI": null, "X_UZYTKOWN": "Uzytkownik30.xml", "X_AKTG": "2011-01-01", "X_AKTA": "2021-10-29", "POCZWERS": "2021-10-29", "KONIECWERS": null, "X_DATAUTW": "2012-11-13", "X_INFDOD": null, "KOD10K": null, "KOD10K_NIL": "inapplicable", "KOD25K": "0025_121", "KOD25K_NIL": null, "KOD50K": "0050_121", "KOD50K_NIL": null, "KOD100K": "0100_121", "KOD100_NIL": null, "KOD250K": null, "KOD250_NIL": "inapplicable", "KOD500K": null, "KOD500_NIL": "inapplicable", "KOD1000K": null, "KOD1000_NI": "inapplicable", "KATZARZ": "zakladowa", "KATZA_NIL": null, "KLASADROGI": "inna", "KLDROG_NIL": null, "MATNAWIERZ": "masaBitumiczna", "MATNAW_NIL": null, "NAZWADROGI": null, "LJEZDNIDR": 1, "LJEZD_NIL": null, "NRODCIREF": null, "SZL_NUMER": null, "SZLNR_NIL": null, "length": 134.6 }, "geometry": { "type": "MultiLineString", "coordinates": [ [ [ 1926082.262276086723432, 6974185.508880319073796 ], [ 1926104.155937045812607, 6974183.552134791389108 ], [ 1926131.515728005673736, 6974188.08915339037776 ], [ 1926145.505987549433485, 6974192.309152121655643 ], [ 1926147.924713998800144, 6974194.476825216785073 ], [ 1926149.970069583039731, 6974197.715740368701518 ], [ 1926149.820412748958915, 6974204.059820081107318 ], [ 1926146.637314693070948, 6974219.537732206285 ], [ 1926117.230277362279594, 6974346.027032982558012 ] ] ] } },
{ "type": "Feature", "properties": { "TERYT": "3028", "LOKALNYID": "2EBDC9DC-5853-7DB6-E053-CC2BA8C07DDB", "WERSJAID": "2021-10-29T00:00:00", "PNAZW": "PL.PZGiK.308.BDOT10k", "GMLID": "OT_SKDR_L.8102", "X_KOD": "SKDR08", "X_SKRKARTO": null, "X_SKRK_NIL": "inapplicable", "X_KATDOKG": "dokladny", "X_DOKLGEOM": null, "X_ZRODLOG": "ortofotomapa", "X_ZRODLOA": "pomiarTerenowy", "X_KATIST": "eksploatowany", "X_KATI_NIL": null, "X_RODZREPG": "osGeometryczna", "X_UWAGI": null, "X_UZYTKOWN": "Uzytkownik30.xml", "X_AKTG": "2011-01-01", "X_AKTA": "2021-10-29", "POCZWERS": "2021-10-29", "KONIECWERS": null, "X_DATAUTW": "2012-11-13", "X_INFDOD": null, "KOD10K": null, "KOD10K_NIL": "inapplicable", "KOD25K": "0025_127", "KOD25K_NIL": null, "KOD50K": "0050_127", "KOD50K_NIL": null, "KOD100K": "0100_127", "KOD100_NIL": null, "KOD250K": null, "KOD250_NIL": "inapplicable", "KOD500K": null, "KOD500_NIL": "inapplicable", "KOD1000K": null, "KOD1000_NI": "inapplicable", "KATZARZ": "inna", "KATZA_NIL": null, "KLASADROGI": "inna", "KLDROG_NIL": null, "MATNAWIERZ": "gruntNaturalny", "MATNAW_NIL": null, "NAZWADROGI": null, "LJEZDNIDR": 1, "LJEZD_NIL": null, "NRODCIREF": null, "SZL_NUMER": null, "SZLNR_NIL": null, "length": 529.44 }, "geometry": { "type": "MultiLineString", "coordinates": [ [ [ 1928463.650087793590501, 6973627.140594250522554 ], [ 1928330.500129493651912, 6973583.180880839005113 ], [ 1928299.347512237494811, 6973575.007148558273911 ], [ 1928287.660221646307036, 6973573.669861252419651 ], [ 1928270.949691483052447, 6973571.666511897929013 ], [ 1928263.593462223187089, 6973570.115006798878312 ], [ 1928261.077477090759203, 6973569.258490961976349 ], [ 1928259.305794341722503, 6973568.46926707867533 ], [ 1928257.483820399735123, 6973566.283164390362799 ], [ 1928255.493930124677718, 6973560.637109640985727 ], [ 1928248.597205624915659, 6973547.914169336669147 ], [ 1928240.596129914280027, 6973537.059511479921639 ], [ 1928234.028088129591197, 6973530.143071698024869 ], [ 1928227.605275468435138, 6973523.396190844476223 ], [ 1928205.372712643817067, 6973506.591891000978649 ], [ 1928167.715273131150752, 6973481.001889112405479 ], [ 1928158.074851805344224, 6973472.218932514078915 ], [ 1928139.133152478607371, 6973451.487456195056438 ], [ 1928108.709005063632503, 6973408.587841149419546 ], [ 1928087.896454815519974, 6973379.970190922729671 ], [ 1928072.380105274729431, 6973360.91419511847198 ], [ 1928060.795555006712675, 6973347.383581666275859 ], [ 1928054.745507680112496, 6973341.010988620109856 ], [ 1928048.438520096708089, 6973337.12461653817445 ], [ 1928039.948738645995036, 6973335.862032819539309 ], [ 1928024.888328163651749, 6973334.196013791486621 ], [ 1927999.924281212734058, 6973331.483381538651884 ], [ 1927981.644735899521038, 6973327.847613436169922 ], [ 1927950.446619875496253, 6973318.840946359559894 ], [ 1927904.539269116008654, 6973300.948673015460372 ], [ 1927864.068493790924549, 6973281.638688416220248 ], [ 1927809.606800979701802, 6973253.925015772692859 ], [ 1927778.379824000876397, 6973239.085276023484766 ], [ 1927763.599992069881409, 6973233.936266545206308 ], [ 1927749.786747519625351, 6973232.814114634878933 ], [ 1927721.072498691966757, 6973233.850513394922018 ] ] ] } },
{ "type": "Feature", "properties": { "TERYT": "3028", "LOKALNYID": "2EBDC9DC-3C8B-7DB6-E053-CC2BA8C07DDB", "WERSJAID": "2021-10-29T00:00:00", "PNAZW": "PL.PZGiK.308.BDOT10k", "GMLID": "OT_SKDR_L.1843", "X_KOD": "SKDR06", "X_SKRKARTO": null, "X_SKRK_NIL": "inapplicable", "X_KATDOKG": "dokladny", "X_DOKLGEOM": null, "X_ZRODLOG": "ortofotomapa", "X_ZRODLOA": "pomiarTerenowy", "X_KATIST": "eksploatowany", "X_KATI_NIL": null, "X_RODZREPG": "osGeometryczna", "X_UWAGI": null, "X_UZYTKOWN": "Uzytkownik30.xml", "X_AKTG": "2021-10-29", "X_AKTA": "2021-10-29", "POCZWERS": "2021-10-29", "KONIECWERS": null, "X_DATAUTW": "2012-11-13", "X_INFDOD": null, "KOD10K": null, "KOD10K_NIL": "inapplicable", "KOD25K": "0025_123", "KOD25K_NIL": null, "KOD50K": "0050_123", "KOD50K_NIL": null, "KOD100K": "0100_123", "KOD100_NIL": null, "KOD250K": null, "KOD250_NIL": "inapplicable", "KOD500K": null, "KOD500_NIL": "inapplicable", "KOD1000K": null, "KOD1000_NI": "inapplicable", "KATZARZ": "gminna", "KATZA_NIL": null, "KLASADROGI": "lokalna", "KLDROG_NIL": null, "MATNAWIERZ": "zwir", "MATNAW_NIL": null, "NAZWADROGI": null, "LJEZDNIDR": 1, "LJEZD_NIL": null, "NRODCIREF": null, "SZL_NUMER": "206015P", "SZLNR_NIL": null, "length": 740.47 }, "geometry": { "type": "MultiLineString", "coordinates": [ [ [ 1923979.066092900699005, 6970487.97842016723007 ], [ 1924004.773462422192097, 6970543.156058631837368 ], [ 1924018.274461110122502, 6970566.88221323210746 ], [ 1924029.387447863584384, 6970582.362746123224497 ], [ 1924038.362342444946989, 6970593.70613573025912 ], [ 1924048.818505119998008, 6970605.467044369317591 ], [ 1924074.221896052593365, 6970626.870806805789471 ], [ 1924095.365440555615351, 6970642.093402659520507 ], [ 1924105.155445820186287, 6970649.137847174890339 ], [ 1924151.632699611596763, 6970685.92849709559232 ], [ 1924192.529934944584966, 6970720.492605768144131 ], [ 1924246.984914877684787, 6970770.894737986847758 ], [ 1924328.643251280998811, 6970843.042373446747661 ], [ 1924370.220938734011725, 6970879.017751408740878 ], [ 1924407.195474305422977, 6970911.394853354431689 ], [ 1924451.327263044193387, 6970947.995942121371627 ], [ 1924510.139112564967945, 6971000.661187316291034 ], [ 1924578.179298367584124, 6971057.583193904720247 ], [ 1924614.026250646449625, 6971089.368336130864918 ], [ 1924652.04325447184965, 6971123.979232810437679 ], [ 1924697.802189147099853, 6971164.721583842299879 ], [ 1924760.634015502175316, 6971218.495625608600676 ], [ 1924788.806512795621529, 6971241.376726031303406 ], [ 1924812.686366154579446, 6971264.304829611442983 ], [ 1924831.128465201938525, 6971283.166381412185729 ], [ 1924846.22336745983921, 6971299.938141208142042 ], [ 1924855.268439670093358, 6971311.897879740223289 ], [ 1924862.94846308673732, 6971327.612341285683215 ] ] ] } },
{ "type": "Feature", "properties": { "TERYT": "3028", "LOKALNYID": "2EBDC9DC-49CD-7DB6-E053-CC2BA8C07DDB", "WERSJAID": "2021-10-29T00:00:00", "PNAZW": "PL.PZGiK.308.BDOT10k", "GMLID": "OT_SKDR_L.6108", "X_KOD": "SKDR08", "X_SKRKARTO": null, "X_SKRK_NIL": "inapplicable", "X_KATDOKG": "dokladny", "X_DOKLGEOM": null, "X_ZRODLOG": "ortofotomapa", "X_ZRODLOA": "pomiarTerenowy", "X_KATIST": "eksploatowany", "X_KATI_NIL": null, "X_RODZREPG": "osGeometryczna", "X_UWAGI": null, "X_UZYTKOWN": "Uzytkownik30.xml", "X_AKTG": "2011-01-01", "X_AKTA": "2021-10-29", "POCZWERS": "2021-10-29", "KONIECWERS": null, "X_DATAUTW": "2012-11-13", "X_INFDOD": null, "KOD10K": null, "KOD10K_NIL": "inapplicable", "KOD25K": "0025_127", "KOD25K_NIL": null, "KOD50K": "0050_127", "KOD50K_NIL": null, "KOD100K": "0100_127", "KOD100_NIL": null, "KOD250K": null, "KOD250_NIL": "inapplicable", "KOD500K": null, "KOD500_NIL": "inapplicable", "KOD1000K": null, "KOD1000_NI": "inapplicable", "KATZARZ": "zakladowa", "KATZA_NIL": null, "KLASADROGI": "inna", "KLDROG_NIL": null, "MATNAWIERZ": "stabilizacjaZwiremLubZuzlem", "MATNAW_NIL": null, "NAZWADROGI": null, "LJEZDNIDR": 1, "LJEZD_NIL": null, "NRODCIREF": null, "SZL_NUMER": null, "SZLNR_NIL": null, "length": 66.88 }, "geometry": { "type": "MultiLineString", "coordinates": [ [ [ 1925820.589827351504937, 6974165.158402720466256 ], [ 1925834.679754900047556, 6974170.062591630034149 ], [ 1925866.543193354038522, 6974181.121531565673649 ], [ 1925892.188014894491062, 6974184.571798406541348 ], [ 1925909.148422495927662, 6974189.361220400780439 ], [ 1925925.044116091448814, 6974199.226703589782119 ] ] ] } },
{ "type": "Feature", "properties": { "TERYT": "3028", "LOKALNYID": "2EBDC9DC-5124-7DB6-E053-CC2BA8C07DDB", "WERSJAID": "2021-10-29T00:00:00", "PNAZW": "PL.PZGiK.308.BDOT10k", "GMLID": "OT_SKDR_L.7013", "X_KOD": "SKDR08", "X_SKRKARTO": null, "X_SKRK_NIL": "inapplicable", "X_KATDOKG": "dokladny", "X_DOKLGEOM": null, "X_ZRODLOG": "ortofotomapa", "X_ZRODLOA": "pomiarTerenowy", "X_KATIST": "eksploatowany", "X_KATI_NIL": null, "X_RODZREPG": "osGeometryczna", "X_UWAGI": null, "X_UZYTKOWN": "Uzytkownik30.xml", "X_AKTG": "2021-10-29", "X_AKTA": "2021-10-29", "POCZWERS": "2021-10-29", "KONIECWERS": null, "X_DATAUTW": "2012-11-13", "X_INFDOD": null, "KOD10K": null, "KOD10K_NIL": "inapplicable", "KOD25K": "0025_127", "KOD25K_NIL": null, "KOD50K": "0050_127", "KOD50K_NIL": null, "KOD100K": "0100_127", "KOD100_NIL": null, "KOD250K": null, "KOD250_NIL": "inapplicable", "KOD500K": null, "KOD500_NIL": "inapplicable", "KOD1000K": null, "KOD1000_NI": "inapplicable", "KATZARZ": "inna", "KATZA_NIL": null, "KLASADROGI": "inna", "KLDROG_NIL": null, "MATNAWIERZ": "gruntNaturalny", "MATNAW_NIL": null, "NAZWADROGI": null, "LJEZDNIDR": 1, "LJEZD_NIL": null, "NRODCIREF": null, "SZL_NUMER": null, "SZLNR_NIL": null, "length": 171.28 }, "geometry": { "type": "MultiLineString", "coordinates": [ [ [ 1927950.591996354050934, 6970924.884214009158313 ], [ 1927988.055263647111133, 6970953.984021443873644 ], [ 1928031.419727488420904, 6970985.830015804618597 ], [ 1928155.723103390308097, 6971067.561253068037331 ], [ 1928182.663934325566515, 6971088.224994615651667 ] ] ] } },
{ "type": "Feature", "properties": { "TERYT": "3028", "LOKALNYID": "2EBDC9DC-5064-7DB6-E053-CC2BA8C07DDB", "WERSJAID": "2021-10-29T00:00:00", "PNAZW": "PL.PZGiK.308.BDOT10k", "GMLID": "OT_SKDR_L.7009", "X_KOD": "SKDR08", "X_SKRKARTO": null, "X_SKRK_NIL": "inapplicable", "X_KATDOKG": "dokladny", "X_DOKLGEOM": null, "X_ZRODLOG": "ortofotomapa", "X_ZRODLOA": "pomiarTerenowy", "X_KATIST": "eksploatowany", "X_KATI_NIL": null, "X_RODZREPG": "osGeometryczna", "X_UWAGI": null, "X_UZYTKOWN": "Uzytkownik30.xml", "X_AKTG": "2021-10-29", "X_AKTA": "2021-10-29", "POCZWERS": "2021-10-29", "KONIECWERS": null, "X_DATAUTW": "2012-11-13", "X_INFDOD": null, "KOD10K": null, "KOD10K_NIL": "inapplicable", "KOD25K": "0025_127", "KOD25K_NIL": null, "KOD50K": "0050_127", "KOD50K_NIL": null, "KOD100K": "0100_127", "KOD100_NIL": null, "KOD250K": null, "KOD250_NIL": "inapplicable", "KOD500K": null, "KOD500_NIL": "inapplicable", "KOD1000K": null, "KOD1000_NI": "inapplicable", "KATZARZ": "inna", "KATZA_NIL": null, "KLASADROGI": "inna", "KLDROG_NIL": null, "MATNAWIERZ": "gruntNaturalny", "MATNAW_NIL": null, "NAZWADROGI": null, "LJEZDNIDR": 1, "LJEZD_NIL": null, "NRODCIREF": null, "SZL_NUMER": null, "SZLNR_NIL": null, "length": 80.63 }, "geometry": { "type": "MultiLineString", "coordinates": [ [ [ 1927396.618319774279371, 6970946.393242655321956 ], [ 1927401.07226510415785, 6970955.019078761339188 ], [ 1927403.613052559550852, 6970964.679538293741643 ], [ 1927404.922913922462612, 6970983.031356104649603 ], [ 1927396.950526628177613, 6971064.466375987045467 ], [ 1927398.780195422237739, 6971078.312643618322909 ] ] ] } },
{ "type": "Feature", "properties": { "TERYT": "3028", "LOKALNYID": "2EBDC9DC-345B-7DB6-E053-CC2BA8C07DDB", "WERSJAID": "2021-10-29T00:00:00", "PNAZW": "PL.PZGiK.308.BDOT10k", "GMLID": "OT_SKDR_L.1131", "X_KOD": "SKDR06", "X_SKRKARTO": null, "X_SKRK_NIL": "inapplicable", "X_KATDOKG": "dokladny", "X_DOKLGEOM": null, "X_ZRODLOG": "ortofotomapa", "X_ZRODLOA": "pomiarTerenowy", "X_KATIST": "eksploatowany", "X_KATI_NIL": null, "X_RODZREPG": "osGeometryczna", "X_UWAGI": null, "X_UZYTKOWN": "Uzytkownik30.xml", "X_AKTG": "2021-10-29", "X_AKTA": "2020-01-20", "POCZWERS": "2021-10-29", "KONIECWERS": null, "X_DATAUTW": "2012-11-13", "X_INFDOD": null, "KOD10K": null, "KOD10K_NIL": "inapplicable", "KOD25K": "0025_121", "KOD25K_NIL": null, "KOD50K": "0050_121", "KOD50K_NIL": null, "KOD100K": "0100_121", "KOD100_NIL": null, "KOD250K": null, "KOD250_NIL": "inapplicable", "KOD500K": null, "KOD500_NIL": "inapplicable", "KOD1000K": null, "KOD1000_NI": "inapplicable", "KATZARZ": "gminna", "KATZA_NIL": null, "KLASADROGI": "lokalna", "KLDROG_NIL": null, "MATNAWIERZ": "masaBitumiczna", "MATNAW_NIL": null, "NAZWADROGI": null, "LJEZDNIDR": 1, "LJEZD_NIL": null, "NRODCIREF": null, "SZL_NUMER": "207017P", "SZLNR_NIL": null, "length": 130.97 }, "geometry": { "type": "MultiLineString", "coordinates": [ [ [ 1926544.317144584143534, 6972734.638687757775187 ], [ 1926547.219847573200241, 6972733.129036721773446 ], [ 1926553.979318363359198, 6972730.414732562378049 ], [ 1926554.843382159247994, 6972730.318873204290867 ], [ 1926561.3228829940781, 6972729.641436403617263 ], [ 1926568.990692056016997, 6972729.174850095063448 ], [ 1926576.935311263427138, 6972730.326339327730238 ], [ 1926586.011908113257959, 6972731.96977617405355 ], [ 1926624.479858147911727, 6972741.767766011878848 ], [ 1926665.204680981580168, 6972752.150572673417628 ], [ 1926680.855782206403092, 6972756.125725345686078 ], [ 1926693.704675595741719, 6972759.45313541777432 ], [ 1926728.035612218547612, 6972768.288956654258072 ], [ 1926754.722651675809175, 6972775.166354232467711 ] ] ] } },
{ "type": "Feature", "properties": { "TERYT": "3028", "LOKALNYID": "2EBDC9DC-348F-7DB6-E053-CC2BA8C07DDB", "WERSJAID": "2021-10-29T00:00:00", "PNAZW": "PL.PZGiK.308.BDOT10k", "GMLID": "OT_SKDR_L.1926", "X_KOD": "SKDR06", "X_SKRKARTO": null, "X_SKRK_NIL": "inapplicable", "X_KATDOKG": "dokladny", "X_DOKLGEOM": null, "X_ZRODLOG": "ortofotomapa", "X_ZRODLOA": "pomiarTerenowy", "X_KATIST": "eksploatowany", "X_KATI_NIL": null, "X_RODZREPG": "osGeometryczna", "X_UWAGI": null, "X_UZYTKOWN": "Uzytkownik30.xml", "X_AKTG": "2021-10-29", "X_AKTA": "2020-01-20", "POCZWERS": "2021-10-29", "KONIECWERS": null, "X_DATAUTW": "2012-11-13", "X_INFDOD": null, "KOD10K": null, "KOD10K_NIL": "inapplicable", "KOD25K": "0025_126", "KOD25K_NIL": null, "KOD50K": "0050_126", "KOD50K_NIL": null, "KOD100K": "0100_126", "KOD100_NIL": null, "KOD250K": null, "KOD250_NIL": "inapplicable", "KOD500K": null, "KOD500_NIL": "inapplicable", "KOD1000K": null, "KOD1000_NI": "inapplicable", "KATZARZ": "gminna", "KATZA_NIL": null, "KLASADROGI": "lokalna", "KLDROG_NIL": null, "MATNAWIERZ": "stabilizacjaZwiremLubZuzlem", "MATNAW_NIL": null, "NAZWADROGI": null, "LJEZDNIDR": 1, "LJEZD_NIL": null, "NRODCIREF": null, "SZL_NUMER": "207009P", "SZLNR_NIL": null, "length": 48.3 }, "geometry": { "type": "MultiLineString", "coordinates": [ [ [ 1926753.392827867530286, 6973534.507629548199475 ], [ 1926755.925200163153931, 6973535.365006746724248 ], [ 1926774.590209890855476, 6973541.638029550202191 ], [ 1926829.269135787617415, 6973560.043621761724353 ] ] ] } },
{ "type": "Feature", "properties": { "TERYT": "3028", "LOKALNYID": "2EBDC9DC-3184-7DB6-E053-CC2BA8C07DDB", "WERSJAID": "2021-10-29T00:00:00", "PNAZW": "PL.PZGiK.308.BDOT10k", "GMLID": "OT_SKDR_L.219", "X_KOD": "SKDR08", "X_SKRKARTO": null, "X_SKRK_NIL": "inapplicable", "X_KATDOKG": "dokladny", "X_DOKLGEOM": null, "X_ZRODLOG": "ortofotomapa", "X_ZRODLOA": "pomiarTerenowy", "X_KATIST": "eksploatowany", "X_KATI_NIL": null, "X_RODZREPG": "osGeometryczna", "X_UWAGI": null, "X_UZYTKOWN": "Uzytkownik30.xml", "X_AKTG": "2021-10-29", "X_AKTA": "2020-01-20", "POCZWERS": "2021-10-29", "KONIECWERS": null, "X_DATAUTW": "2012-11-13", "X_INFDOD": null, "KOD10K": null, "KOD10K_NIL": "inapplicable", "KOD25K": "0025_121", "KOD25K_NIL": null, "KOD50K": "0050_121", "KOD50K_NIL": null, "KOD100K": "0100_121", "KOD100_NIL": null, "KOD250K": null, "KOD250_NIL": "inapplicable", "KOD500K": null, "KOD500_NIL": "inapplicable", "KOD1000K": null, "KOD1000_NI": "inapplicable", "KATZARZ": "inna", "KATZA_NIL": null, "KLASADROGI": "inna", "KLDROG_NIL": null, "MATNAWIERZ": "kostkaPrefabrykowana", "MATNAW_NIL": null, "NAZWADROGI": null, "LJEZDNIDR": 1, "LJEZD_NIL": null, "NRODCIREF": null, "SZL_NUMER": null, "SZLNR_NIL": null, "length": 100.74 }, "geometry": { "type": "MultiLineString", "coordinates": [ [ [ 1925885.161937388824299, 6971944.789110624231398 ], [ 1925907.836436686338857, 6971929.861339550465345 ], [ 1925948.62879752763547, 6971915.413271771743894 ], [ 1925964.347960265818983, 6971915.719776257872581 ], [ 1925976.575572036439553, 6971931.957509598694742 ], [ 1926005.937689723446965, 6971974.898823113180697 ], [ 1926010.775332144461572, 6971981.974098302423954 ] ] ] } },
{ "type": "Feature", "properties": { "TERYT": "3028", "LOKALNYID": "2EBDC9DC-409B-7DB6-E053-CC2BA8C07DDB", "WERSJAID": "2021-10-29T00:00:00", "PNAZW": "PL.PZGiK.308.BDOT10k", "GMLID": "OT_SKDR_L.6744", "X_KOD": "SKDR06", "X_SKRKARTO": null, "X_SKRK_NIL": "inapplicable", "X_KATDOKG": "dokladny", "X_DOKLGEOM": null, "X_ZRODLOG": "ortofotomapa", "X_ZRODLOA": "pomiarTerenowy", "X_KATIST": "eksploatowany", "X_KATI_NIL": null, "X_RODZREPG": "osGeometryczna", "X_UWAGI": null, "X_UZYTKOWN": "Uzytkownik30.xml", "X_AKTG": "2021-10-29", "X_AKTA": "2020-01-20", "POCZWERS": "2021-10-29", "KONIECWERS": null, "X_DATAUTW": "2012-11-13", "X_INFDOD": null, "KOD10K": null, "KOD10K_NIL": "inapplicable", "KOD25K": "0025_121", "KOD25K_NIL": null, "KOD50K": "0050_121", "KOD50K_NIL": null, "KOD100K": "0100_121", "KOD100_NIL": null, "KOD250K": null, "KOD250_NIL": "inapplicable", "KOD500K": null, "KOD500_NIL": "inapplicable", "KOD1000K": null, "KOD1000_NI": "inapplicable", "KATZARZ": "gminna", "KATZA_NIL": null, "KLASADROGI": "lokalna", "KLDROG_NIL": null, "MATNAWIERZ": "masaBitumiczna", "MATNAW_NIL": null, "NAZWADROGI": null, "LJEZDNIDR": 1, "LJEZD_NIL": null, "NRODCIREF": null, "SZL_NUMER": "207014P", "SZLNR_NIL": null, "length": 227.67 }, "geometry": { "type": "MultiLineString", "coordinates": [ [ [ 1927376.44031545962207, 6972422.124837934039533 ], [ 1927425.781568127218634, 6972426.875038993544877 ], [ 1927467.019146529957652, 6972433.029064651578665 ], [ 1927477.324410603381693, 6972434.567441132850945 ], [ 1927517.207754698349163, 6972440.523207176476717 ], [ 1927536.706783347995952, 6972442.94236752577126 ], [ 1927605.730022952426225, 6972451.510390166193247 ], [ 1927685.010095054516569, 6972462.279324196279049 ], [ 1927707.500104005914181, 6972465.781794987618923 ], [ 1927715.221296305535361, 6972466.561369764618576 ], [ 1927730.002444948302582, 6972467.340747384354472 ], [ 1927740.722960987593979, 6972465.300095250830054 ], [ 1927750.176622218452394, 6972462.864165585488081 ] ] ] } },
{ "type": "Feature", "properties": { "TERYT": "3028", "LOKALNYID": "2EBDC9DC-3A1D-7DB6-E053-CC2BA8C07DDB", "WERSJAID": "2021-10-29T00:00:00", "PNAZW": "PL.PZGiK.308.BDOT10k", "GMLID": "OT_SKDR_L.1813", "X_KOD": "SKDR08", "X_SKRKARTO": null, "X_SKRK_NIL": "inapplicable", "X_KATDOKG": "przyblizony", "X_DOKLGEOM": null, "X_ZRODLOG": "ortofotomapa", "X_ZRODLOA": "pomiarTerenowy", "X_KATIST": "eksploatowany", "X_KATI_NIL": null, "X_RODZREPG": "liniaUmowna", "X_UWAGI": null, "X_UZYTKOWN": "Uzytkownik30.xml", "X_AKTG": "2021-10-29", "X_AKTA": "2021-10-29", "POCZWERS": "2021-10-29", "KONIECWERS": null, "X_DATAUTW": "2012-11-13", "X_INFDOD": null, "KOD10K": null, "KOD10K_NIL": "inapplicable", "KOD25K": null, "KOD25K_NIL": "inapplicable", "KOD50K": null, "KOD50K_NIL": "inapplicable", "KOD100K": null, "KOD100_NIL": "inapplicable", "KOD250K": null, "KOD250_NIL": "inapplicable", "KOD500K": null, "KOD500_NIL": "inapplicable", "KOD1000K": null, "KOD1000_NI": "inapplicable", "KATZARZ": "zakladowa", "KATZA_NIL": null, "KLASADROGI": "inna", "KLDROG_NIL": null, "MATNAWIERZ": "plytyBetonowe", "MATNAW_NIL": null, "NAZWADROGI": null, "LJEZDNIDR": 1, "LJEZD_NIL": null, "NRODCIREF": null, "SZL_NUMER": null, "SZLNR_NIL": null, "length": 4.82 }, "geometry": { "type": "MultiLineString", "coordinates": [ [ [ 1925925.044116091448814, 6974199.226703589782119 ], [ 1925932.608843863708898, 6974201.782446260564029 ] ] ] } },
{ "type": "Feature", "properties": { "TERYT": "3028", "LOKALNYID": "2EBDC9DC-4381-7DB6-E053-CC2BA8C07DDB", "WERSJAID": "2021-10-29T00:00:00", "PNAZW": "PL.PZGiK.308.BDOT10k", "GMLID": "OT_SKDR_L.6022", "X_KOD": "SKDR06", "X_SKRKARTO": null, "X_SKRK_NIL": "inapplicable", "X_KATDOKG": "dokladny", "X_DOKLGEOM": null, "X_ZRODLOG": "ortofotomapa", "X_ZRODLOA": "pomiarTerenowy", "X_KATIST": "eksploatowany", "X_KATI_NIL": null, "X_RODZREPG": "osGeometryczna", "X_UWAGI": null, "X_UZYTKOWN": "Uzytkownik30.xml", "X_AKTG": "2011-01-01", "X_AKTA": "2021-10-29", "POCZWERS": "2021-10-29", "KONIECWERS": null, "X_DATAUTW": "2012-11-13", "X_INFDOD": null, "KOD10K": null, "KOD10K_NIL": "inapplicable", "KOD25K": "0025_121", "KOD25K_NIL": null, "KOD50K": "0050_121", "KOD50K_NIL": null, "KOD100K": "0100_121", "KOD100_NIL": null, "KOD250K": null, "KOD250_NIL": "inapplicable", "KOD500K": null, "KOD500_NIL": "inapplicable", "KOD1000K": null, "KOD1000_NI": "inapplicable", "KATZARZ": "powiatowa", "KATZA_NIL": null, "KLASADROGI": "lokalna", "KLDROG_NIL": null, "MATNAWIERZ": "masaBitumiczna", "MATNAW_NIL": null, "NAZWADROGI": null, "LJEZDNIDR": 1, "LJEZD_NIL": null, "NRODCIREF": null, "SZL_NUMER": "1572P", "SZLNR_NIL": null, "length": 124.47 }, "geometry": { "type": "MultiLineString", "coordinates": [ [ [ 1926472.367177106207237, 6973225.450673335231841 ], [ 1926477.597345187794417, 6973190.567118492908776 ], [ 1926481.488347865873948, 6973164.690404586493969 ], [ 1926482.842466581379995, 6973155.75052438583225 ], [ 1926488.170221079373732, 6973120.238220486789942 ], [ 1926489.181194801349193, 6973113.200945075601339 ], [ 1926493.209005153737962, 6973070.248004990629852 ], [ 1926495.420650275889784, 6973046.707801528275013 ], [ 1926496.280055753653869, 6973033.436598390340805 ], [ 1926498.226857028435916, 6973020.440360476262867 ] ] ] } },
{ "type": "Feature", "properties": { "TERYT": "3028", "LOKALNYID": "2EBDC9DC-3D41-7DB6-E053-CC2BA8C07DDB", "WERSJAID": "2021-10-29T00:00:00", "PNAZW": "PL.PZGiK.308.BDOT10k", "GMLID": "OT_SKDR_L.1464", "X_KOD": "SKDR08", "X_SKRKARTO": null, "X_SKRK_NIL": "inapplicable", "X_KATDOKG": "dokladny", "X_DOKLGEOM": null, "X_ZRODLOG": "ortofotomapa", "X_ZRODLOA": "pomiarTerenowy", "X_KATIST": "eksploatowany", "X_KATI_NIL": null, "X_RODZREPG": "osGeometryczna", "X_UWAGI": null, "X_UZYTKOWN": "Uzytkownik30.xml", "X_AKTG": "2021-10-29", "X_AKTA": "2020-01-20", "POCZWERS": "2021-10-29", "KONIECWERS": null, "X_DATAUTW": "2012-11-13", "X_INFDOD": null, "KOD10K": null, "KOD10K_NIL": "inapplicable", "KOD25K": "0025_123", "KOD25K_NIL": null, "KOD50K": "0050_123", "KOD50K_NIL": null, "KOD100K": "0100_123", "KOD100_NIL": null, "KOD250K": null, "KOD250_NIL": "inapplicable", "KOD500K": null, "KOD500_NIL": "inapplicable", "KOD1000K": null, "KOD1000_NI": "inapplicable", "KATZARZ": "inna", "KATZA_NIL": null, "KLASADROGI": "inna", "KLDROG_NIL": null, "MATNAWIERZ": "plytyBetonowe", "MATNAW_NIL": null, "NAZWADROGI": null, "LJEZDNIDR": 1, "LJEZD_NIL": null, "NRODCIREF": null, "SZL_NUMER": null, "SZLNR_NIL": null, "length": 90.84 }, "geometry": { "type": "MultiLineString", "coordinates": [ [ [ 1925921.349007816519588, 6972104.312361344695091 ], [ 1925926.418423435185105, 6972113.503091401420534 ], [ 1925953.525932549964637, 6972169.831671268679202 ], [ 1925987.35322066466324, 6972239.875979812815785 ] ] ] } },
{ "type": "Feature", "properties": { "TERYT": "3028", "LOKALNYID": "2EBDC9DC-3D42-7DB6-E053-CC2BA8C07DDB", "WERSJAID": "2021-10-29T00:00:00", "PNAZW": "PL.PZGiK.308.BDOT10k", "GMLID": "OT_SKDR_L.1465", "X_KOD": "SKDR08", "X_SKRKARTO": null, "X_SKRK_NIL": "inapplicable", "X_KATDOKG": "dokladny", "X_DOKLGEOM": null, "X_ZRODLOG": "ortofotomapa", "X_ZRODLOA": "pomiarTerenowy", "X_KATIST": "eksploatowany", "X_KATI_NIL": null, "X_RODZREPG": "osGeometryczna", "X_UWAGI": null, "X_UZYTKOWN": "Uzytkownik30.xml", "X_AKTG": "2021-10-29", "X_AKTA": "2020-01-20", "POCZWERS": "2021-10-29", "KONIECWERS": null, "X_DATAUTW": "2012-11-13", "X_INFDOD": null, "KOD10K": null, "KOD10K_NIL": "inapplicable", "KOD25K": "0025_123", "KOD25K_NIL": null, "KOD50K": "0050_123", "KOD50K_NIL": null, "KOD100K": "0100_123", "KOD100_NIL": null, "KOD250K": null, "KOD250_NIL": "inapplicable", "KOD500K": null, "KOD500_NIL": "inapplicable", "KOD1000K": null, "KOD1000_NI": "inapplicable", "KATZARZ": "inna", "KATZA_NIL": null, "KLASADROGI": "inna", "KLDROG_NIL": null, "MATNAWIERZ": "tluczen", "MATNAW_NIL": null, "NAZWADROGI": null, "LJEZDNIDR": 1, "LJEZD_NIL": null, "NRODCIREF": null, "SZL_NUMER": null, "SZLNR_NIL": null, "length": 89.43 }, "geometry": { "type": "MultiLineString", "coordinates": [ [ [ 1925658.095953899202868, 6972563.656042195856571 ], [ 1925618.79106308077462, 6972555.694394215941429 ], [ 1925588.636206479510292, 6972549.760954109020531 ], [ 1925586.739254115149379, 6972549.383588616736233 ], [ 1925554.67054091882892, 6972543.088869984261692 ], [ 1925523.40647933492437, 6972537.809966694563627 ], [ 1925512.528449490433559, 6972535.972991064190865 ] ] ] } },
{ "type": "Feature", "properties": { "TERYT": "3028", "LOKALNYID": "2EBDC9DC-4E5C-7DB6-E053-CC2BA8C07DDB", "WERSJAID": "2021-10-29T00:00:00", "PNAZW": "PL.PZGiK.308.BDOT10k", "GMLID": "OT_SKDR_L.8343", "X_KOD": "SKDR06", "X_SKRKARTO": null, "X_SKRK_NIL": "inapplicable", "X_KATDOKG": "dokladny", "X_DOKLGEOM": null, "X_ZRODLOG": "ortofotomapa", "X_ZRODLOA": "pomiarTerenowy", "X_KATIST": "eksploatowany", "X_KATI_NIL": null, "X_RODZREPG": "osGeometryczna", "X_UWAGI": null, "X_UZYTKOWN": "Uzytkownik30.xml", "X_AKTG": "2021-10-29", "X_AKTA": "2020-01-20", "POCZWERS": "2021-10-29", "KONIECWERS": null, "X_DATAUTW": "2012-11-13", "X_INFDOD": null, "KOD10K": null, "KOD10K_NIL": "inapplicable", "KOD25K": "0025_121", "KOD25K_NIL": null, "KOD50K": "0050_121", "KOD50K_NIL": null, "KOD100K": "0100_121", "KOD100_NIL": null, "KOD250K": null, "KOD250_NIL": "inapplicable", "KOD500K": null, "KOD500_NIL": "inapplicable", "KOD1000K": null, "KOD1000_NI": "inapplicable", "KATZARZ": "gminna", "KATZA_NIL": null, "KLASADROGI": "lokalna", "KLDROG_NIL": null, "MATNAWIERZ": "masaBitumiczna", "MATNAW_NIL": null, "NAZWADROGI": null, "LJEZDNIDR": 1, "LJEZD_NIL": null, "NRODCIREF": null, "SZL_NUMER": "207014P", "SZLNR_NIL": null, "length": 159.36 }, "geometry": { "type": "MultiLineString", "coordinates": [ [ [ 1927113.821492742979899, 6972396.415813348256052 ], [ 1927137.419598584296182, 6972397.171614674851298 ], [ 1927170.466429944615811, 6972398.532200809568167 ], [ 1927181.051402347860858, 6972399.446251661516726 ], [ 1927202.386988665210083, 6972401.278215650469065 ], [ 1927207.861286106985062, 6972401.756120072677732 ], [ 1927218.718109598848969, 6972403.091855869628489 ], [ 1927232.169935956364498, 6972404.721316393464804 ], [ 1927268.992563069332391, 6972409.02792976796627 ], [ 1927276.083464797353372, 6972409.826300803571939 ], [ 1927310.810763004468754, 6972413.734479137696326 ], [ 1927318.662033415632322, 6972414.617176954634488 ], [ 1927322.726512257242575, 6972415.144859066233039 ], [ 1927376.44031545962207, 6972422.124837934039533 ] ] ] } },
{ "type": "Feature", "properties": { "TERYT": "3028", "LOKALNYID": "2EBDC9DC-3BA9-7DB6-E053-CC2BA8C07DDB", "WERSJAID": "2021-10-29T00:00:00", "PNAZW": "PL.PZGiK.308.BDOT10k", "GMLID": "OT_SKDR_L.1634", "X_KOD": "SKDR06", "X_SKRKARTO": null, "X_SKRK_NIL": "inapplicable", "X_KATDOKG": "dokladny", "X_DOKLGEOM": null, "X_ZRODLOG": "ortofotomapa", "X_ZRODLOA": "pomiarTerenowy", "X_KATIST": "eksploatowany", "X_KATI_NIL": null, "X_RODZREPG": "osGeometryczna", "X_UWAGI": null, "X_UZYTKOWN": "Uzytkownik30.xml", "X_AKTG": "2021-10-29", "X_AKTA": "2020-01-20", "POCZWERS": "2021-10-29", "KONIECWERS": null, "X_DATAUTW": "2012-11-13", "X_INFDOD": null, "KOD10K": null, "KOD10K_NIL": "inapplicable", "KOD25K": "0025_123", "KOD25K_NIL": null, "KOD50K": "0050_123", "KOD50K_NIL": null, "KOD100K": "0100_123", "KOD100_NIL": null, "KOD250K": null, "KOD250_NIL": "inapplicable", "KOD500K": null, "KOD500_NIL": "inapplicable", "KOD1000K": null, "KOD1000_NI": "inapplicable", "KATZARZ": "gminna", "KATZA_NIL": null, "KLASADROGI": "lokalna", "KLDROG_NIL": null, "MATNAWIERZ": "tluczen", "MATNAW_NIL": null, "NAZWADROGI": null, "LJEZDNIDR": 1, "LJEZD_NIL": null, "NRODCIREF": null, "SZL_NUMER": "207019P", "SZLNR_NIL": null, "length": 419.2 }, "geometry": { "type": "MultiLineString", "coordinates": [ [ [ 1925859.987180851632729, 6973980.81912814732641 ], [ 1925874.1411152058281, 6973985.807739515788853 ], [ 1925919.266807678388432, 6974001.684103228151798 ], [ 1925939.947161588585004, 6974008.97102611977607 ], [ 1925965.098380237119272, 6974017.859469990245998 ], [ 1926012.228321589296684, 6974034.514049543067813 ], [ 1926060.345016926294193, 6974051.507499082013965 ], [ 1926062.449092326685786, 6974052.255294047296047 ], [ 1926107.008466708706692, 6974068.981347627006471 ], [ 1926150.879277358064428, 6974085.391763746738434 ], [ 1926155.430665090912953, 6974087.094846713356674 ], [ 1926226.066432962659746, 6974114.989956923760474 ], [ 1926286.060788388596848, 6974137.963169989176095 ], [ 1926336.372971943812445, 6974156.801772645674646 ], [ 1926339.116558721521869, 6974157.847133162431419 ], [ 1926366.918764660367742, 6974167.528380300849676 ], [ 1926384.642171843908727, 6974173.714035150595009 ], [ 1926399.340756550896913, 6974178.831038817763329 ], [ 1926433.311555167194456, 6974192.646143889054656 ], [ 1926483.915465336525813, 6974211.09203680511564 ], [ 1926502.240664954530075, 6974215.663250874727964 ], [ 1926513.020887803984806, 6974216.832244888879359 ] ] ] } },
{ "type": "Feature", "properties": { "TERYT": "3028", "LOKALNYID": "2EBDC9DC-52AD-7DB6-E053-CC2BA8C07DDB", "WERSJAID": "2021-10-29T00:00:00", "PNAZW": "PL.PZGiK.308.BDOT10k", "GMLID": "OT_SKDR_L.7033", "X_KOD": "SKDR06", "X_SKRKARTO": null, "X_SKRK_NIL": "inapplicable", "X_KATDOKG": "dokladny", "X_DOKLGEOM": null, "X_ZRODLOG": "ortofotomapa", "X_ZRODLOA": "pomiarTerenowy", "X_KATIST": "eksploatowany", "X_KATI_NIL": null, "X_RODZREPG": "osGeometryczna", "X_UWAGI": null, "X_UZYTKOWN": "Uzytkownik30.xml", "X_AKTG": "2021-10-29", "X_AKTA": "2021-10-29", "POCZWERS": "2021-10-29", "KONIECWERS": null, "X_DATAUTW": "2012-11-13", "X_INFDOD": null, "KOD10K": null, "KOD10K_NIL": "inapplicable", "KOD25K": "0025_126", "KOD25K_NIL": null, "KOD50K": "0050_126", "KOD50K_NIL": null, "KOD100K": "0100_126", "KOD100_NIL": null, "KOD250K": null, "KOD250_NIL": "inapplicable", "KOD500K": null, "KOD500_NIL": "inapplicable", "KOD1000K": null, "KOD1000_NI": "inapplicable", "KATZARZ": "gminna", "KATZA_NIL": null, "KLASADROGI": "lokalna", "KLDROG_NIL": null, "MATNAWIERZ": "gruntNaturalny", "MATNAW_NIL": null, "NAZWADROGI": null, "LJEZDNIDR": 1, "LJEZD_NIL": null, "NRODCIREF": null, "SZL_NUMER": "207017P", "SZLNR_NIL": null, "length": 341.79 }, "geometry": { "type": "MultiLineString", "coordinates": [ [ [ 1927408.823911993997172, 6972939.156858816742897 ], [ 1927419.886559035629034, 6972941.643627806566656 ], [ 1927460.146105305990204, 6972950.748973357491195 ], [ 1927471.32357011269778, 6972953.288219545967877 ], [ 1927508.208577548153698, 6972962.828946446068585 ], [ 1927542.721594762289897, 6972971.748818878084421 ], [ 1927565.982881638919935, 6972977.762184302322567 ], [ 1927583.27269496046938, 6972982.571703870780766 ], [ 1927611.726489723194391, 6972990.501431562006474 ], [ 1927639.711335717933252, 6972999.350438325665891 ], [ 1927679.145145381102338, 6973008.352246971800923 ], [ 1927722.33523164363578, 6973016.196090131998062 ], [ 1927790.543924721423537, 6973026.505045978352427 ], [ 1927827.546393752330914, 6973033.887264434248209 ], [ 1927871.714854024816304, 6973039.593433605507016 ], [ 1927902.660001172218472, 6973040.934928661212325 ], [ 1927941.175487859873101, 6973041.025211350992322 ], [ 1927943.321533967508003, 6973041.391270969994366 ], [ 1927949.206206958275288, 6973044.187735291197896 ], [ 1927959.903317025396973, 6973053.111593100242317 ] ] ] } },
{ "type": "Feature", "properties": { "TERYT": "3028", "LOKALNYID": "2EBDC9DC-41F9-7DB6-E053-CC2BA8C07DDB", "WERSJAID": "2021-10-29T00:00:00", "PNAZW": "PL.PZGiK.308.BDOT10k", "GMLID": "OT_SKDR_L.6165", "X_KOD": "SKDR08", "X_SKRKARTO": null, "X_SKRK_NIL": "inapplicable", "X_KATDOKG": "dokladny", "X_DOKLGEOM": null, "X_ZRODLOG": "ortofotomapa", "X_ZRODLOA": "pomiarTerenowy", "X_KATIST": "eksploatowany", "X_KATI_NIL": null, "X_RODZREPG": "osGeometryczna", "X_UWAGI": null, "X_UZYTKOWN": "Uzytkownik30.xml", "X_AKTG": "2021-10-29", "X_AKTA": "2021-10-29", "POCZWERS": "2021-10-29", "KONIECWERS": null, "X_DATAUTW": "2012-11-13", "X_INFDOD": null, "KOD10K": null, "KOD10K_NIL": "inapplicable", "KOD25K": "0025_127", "KOD25K_NIL": null, "KOD50K": "0050_127", "KOD50K_NIL": null, "KOD100K": "0100_127", "KOD100_NIL": null, "KOD250K": null, "KOD250_NIL": "inapplicable", "KOD500K": null, "KOD500_NIL": "inapplicable", "KOD1000K": null, "KOD1000_NI": "inapplicable", "KATZARZ": "inna", "KATZA_NIL": null, "KLASADROGI": "inna", "KLDROG_NIL": null, "MATNAWIERZ": "gruntNaturalny", "MATNAW_NIL": null, "NAZWADROGI": null, "LJEZDNIDR": 1, "LJEZD_NIL": null, "NRODCIREF": null, "SZL_NUMER": null, "SZLNR_NIL": null, "length": 87.89 }, "geometry": { "type": "MultiLineString", "coordinates": [ [ [ 1927950.275769856059924, 6972498.99658496491611 ], [ 1927941.769262136891484, 6972572.261104544624686 ], [ 1927937.878063877578825, 6972587.719926976598799 ], [ 1927932.743094911566004, 6972600.375122754834592 ], [ 1927929.607326035620645, 6972615.419780855998397 ], [ 1927927.100894685368985, 6972642.540685614570975 ] ] ] } },
{ "type": "Feature", "properties": { "TERYT": "3028", "LOKALNYID": "2EBDC9DC-4390-7DB6-E053-CC2BA8C07DDB", "WERSJAID": "2021-10-29T00:00:00", "PNAZW": "PL.PZGiK.308.BDOT10k", "GMLID": "OT_SKDR_L.6384", "X_KOD": "SKDR08", "X_SKRKARTO": null, "X_SKRK_NIL": "inapplicable", "X_KATDOKG": "dokladny", "X_DOKLGEOM": null, "X_ZRODLOG": "ortofotomapa", "X_ZRODLOA": "pomiarTerenowy", "X_KATIST": "eksploatowany", "X_KATI_NIL": null, "X_RODZREPG": "osGeometryczna", "X_UWAGI": null, "X_UZYTKOWN": "Uzytkownik30.xml", "X_AKTG": "2021-10-29", "X_AKTA": "2021-10-29", "POCZWERS": "2021-10-29", "KONIECWERS": null, "X_DATAUTW": "2012-11-13", "X_INFDOD": null, "KOD10K": null, "KOD10K_NIL": "inapplicable", "KOD25K": "0025_123", "KOD25K_NIL": null, "KOD50K": "0050_123", "KOD50K_NIL": null, "KOD100K": "0100_123", "KOD100_NIL": null, "KOD250K": null, "KOD250_NIL": "inapplicable", "KOD500K": null, "KOD500_NIL": "inapplicable", "KOD1000K": null, "KOD1000_NI": "inapplicable", "KATZARZ": "inna", "KATZA_NIL": null, "KLASADROGI": "inna", "KLDROG_NIL": null, "MATNAWIERZ": "plytyBetonowe", "MATNAW_NIL": null, "NAZWADROGI": null, "LJEZDNIDR": 1, "LJEZD_NIL": null, "NRODCIREF": null, "SZL_NUMER": null, "SZLNR_NIL": null, "length": 62.47 }, "geometry": { "type": "MultiLineString", "coordinates": [ [ [ 1927680.695848025148734, 6972128.874109226278961 ], [ 1927697.409173497464508, 6972129.914908711798489 ], [ 1927732.768779940437526, 6972131.543458421714604 ], [ 1927784.069896397646517, 6972133.911919673904777 ] ] ] } },
{ "type": "Feature", "properties": { "TERYT": "3028", "LOKALNYID": "2EBDC9DC-45F4-7DB6-E053-CC2BA8C07DDB", "WERSJAID": "2021-10-29T00:00:00", "PNAZW": "PL.PZGiK.308.BDOT10k", "GMLID": "OT_SKDR_L.6424", "X_KOD": "SKDR08", "X_SKRKARTO": null, "X_SKRK_NIL": "inapplicable", "X_KATDOKG": "dokladny", "X_DOKLGEOM": null, "X_ZRODLOG": "ortofotomapa", "X_ZRODLOA": "pomiarTerenowy", "X_KATIST": "eksploatowany", "X_KATI_NIL": null, "X_RODZREPG": "osGeometryczna", "X_UWAGI": null, "X_UZYTKOWN": "Uzytkownik30.xml", "X_AKTG": "2011-01-01", "X_AKTA": "2021-10-29", "POCZWERS": "2021-10-29", "KONIECWERS": null, "X_DATAUTW": "2012-11-13", "X_INFDOD": null, "KOD10K": null, "KOD10K_NIL": "inapplicable", "KOD25K": "0025_127", "KOD25K_NIL": null, "KOD50K": "0050_127", "KOD50K_NIL": null, "KOD100K": "0100_127", "KOD100_NIL": null, "KOD250K": null, "KOD250_NIL": "inapplicable", "KOD500K": null, "KOD500_NIL": "inapplicable", "KOD1000K": null, "KOD1000_NI": "inapplicable", "KATZARZ": "inna", "KATZA_NIL": null, "KLASADROGI": "inna", "KLDROG_NIL": null, "MATNAWIERZ": "gruntNaturalny", "MATNAW_NIL": null, "NAZWADROGI": null, "LJEZDNIDR": 1, "LJEZD_NIL": null, "NRODCIREF": null, "SZL_NUMER": null, "SZLNR_NIL": null, "length": 385.58 }, "geometry": { "type": "MultiLineString", "coordinates": [ [ [ 1924112.052380116190761, 6976228.951913162134588 ], [ 1924132.948477985104546, 6976237.796433724462986 ], [ 1924165.942266049794853, 6976251.76749577652663 ], [ 1924234.56834289431572, 6976282.415235513821244 ], [ 1924281.059976894641295, 6976304.005858778953552 ], [ 1924309.479501757770777, 6976317.218681079335511 ], [ 1924333.224332977551967, 6976326.214073764160275 ], [ 1924335.749844291247427, 6976326.690058524720371 ], [ 1924338.274960223119706, 6976327.182654305361211 ], [ 1924340.651726423064247, 6976327.63845584820956 ], [ 1924349.051824648864567, 6976327.207911008968949 ], [ 1924356.277083335444331, 6976324.588475464843214 ], [ 1924366.383239316288382, 6976317.965779351070523 ], [ 1924406.289056934649125, 6976288.188136826269329 ], [ 1924419.518144916975871, 6976279.230061044916511 ], [ 1924428.638423799071461, 6976275.708511281758547 ], [ 1924436.066301873652264, 6976275.021921405568719 ], [ 1924442.913281067973003, 6976276.448934531770647 ], [ 1924451.356518273008987, 6976279.775697675533593 ], [ 1924454.64936239970848, 6976281.450100690126419 ], [ 1924471.112813069252297, 6976289.855324284173548 ], [ 1924503.354039349593222, 6976307.613326498307288 ], [ 1924569.056254696799442, 6976339.268834652379155 ], [ 1924597.27266877470538, 6976356.165756243281066 ], [ 1924627.600789971882477, 6976375.606285211630166 ], [ 1924639.582897159969434, 6976382.125661948695779 ], [ 1924652.805925789754838, 6976388.059689475223422 ], [ 1924661.776140067027882, 6976390.152263295836747 ], [ 1924672.326588772702962, 6976391.335168162360787 ], [ 1924677.620379068888724, 6976391.145854037255049 ], [ 1924686.255725550232455, 6976389.191403847187757 ] ] ] } },
{ "type": "Feature", "properties": { "TERYT": "3028", "LOKALNYID": "2EBDC9DC-45F9-7DB6-E053-CC2BA8C07DDB", "WERSJAID": "2021-10-29T00:00:00", "PNAZW": "PL.PZGiK.308.BDOT10k", "GMLID": "OT_SKDR_L.6429", "X_KOD": "SKDR06", "X_SKRKARTO": null, "X_SKRK_NIL": "inapplicable", "X_KATDOKG": "dokladny", "X_DOKLGEOM": null, "X_ZRODLOG": "ortofotomapa", "X_ZRODLOA": "pomiarTerenowy", "X_KATIST": "eksploatowany", "X_KATI_NIL": null, "X_RODZREPG": "osGeometryczna", "X_UWAGI": null, "X_UZYTKOWN": "Uzytkownik30.xml", "X_AKTG": "2021-10-29", "X_AKTA": "2021-10-29", "POCZWERS": "2021-10-29", "KONIECWERS": null, "X_DATAUTW": "2012-11-13", "X_INFDOD": null, "KOD10K": null, "KOD10K_NIL": "inapplicable", "KOD25K": "0025_126", "KOD25K_NIL": null, "KOD50K": "0050_126", "KOD50K_NIL": null, "KOD100K": "0100_126", "KOD100_NIL": null, "KOD250K": null, "KOD250_NIL": "inapplicable", "KOD500K": null, "KOD500_NIL": "inapplicable", "KOD1000K": null, "KOD1000_NI": "inapplicable", "KATZARZ": "gminna", "KATZA_NIL": null, "KLASADROGI": "lokalna", "KLDROG_NIL": null, "MATNAWIERZ": "stabilizacjaZwiremLubZuzlem", "MATNAW_NIL": null, "NAZWADROGI": null, "LJEZDNIDR": 1, "LJEZD_NIL": null, "NRODCIREF": null, "SZL_NUMER": "207028P", "SZLNR_NIL": null, "length": 595.97 }, "geometry": { "type": "MultiLineString", "coordinates": [ [ [ 1922870.227736766682938, 6976991.258731740526855 ], [ 1922891.654471491929144, 6976993.221732201986015 ], [ 1922910.112807730678469, 6976991.738685961812735 ], [ 1922927.7586398224812, 6976979.198567000217736 ], [ 1922949.449748438550159, 6976963.231978002004325 ], [ 1922968.74785623815842, 6976949.551450861617923 ], [ 1922990.53089833422564, 6976934.584379400126636 ], [ 1923015.607873500091955, 6976917.785085359588265 ], [ 1923042.579656411893666, 6976898.720891127362847 ], [ 1923053.39384926808998, 6976888.924923270940781 ], [ 1923064.237256848718971, 6976877.218078318051994 ], [ 1923070.984809952555224, 6976867.590074800886214 ], [ 1923074.693329090485349, 6976859.534464568831027 ], [ 1923077.131589193828404, 6976848.439604938961565 ], [ 1923077.689928913256153, 6976836.219010126776993 ], [ 1923078.467683268012479, 6976820.380057908594608 ], [ 1923078.770991772180423, 6976813.954537592828274 ], [ 1923077.196262910030782, 6976777.281150230206549 ], [ 1923076.505643386160955, 6976770.815092760138214 ], [ 1923071.669502950739115, 6976724.937772616744041 ], [ 1923067.35854079364799, 6976689.661593930795789 ], [ 1923067.26221591164358, 6976688.146667932160199 ], [ 1923068.471545332344249, 6976650.161315864883363 ], [ 1923070.571127241710201, 6976625.528348169289529 ], [ 1923078.931851501110941, 6976594.946104963310063 ], [ 1923097.074737444985658, 6976547.795060275122523 ], [ 1923113.383542741648853, 6976512.816984536126256 ], [ 1923146.553398404270411, 6976443.323276364244521 ], [ 1923156.922475944506004, 6976423.01222662255168 ], [ 1923167.579986569937319, 6976396.890660561621189 ], [ 1923192.758458067663014, 6976336.330394634976983 ], [ 1923222.800124500645325, 6976258.93401925265789 ], [ 1923239.490188578376547, 6976210.070932433009148 ], [ 1923240.001532291062176, 6976208.105339368805289 ], [ 1923244.787628820398822, 6976189.654885846190155 ], [ 1923248.422692458378151, 6976175.647801945917308 ], [ 1923252.630730892764404, 6976159.17801455501467 ] ] ] } },
{ "type": "Feature", "properties": { "TERYT": "3028", "LOKALNYID": "2EBDC9DC-3EE6-7DB6-E053-CC2BA8C07DDB", "WERSJAID": "2021-10-29T00:00:00", "PNAZW": "PL.PZGiK.308.BDOT10k", "GMLID": "OT_SKDR_L.1496", "X_KOD": "SKDR08", "X_SKRKARTO": null, "X_SKRK_NIL": "inapplicable", "X_KATDOKG": "dokladny", "X_DOKLGEOM": null, "X_ZRODLOG": "ortofotomapa", "X_ZRODLOA": "pomiarTerenowy", "X_KATIST": "eksploatowany", "X_KATI_NIL": null, "X_RODZREPG": "osGeometryczna", "X_UWAGI": null, "X_UZYTKOWN": "Uzytkownik30.xml", "X_AKTG": "2021-10-29", "X_AKTA": "2020-01-20", "POCZWERS": "2021-10-29", "KONIECWERS": null, "X_DATAUTW": "2012-11-13", "X_INFDOD": null, "KOD10K": null, "KOD10K_NIL": "inapplicable", "KOD25K": "0025_121", "KOD25K_NIL": null, "KOD50K": "0050_121", "KOD50K_NIL": null, "KOD100K": "0100_121", "KOD100_NIL": null, "KOD250K": null, "KOD250_NIL": "inapplicable", "KOD500K": null, "KOD500_NIL": "inapplicable", "KOD1000K": null, "KOD1000_NI": "inapplicable", "KATZARZ": "inna", "KATZA_NIL": null, "KLASADROGI": "inna", "KLDROG_NIL": null, "MATNAWIERZ": "kostkaPrefabrykowana", "MATNAW_NIL": null, "NAZWADROGI": null, "LJEZDNIDR": 1, "LJEZD_NIL": null, "NRODCIREF": null, "SZL_NUMER": null, "SZLNR_NIL": null, "length": 73.6 }, "geometry": { "type": "MultiLineString", "coordinates": [ [ [ 1925290.278922717785463, 6972171.194963864982128 ], [ 1925286.941398446215317, 6972182.661298132501543 ], [ 1925281.046895714476705, 6972215.314434100873768 ], [ 1925276.378807630622759, 6972219.987751057371497 ], [ 1925267.929622334660962, 6972245.752330643124878 ], [ 1925261.167911542812362, 6972258.349956773221493 ], [ 1925250.89372629718855, 6972272.309266546741128 ], [ 1925243.958286612061784, 6972281.746334639377892 ] ] ] } },
{ "type": "Feature", "properties": { "TERYT": "3028", "LOKALNYID": "2EBDC9DC-3DD3-7DB6-E053-CC2BA8C07DDB", "WERSJAID": "2021-10-29T00:00:00", "PNAZW": "PL.PZGiK.308.BDOT10k", "GMLID": "OT_SKDR_L.456", "X_KOD": "SKDR04", "X_SKRKARTO": null, "X_SKRK_NIL": "inapplicable", "X_KATDOKG": "dokladny", "X_DOKLGEOM": null, "X_ZRODLOG": "ortofotomapa", "X_ZRODLOA": "pomiarTerenowy", "X_KATIST": "eksploatowany", "X_KATI_NIL": null, "X_RODZREPG": "osGeometryczna", "X_UWAGI": null, "X_UZYTKOWN": "Uzytkownik30.xml", "X_AKTG": "2021-10-29", "X_AKTA": "2020-01-20", "POCZWERS": "2021-10-29", "KONIECWERS": null, "X_DATAUTW": "2012-11-13", "X_INFDOD": null, "KOD10K": null, "KOD10K_NIL": "inapplicable", "KOD25K": "0025_115", "KOD25K_NIL": null, "KOD50K": "0050_115", "KOD50K_NIL": null, "KOD100K": "0100_115", "KOD100_NIL": null, "KOD250K": null, "KOD250_NIL": "inapplicable", "KOD500K": null, "KOD500_NIL": "inapplicable", "KOD1000K": null, "KOD1000_NI": "inapplicable", "KATZARZ": "wojewodzka", "KATZA_NIL": null, "KLASADROGI": "glowna", "KLDROG_NIL": null, "MATNAWIERZ": "masaBitumiczna", "MATNAW_NIL": null, "NAZWADROGI": null, "LJEZDNIDR": 1, "LJEZD_NIL": null, "NRODCIREF": null, "SZL_NUMER": "193", "SZLNR_NIL": null, "length": 61.66 }, "geometry": { "type": "MultiLineString", "coordinates": [ [ [ 1925512.528449490433559, 6972535.972991064190865 ], [ 1925519.803178136702627, 6972519.898111164569855 ], [ 1925531.492064866935834, 6972495.173006045632064 ], [ 1925536.847301472909749, 6972483.172641729004681 ], [ 1925541.766742885112762, 6972475.581059193238616 ], [ 1925547.261633586371318, 6972468.88366693072021 ], [ 1925565.320617352146655, 6972449.49346122238785 ] ] ] } },
{ "type": "Feature", "properties": { "TERYT": "3028", "LOKALNYID": "2EBDC9DC-3DD7-7DB6-E053-CC2BA8C07DDB", "WERSJAID": "2021-10-29T00:00:00", "PNAZW": "PL.PZGiK.308.BDOT10k", "GMLID": "OT_SKDR_L.460", "X_KOD": "SKDR04", "X_SKRKARTO": null, "X_SKRK_NIL": "inapplicable", "X_KATDOKG": "dokladny", "X_DOKLGEOM": null, "X_ZRODLOG": "ortofotomapa", "X_ZRODLOA": "pomiarTerenowy", "X_KATIST": "eksploatowany", "X_KATI_NIL": null, "X_RODZREPG": "osGeometryczna", "X_UWAGI": null, "X_UZYTKOWN": "Uzytkownik30.xml", "X_AKTG": "2021-10-29", "X_AKTA": "2020-01-20", "POCZWERS": "2021-10-29", "KONIECWERS": null, "X_DATAUTW": "2012-11-13", "X_INFDOD": null, "KOD10K": null, "KOD10K_NIL": "inapplicable", "KOD25K": "0025_115", "KOD25K_NIL": null, "KOD50K": "0050_115", "KOD50K_NIL": null, "KOD100K": "0100_115", "KOD100_NIL": null, "KOD250K": null, "KOD250_NIL": "inapplicable", "KOD500K": null, "KOD500_NIL": "inapplicable", "KOD1000K": null, "KOD1000_NI": "inapplicable", "KATZARZ": "wojewodzka", "KATZA_NIL": null, "KLASADROGI": "glowna", "KLDROG_NIL": null, "MATNAWIERZ": "masaBitumiczna", "MATNAW_NIL": null, "NAZWADROGI": null, "LJEZDNIDR": 1, "LJEZD_NIL": null, "NRODCIREF": null, "SZL_NUMER": "194", "SZLNR_NIL": null, "length": 64.45 }, "geometry": { "type": "MultiLineString", "coordinates": [ [ [ 1925943.447797812521458, 6973211.488195644691586 ], [ 1925937.37389962375164, 6973248.312045708298683 ], [ 1925932.114892013836652, 6973280.104458878748119 ], [ 1925926.00344136217609, 6973317.11048926319927 ] ] ] } },
{ "type": "Feature", "properties": { "TERYT": "3028", "LOKALNYID": "2EBDC9DC-5615-7DB6-E053-CC2BA8C07DDB", "WERSJAID": "2021-10-29T00:00:00", "PNAZW": "PL.PZGiK.308.BDOT10k", "GMLID": "OT_SKDR_L.8271", "X_KOD": "SKDR06", "X_SKRKARTO": null, "X_SKRK_NIL": "inapplicable", "X_KATDOKG": "dokladny", "X_DOKLGEOM": null, "X_ZRODLOG": "ortofotomapa", "X_ZRODLOA": "pomiarTerenowy", "X_KATIST": "eksploatowany", "X_KATI_NIL": null, "X_RODZREPG": "osGeometryczna", "X_UWAGI": null, "X_UZYTKOWN": "Uzytkownik30.xml", "X_AKTG": "2011-01-01", "X_AKTA": "2021-10-29", "POCZWERS": "2021-10-29", "KONIECWERS": null, "X_DATAUTW": "2012-11-13", "X_INFDOD": null, "KOD10K": null, "KOD10K_NIL": "inapplicable", "KOD25K": "0025_126", "KOD25K_NIL": null, "KOD50K": "0050_126", "KOD50K_NIL": null, "KOD100K": "0100_126", "KOD100_NIL": null, "KOD250K": null, "KOD250_NIL": "inapplicable", "KOD500K": null, "KOD500_NIL": "inapplicable", "KOD1000K": null, "KOD1000_NI": "inapplicable", "KATZARZ": "gminna", "KATZA_NIL": null, "KLASADROGI": "lokalna", "KLDROG_NIL": null, "MATNAWIERZ": "gruntNaturalny", "MATNAW_NIL": null, "NAZWADROGI": null, "LJEZDNIDR": 1, "LJEZD_NIL": null, "NRODCIREF": null, "SZL_NUMER": "207050P", "SZLNR_NIL": null, "length": 269.28 }, "geometry": { "type": "MultiLineString", "coordinates": [ [ [ 1929287.950880547054112, 6974307.045577858574688 ], [ 1929277.709868948673829, 6974318.339027071371675 ], [ 1929262.933566417079419, 6974330.058485441841185 ], [ 1929245.018245490267873, 6974342.751615755259991 ], [ 1929186.283620757283643, 6974407.202285806648433 ], [ 1929160.26151708397083, 6974437.054648528806865 ], [ 1929121.619276242796332, 6974481.402006177231669 ], [ 1929105.844761499902233, 6974499.678604883141816 ], [ 1928987.55094135645777, 6974636.720561905764043 ] ] ] } },
{ "type": "Feature", "properties": { "TERYT": "3028", "LOKALNYID": "2EBDC9DC-42CD-7DB6-E053-CC2BA8C07DDB", "WERSJAID": "2021-10-29T00:00:00", "PNAZW": "PL.PZGiK.308.BDOT10k", "GMLID": "OT_SKDR_L.6372", "X_KOD": "SKDR08", "X_SKRKARTO": null, "X_SKRK_NIL": "inapplicable", "X_KATDOKG": "dokladny", "X_DOKLGEOM": null, "X_ZRODLOG": "ortofotomapa", "X_ZRODLOA": "pomiarTerenowy", "X_KATIST": "eksploatowany", "X_KATI_NIL": null, "X_RODZREPG": "osGeometryczna", "X_UWAGI": null, "X_UZYTKOWN": "Uzytkownik30.xml", "X_AKTG": "2011-01-01", "X_AKTA": "2021-10-29", "POCZWERS": "2021-10-29", "KONIECWERS": null, "X_DATAUTW": "2012-11-13", "X_INFDOD": null, "KOD10K": null, "KOD10K_NIL": "inapplicable", "KOD25K": "0025_127", "KOD25K_NIL": null, "KOD50K": "0050_127", "KOD50K_NIL": null, "KOD100K": "0100_127", "KOD100_NIL": null, "KOD250K": null, "KOD250_NIL": "inapplicable", "KOD500K": null, "KOD500_NIL": "inapplicable", "KOD1000K": null, "KOD1000_NI": "inapplicable", "KATZARZ": "inna", "KATZA_NIL": null, "KLASADROGI": "inna", "KLDROG_NIL": null, "MATNAWIERZ": "gruntNaturalny", "MATNAW_NIL": null, "NAZWADROGI": null, "LJEZDNIDR": 1, "LJEZD_NIL": null, "NRODCIREF": null, "SZL_NUMER": null, "SZLNR_NIL": null, "length": 54.37 }, "geometry": { "type": "MultiLineString", "coordinates": [ [ [ 1929254.497763719642535, 6971681.061863284558058 ], [ 1929245.210694290464744, 6971724.234865667298436 ], [ 1929240.515894226264209, 6971745.172398927621543 ], [ 1929238.77416472393088, 6971750.962498282082379 ], [ 1929229.762763211969286, 6971767.24784086085856 ] ] ] } },
{ "type": "Feature", "properties": { "TERYT": "3028", "LOKALNYID": "2EBDC9DC-3EDE-7DB6-E053-CC2BA8C07DDB", "WERSJAID": "2021-10-29T00:00:00", "PNAZW": "PL.PZGiK.308.BDOT10k", "GMLID": "OT_SKDR_L.1488", "X_KOD": "SKDR08", "X_SKRKARTO": null, "X_SKRK_NIL": "inapplicable", "X_KATDOKG": "dokladny", "X_DOKLGEOM": null, "X_ZRODLOG": "ortofotomapa", "X_ZRODLOA": "pomiarTerenowy", "X_KATIST": "eksploatowany", "X_KATI_NIL": null, "X_RODZREPG": "osGeometryczna", "X_UWAGI": null, "X_UZYTKOWN": "Uzytkownik30.xml", "X_AKTG": "2021-10-29", "X_AKTA": "2021-10-29", "POCZWERS": "2021-10-29", "KONIECWERS": null, "X_DATAUTW": "2012-11-13", "X_INFDOD": null, "KOD10K": null, "KOD10K_NIL": "inapplicable", "KOD25K": "0025_127", "KOD25K_NIL": null, "KOD50K": "0050_127", "KOD50K_NIL": null, "KOD100K": "0100_127", "KOD100_NIL": null, "KOD250K": null, "KOD250_NIL": "inapplicable", "KOD500K": null, "KOD500_NIL": "inapplicable", "KOD1000K": null, "KOD1000_NI": "inapplicable", "KATZARZ": "inna", "KATZA_NIL": null, "KLASADROGI": "inna", "KLDROG_NIL": null, "MATNAWIERZ": "gruntNaturalny", "MATNAW_NIL": null, "NAZWADROGI": null, "LJEZDNIDR": 1, "LJEZD_NIL": null, "NRODCIREF": null, "SZL_NUMER": null, "SZLNR_NIL": null, "length": 328.52 }, "geometry": { "type": "MultiLineString", "coordinates": [ [ [ 1926881.786122105550021, 6971847.811224488541484 ], [ 1926873.079930855892599, 6972008.178388970904052 ], [ 1926862.054030537139624, 6972135.368485825136304 ], [ 1926862.908198893535882, 6972146.269879533909261 ], [ 1926863.330318609951064, 6972151.579257746227086 ], [ 1926861.613447123439983, 6972173.866054559126496 ], [ 1926849.910041038645431, 6972298.135505085811019 ], [ 1926841.448094948660582, 6972391.649485593661666 ] ] ] } },
{ "type": "Feature", "properties": { "TERYT": "3028", "LOKALNYID": "1459C6E8-F0C9-4E32-A8A7-A1D61D9E7362", "WERSJAID": "2021-10-29T00:00:00", "PNAZW": "PL.PZGiK.308.BDOT10k", "GMLID": "ID_1459C6E8-F0C9-4E32-A8A7-A1D61D9E7362", "X_KOD": "SKDR08", "X_SKRKARTO": null, "X_SKRK_NIL": "inapplicable", "X_KATDOKG": "dokladny", "X_DOKLGEOM": null, "X_ZRODLOG": "ortofotomapa", "X_ZRODLOA": "pomiarTerenowy", "X_KATIST": "eksploatowany", "X_KATI_NIL": null, "X_RODZREPG": "osGeometryczna", "X_UWAGI": null, "X_UZYTKOWN": "Uzytkownik30.xml", "X_AKTG": "2021-10-29", "X_AKTA": "2021-10-29", "POCZWERS": "2021-10-29", "KONIECWERS": null, "X_DATAUTW": "2017-12-13", "X_INFDOD": null, "KOD10K": null, "KOD10K_NIL": "inapplicable", "KOD25K": "0025_121", "KOD25K_NIL": null, "KOD50K": "0050_121", "KOD50K_NIL": null, "KOD100K": "0100_121", "KOD100_NIL": null, "KOD250K": null, "KOD250_NIL": "inapplicable", "KOD500K": null, "KOD500_NIL": "inapplicable", "KOD1000K": null, "KOD1000_NI": "inapplicable", "KATZARZ": "inna", "KATZA_NIL": null, "KLASADROGI": "inna", "KLDROG_NIL": null, "MATNAWIERZ": "kostkaPrefabrykowana", "MATNAW_NIL": null, "NAZWADROGI": null, "LJEZDNIDR": 1, "LJEZD_NIL": null, "NRODCIREF": null, "SZL_NUMER": null, "SZLNR_NIL": null, "length": 71.82 }, "geometry": { "type": "MultiLineString", "coordinates": [ [ [ 1925946.816052314359695, 6972393.647131978534162 ], [ 1925975.292935830540955, 6972410.271371670998633 ], [ 1926000.595672708703205, 6972429.37867624219507 ], [ 1926016.324529698817059, 6972437.742709301412106 ], [ 1926034.992373305838555, 6972444.465264397673309 ], [ 1926051.604079201119021, 6972446.321189377456903 ] ] ] } },
{ "type": "Feature", "properties": { "TERYT": "3028", "LOKALNYID": "2EBDC9DC-45DE-7DB6-E053-CC2BA8C07DDB", "WERSJAID": "2021-10-29T00:00:00", "PNAZW": "PL.PZGiK.308.BDOT10k", "GMLID": "OT_SKDR_L.6054", "X_KOD": "SKDR08", "X_SKRKARTO": null, "X_SKRK_NIL": "inapplicable", "X_KATDOKG": "dokladny", "X_DOKLGEOM": null, "X_ZRODLOG": "ortofotomapa", "X_ZRODLOA": "pomiarTerenowy", "X_KATIST": "eksploatowany", "X_KATI_NIL": null, "X_RODZREPG": "osGeometryczna", "X_UWAGI": null, "X_UZYTKOWN": "Uzytkownik30.xml", "X_AKTG": "2017-12-13", "X_AKTA": "2021-10-29", "POCZWERS": "2021-10-29", "KONIECWERS": null, "X_DATAUTW": "2012-11-13", "X_INFDOD": null, "KOD10K": null, "KOD10K_NIL": "inapplicable", "KOD25K": "0025_127", "KOD25K_NIL": null, "KOD50K": "0050_127", "KOD50K_NIL": null, "KOD100K": "0100_127", "KOD100_NIL": null, "KOD250K": null, "KOD250_NIL": "inapplicable", "KOD500K": null, "KOD500_NIL": "inapplicable", "KOD1000K": null, "KOD1000_NI": "inapplicable", "KATZARZ": "inna", "KATZA_NIL": null, "KLASADROGI": "inna", "KLDROG_NIL": null, "MATNAWIERZ": "stabilizacjaZwiremLubZuzlem", "MATNAW_NIL": null, "NAZWADROGI": null, "LJEZDNIDR": 1, "LJEZD_NIL": null, "NRODCIREF": null, "SZL_NUMER": null, "SZLNR_NIL": null, "length": 55.34 }, "geometry": { "type": "MultiLineString", "coordinates": [ [ [ 1926276.74147987854667, 6972134.234777674078941 ], [ 1926290.416968165664002, 6972133.379194501787424 ], [ 1926312.420510359574109, 6972135.661236826330423 ], [ 1926342.148188163060695, 6972142.096517750993371 ], [ 1926367.550135200144723, 6972143.628247850574553 ] ] ] } },
{ "type": "Feature", "properties": { "TERYT": "3028", "LOKALNYID": "2EBDC9DC-42CE-7DB6-E053-CC2BA8C07DDB", "WERSJAID": "2021-10-29T00:00:00", "PNAZW": "PL.PZGiK.308.BDOT10k", "GMLID": "OT_SKDR_L.6373", "X_KOD": "SKDR06", "X_SKRKARTO": null, "X_SKRK_NIL": "inapplicable", "X_KATDOKG": "dokladny", "X_DOKLGEOM": null, "X_ZRODLOG": "ortofotomapa", "X_ZRODLOA": "pomiarTerenowy", "X_KATIST": "eksploatowany", "X_KATI_NIL": null, "X_RODZREPG": "osGeometryczna", "X_UWAGI": null, "X_UZYTKOWN": "Uzytkownik30.xml", "X_AKTG": "2021-10-29", "X_AKTA": "2020-01-20", "POCZWERS": "2021-10-29", "KONIECWERS": null, "X_DATAUTW": "2012-11-13", "X_INFDOD": null, "KOD10K": null, "KOD10K_NIL": "inapplicable", "KOD25K": "0025_126", "KOD25K_NIL": null, "KOD50K": "0050_126", "KOD50K_NIL": null, "KOD100K": "0100_126", "KOD100_NIL": null, "KOD250K": null, "KOD250_NIL": "inapplicable", "KOD500K": null, "KOD500_NIL": "inapplicable", "KOD1000K": null, "KOD1000_NI": "inapplicable", "KATZARZ": "gminna", "KATZA_NIL": null, "KLASADROGI": "lokalna", "KLDROG_NIL": null, "MATNAWIERZ": "gruntNaturalny", "MATNAW_NIL": null, "NAZWADROGI": null, "LJEZDNIDR": 1, "LJEZD_NIL": null, "NRODCIREF": null, "SZL_NUMER": "207014P", "SZLNR_NIL": null, "length": 332.61 }, "geometry": { "type": "MultiLineString", "coordinates": [ [ [ 1927896.637794829905033, 6971439.175890916027129 ], [ 1927893.522600198397413, 6971442.009680977091193 ], [ 1927888.471559014171362, 6971447.555454944260418 ], [ 1927880.817500318633392, 6971451.744434723630548 ], [ 1927873.099228251958266, 6971453.008344539441168 ], [ 1927864.692091381642967, 6971453.259401637129486 ], [ 1927856.526656007394195, 6971454.512793723493814 ], [ 1927851.631743462057784, 6971459.048941352404654 ], [ 1927848.0110346195288, 6971465.076797194778919 ], [ 1927843.22057898552157, 6971477.904367461800575 ], [ 1927838.426740440772846, 6971490.167095417156816 ], [ 1927833.29064212506637, 6971499.348724951036274 ], [ 1927827.443024908890948, 6971507.068470934405923 ], [ 1927816.849354181205854, 6971520.042161761783063 ], [ 1927808.814681944670156, 6971534.836774418130517 ], [ 1927806.634768617572263, 6971540.898517175577581 ], [ 1927804.830987091874704, 6971550.008971 ], [ 1927802.745400963583961, 6971564.793893053196371 ], [ 1927802.235131810884923, 6971598.669125464744866 ], [ 1927803.420476225670427, 6971610.341585769318044 ], [ 1927804.999936349922791, 6971617.20599833317101 ], [ 1927808.135176738491282, 6971625.568776119500399 ], [ 1927813.168563613435254, 6971633.544254931621253 ], [ 1927818.289936017943546, 6971638.46528884023428 ], [ 1927829.137067474192008, 6971645.846436944790184 ], [ 1927836.414479369064793, 6971651.399516055360436 ], [ 1927841.187051501125097, 6971657.774168005213141 ], [ 1927842.302181492326781, 6971666.072911786846817 ], [ 1927843.252220560330898, 6971675.763158416375518 ], [ 1927842.458276511868462, 6971696.259831962175667 ], [ 1927841.664715775754303, 6971716.739955011755228 ], [ 1927840.140586499357596, 6971756.422732755541801 ], [ 1927839.205349266063422, 6971780.836674871854484 ], [ 1927838.263991600368172, 6971848.75708247628063 ], [ 1927837.540645117172971, 6971866.232475840486586 ], [ 1927836.097426345571876, 6971872.677245388738811 ], [ 1927832.032445728080347, 6971880.688409538008273 ], [ 1927825.414390637073666, 6971887.327255780808628 ], [ 1927814.558819521218538, 6971895.178902669809759 ], [ 1927791.650075885700062, 6971908.943650468252599 ] ] ] } },
{ "type": "Feature", "properties": { "TERYT": "3028", "LOKALNYID": "2EBDC9DC-5460-7DB6-E053-CC2BA8C07DDB", "WERSJAID": "2021-10-29T00:00:00", "PNAZW": "PL.PZGiK.308.BDOT10k", "GMLID": "OT_SKDR_L.7658", "X_KOD": "SKDR08", "X_SKRKARTO": null, "X_SKRK_NIL": "inapplicable", "X_KATDOKG": "dokladny", "X_DOKLGEOM": null, "X_ZRODLOG": "ortofotomapa", "X_ZRODLOA": "pomiarTerenowy", "X_KATIST": "eksploatowany", "X_KATI_NIL": null, "X_RODZREPG": "osGeometryczna", "X_UWAGI": null, "X_UZYTKOWN": "Uzytkownik30.xml", "X_AKTG": "2021-10-29", "X_AKTA": "2021-10-29", "POCZWERS": "2021-10-29", "KONIECWERS": null, "X_DATAUTW": "2012-11-13", "X_INFDOD": null, "KOD10K": null, "KOD10K_NIL": "inapplicable", "KOD25K": "0025_127", "KOD25K_NIL": null, "KOD50K": "0050_127", "KOD50K_NIL": null, "KOD100K": "0100_127", "KOD100_NIL": null, "KOD250K": null, "KOD250_NIL": "inapplicable", "KOD500K": null, "KOD500_NIL": "inapplicable", "KOD1000K": null, "KOD1000_NI": "inapplicable", "KATZARZ": "inna", "KATZA_NIL": null, "KLASADROGI": "inna", "KLDROG_NIL": null, "MATNAWIERZ": "gruntNaturalny", "MATNAW_NIL": null, "NAZWADROGI": null, "LJEZDNIDR": 1, "LJEZD_NIL": null, "NRODCIREF": null, "SZL_NUMER": null, "SZLNR_NIL": null, "length": 1010.04 }, "geometry": { "type": "MultiLineString", "coordinates": [ [ [ 1926334.044706024928018, 6970276.346577504649758 ], [ 1926352.007702119648457, 6970271.290971145965159 ], [ 1926364.404965754365548, 6970270.405231141485274 ], [ 1926381.374966867966577, 6970270.225622949190438 ], [ 1926467.414416331797838, 6970272.992487838491797 ], [ 1926585.497964431531727, 6970277.114062587730587 ], [ 1926897.404286017874256, 6970287.223206222988665 ], [ 1927002.945213197730482, 6970289.265383087098598 ], [ 1927027.520701936911792, 6970291.173826987855136 ], [ 1927042.750888005597517, 6970295.236823765560985 ], [ 1927056.167005537310615, 6970301.764930050820112 ], [ 1927090.229802231304348, 6970320.887717393226922 ], [ 1927196.620357130654156, 6970379.267995517700911 ], [ 1927218.739013789920136, 6970391.282628743909299 ], [ 1927257.349025161238387, 6970412.239394432865083 ], [ 1927266.703570537501946, 6970416.761510931886733 ], [ 1927304.516169593203813, 6970434.992053910158575 ], [ 1927450.518832937581465, 6970516.990804946050048 ], [ 1927578.484151449985802, 6970588.946652318350971 ], [ 1927750.749094477389008, 6970679.66451109200716 ], [ 1927849.729080166434869, 6970730.124344360083342 ], [ 1927881.752604476874694, 6970744.496300172992051 ], [ 1927892.017534383106977, 6970749.089068790897727 ] ] ] } },
{ "type": "Feature", "properties": { "TERYT": "3028", "LOKALNYID": "2EBDC9DC-3922-7DB6-E053-CC2BA8C07DDB", "WERSJAID": "2021-10-29T00:00:00", "PNAZW": "PL.PZGiK.308.BDOT10k", "GMLID": "OT_SKDR_L.994", "X_KOD": "SKDR06", "X_SKRKARTO": null, "X_SKRK_NIL": "inapplicable", "X_KATDOKG": "dokladny", "X_DOKLGEOM": null, "X_ZRODLOG": "ortofotomapa", "X_ZRODLOA": "pomiarTerenowy", "X_KATIST": "eksploatowany", "X_KATI_NIL": null, "X_RODZREPG": "osGeometryczna", "X_UWAGI": null, "X_UZYTKOWN": "Uzytkownik30.xml", "X_AKTG": "2021-10-29", "X_AKTA": "2021-10-29", "POCZWERS": "2021-10-29", "KONIECWERS": null, "X_DATAUTW": "2012-11-13", "X_INFDOD": null, "KOD10K": null, "KOD10K_NIL": "inapplicable", "KOD25K": "0025_123", "KOD25K_NIL": null, "KOD50K": "0050_123", "KOD50K_NIL": null, "KOD100K": "0100_123", "KOD100_NIL": null, "KOD250K": null, "KOD250_NIL": "inapplicable", "KOD500K": null, "KOD500_NIL": "inapplicable", "KOD1000K": null, "KOD1000_NI": "inapplicable", "KATZARZ": "gminna", "KATZA_NIL": null, "KLASADROGI": "lokalna", "KLDROG_NIL": null, "MATNAWIERZ": "zwir", "MATNAW_NIL": null, "NAZWADROGI": null, "LJEZDNIDR": 1, "LJEZD_NIL": null, "NRODCIREF": null, "SZL_NUMER": "206015P", "SZLNR_NIL": null, "length": 436.52 }, "geometry": { "type": "MultiLineString", "coordinates": [ [ [ 1924862.94846308673732, 6971327.612341285683215 ], [ 1924867.609640919836238, 6971336.477525904774666 ], [ 1924874.964399242540821, 6971351.237436730414629 ], [ 1924909.074152742046863, 6971419.309346467256546 ], [ 1924931.8222300268244, 6971457.841702593490481 ], [ 1924969.791766936890781, 6971528.797018378041685 ], [ 1925007.434879722772166, 6971591.190081650391221 ], [ 1925016.574473874643445, 6971607.570974327623844 ], [ 1925047.777907195035368, 6971659.943605046719313 ], [ 1925063.925441434141248, 6971683.385477495379746 ], [ 1925074.002471102401614, 6971696.582781651988626 ], [ 1925083.069152631098405, 6971706.267555370926857 ], [ 1925094.566548807080835, 6971717.571765435859561 ], [ 1925103.99318583891727, 6971723.959383690729737 ], [ 1925108.113213001284748, 6971726.316770009696484 ], [ 1925147.190494806971401, 6971748.577472191303968 ], [ 1925252.88851995463483, 6971798.638343160040677 ], [ 1925335.863945705350488, 6971836.296309952624142 ] ] ] } },
{ "type": "Feature", "properties": { "TERYT": "3028", "LOKALNYID": "2EBDC9DC-3487-7DB6-E053-CC2BA8C07DDB", "WERSJAID": "2021-10-29T00:00:00", "PNAZW": "PL.PZGiK.308.BDOT10k", "GMLID": "OT_SKDR_L.1732", "X_KOD": "SKDR08", "X_SKRKARTO": null, "X_SKRK_NIL": "inapplicable", "X_KATDOKG": "dokladny", "X_DOKLGEOM": null, "X_ZRODLOG": "ortofotomapa", "X_ZRODLOA": "pomiarTerenowy", "X_KATIST": "eksploatowany", "X_KATI_NIL": null, "X_RODZREPG": "osGeometryczna", "X_UWAGI": null, "X_UZYTKOWN": "Uzytkownik30.xml", "X_AKTG": "2021-10-29", "X_AKTA": "2020-01-20", "POCZWERS": "2021-10-29", "KONIECWERS": null, "X_DATAUTW": "2012-11-13", "X_INFDOD": null, "KOD10K": null, "KOD10K_NIL": "inapplicable", "KOD25K": "0025_121", "KOD25K_NIL": null, "KOD50K": "0050_121", "KOD50K_NIL": null, "KOD100K": "0100_121", "KOD100_NIL": null, "KOD250K": null, "KOD250_NIL": "inapplicable", "KOD500K": null, "KOD500_NIL": "inapplicable", "KOD1000K": null, "KOD1000_NI": "inapplicable", "KATZARZ": "inna", "KATZA_NIL": null, "KLASADROGI": "inna", "KLDROG_NIL": null, "MATNAWIERZ": "masaBitumiczna", "MATNAW_NIL": null, "NAZWADROGI": null, "LJEZDNIDR": 1, "LJEZD_NIL": null, "NRODCIREF": null, "SZL_NUMER": null, "SZLNR_NIL": null, "length": 233.09 }, "geometry": { "type": "MultiLineString", "coordinates": [ [ [ 1924480.321989143034443, 6972769.267515304498374 ], [ 1924479.973678153706715, 6972779.725952857173979 ], [ 1924481.812630726024508, 6972789.505693797953427 ], [ 1924488.50574721256271, 6972796.577145519666374 ], [ 1924500.443192714126781, 6972807.528752163052559 ], [ 1924558.992652466055006, 6972864.153546677902341 ], [ 1924621.201231471728534, 6972922.361017097719014 ], [ 1924633.643063100753352, 6972933.72338583227247 ], [ 1924637.743772512301803, 6972939.005011099390686 ], [ 1924639.316107328981161, 6972942.581415565684438 ], [ 1924639.905605089617893, 6972947.064737386070192 ], [ 1924639.098174103768542, 6972951.747284656390548 ], [ 1924637.329616746865213, 6972956.423484388738871 ], [ 1924633.728751863818616, 6972960.092276663519442 ], [ 1924625.163283705245703, 6972964.838671746663749 ], [ 1924597.2050252542831, 6972978.010290330275893 ], [ 1924558.936394952004775, 6972994.723463562317193 ], [ 1924546.875336666358635, 6973000.100657214410603 ], [ 1924541.339903887826949, 6973004.271457387134433 ], [ 1924538.174336057389155, 6973009.146871554665267 ], [ 1924535.726986966794357, 6973013.092436144128442 ], [ 1924529.993625141214579, 6973025.582330068573356 ] ] ] } },
{ "type": "Feature", "properties": { "TERYT": "3028", "LOKALNYID": "2EBDC9DC-3C4C-7DB6-E053-CC2BA8C07DDB", "WERSJAID": "2021-10-29T00:00:00", "PNAZW": "PL.PZGiK.308.BDOT10k", "GMLID": "OT_SKDR_L.840", "X_KOD": "SKDR06", "X_SKRKARTO": null, "X_SKRK_NIL": "inapplicable", "X_KATDOKG": "dokladny", "X_DOKLGEOM": null, "X_ZRODLOG": "ortofotomapa", "X_ZRODLOA": "pomiarTerenowy", "X_KATIST": "eksploatowany", "X_KATI_NIL": null, "X_RODZREPG": "osGeometryczna", "X_UWAGI": null, "X_UZYTKOWN": "Uzytkownik30.xml", "X_AKTG": "2021-10-29", "X_AKTA": "2020-01-20", "POCZWERS": "2021-10-29", "KONIECWERS": null, "X_DATAUTW": "2012-11-13", "X_INFDOD": null, "KOD10K": null, "KOD10K_NIL": "inapplicable", "KOD25K": "0025_126", "KOD25K_NIL": null, "KOD50K": "0050_126", "KOD50K_NIL": null, "KOD100K": "0100_126", "KOD100_NIL": null, "KOD250K": null, "KOD250_NIL": "inapplicable", "KOD500K": null, "KOD500_NIL": "inapplicable", "KOD1000K": null, "KOD1000_NI": "inapplicable", "KATZARZ": "gminna", "KATZA_NIL": null, "KLASADROGI": "lokalna", "KLDROG_NIL": null, "MATNAWIERZ": "stabilizacjaZwiremLubZuzlem", "MATNAW_NIL": null, "NAZWADROGI": null, "LJEZDNIDR": 1, "LJEZD_NIL": null, "NRODCIREF": null, "SZL_NUMER": "207009P", "SZLNR_NIL": null, "length": 88.14 }, "geometry": { "type": "MultiLineString", "coordinates": [ [ [ 1926778.839235054096207, 6973459.608660598285496 ], [ 1926781.309717752272263, 6973452.522458361461759 ], [ 1926786.840477807447314, 6973452.038355967029929 ], [ 1926801.986160578904673, 6973454.306904095225036 ], [ 1926811.41886990936473, 6973457.0552435843274 ], [ 1926815.782143529737368, 6973459.7004459714517 ], [ 1926819.787520467303693, 6973464.879332418553531 ], [ 1926819.98282586527057, 6973469.96822637040168 ], [ 1926820.05127519601956, 6973480.454105535522103 ], [ 1926820.060394642176107, 6973493.46412985958159 ], [ 1926821.095723221078515, 6973503.00918598100543 ], [ 1926824.232754566008225, 6973518.33620679564774 ], [ 1926825.248804273316637, 6973521.65005580149591 ], [ 1926828.342361919814721, 6973531.775452423840761 ], [ 1926829.182392221176997, 6973536.231614161282778 ], [ 1926830.038598811486736, 6973540.70477578509599 ], [ 1926830.291505323024467, 6973542.63814137969166 ], [ 1926830.841161174234003, 6973546.755141352303326 ], [ 1926830.427491359645501, 6973550.251233777031302 ], [ 1926829.269135787617415, 6973560.043621761724353 ] ] ] } },
{ "type": "Feature", "properties": { "TERYT": "3028", "LOKALNYID": "2EBDC9DC-3799-7DB6-E053-CC2BA8C07DDB", "WERSJAID": "2021-10-29T00:00:00", "PNAZW": "PL.PZGiK.308.BDOT10k", "GMLID": "OT_SKDR_L.1190", "X_KOD": "SKDR06", "X_SKRKARTO": null, "X_SKRK_NIL": "inapplicable", "X_KATDOKG": "dokladny", "X_DOKLGEOM": null, "X_ZRODLOG": "ortofotomapa", "X_ZRODLOA": "pomiarTerenowy", "X_KATIST": "eksploatowany", "X_KATI_NIL": null, "X_RODZREPG": "osGeometryczna", "X_UWAGI": null, "X_UZYTKOWN": "Uzytkownik30.xml", "X_AKTG": "2011-01-01", "X_AKTA": "2021-10-29", "POCZWERS": "2021-10-29", "KONIECWERS": null, "X_DATAUTW": "2012-11-13", "X_INFDOD": null, "KOD10K": null, "KOD10K_NIL": "inapplicable", "KOD25K": "0025_121", "KOD25K_NIL": null, "KOD50K": "0050_121", "KOD50K_NIL": null, "KOD100K": "0100_121", "KOD100_NIL": null, "KOD250K": null, "KOD250_NIL": "inapplicable", "KOD500K": null, "KOD500_NIL": "inapplicable", "KOD1000K": null, "KOD1000_NI": "inapplicable", "KATZARZ": "powiatowa", "KATZA_NIL": null, "KLASADROGI": "lokalna", "KLDROG_NIL": null, "MATNAWIERZ": "masaBitumiczna", "MATNAW_NIL": null, "NAZWADROGI": null, "LJEZDNIDR": 1, "LJEZD_NIL": null, "NRODCIREF": null, "SZL_NUMER": "1571P", "SZLNR_NIL": null, "length": 44.11 }, "geometry": { "type": "MultiLineString", "coordinates": [ [ [ 1925504.165015561738983, 6972677.171976247802377 ], [ 1925513.661992616951466, 6972696.055046052671969 ], [ 1925534.666966301621869, 6972737.789966139942408 ], [ 1925537.072699940996245, 6972742.582114238291979 ] ] ] } },
{ "type": "Feature", "properties": { "TERYT": "3028", "LOKALNYID": "2EBDC9DC-3EE0-7DB6-E053-CC2BA8C07DDB", "WERSJAID": "2021-10-29T00:00:00", "PNAZW": "PL.PZGiK.308.BDOT10k", "GMLID": "OT_SKDR_L.1490", "X_KOD": "SKDR08", "X_SKRKARTO": null, "X_SKRK_NIL": "inapplicable", "X_KATDOKG": "dokladny", "X_DOKLGEOM": null, "X_ZRODLOG": "ortofotomapa", "X_ZRODLOA": "pomiarTerenowy", "X_KATIST": "eksploatowany", "X_KATI_NIL": null, "X_RODZREPG": "osGeometryczna", "X_UWAGI": null, "X_UZYTKOWN": "Uzytkownik30.xml", "X_AKTG": "2011-01-01", "X_AKTA": "2021-10-29", "POCZWERS": "2021-10-29", "KONIECWERS": null, "X_DATAUTW": "2012-11-13", "X_INFDOD": null, "KOD10K": null, "KOD10K_NIL": "inapplicable", "KOD25K": "0025_127", "KOD25K_NIL": null, "KOD50K": "0050_127", "KOD50K_NIL": null, "KOD100K": "0100_127", "KOD100_NIL": null, "KOD250K": null, "KOD250_NIL": "inapplicable", "KOD500K": null, "KOD500_NIL": "inapplicable", "KOD1000K": null, "KOD1000_NI": "inapplicable", "KATZARZ": "inna", "KATZA_NIL": null, "KLASADROGI": "inna", "KLDROG_NIL": null, "MATNAWIERZ": "gruntNaturalny", "MATNAW_NIL": null, "NAZWADROGI": null, "LJEZDNIDR": 1, "LJEZD_NIL": null, "NRODCIREF": null, "SZL_NUMER": null, "SZLNR_NIL": null, "length": 302.5 }, "geometry": { "type": "MultiLineString", "coordinates": [ [ [ 1925419.188970031449571, 6973533.426233345642686 ], [ 1925449.437268404057249, 6973512.462819195352495 ], [ 1925508.619324491126463, 6973467.231329548172653 ], [ 1925544.402643766254187, 6973440.683725348673761 ], [ 1925562.35462304437533, 6973425.907651877962053 ], [ 1925575.327696975087747, 6973413.505468408577144 ], [ 1925590.156900724163279, 6973397.608378297649324 ], [ 1925602.153383624507114, 6973381.643950967118144 ], [ 1925616.353838803479448, 6973362.192910881713033 ], [ 1925622.278262696694583, 6973349.97211036644876 ], [ 1925627.843136151554063, 6973335.433285624720156 ], [ 1925631.739160948665813, 6973319.974220600910485 ], [ 1925639.773034601937979, 6973278.129290274344385 ], [ 1925646.988590735010803, 6973226.030383910983801 ], [ 1925649.203232029918581, 6973203.171210795640945 ], [ 1925649.706364536192268, 6973198.01597501244396 ], [ 1925649.780983485979959, 6973194.86094371881336 ], [ 1925650.324521347880363, 6973171.879068807698786 ], [ 1925649.666778453625739, 6973153.437743053771555 ], [ 1925649.270063629141077, 6973142.180188737809658 ], [ 1925649.921290896134451, 6973127.259109909646213 ] ] ] } },
{ "type": "Feature", "properties": { "TERYT": "3028", "LOKALNYID": "2EBDC9DC-3C86-7DB6-E053-CC2BA8C07DDB", "WERSJAID": "2021-10-29T00:00:00", "PNAZW": "PL.PZGiK.308.BDOT10k", "GMLID": "OT_SKDR_L.1658", "X_KOD": "SKDR05", "X_SKRKARTO": null, "X_SKRK_NIL": "inapplicable", "X_KATDOKG": "dokladny", "X_DOKLGEOM": null, "X_ZRODLOG": "ortofotomapa", "X_ZRODLOA": "pomiarTerenowy", "X_KATIST": "eksploatowany", "X_KATI_NIL": null, "X_RODZREPG": "osGeometryczna", "X_UWAGI": null, "X_UZYTKOWN": "Uzytkownik30.xml", "X_AKTG": "2021-10-29", "X_AKTA": "2020-01-20", "POCZWERS": "2021-10-29", "KONIECWERS": null, "X_DATAUTW": "2012-11-13", "X_INFDOD": null, "KOD10K": null, "KOD10K_NIL": "inapplicable", "KOD25K": "0025_119", "KOD25K_NIL": null, "KOD50K": "0050_119", "KOD50K_NIL": null, "KOD100K": "0100_117", "KOD100_NIL": null, "KOD250K": null, "KOD250_NIL": "inapplicable", "KOD500K": null, "KOD500_NIL": "inapplicable", "KOD1000K": null, "KOD1000_NI": "inapplicable", "KATZARZ": "powiatowa", "KATZA_NIL": null, "KLASADROGI": "zbiorcza", "KLDROG_NIL": null, "MATNAWIERZ": "masaBitumiczna", "MATNAW_NIL": null, "NAZWADROGI": null, "LJEZDNIDR": 1, "LJEZD_NIL": null, "NRODCIREF": null, "SZL_NUMER": "1562P", "SZLNR_NIL": null, "length": 99.62 }, "geometry": { "type": "MultiLineString", "coordinates": [ [ [ 1925803.399117433698848, 6972054.831467982381582 ], [ 1925814.701115160714835, 6972090.600611652247608 ], [ 1925831.035091033438221, 6972148.368124974891543 ], [ 1925838.771356848999858, 6972175.846335089765489 ], [ 1925843.205763696460053, 6972190.869786095805466 ], [ 1925845.139311037026346, 6972197.411250651814044 ], [ 1925850.178811669582501, 6972213.479092055000365 ] ] ] } },
{ "type": "Feature", "properties": { "TERYT": "3028", "LOKALNYID": "2EBDC9DC-31C8-7DB6-E053-CC2BA8C07DDB", "WERSJAID": "2021-10-29T00:00:00", "PNAZW": "PL.PZGiK.308.BDOT10k", "GMLID": "OT_SKDR_L.239", "X_KOD": "SKDR08", "X_SKRKARTO": null, "X_SKRK_NIL": "inapplicable", "X_KATDOKG": "dokladny", "X_DOKLGEOM": null, "X_ZRODLOG": "ortofotomapa", "X_ZRODLOA": "pomiarTerenowy", "X_KATIST": "eksploatowany", "X_KATI_NIL": null, "X_RODZREPG": "osGeometryczna", "X_UWAGI": null, "X_UZYTKOWN": "Uzytkownik30.xml", "X_AKTG": "2021-10-29", "X_AKTA": "2021-10-29", "POCZWERS": "2021-10-29", "KONIECWERS": null, "X_DATAUTW": "2012-11-13", "X_INFDOD": null, "KOD10K": null, "KOD10K_NIL": "inapplicable", "KOD25K": "0025_127", "KOD25K_NIL": null, "KOD50K": "0050_127", "KOD50K_NIL": null, "KOD100K": "0100_127", "KOD100_NIL": null, "KOD250K": null, "KOD250_NIL": "inapplicable", "KOD500K": null, "KOD500_NIL": "inapplicable", "KOD1000K": null, "KOD1000_NI": "inapplicable", "KATZARZ": "inna", "KATZA_NIL": null, "KLASADROGI": "inna", "KLDROG_NIL": null, "MATNAWIERZ": "gruntNaturalny", "MATNAW_NIL": null, "NAZWADROGI": null, "LJEZDNIDR": 1, "LJEZD_NIL": null, "NRODCIREF": null, "SZL_NUMER": null, "SZLNR_NIL": null, "length": 91.36 }, "geometry": { "type": "MultiLineString", "coordinates": [ [ [ 1925649.921290896134451, 6973127.259109909646213 ], [ 1925685.4828236552421, 6973129.632749810814857 ], [ 1925739.565829340368509, 6973136.566664514131844 ], [ 1925765.211881660390645, 6973139.11976533383131 ], [ 1925773.59122746065259, 6973138.720660687424242 ], [ 1925781.07834719447419, 6973137.502854236401618 ], [ 1925799.861361254006624, 6973132.399643005803227 ] ] ] } },
{ "type": "Feature", "properties": { "TERYT": "3028", "LOKALNYID": "F4514AC9-A569-40C9-A751-288A02A70D37", "WERSJAID": "2021-10-29T00:00:00", "PNAZW": "PL.PZGiK.308.BDOT10k", "GMLID": "ID_F4514AC9-A569-40C9-A751-288A02A70D37", "X_KOD": "SKDR08", "X_SKRKARTO": null, "X_SKRK_NIL": "inapplicable", "X_KATDOKG": "dokladny", "X_DOKLGEOM": null, "X_ZRODLOG": "ortofotomapa", "X_ZRODLOA": "pomiarTerenowy", "X_KATIST": "eksploatowany", "X_KATI_NIL": null, "X_RODZREPG": "osGeometryczna", "X_UWAGI": null, "X_UZYTKOWN": "Uzytkownik30.xml", "X_AKTG": "2021-10-29", "X_AKTA": "2021-10-29", "POCZWERS": "2021-10-29", "KONIECWERS": null, "X_DATAUTW": "2017-09-21", "X_INFDOD": null, "KOD10K": null, "KOD10K_NIL": "inapplicable", "KOD25K": "0025_127", "KOD25K_NIL": null, "KOD50K": "0050_127", "KOD50K_NIL": null, "KOD100K": "0100_127", "KOD100_NIL": null, "KOD250K": null, "KOD250_NIL": "inapplicable", "KOD500K": null, "KOD500_NIL": "inapplicable", "KOD1000K": null, "KOD1000_NI": "inapplicable", "KATZARZ": "inna", "KATZA_NIL": null, "KLASADROGI": "inna", "KLDROG_NIL": null, "MATNAWIERZ": "gruntNaturalny", "MATNAW_NIL": null, "NAZWADROGI": null, "LJEZDNIDR": 1, "LJEZD_NIL": null, "NRODCIREF": null, "SZL_NUMER": null, "SZLNR_NIL": null, "length": 157.52 }, "geometry": { "type": "MultiLineString", "coordinates": [ [ [ 1925290.278922717785463, 6972171.194963864982128 ], [ 1925293.537173498421907, 6972139.293249850161374 ], [ 1925295.822255373001099, 6972129.579461460001767 ], [ 1925315.338751293485984, 6972087.133965749293566 ], [ 1925329.915962949860841, 6972058.708227152004838 ], [ 1925336.08355230325833, 6972052.990861672908068 ], [ 1925348.357915148139, 6972040.624387855641544 ], [ 1925359.709438341204077, 6972033.634967410005629 ], [ 1925372.18914058059454, 6972032.187690138816833 ], [ 1925394.821533948881552, 6972040.783299493603408 ], [ 1925454.065894048195332, 6972066.679590109735727 ] ] ] } },
{ "type": "Feature", "properties": { "TERYT": "3028", "LOKALNYID": "2EBDC9DC-33A0-7DB6-E053-CC2BA8C07DDB", "WERSJAID": "2021-10-29T00:00:00", "PNAZW": "PL.PZGiK.308.BDOT10k", "GMLID": "OT_SKDR_L.1512", "X_KOD": "SKDR06", "X_SKRKARTO": null, "X_SKRK_NIL": "inapplicable", "X_KATDOKG": "dokladny", "X_DOKLGEOM": null, "X_ZRODLOG": "ortofotomapa", "X_ZRODLOA": "pomiarTerenowy", "X_KATIST": "eksploatowany", "X_KATI_NIL": null, "X_RODZREPG": "osGeometryczna", "X_UWAGI": null, "X_UZYTKOWN": "Uzytkownik30.xml", "X_AKTG": "2021-10-29", "X_AKTA": "2021-10-29", "POCZWERS": "2021-10-29", "KONIECWERS": null, "X_DATAUTW": "2012-11-13", "X_INFDOD": null, "KOD10K": null, "KOD10K_NIL": "inapplicable", "KOD25K": "0025_123", "KOD25K_NIL": null, "KOD50K": "0050_123", "KOD50K_NIL": null, "KOD100K": "0100_123", "KOD100_NIL": null, "KOD250K": null, "KOD250_NIL": "inapplicable", "KOD500K": null, "KOD500_NIL": "inapplicable", "KOD1000K": null, "KOD1000_NI": "inapplicable", "KATZARZ": "gminna", "KATZA_NIL": null, "KLASADROGI": "lokalna", "KLDROG_NIL": null, "MATNAWIERZ": "plytyBetonowe", "MATNAW_NIL": null, "NAZWADROGI": null, "LJEZDNIDR": 1, "LJEZD_NIL": null, "NRODCIREF": null, "SZL_NUMER": "207047P", "SZLNR_NIL": null, "length": 338.21 }, "geometry": { "type": "MultiLineString", "coordinates": [ [ [ 1926633.264108220813796, 6973301.780390600673854 ], [ 1926666.819519913755357, 6973314.087857986800373 ], [ 1926909.237033973447978, 6973402.275337932631373 ], [ 1926920.833188129356131, 6973403.944775396957994 ], [ 1926940.52945092623122, 6973405.822018335573375 ], [ 1926950.92081470740959, 6973407.978043789044023 ], [ 1926958.939426338998601, 6973410.244205054827034 ], [ 1926964.439130750950426, 6973411.786300882697105 ], [ 1926988.895083635114133, 6973420.604605304077268 ], [ 1927062.86449655960314, 6973448.984067289158702 ], [ 1927106.427005851874128, 6973465.04839333333075 ], [ 1927116.122355832252651, 6973468.616718045435846 ], [ 1927161.326461135176942, 6973486.779795221984386 ] ] ] } },
{ "type": "Feature", "properties": { "TERYT": "3028", "LOKALNYID": "2EBDC9DC-4211-7DB6-E053-CC2BA8C07DDB", "WERSJAID": "2021-10-29T00:00:00", "PNAZW": "PL.PZGiK.308.BDOT10k", "GMLID": "OT_SKDR_L.6370", "X_KOD": "SKDR08", "X_SKRKARTO": null, "X_SKRK_NIL": "inapplicable", "X_KATDOKG": "dokladny", "X_DOKLGEOM": null, "X_ZRODLOG": "ortofotomapa", "X_ZRODLOA": "pomiarTerenowy", "X_KATIST": "eksploatowany", "X_KATI_NIL": null, "X_RODZREPG": "osGeometryczna", "X_UWAGI": null, "X_UZYTKOWN": "Uzytkownik30.xml", "X_AKTG": "2011-01-01", "X_AKTA": "2021-10-29", "POCZWERS": "2021-10-29", "KONIECWERS": null, "X_DATAUTW": "2012-11-13", "X_INFDOD": null, "KOD10K": null, "KOD10K_NIL": "inapplicable", "KOD25K": "0025_127", "KOD25K_NIL": null, "KOD50K": "0050_127", "KOD50K_NIL": null, "KOD100K": "0100_127", "KOD100_NIL": null, "KOD250K": null, "KOD250_NIL": "inapplicable", "KOD500K": null, "KOD500_NIL": "inapplicable", "KOD1000K": null, "KOD1000_NI": "inapplicable", "KATZARZ": "inna", "KATZA_NIL": null, "KLASADROGI": "inna", "KLDROG_NIL": null, "MATNAWIERZ": "gruntNaturalny", "MATNAW_NIL": null, "NAZWADROGI": null, "LJEZDNIDR": 1, "LJEZD_NIL": null, "NRODCIREF": null, "SZL_NUMER": null, "SZLNR_NIL": null, "length": 155.25 }, "geometry": { "type": "MultiLineString", "coordinates": [ [ [ 1929776.555896079400554, 6971922.22516851965338 ], [ 1929754.844854423776269, 6972016.160457536578178 ], [ 1929737.297037293668836, 6972108.482511838898063 ], [ 1929727.863985932664946, 6972175.244766576215625 ] ] ] } },
{ "type": "Feature", "properties": { "TERYT": "3028", "LOKALNYID": "2EBDC9DC-31CB-7DB6-E053-CC2BA8C07DDB", "WERSJAID": "2021-10-29T00:00:00", "PNAZW": "PL.PZGiK.308.BDOT10k", "GMLID": "OT_SKDR_L.242", "X_KOD": "SKDR08", "X_SKRKARTO": null, "X_SKRK_NIL": "inapplicable", "X_KATDOKG": "dokladny", "X_DOKLGEOM": null, "X_ZRODLOG": "ortofotomapa", "X_ZRODLOA": "pomiarTerenowy", "X_KATIST": "eksploatowany", "X_KATI_NIL": null, "X_RODZREPG": "osGeometryczna", "X_UWAGI": null, "X_UZYTKOWN": "Uzytkownik30.xml", "X_AKTG": "2011-01-01", "X_AKTA": "2021-10-29", "POCZWERS": "2021-10-29", "KONIECWERS": null, "X_DATAUTW": "2012-11-13", "X_INFDOD": null, "KOD10K": null, "KOD10K_NIL": "inapplicable", "KOD25K": "0025_127", "KOD25K_NIL": null, "KOD50K": "0050_127", "KOD50K_NIL": null, "KOD100K": "0100_127", "KOD100_NIL": null, "KOD250K": null, "KOD250_NIL": "inapplicable", "KOD500K": null, "KOD500_NIL": "inapplicable", "KOD1000K": null, "KOD1000_NI": "inapplicable", "KATZARZ": "zakladowa", "KATZA_NIL": null, "KLASADROGI": "inna", "KLDROG_NIL": null, "MATNAWIERZ": "stabilizacjaZwiremLubZuzlem", "MATNAW_NIL": null, "NAZWADROGI": null, "LJEZDNIDR": 1, "LJEZD_NIL": null, "NRODCIREF": null, "SZL_NUMER": null, "SZLNR_NIL": null, "length": 73.78 }, "geometry": { "type": "MultiLineString", "coordinates": [ [ [ 1925884.587551354430616, 6974386.321229744702578 ], [ 1925913.772187183145434, 6974267.30446853581816 ] ] ] } },
{ "type": "Feature", "properties": { "TERYT": "3028", "LOKALNYID": "2EBDC9DC-4B4B-7DB6-E053-CC2BA8C07DDB", "WERSJAID": "2021-10-29T00:00:00", "PNAZW": "PL.PZGiK.308.BDOT10k", "GMLID": "OT_SKDR_L.6131", "X_KOD": "SKDR08", "X_SKRKARTO": null, "X_SKRK_NIL": "inapplicable", "X_KATDOKG": "dokladny", "X_DOKLGEOM": null, "X_ZRODLOG": "ortofotomapa", "X_ZRODLOA": "pomiarTerenowy", "X_KATIST": "eksploatowany", "X_KATI_NIL": null, "X_RODZREPG": "osGeometryczna", "X_UWAGI": null, "X_UZYTKOWN": "Uzytkownik30.xml", "X_AKTG": "2021-10-29", "X_AKTA": "2020-01-20", "POCZWERS": "2021-10-29", "KONIECWERS": null, "X_DATAUTW": "2012-11-13", "X_INFDOD": null, "KOD10K": null, "KOD10K_NIL": "inapplicable", "KOD25K": "0025_121", "KOD25K_NIL": null, "KOD50K": "0050_121", "KOD50K_NIL": null, "KOD100K": "0100_121", "KOD100_NIL": null, "KOD250K": null, "KOD250_NIL": "inapplicable", "KOD500K": null, "KOD500_NIL": "inapplicable", "KOD1000K": null, "KOD1000_NI": "inapplicable", "KATZARZ": "inna", "KATZA_NIL": null, "KLASADROGI": "inna", "KLDROG_NIL": null, "MATNAWIERZ": "kostkaPrefabrykowana", "MATNAW_NIL": null, "NAZWADROGI": null, "LJEZDNIDR": 1, "LJEZD_NIL": null, "NRODCIREF": null, "SZL_NUMER": null, "SZLNR_NIL": null, "length": 93.14 }, "geometry": { "type": "MultiLineString", "coordinates": [ [ [ 1926421.823103139642626, 6972003.624260327778757 ], [ 1926414.367624606471509, 6972061.242140354588628 ], [ 1926412.523721805540845, 6972075.501787733286619 ], [ 1926379.886617838870734, 6972117.30700380448252 ], [ 1926374.592734189704061, 6972126.767107513733208 ], [ 1926367.550135200144723, 6972143.628247850574553 ] ] ] } },
{ "type": "Feature", "properties": { "TERYT": "3028", "LOKALNYID": "2EBDC9DC-42D1-7DB6-E053-CC2BA8C07DDB", "WERSJAID": "2021-10-29T00:00:00", "PNAZW": "PL.PZGiK.308.BDOT10k", "GMLID": "OT_SKDR_L.6376", "X_KOD": "SKDR08", "X_SKRKARTO": null, "X_SKRK_NIL": "inapplicable", "X_KATDOKG": "dokladny", "X_DOKLGEOM": null, "X_ZRODLOG": "ortofotomapa", "X_ZRODLOA": "pomiarTerenowy", "X_KATIST": "eksploatowany", "X_KATI_NIL": null, "X_RODZREPG": "osGeometryczna", "X_UWAGI": null, "X_UZYTKOWN": "Uzytkownik30.xml", "X_AKTG": "2021-10-29", "X_AKTA": "2021-10-29", "POCZWERS": "2021-10-29", "KONIECWERS": null, "X_DATAUTW": "2012-11-13", "X_INFDOD": null, "KOD10K": null, "KOD10K_NIL": "inapplicable", "KOD25K": "0025_127", "KOD25K_NIL": null, "KOD50K": "0050_127", "KOD50K_NIL": null, "KOD100K": "0100_127", "KOD100_NIL": null, "KOD250K": null, "KOD250_NIL": "inapplicable", "KOD500K": null, "KOD500_NIL": "inapplicable", "KOD1000K": null, "KOD1000_NI": "inapplicable", "KATZARZ": "inna", "KATZA_NIL": null, "KLASADROGI": "inna", "KLDROG_NIL": null, "MATNAWIERZ": "gruntNaturalny", "MATNAW_NIL": null, "NAZWADROGI": null, "LJEZDNIDR": 1, "LJEZD_NIL": null, "NRODCIREF": null, "SZL_NUMER": null, "SZLNR_NIL": null, "length": 219.9 }, "geometry": { "type": "MultiLineString", "coordinates": [ [ [ 1928409.666438136948273, 6974452.062635119073093 ], [ 1928395.528586085420102, 6974495.35200416482985 ], [ 1928368.694076057523489, 6974566.311402137391269 ], [ 1928351.84928813483566, 6974604.103933998383582 ], [ 1928335.894078814657405, 6974647.81673626601696 ], [ 1928315.078301960136741, 6974711.573250906541944 ], [ 1928291.546097181504592, 6974797.252154165878892 ] ] ] } },
{ "type": "Feature", "properties": { "TERYT": "3028", "LOKALNYID": "2EBDC9DC-42D2-7DB6-E053-CC2BA8C07DDB", "WERSJAID": "2021-10-29T00:00:00", "PNAZW": "PL.PZGiK.308.BDOT10k", "GMLID": "OT_SKDR_L.6377", "X_KOD": "SKDR06", "X_SKRKARTO": null, "X_SKRK_NIL": "inapplicable", "X_KATDOKG": "dokladny", "X_DOKLGEOM": null, "X_ZRODLOG": "ortofotomapa", "X_ZRODLOA": "pomiarTerenowy", "X_KATIST": "eksploatowany", "X_KATI_NIL": null, "X_RODZREPG": "osGeometryczna", "X_UWAGI": null, "X_UZYTKOWN": "Uzytkownik30.xml", "X_AKTG": "2011-01-01", "X_AKTA": "2021-10-29", "POCZWERS": "2021-10-29", "KONIECWERS": null, "X_DATAUTW": "2012-11-13", "X_INFDOD": null, "KOD10K": null, "KOD10K_NIL": "inapplicable", "KOD25K": "0025_126", "KOD25K_NIL": null, "KOD50K": "0050_126", "KOD50K_NIL": null, "KOD100K": "0100_126", "KOD100_NIL": null, "KOD250K": null, "KOD250_NIL": "inapplicable", "KOD500K": null, "KOD500_NIL": "inapplicable", "KOD1000K": null, "KOD1000_NI": "inapplicable", "KATZARZ": "gminna", "KATZA_NIL": null, "KLASADROGI": "lokalna", "KLDROG_NIL": null, "MATNAWIERZ": "gruntNaturalny", "MATNAW_NIL": null, "NAZWADROGI": null, "LJEZDNIDR": 1, "LJEZD_NIL": null, "NRODCIREF": null, "SZL_NUMER": "207050P", "SZLNR_NIL": null, "length": 235.74 }, "geometry": { "type": "MultiLineString", "coordinates": [ [ [ 1929581.534134418936446, 6974050.19345773383975 ], [ 1929552.024629810359329, 6974086.162539347074926 ], [ 1929540.527029757620767, 6974095.200142317451537 ], [ 1929526.243509511696175, 6974106.432731037959456 ], [ 1929487.623741317773238, 6974134.944874345324934 ], [ 1929395.364472031127661, 6974209.166289162822068 ], [ 1929330.78793449816294, 6974266.152770707383752 ], [ 1929291.067487416090444, 6974304.177025998011231 ], [ 1929287.950880547054112, 6974307.045577858574688 ] ] ] } },
{ "type": "Feature", "properties": { "TERYT": "3028", "LOKALNYID": "2EBDC9DC-3DD1-7DB6-E053-CC2BA8C07DDB", "WERSJAID": "2021-10-29T00:00:00", "PNAZW": "PL.PZGiK.308.BDOT10k", "GMLID": "OT_SKDR_L.454", "X_KOD": "SKDR04", "X_SKRKARTO": null, "X_SKRK_NIL": "inapplicable", "X_KATDOKG": "dokladny", "X_DOKLGEOM": null, "X_ZRODLOG": "ortofotomapa", "X_ZRODLOA": "pomiarTerenowy", "X_KATIST": "eksploatowany", "X_KATI_NIL": null, "X_RODZREPG": "osGeometryczna", "X_UWAGI": null, "X_UZYTKOWN": "Uzytkownik30.xml", "X_AKTG": "2021-10-29", "X_AKTA": "2020-01-20", "POCZWERS": "2021-10-29", "KONIECWERS": null, "X_DATAUTW": "2012-11-13", "X_INFDOD": null, "KOD10K": null, "KOD10K_NIL": "inapplicable", "KOD25K": "0025_115", "KOD25K_NIL": null, "KOD50K": "0050_115", "KOD50K_NIL": null, "KOD100K": "0100_115", "KOD100_NIL": null, "KOD250K": null, "KOD250_NIL": "inapplicable", "KOD500K": null, "KOD500_NIL": "inapplicable", "KOD1000K": null, "KOD1000_NI": "inapplicable", "KATZARZ": "wojewodzka", "KATZA_NIL": null, "KLASADROGI": "glowna", "KLDROG_NIL": null, "MATNAWIERZ": "masaBitumiczna", "MATNAW_NIL": null, "NAZWADROGI": null, "LJEZDNIDR": 1, "LJEZD_NIL": null, "NRODCIREF": null, "SZL_NUMER": "194", "SZLNR_NIL": null, "length": 73.03 }, "geometry": { "type": "MultiLineString", "coordinates": [ [ [ 1925882.160321920877323, 6972218.507736565545201 ], [ 1925887.095840253634378, 6972198.988651708699763 ], [ 1925891.866952409502119, 6972182.921142634004354 ], [ 1925896.34129772381857, 6972165.384708167053759 ], [ 1925900.316275344230235, 6972150.045932851731777 ], [ 1925904.57855649641715, 6972139.382135361433029 ], [ 1925909.13680626777932, 6972127.412982393987477 ], [ 1925921.349007816519588, 6972104.312361344695091 ] ] ] } },
{ "type": "Feature", "properties": { "TERYT": "3028", "LOKALNYID": "2EBDC9DC-4838-7DB6-E053-CC2BA8C07DDB", "WERSJAID": "2021-10-29T00:00:00", "PNAZW": "PL.PZGiK.308.BDOT10k", "GMLID": "OT_SKDR_L.5865", "X_KOD": "SKDR06", "X_SKRKARTO": null, "X_SKRK_NIL": "inapplicable", "X_KATDOKG": "dokladny", "X_DOKLGEOM": null, "X_ZRODLOG": "ortofotomapa", "X_ZRODLOA": "pomiarTerenowy", "X_KATIST": "eksploatowany", "X_KATI_NIL": null, "X_RODZREPG": "osGeometryczna", "X_UWAGI": "droga nie ma nadanego numeru", "X_UZYTKOWN": "Uzytkownik30.xml", "X_AKTG": "2021-10-29", "X_AKTA": "2020-01-20", "POCZWERS": "2021-10-29", "KONIECWERS": null, "X_DATAUTW": "2012-11-13", "X_INFDOD": null, "KOD10K": null, "KOD10K_NIL": "inapplicable", "KOD25K": "0025_121", "KOD25K_NIL": null, "KOD50K": "0050_121", "KOD50K_NIL": null, "KOD100K": "0100_121", "KOD100_NIL": null, "KOD250K": null, "KOD250_NIL": "inapplicable", "KOD500K": null, "KOD500_NIL": "inapplicable", "KOD1000K": null, "KOD1000_NI": "inapplicable", "KATZARZ": "gminna", "KATZA_NIL": null, "KLASADROGI": "lokalna", "KLDROG_NIL": null, "MATNAWIERZ": "kostkaPrefabrykowana", "MATNAW_NIL": null, "NAZWADROGI": null, "LJEZDNIDR": 1, "LJEZD_NIL": null, "NRODCIREF": null, "SZL_NUMER": null, "SZLNR_NIL": null, "length": 145.03 }, "geometry": { "type": "MultiLineString", "coordinates": [ [ [ 1925760.964123294455931, 6971852.666678023524582 ], [ 1925784.507970986887813, 6971836.713523440994322 ], [ 1925812.515206929063424, 6971817.710047639906406 ], [ 1925819.234873676905409, 6971813.151814440265298 ], [ 1925870.895467238267884, 6971772.134268078021705 ], [ 1925927.447458913782611, 6971733.076574717648327 ], [ 1925956.428205063799396, 6971712.8168452559039 ] ] ] } },
{ "type": "Feature", "properties": { "TERYT": "3028", "LOKALNYID": "2EBDC9DC-56B1-7DB6-E053-CC2BA8C07DDB", "WERSJAID": "2021-10-29T00:00:00", "PNAZW": "PL.PZGiK.308.BDOT10k", "GMLID": "OT_SKDR_L.7694", "X_KOD": "SKDR08", "X_SKRKARTO": null, "X_SKRK_NIL": "inapplicable", "X_KATDOKG": "dokladny", "X_DOKLGEOM": null, "X_ZRODLOG": "ortofotomapa", "X_ZRODLOA": "pomiarTerenowy", "X_KATIST": "eksploatowany", "X_KATI_NIL": null, "X_RODZREPG": "osGeometryczna", "X_UWAGI": null, "X_UZYTKOWN": "Uzytkownik30.xml", "X_AKTG": "2011-01-01", "X_AKTA": "2021-10-29", "POCZWERS": "2021-10-29", "KONIECWERS": null, "X_DATAUTW": "2012-11-13", "X_INFDOD": null, "KOD10K": null, "KOD10K_NIL": "inapplicable", "KOD25K": "0025_127", "KOD25K_NIL": null, "KOD50K": "0050_127", "KOD50K_NIL": null, "KOD100K": "0100_127", "KOD100_NIL": null, "KOD250K": null, "KOD250_NIL": "inapplicable", "KOD500K": null, "KOD500_NIL": "inapplicable", "KOD1000K": null, "KOD1000_NI": "inapplicable", "KATZARZ": "inna", "KATZA_NIL": null, "KLASADROGI": "inna", "KLDROG_NIL": null, "MATNAWIERZ": "gruntNaturalny", "MATNAW_NIL": null, "NAZWADROGI": null, "LJEZDNIDR": 1, "LJEZD_NIL": null, "NRODCIREF": null, "SZL_NUMER": null, "SZLNR_NIL": null, "length": 790.26 }, "geometry": { "type": "MultiLineString", "coordinates": [ [ [ 1923290.541087643941864, 6976073.711996635422111 ], [ 1923330.879182684700936, 6976093.165044249035418 ], [ 1923372.657013362506405, 6976115.511353180743754 ], [ 1923440.726980386069044, 6976151.902911919169128 ], [ 1923552.668551711598411, 6976209.127624290063977 ], [ 1923630.549371315864846, 6976248.562733732163906 ], [ 1923695.362641473533586, 6976279.788369985297322 ], [ 1923809.638868803391233, 6976340.074869280681014 ], [ 1923906.308199257124215, 6976389.931689504534006 ], [ 1924228.692856152774766, 6976553.287202441133559 ], [ 1924316.589937682962045, 6976601.999381681904197 ], [ 1924325.29455555928871, 6976606.895119859836996 ], [ 1924371.125165960518643, 6976632.658956941217184 ], [ 1924395.888309901580215, 6976646.283145637251437 ], [ 1924427.945656936615705, 6976658.58582862932235 ], [ 1924442.253474872326478, 6976667.721154504455626 ], [ 1924443.683728709351271, 6976668.935531087219715 ], [ 1924453.108417220879346, 6976677.023192738182843 ] ] ] } },
{ "type": "Feature", "properties": { "TERYT": "3028", "LOKALNYID": "DCF812B6-5677-45DD-9CC2-8A0C5FD9BBDE", "WERSJAID": "2021-10-29T00:00:00", "PNAZW": "PL.PZGiK.308.BDOT10k", "GMLID": "ID_DCF812B6-5677-45DD-9CC2-8A0C5FD9BBDE", "X_KOD": "SKDR08", "X_SKRKARTO": null, "X_SKRK_NIL": "inapplicable", "X_KATDOKG": "dokladny", "X_DOKLGEOM": null, "X_ZRODLOG": "ortofotomapa", "X_ZRODLOA": "pomiarTerenowy", "X_KATIST": "eksploatowany", "X_KATI_NIL": null, "X_RODZREPG": "osGeometryczna", "X_UWAGI": null, "X_UZYTKOWN": "Uzytkownik30.xml", "X_AKTG": "2021-10-29", "X_AKTA": "2021-10-29", "POCZWERS": "2021-10-29", "KONIECWERS": null, "X_DATAUTW": "2017-12-13", "X_INFDOD": null, "KOD10K": null, "KOD10K_NIL": "inapplicable", "KOD25K": "0025_127", "KOD25K_NIL": null, "KOD50K": "0050_127", "KOD50K_NIL": null, "KOD100K": "0100_127", "KOD100_NIL": null, "KOD250K": null, "KOD250_NIL": "inapplicable", "KOD500K": null, "KOD500_NIL": "inapplicable", "KOD1000K": null, "KOD1000_NI": "inapplicable", "KATZARZ": "inna", "KATZA_NIL": null, "KLASADROGI": "inna", "KLDROG_NIL": null, "MATNAWIERZ": "stabilizacjaZwiremLubZuzlem", "MATNAW_NIL": null, "NAZWADROGI": null, "LJEZDNIDR": 1, "LJEZD_NIL": null, "NRODCIREF": null, "SZL_NUMER": null, "SZLNR_NIL": null, "length": 144.23 }, "geometry": { "type": "MultiLineString", "coordinates": [ [ [ 1926383.784192495746538, 6972601.170345207676291 ], [ 1926422.672089115949348, 6972607.174601620063186 ], [ 1926438.605258873198181, 6972609.711461246944964 ], [ 1926456.678041057195514, 6972612.880396473221481 ], [ 1926485.216580825159326, 6972619.220911590382457 ], [ 1926495.797828430077061, 6972625.933939981274307 ], [ 1926500.996396450558677, 6972633.200770325027406 ], [ 1926503.806166321504861, 6972641.972766832448542 ], [ 1926505.965061594033614, 6972653.753052157349885 ], [ 1926507.087458360241726, 6972676.473847238346934 ], [ 1926509.114591602003202, 6972686.10789855197072 ], [ 1926511.589544886723161, 6972692.911611350253224 ], [ 1926512.661310834810138, 6972695.960661385208368 ], [ 1926516.967294200789183, 6972702.425582526251674 ], [ 1926525.356763616902754, 6972709.319380877539515 ], [ 1926534.450733610196039, 6972718.672062841244042 ], [ 1926544.317144584143534, 6972734.638687757775187 ] ] ] } },
{ "type": "Feature", "properties": { "TERYT": "3028", "LOKALNYID": "2EBDC9DC-543F-7DB6-E053-CC2BA8C07DDB", "WERSJAID": "2021-10-29T00:00:00", "PNAZW": "PL.PZGiK.308.BDOT10k", "GMLID": "OT_SKDR_L.7064", "X_KOD": "SKDR06", "X_SKRKARTO": null, "X_SKRK_NIL": "inapplicable", "X_KATDOKG": "dokladny", "X_DOKLGEOM": null, "X_ZRODLOG": "ortofotomapa", "X_ZRODLOA": "pomiarTerenowy", "X_KATIST": "eksploatowany", "X_KATI_NIL": null, "X_RODZREPG": "osGeometryczna", "X_UWAGI": null, "X_UZYTKOWN": "Uzytkownik30.xml", "X_AKTG": "2021-10-29", "X_AKTA": "2020-01-20", "POCZWERS": "2021-10-29", "KONIECWERS": null, "X_DATAUTW": "2012-11-13", "X_INFDOD": null, "KOD10K": null, "KOD10K_NIL": "inapplicable", "KOD25K": "0025_123", "KOD25K_NIL": null, "KOD50K": "0050_123", "KOD50K_NIL": null, "KOD100K": "0100_123", "KOD100_NIL": null, "KOD250K": null, "KOD250_NIL": "inapplicable", "KOD500K": null, "KOD500_NIL": "inapplicable", "KOD1000K": null, "KOD1000_NI": "inapplicable", "KATZARZ": "gminna", "KATZA_NIL": null, "KLASADROGI": "lokalna", "KLDROG_NIL": null, "MATNAWIERZ": "tluczen", "MATNAW_NIL": null, "NAZWADROGI": null, "LJEZDNIDR": 1, "LJEZD_NIL": null, "NRODCIREF": null, "SZL_NUMER": "207028P", "SZLNR_NIL": null, "length": 466.2 }, "geometry": { "type": "MultiLineString", "coordinates": [ [ [ 1925092.495044318959117, 6975738.197628238238394 ], [ 1925063.587568325456232, 6975765.845584532245994 ], [ 1925019.49513974878937, 6975808.770949735306203 ], [ 1924986.739766625454649, 6975842.044461464509368 ], [ 1924974.618347644340247, 6975855.383912133052945 ], [ 1924965.627876956947148, 6975866.737146239727736 ], [ 1924956.840984407113865, 6975880.688013165257871 ], [ 1924946.68268874916248, 6975897.930244768038392 ], [ 1924924.220910126110539, 6975938.961905250325799 ], [ 1924900.751266977749765, 6975987.515384037047625 ], [ 1924854.543020509183407, 6976077.543418236076832 ], [ 1924822.727813775418326, 6976138.862545484676957 ], [ 1924815.682291991543025, 6976152.77220572065562 ], [ 1924812.442612706916407, 6976159.32658964022994 ], [ 1924788.066094542387873, 6976211.798604904673994 ], [ 1924773.985375616699457, 6976243.358124367892742 ], [ 1924760.189829889452085, 6976273.378788997419178 ], [ 1924756.829713897546753, 6976280.113205736503005 ], [ 1924753.453020979184657, 6976286.847230829298496 ], [ 1924745.179394423495978, 6976300.794239273294806 ], [ 1924732.998378385324031, 6976319.384978499263525 ], [ 1924708.270420955726877, 6976356.607653619721532 ], [ 1924686.255725550232455, 6976389.191403847187757 ] ] ] } },
{ "type": "Feature", "properties": { "TERYT": "3028", "LOKALNYID": "2EBDC9DC-31FF-7DB6-E053-CC2BA8C07DDB", "WERSJAID": "2021-10-29T00:00:00", "PNAZW": "PL.PZGiK.308.BDOT10k", "GMLID": "OT_SKDR_L.402", "X_KOD": "SKDR06", "X_SKRKARTO": null, "X_SKRK_NIL": "inapplicable", "X_KATDOKG": "dokladny", "X_DOKLGEOM": null, "X_ZRODLOG": "ortofotomapa", "X_ZRODLOA": "pomiarTerenowy", "X_KATIST": "eksploatowany", "X_KATI_NIL": null, "X_RODZREPG": "osGeometryczna", "X_UWAGI": null, "X_UZYTKOWN": "Uzytkownik30.xml", "X_AKTG": "2021-10-29", "X_AKTA": "2020-01-20", "POCZWERS": "2021-10-29", "KONIECWERS": null, "X_DATAUTW": "2012-11-13", "X_INFDOD": null, "KOD10K": null, "KOD10K_NIL": "inapplicable", "KOD25K": "0025_121", "KOD25K_NIL": null, "KOD50K": "0050_121", "KOD50K_NIL": null, "KOD100K": "0100_121", "KOD100_NIL": null, "KOD250K": null, "KOD250_NIL": "inapplicable", "KOD500K": null, "KOD500_NIL": "inapplicable", "KOD1000K": null, "KOD1000_NI": "inapplicable", "KATZARZ": "gminna", "KATZA_NIL": null, "KLASADROGI": "lokalna", "KLDROG_NIL": null, "MATNAWIERZ": "kostkaPrefabrykowana", "MATNAW_NIL": null, "NAZWADROGI": null, "LJEZDNIDR": 1, "LJEZD_NIL": null, "NRODCIREF": null, "SZL_NUMER": "207005P", "SZLNR_NIL": null, "length": 71.12 }, "geometry": { "type": "MultiLineString", "coordinates": [ [ [ 1926106.964153996668756, 6972649.719433282501996 ], [ 1926113.249345258809626, 6972637.607597596943378 ], [ 1926123.945004693465307, 6972616.977892151102424 ], [ 1926127.313480973010883, 6972610.478779860772192 ], [ 1926144.380848887842149, 6972579.683184164576232 ], [ 1926164.107311295578256, 6972546.458683067001402 ] ] ] } },
{ "type": "Feature", "properties": { "TERYT": "3028", "LOKALNYID": "2EBDC9DC-33B4-7DB6-E053-CC2BA8C07DDB", "WERSJAID": "2021-10-29T00:00:00", "PNAZW": "PL.PZGiK.308.BDOT10k", "GMLID": "OT_SKDR_L.1719", "X_KOD": "SKDR06", "X_SKRKARTO": null, "X_SKRK_NIL": "inapplicable", "X_KATDOKG": "dokladny", "X_DOKLGEOM": null, "X_ZRODLOG": "ortofotomapa", "X_ZRODLOA": "pomiarTerenowy", "X_KATIST": "eksploatowany", "X_KATI_NIL": null, "X_RODZREPG": "osGeometryczna", "X_UWAGI": null, "X_UZYTKOWN": "Uzytkownik30.xml", "X_AKTG": "2011-01-01", "X_AKTA": "2021-10-29", "POCZWERS": "2021-10-29", "KONIECWERS": null, "X_DATAUTW": "2012-11-13", "X_INFDOD": null, "KOD10K": null, "KOD10K_NIL": "inapplicable", "KOD25K": "0025_121", "KOD25K_NIL": null, "KOD50K": "0050_121", "KOD50K_NIL": null, "KOD100K": "0100_121", "KOD100_NIL": null, "KOD250K": null, "KOD250_NIL": "inapplicable", "KOD500K": null, "KOD500_NIL": "inapplicable", "KOD1000K": null, "KOD1000_NI": "inapplicable", "KATZARZ": "powiatowa", "KATZA_NIL": null, "KLASADROGI": "lokalna", "KLDROG_NIL": null, "MATNAWIERZ": "masaBitumiczna", "MATNAW_NIL": null, "NAZWADROGI": null, "LJEZDNIDR": 1, "LJEZD_NIL": null, "NRODCIREF": null, "SZL_NUMER": "1571P", "SZLNR_NIL": null, "length": 50.63 }, "geometry": { "type": "MultiLineString", "coordinates": [ [ [ 1925457.608680173987523, 6972607.267539666034281 ], [ 1925467.24803052842617, 6972623.628624752163887 ], [ 1925504.165015561738983, 6972677.171976247802377 ] ] ] } },
{ "type": "Feature", "properties": { "TERYT": "3028", "LOKALNYID": "2EBDC9DC-4F12-7DB6-E053-CC2BA8C07DDB", "WERSJAID": "2021-10-29T00:00:00", "PNAZW": "PL.PZGiK.308.BDOT10k", "GMLID": "OT_SKDR_L.7972", "X_KOD": "SKDR06", "X_SKRKARTO": null, "X_SKRK_NIL": "inapplicable", "X_KATDOKG": "dokladny", "X_DOKLGEOM": null, "X_ZRODLOG": "ortofotomapa", "X_ZRODLOA": "pomiarTerenowy", "X_KATIST": "eksploatowany", "X_KATI_NIL": null, "X_RODZREPG": "osGeometryczna", "X_UWAGI": null, "X_UZYTKOWN": "Uzytkownik30.xml", "X_AKTG": "2021-10-29", "X_AKTA": "2020-01-20", "POCZWERS": "2021-10-29", "KONIECWERS": null, "X_DATAUTW": "2012-11-13", "X_INFDOD": null, "KOD10K": null, "KOD10K_NIL": "inapplicable", "KOD25K": "0025_121", "KOD25K_NIL": null, "KOD50K": "0050_121", "KOD50K_NIL": null, "KOD100K": "0100_121", "KOD100_NIL": null, "KOD250K": null, "KOD250_NIL": "inapplicable", "KOD500K": null, "KOD500_NIL": "inapplicable", "KOD1000K": null, "KOD1000_NI": "inapplicable", "KATZARZ": "powiatowa", "KATZA_NIL": null, "KLASADROGI": "lokalna", "KLDROG_NIL": null, "MATNAWIERZ": "masaBitumiczna", "MATNAW_NIL": null, "NAZWADROGI": null, "LJEZDNIDR": 1, "LJEZD_NIL": null, "NRODCIREF": null, "SZL_NUMER": "1560P", "SZLNR_NIL": null, "length": 470.66 }, "geometry": { "type": "MultiLineString", "coordinates": [ [ [ 1927959.903317025396973, 6973053.111593100242317 ], [ 1927969.942841044161469, 6973045.488663025200367 ], [ 1928046.745713820448145, 6972988.011277232319117 ], [ 1928103.202235491713509, 6972944.427571192383766 ], [ 1928114.695884353248402, 6972935.559384192340076 ], [ 1928130.138857925310731, 6972923.6437480552122 ], [ 1928174.990652192849666, 6972890.105031485669315 ], [ 1928196.228083536960185, 6972874.188311387784779 ], [ 1928210.010316797997802, 6972863.828621027991176 ], [ 1928268.093717543641105, 6972820.764382407069206 ], [ 1928331.870056905318052, 6972773.762950409203768 ], [ 1928396.895157754188403, 6972724.34831877425313 ], [ 1928443.434794658096507, 6972689.40308672375977 ], [ 1928482.421453565591946, 6972659.946159689687192 ], [ 1928529.637598666595295, 6972624.385234641842544 ], [ 1928553.120966318296269, 6972608.03887586761266 ], [ 1928567.618721927516162, 6972598.227293758653104 ], [ 1928586.225113252643496, 6972587.764223432168365 ] ] ] } },
{ "type": "Feature", "properties": { "TERYT": "3028", "LOKALNYID": "2EBDC9DC-3951-7DB6-E053-CC2BA8C07DDB", "WERSJAID": "2021-10-29T00:00:00", "PNAZW": "PL.PZGiK.308.BDOT10k", "GMLID": "OT_SKDR_L.1798", "X_KOD": "SKDR08", "X_SKRKARTO": null, "X_SKRK_NIL": "inapplicable", "X_KATDOKG": "dokladny", "X_DOKLGEOM": null, "X_ZRODLOG": "ortofotomapa", "X_ZRODLOA": "pomiarTerenowy", "X_KATIST": "eksploatowany", "X_KATI_NIL": null, "X_RODZREPG": "osGeometryczna", "X_UWAGI": null, "X_UZYTKOWN": "Uzytkownik30.xml", "X_AKTG": "2011-01-01", "X_AKTA": "2021-10-29", "POCZWERS": "2021-10-29", "KONIECWERS": null, "X_DATAUTW": "2012-11-13", "X_INFDOD": null, "KOD10K": null, "KOD10K_NIL": "inapplicable", "KOD25K": "0025_127", "KOD25K_NIL": null, "KOD50K": "0050_127", "KOD50K_NIL": null, "KOD100K": "0100_127", "KOD100_NIL": null, "KOD250K": null, "KOD250_NIL": "inapplicable", "KOD500K": null, "KOD500_NIL": "inapplicable", "KOD1000K": null, "KOD1000_NI": "inapplicable", "KATZARZ": "inna", "KATZA_NIL": null, "KLASADROGI": "inna", "KLDROG_NIL": null, "MATNAWIERZ": "gruntNaturalny", "MATNAW_NIL": null, "NAZWADROGI": null, "LJEZDNIDR": 1, "LJEZD_NIL": null, "NRODCIREF": null, "SZL_NUMER": null, "SZLNR_NIL": null, "length": 284.64 }, "geometry": { "type": "MultiLineString", "coordinates": [ [ [ 1925050.420553080737591, 6973827.946604232303798 ], [ 1925093.143582469085231, 6973792.675697010941803 ], [ 1925148.410758310230449, 6973749.844331171363592 ], [ 1925211.300376833416522, 6973697.291379692964256 ], [ 1925255.763096668059006, 6973664.088750691153109 ], [ 1925311.111068855738267, 6973616.373884513042867 ], [ 1925353.052979657193646, 6973583.194112719967961 ], [ 1925368.635743255028501, 6973571.203065847046673 ], [ 1925404.730310827726498, 6973543.450214516371489 ], [ 1925419.188970031449571, 6973533.426233345642686 ] ] ] } },
{ "type": "Feature", "properties": { "TERYT": "3028", "LOKALNYID": "2EBDC9DC-5141-7DB6-E053-CC2BA8C07DDB", "WERSJAID": "2021-10-29T00:00:00", "PNAZW": "PL.PZGiK.308.BDOT10k", "GMLID": "OT_SKDR_L.7416", "X_KOD": "SKDR08", "X_SKRKARTO": null, "X_SKRK_NIL": "inapplicable", "X_KATDOKG": "dokladny", "X_DOKLGEOM": null, "X_ZRODLOG": "ortofotomapa", "X_ZRODLOA": "pomiarTerenowy", "X_KATIST": "eksploatowany", "X_KATI_NIL": null, "X_RODZREPG": "osGeometryczna", "X_UWAGI": null, "X_UZYTKOWN": "Uzytkownik30.xml", "X_AKTG": "2021-10-29", "X_AKTA": "2020-01-20", "POCZWERS": "2021-10-29", "KONIECWERS": null, "X_DATAUTW": "2012-11-13", "X_INFDOD": null, "KOD10K": null, "KOD10K_NIL": "inapplicable", "KOD25K": "0025_121", "KOD25K_NIL": null, "KOD50K": "0050_121", "KOD50K_NIL": null, "KOD100K": "0100_121", "KOD100_NIL": null, "KOD250K": null, "KOD250_NIL": "inapplicable", "KOD500K": null, "KOD500_NIL": "inapplicable", "KOD1000K": null, "KOD1000_NI": "inapplicable", "KATZARZ": "inna", "KATZA_NIL": null, "KLASADROGI": "inna", "KLDROG_NIL": null, "MATNAWIERZ": "masaBitumiczna", "MATNAW_NIL": null, "NAZWADROGI": null, "LJEZDNIDR": 1, "LJEZD_NIL": null, "NRODCIREF": null, "SZL_NUMER": null, "SZLNR_NIL": null, "length": 21.61 }, "geometry": { "type": "MultiLineString", "coordinates": [ [ [ 1927790.483751857886091, 6971873.067504878155887 ], [ 1927791.650075885700062, 6971908.943650468252599 ] ] ] } },
{ "type": "Feature", "properties": { "TERYT": "3028", "LOKALNYID": "2EBDC9DC-3D4B-7DB6-E053-CC2BA8C07DDB", "WERSJAID": "2021-10-29T00:00:00", "PNAZW": "PL.PZGiK.308.BDOT10k", "GMLID": "OT_SKDR_L.1474", "X_KOD": "SKDR08", "X_SKRKARTO": null, "X_SKRK_NIL": "inapplicable", "X_KATDOKG": "dokladny", "X_DOKLGEOM": null, "X_ZRODLOG": "ortofotomapa", "X_ZRODLOA": "pomiarTerenowy", "X_KATIST": "eksploatowany", "X_KATI_NIL": null, "X_RODZREPG": "osGeometryczna", "X_UWAGI": null, "X_UZYTKOWN": "Uzytkownik30.xml", "X_AKTG": "2011-01-01", "X_AKTA": "2021-10-29", "POCZWERS": "2021-10-29", "KONIECWERS": null, "X_DATAUTW": "2012-11-13", "X_INFDOD": null, "KOD10K": null, "KOD10K_NIL": "inapplicable", "KOD25K": "0025_127", "KOD25K_NIL": null, "KOD50K": "0050_127", "KOD50K_NIL": null, "KOD100K": "0100_127", "KOD100_NIL": null, "KOD250K": null, "KOD250_NIL": "inapplicable", "KOD500K": null, "KOD500_NIL": "inapplicable", "KOD1000K": null, "KOD1000_NI": "inapplicable", "KATZARZ": "inna", "KATZA_NIL": null, "KLASADROGI": "inna", "KLDROG_NIL": null, "MATNAWIERZ": "gruntNaturalny", "MATNAW_NIL": null, "NAZWADROGI": null, "LJEZDNIDR": 1, "LJEZD_NIL": null, "NRODCIREF": null, "SZL_NUMER": null, "SZLNR_NIL": null, "length": 241.72 }, "geometry": { "type": "MultiLineString", "coordinates": [ [ [ 1923646.656549393665045, 6970825.348844253458083 ], [ 1923628.343362478539348, 6970840.771526475436985 ], [ 1923612.208620496792719, 6970850.316761792637408 ], [ 1923591.228214912116528, 6970861.556067465804517 ], [ 1923581.77302281698212, 6970868.238693999126554 ], [ 1923572.207200041972101, 6970878.855231308378279 ], [ 1923560.134874032344669, 6970894.510837689042091 ], [ 1923546.055827891686931, 6970918.556169907562435 ], [ 1923525.490937510738149, 6970977.543031301349401 ], [ 1923513.067092620301992, 6971019.667109263129532 ], [ 1923505.903478654334322, 6971032.367958382703364 ], [ 1923500.332529881037772, 6971039.442965071648359 ], [ 1923489.617329557426274, 6971048.221478616818786 ], [ 1923470.057055283803493, 6971063.099337171763182 ], [ 1923458.986123883165419, 6971074.277796923182905 ], [ 1923448.79715001443401, 6971088.068689555861056 ], [ 1923438.178559327265248, 6971105.27102533634752 ], [ 1923426.359972027596086, 6971127.610409189946949 ], [ 1923419.695320060010999, 6971140.223686389625072 ] ] ] } },
{ "type": "Feature", "properties": { "TERYT": "3028", "LOKALNYID": "2EBDC9DC-385B-7DB6-E053-CC2BA8C07DDB", "WERSJAID": "2021-10-29T00:00:00", "PNAZW": "PL.PZGiK.308.BDOT10k", "GMLID": "OT_SKDR_L.1191", "X_KOD": "SKDR06", "X_SKRKARTO": null, "X_SKRK_NIL": "inapplicable", "X_KATDOKG": "dokladny", "X_DOKLGEOM": null, "X_ZRODLOG": "ortofotomapa", "X_ZRODLOA": "pomiarTerenowy", "X_KATIST": "eksploatowany", "X_KATI_NIL": null, "X_RODZREPG": "osGeometryczna", "X_UWAGI": null, "X_UZYTKOWN": "Uzytkownik30.xml", "X_AKTG": "2011-01-01", "X_AKTA": "2021-10-29", "POCZWERS": "2021-10-29", "KONIECWERS": null, "X_DATAUTW": "2012-11-13", "X_INFDOD": null, "KOD10K": null, "KOD10K_NIL": "inapplicable", "KOD25K": "0025_121", "KOD25K_NIL": null, "KOD50K": "0050_121", "KOD50K_NIL": null, "KOD100K": "0100_121", "KOD100_NIL": null, "KOD250K": null, "KOD250_NIL": "inapplicable", "KOD500K": null, "KOD500_NIL": "inapplicable", "KOD1000K": null, "KOD1000_NI": "inapplicable", "KATZARZ": "powiatowa", "KATZA_NIL": null, "KLASADROGI": "lokalna", "KLDROG_NIL": null, "MATNAWIERZ": "masaBitumiczna", "MATNAW_NIL": null, "NAZWADROGI": null, "LJEZDNIDR": 1, "LJEZD_NIL": null, "NRODCIREF": null, "SZL_NUMER": "1571P", "SZLNR_NIL": null, "length": 93.49 }, "geometry": { "type": "MultiLineString", "coordinates": [ [ [ 1925820.781968110240996, 6973027.012111209332943 ], [ 1925824.174478084314615, 6973026.527775458991528 ], [ 1925844.281453737523407, 6973023.599226893857121 ], [ 1925855.875287519302219, 6973022.528712319210172 ], [ 1925864.985791044309735, 6973022.744994963519275 ], [ 1925866.360648903995752, 6973022.77763307094574 ], [ 1925876.558137744199485, 6973023.285536938346922 ], [ 1925889.171398983104154, 6973024.664875322021544 ], [ 1925893.513758218381554, 6973025.366064254194498 ], [ 1925912.732552015222609, 6973028.46390466298908 ], [ 1925917.75886258482933, 6973029.679745443165302 ], [ 1925920.395468434551731, 6973030.323823316022754 ], [ 1925925.042756904382259, 6973031.447592567652464 ], [ 1925943.444808206753805, 6973037.549803352914751 ], [ 1925961.198613591259345, 6973044.434088020585477 ], [ 1925967.767998927971348, 6973046.982439074665308 ], [ 1925971.627357970690355, 6973048.486235251650214 ] ] ] } },
{ "type": "Feature", "properties": { "TERYT": "3028", "LOKALNYID": "2EBDC9DC-4CD1-7DB6-E053-CC2BA8C07DDB", "WERSJAID": "2021-10-29T00:00:00", "PNAZW": "PL.PZGiK.308.BDOT10k", "GMLID": "OT_SKDR_L.8319", "X_KOD": "SKDR06", "X_SKRKARTO": null, "X_SKRK_NIL": "inapplicable", "X_KATDOKG": "dokladny", "X_DOKLGEOM": null, "X_ZRODLOG": "ortofotomapa", "X_ZRODLOA": "pomiarTerenowy", "X_KATIST": "eksploatowany", "X_KATI_NIL": null, "X_RODZREPG": "osGeometryczna", "X_UWAGI": null, "X_UZYTKOWN": "Uzytkownik30.xml", "X_AKTG": "2021-10-29", "X_AKTA": "2020-01-20", "POCZWERS": "2021-10-29", "KONIECWERS": null, "X_DATAUTW": "2012-11-13", "X_INFDOD": null, "KOD10K": null, "KOD10K_NIL": "inapplicable", "KOD25K": "0025_126", "KOD25K_NIL": null, "KOD50K": "0050_126", "KOD50K_NIL": null, "KOD100K": "0100_126", "KOD100_NIL": null, "KOD250K": null, "KOD250_NIL": "inapplicable", "KOD500K": null, "KOD500_NIL": "inapplicable", "KOD1000K": null, "KOD1000_NI": "inapplicable", "KATZARZ": "gminna", "KATZA_NIL": null, "KLASADROGI": "lokalna", "KLDROG_NIL": null, "MATNAWIERZ": "gruntNaturalny", "MATNAW_NIL": null, "NAZWADROGI": null, "LJEZDNIDR": 1, "LJEZD_NIL": null, "NRODCIREF": null, "SZL_NUMER": "207009P", "SZLNR_NIL": null, "length": 537.18 }, "geometry": { "type": "MultiLineString", "coordinates": [ [ [ 1927088.677951251156628, 6973651.371134416200221 ], [ 1927123.867201973684132, 6973664.779131106100976 ], [ 1927196.065599443158135, 6973691.753933202475309 ], [ 1927218.711697336751968, 6973700.047305888496339 ], [ 1927297.200453096767887, 6973728.814534802921116 ], [ 1927327.940900260582566, 6973741.119982709176838 ], [ 1927342.371020497521386, 6973748.488406657241285 ], [ 1927354.290503339841962, 6973755.481975067406893 ], [ 1927361.817410863470286, 6973761.773903672583401 ], [ 1927399.326889297459275, 6973775.235505411401391 ], [ 1927434.309579225955531, 6973786.892788205295801 ], [ 1927467.578855101950467, 6973803.06237683724612 ], [ 1927482.596818316727877, 6973810.112118782475591 ], [ 1927498.425160579849035, 6973816.532886972650886 ], [ 1927510.099740174366161, 6973820.54624845366925 ], [ 1927536.454133491497487, 6973829.773531996645033 ], [ 1927554.685366751858965, 6973831.265933654271066 ], [ 1927565.321560800308362, 6973825.119010802358389 ], [ 1927588.771978049073368, 6973733.236308722756803 ], [ 1927595.487042973283678, 6973726.066694348119199 ], [ 1927603.618892304832116, 6973723.516368912532926 ], [ 1927612.910310190171003, 6973723.120133577845991 ], [ 1927647.503815269097686, 6973733.703836695291102 ], [ 1927774.066090749343857, 6973780.761090322397649 ], [ 1927799.748692233581096, 6973792.497291373088956 ], [ 1927809.016613118583336, 6973800.906727566383779 ], [ 1927822.880803689360619, 6973815.488987326622009 ], [ 1927828.393385466188192, 6973818.625998413190246 ], [ 1927834.827600815333426, 6973819.209178487770259 ], [ 1927843.95358047937043, 6973815.967445624060929 ] ] ] } },
{ "type": "Feature", "properties": { "TERYT": "3028", "LOKALNYID": "2EBDC9DC-4CD2-7DB6-E053-CC2BA8C07DDB", "WERSJAID": "2021-10-29T00:00:00", "PNAZW": "PL.PZGiK.308.BDOT10k", "GMLID": "OT_SKDR_L.8320", "X_KOD": "SKDR06", "X_SKRKARTO": null, "X_SKRK_NIL": "inapplicable", "X_KATDOKG": "dokladny", "X_DOKLGEOM": null, "X_ZRODLOG": "ortofotomapa", "X_ZRODLOA": "pomiarTerenowy", "X_KATIST": "eksploatowany", "X_KATI_NIL": null, "X_RODZREPG": "osGeometryczna", "X_UWAGI": null, "X_UZYTKOWN": "Uzytkownik30.xml", "X_AKTG": "2021-10-29", "X_AKTA": "2021-10-29", "POCZWERS": "2021-10-29", "KONIECWERS": null, "X_DATAUTW": "2012-11-13", "X_INFDOD": null, "KOD10K": null, "KOD10K_NIL": "inapplicable", "KOD25K": "0025_126", "KOD25K_NIL": null, "KOD50K": "0050_126", "KOD50K_NIL": null, "KOD100K": "0100_126", "KOD100_NIL": null, "KOD250K": null, "KOD250_NIL": "inapplicable", "KOD500K": null, "KOD500_NIL": "inapplicable", "KOD1000K": null, "KOD1000_NI": "inapplicable", "KATZARZ": "gminna", "KATZA_NIL": null, "KLASADROGI": "lokalna", "KLDROG_NIL": null, "MATNAWIERZ": "gruntNaturalny", "MATNAW_NIL": null, "NAZWADROGI": null, "LJEZDNIDR": 1, "LJEZD_NIL": null, "NRODCIREF": null, "SZL_NUMER": "207050P", "SZLNR_NIL": null, "length": 990.7 }, "geometry": { "type": "MultiLineString", "coordinates": [ [ [ 1926694.85220846044831, 6974416.017145213671029 ], [ 1926699.808003798592836, 6974416.749124853871763 ], [ 1926738.051566446200013, 6974423.751528459601104 ], [ 1926779.416533048730344, 6974430.545009732246399 ], [ 1926803.879599819658324, 6974435.659479419700801 ], [ 1926815.624549735337496, 6974438.113797794096172 ], [ 1926851.898647060850635, 6974447.811005191877484 ], [ 1926877.191327031003311, 6974454.307474613189697 ], [ 1926895.513805743306875, 6974459.027406154200435 ], [ 1926927.445490745361894, 6974465.879892606288195 ], [ 1926966.974158246302977, 6974473.94185181055218 ], [ 1927166.712344333529472, 6974518.984331099316478 ], [ 1927218.703855149447918, 6974530.728900099173188 ], [ 1927348.263368698302656, 6974559.971016327850521 ], [ 1927472.841353896539658, 6974588.196507790125906 ], [ 1927521.931212497875094, 6974598.591327328234911 ], [ 1927575.740906914928928, 6974612.021607489325106 ], [ 1927613.364594782236964, 6974621.498027076013386 ], [ 1927646.176556619117036, 6974629.747731906361878 ], [ 1927692.944625467294827, 6974642.330331190489233 ], [ 1927786.826813902705908, 6974667.602599693462253 ], [ 1927849.104018941987306, 6974684.055151974782348 ], [ 1927921.099510955158621, 6974701.765783708542585 ], [ 1928053.475511027267203, 6974734.852018551900983 ], [ 1928195.81446634256281, 6974770.828685782849789 ], [ 1928291.546097181504592, 6974797.252154165878892 ] ] ] } },
{ "type": "Feature", "properties": { "TERYT": "3028", "LOKALNYID": "2EBDC9DC-4CD5-7DB6-E053-CC2BA8C07DDB", "WERSJAID": "2021-10-29T00:00:00", "PNAZW": "PL.PZGiK.308.BDOT10k", "GMLID": "OT_SKDR_L.8323", "X_KOD": "SKDR08", "X_SKRKARTO": null, "X_SKRK_NIL": "inapplicable", "X_KATDOKG": "dokladny", "X_DOKLGEOM": null, "X_ZRODLOG": "ortofotomapa", "X_ZRODLOA": "pomiarTerenowy", "X_KATIST": "eksploatowany", "X_KATI_NIL": null, "X_RODZREPG": "osGeometryczna", "X_UWAGI": null, "X_UZYTKOWN": "Uzytkownik30.xml", "X_AKTG": "2011-01-01", "X_AKTA": "2021-10-29", "POCZWERS": "2021-10-29", "KONIECWERS": null, "X_DATAUTW": "2012-11-13", "X_INFDOD": null, "KOD10K": null, "KOD10K_NIL": "inapplicable", "KOD25K": "0025_127", "KOD25K_NIL": null, "KOD50K": "0050_127", "KOD50K_NIL": null, "KOD100K": "0100_127", "KOD100_NIL": null, "KOD250K": null, "KOD250_NIL": "inapplicable", "KOD500K": null, "KOD500_NIL": "inapplicable", "KOD1000K": null, "KOD1000_NI": "inapplicable", "KATZARZ": "inna", "KATZA_NIL": null, "KLASADROGI": "inna", "KLDROG_NIL": null, "MATNAWIERZ": "gruntNaturalny", "MATNAW_NIL": null, "NAZWADROGI": null, "LJEZDNIDR": 1, "LJEZD_NIL": null, "NRODCIREF": null, "SZL_NUMER": null, "SZLNR_NIL": null, "length": 445.54 }, "geometry": { "type": "MultiLineString", "coordinates": [ [ [ 1924001.936716079246253, 6975223.709549416787922 ], [ 1924035.105849627871066, 6975239.179353058338165 ], [ 1924067.93096020212397, 6975260.041993197053671 ], [ 1924136.442462894832715, 6975295.121451330371201 ], [ 1924141.143148879287764, 6975297.527519469149411 ], [ 1924213.119730834383518, 6975334.01903291977942 ], [ 1924307.361003629397601, 6975381.696044368669391 ], [ 1924352.593196340370923, 6975407.923772722482681 ], [ 1924431.665059451479465, 6975444.51712488103658 ], [ 1924532.246345331193879, 6975494.105446661822498 ], [ 1924545.048062418121845, 6975500.261613559909165 ], [ 1924557.475250445771962, 6975510.314406965859234 ], [ 1924573.164866424864158, 6975526.793868659064174 ], [ 1924588.592223130865023, 6975542.452701627276838 ], [ 1924598.967035033507273, 6975547.487147814594209 ], [ 1924609.064962869277224, 6975550.919479329138994 ], [ 1924617.196287092287093, 6975552.692691009491682 ], [ 1924628.621098297182471, 6975552.616726293228567 ], [ 1924635.93629439547658, 6975550.36507903970778 ], [ 1924643.868615869665518, 6975544.471853034570813 ], [ 1924648.212853712961078, 6975536.78106150124222 ] ] ] } },
{ "type": "Feature", "properties": { "TERYT": "3028", "LOKALNYID": "2EBDC9DC-4C09-7DB6-E053-CC2BA8C07DDB", "WERSJAID": "2021-10-29T00:00:00", "PNAZW": "PL.PZGiK.308.BDOT10k", "GMLID": "OT_SKDR_L.8307", "X_KOD": "SKDR08", "X_SKRKARTO": null, "X_SKRK_NIL": "inapplicable", "X_KATDOKG": "dokladny", "X_DOKLGEOM": null, "X_ZRODLOG": "ortofotomapa", "X_ZRODLOA": "pomiarTerenowy", "X_KATIST": "eksploatowany", "X_KATI_NIL": null, "X_RODZREPG": "osGeometryczna", "X_UWAGI": null, "X_UZYTKOWN": "Uzytkownik30.xml", "X_AKTG": "2017-12-13", "X_AKTA": "2021-10-29", "POCZWERS": "2021-10-29", "KONIECWERS": null, "X_DATAUTW": "2012-11-13", "X_INFDOD": null, "KOD10K": null, "KOD10K_NIL": "inapplicable", "KOD25K": "0025_123", "KOD25K_NIL": null, "KOD50K": "0050_123", "KOD50K_NIL": null, "KOD100K": "0100_123", "KOD100_NIL": null, "KOD250K": null, "KOD250_NIL": "inapplicable", "KOD500K": null, "KOD500_NIL": "inapplicable", "KOD1000K": null, "KOD1000_NI": "inapplicable", "KATZARZ": "inna", "KATZA_NIL": null, "KLASADROGI": "inna", "KLDROG_NIL": null, "MATNAWIERZ": "tluczen", "MATNAW_NIL": null, "NAZWADROGI": null, "LJEZDNIDR": 1, "LJEZD_NIL": null, "NRODCIREF": null, "SZL_NUMER": null, "SZLNR_NIL": null, "length": 898.62 }, "geometry": { "type": "MultiLineString", "coordinates": [ [ [ 1926361.783431387273595, 6975745.338747419416904 ], [ 1926698.143814265727997, 6975830.780089096166193 ], [ 1926798.808672898216173, 6975855.745976217091084 ], [ 1926823.080203633522615, 6975860.025711420923471 ], [ 1926839.783482458908111, 6975859.705618679523468 ], [ 1926850.979811755474657, 6975855.964610825292766 ], [ 1926866.632248990703374, 6975845.33172566536814 ], [ 1926932.237913141259924, 6975802.289052255451679 ], [ 1926952.019461533520371, 6975792.318642866797745 ], [ 1926981.558417656691745, 6975779.15478003397584 ], [ 1927014.925206624902785, 6975766.779208024963737 ], [ 1927028.580566515447572, 6975762.098825563676655 ], [ 1927039.405711757950485, 6975756.504018905572593 ], [ 1927047.815090565243736, 6975750.702620891854167 ], [ 1927055.008998249191791, 6975742.2964409859851 ], [ 1927060.380762572400272, 6975731.703296179883182 ], [ 1927065.214509189827368, 6975714.366392686963081 ], [ 1927075.646078490186483, 6975646.437822556123137 ], [ 1927079.758869467070326, 6975623.084356438368559 ], [ 1927080.525047984207049, 6975608.809464308433235 ], [ 1927079.916510056471452, 6975592.358227424323559 ], [ 1927072.332656436832622, 6975490.268078293651342 ], [ 1927071.711081004235893, 6975473.667200445197523 ], [ 1927072.96672551962547, 6975463.259824723936617 ], [ 1927078.980190573725849, 6975455.690286277793348 ], [ 1927088.058046776801348, 6975451.766207672655582 ], [ 1927096.339959018165246, 6975451.379893835633993 ], [ 1927107.129347647540271, 6975453.645341745577753 ], [ 1927128.400533284759149, 6975458.567806640639901 ], [ 1927349.758885222254321, 6975516.668557622469962 ], [ 1927426.671859911875799, 6975536.346037605777383 ], [ 1927523.416677999775857, 6975560.145905803889036 ] ] ] } },
{ "type": "Feature", "properties": { "TERYT": "3028", "LOKALNYID": "D3FA30B8-4FEA-4133-88C5-2FF56686B9B2", "WERSJAID": "2021-10-29T00:00:00", "PNAZW": "PL.PZGiK.308.BDOT10k", "GMLID": "ID_D3FA30B8-4FEA-4133-88C5-2FF56686B9B2", "X_KOD": "SKDR08", "X_SKRKARTO": null, "X_SKRK_NIL": "inapplicable", "X_KATDOKG": "dokladny", "X_DOKLGEOM": null, "X_ZRODLOG": "ortofotomapa", "X_ZRODLOA": "pomiarTerenowy", "X_KATIST": "eksploatowany", "X_KATI_NIL": null, "X_RODZREPG": "osGeometryczna", "X_UWAGI": null, "X_UZYTKOWN": "Uzytkownik30.xml", "X_AKTG": "2017-12-13", "X_AKTA": "2021-10-29", "POCZWERS": "2021-10-29", "KONIECWERS": null, "X_DATAUTW": "2017-12-13", "X_INFDOD": null, "KOD10K": null, "KOD10K_NIL": "inapplicable", "KOD25K": "0025_123", "KOD25K_NIL": null, "KOD50K": "0050_123", "KOD50K_NIL": null, "KOD100K": "0100_123", "KOD100_NIL": null, "KOD250K": null, "KOD250_NIL": "inapplicable", "KOD500K": null, "KOD500_NIL": "inapplicable", "KOD1000K": null, "KOD1000_NI": "inapplicable", "KATZARZ": "inna", "KATZA_NIL": null, "KLASADROGI": "inna", "KLDROG_NIL": null, "MATNAWIERZ": "zwir", "MATNAW_NIL": null, "NAZWADROGI": null, "LJEZDNIDR": 1, "LJEZD_NIL": null, "NRODCIREF": null, "SZL_NUMER": null, "SZLNR_NIL": null, "length": 61.09 }, "geometry": { "type": "MultiLineString", "coordinates": [ [ [ 1924072.208243489963934, 6970456.294730752706528 ], [ 1924065.575578009011224, 6970464.158026508055627 ], [ 1924057.816216865787283, 6970470.6323749627918 ], [ 1924039.128200664883479, 6970476.828222403302789 ], [ 1924029.488526296569034, 6970479.470597747713327 ], [ 1924017.963477156823501, 6970481.968120804056525 ], [ 1924009.731853596167639, 6970483.232438896782696 ], [ 1923979.066092900699005, 6970487.97842016723007 ] ] ] } },
{ "type": "Feature", "properties": { "TERYT": "3028", "LOKALNYID": "2EBDC9DC-4147-7DB6-E053-CC2BA8C07DDB", "WERSJAID": "2021-10-29T00:00:00", "PNAZW": "PL.PZGiK.308.BDOT10k", "GMLID": "OT_SKDR_L.6355", "X_KOD": "SKDR08", "X_SKRKARTO": null, "X_SKRK_NIL": "inapplicable", "X_KATDOKG": "dokladny", "X_DOKLGEOM": null, "X_ZRODLOG": "ortofotomapa", "X_ZRODLOA": "pomiarTerenowy", "X_KATIST": "eksploatowany", "X_KATI_NIL": null, "X_RODZREPG": "osGeometryczna", "X_UWAGI": null, "X_UZYTKOWN": "Uzytkownik30.xml", "X_AKTG": "2021-10-29", "X_AKTA": "2021-10-29", "POCZWERS": "2021-10-29", "KONIECWERS": null, "X_DATAUTW": "2012-11-13", "X_INFDOD": null, "KOD10K": null, "KOD10K_NIL": "inapplicable", "KOD25K": "0025_127", "KOD25K_NIL": null, "KOD50K": "0050_127", "KOD50K_NIL": null, "KOD100K": "0100_127", "KOD100_NIL": null, "KOD250K": null, "KOD250_NIL": "inapplicable", "KOD500K": null, "KOD500_NIL": "inapplicable", "KOD1000K": null, "KOD1000_NI": "inapplicable", "KATZARZ": "inna", "KATZA_NIL": null, "KLASADROGI": "inna", "KLDROG_NIL": null, "MATNAWIERZ": "gruntNaturalny", "MATNAW_NIL": null, "NAZWADROGI": null, "LJEZDNIDR": 1, "LJEZD_NIL": null, "NRODCIREF": null, "SZL_NUMER": null, "SZLNR_NIL": null, "length": 145.2 }, "geometry": { "type": "MultiLineString", "coordinates": [ [ [ 1928152.201267764437944, 6971327.135284372605383 ], [ 1928157.777257053181529, 6971302.632183314301074 ], [ 1928182.415610442869365, 6971110.942171628586948 ], [ 1928182.663934325566515, 6971088.224994615651667 ] ] ] } },
{ "type": "Feature", "properties": { "TERYT": "3028", "LOKALNYID": "2EBDC9DC-3E11-7DB6-E053-CC2BA8C07DDB", "WERSJAID": "2021-10-29T00:00:00", "PNAZW": "PL.PZGiK.308.BDOT10k", "GMLID": "OT_SKDR_L.1477", "X_KOD": "SKDR08", "X_SKRKARTO": null, "X_SKRK_NIL": "inapplicable", "X_KATDOKG": "dokladny", "X_DOKLGEOM": null, "X_ZRODLOG": "ortofotomapa", "X_ZRODLOA": "pomiarTerenowy", "X_KATIST": "eksploatowany", "X_KATI_NIL": null, "X_RODZREPG": "osGeometryczna", "X_UWAGI": null, "X_UZYTKOWN": "Uzytkownik30.xml", "X_AKTG": "2021-10-29", "X_AKTA": "2021-10-29", "POCZWERS": "2021-10-29", "KONIECWERS": null, "X_DATAUTW": "2012-11-13", "X_INFDOD": null, "KOD10K": null, "KOD10K_NIL": "inapplicable", "KOD25K": "0025_127", "KOD25K_NIL": null, "KOD50K": "0050_127", "KOD50K_NIL": null, "KOD100K": "0100_127", "KOD100_NIL": null, "KOD250K": null, "KOD250_NIL": "inapplicable", "KOD500K": null, "KOD500_NIL": "inapplicable", "KOD1000K": null, "KOD1000_NI": "inapplicable", "KATZARZ": "inna", "KATZA_NIL": null, "KLASADROGI": "inna", "KLDROG_NIL": null, "MATNAWIERZ": "gruntNaturalny", "MATNAW_NIL": null, "NAZWADROGI": null, "LJEZDNIDR": 1, "LJEZD_NIL": null, "NRODCIREF": null, "SZL_NUMER": null, "SZLNR_NIL": null, "length": 120.12 }, "geometry": { "type": "MultiLineString", "coordinates": [ [ [ 1925117.776285719126463, 6972573.158988968469203 ], [ 1925148.941020625876263, 6972593.80464034806937 ], [ 1925231.682610561838374, 6972652.145726309157908 ], [ 1925264.68549807369709, 6972675.67584415897727 ], [ 1925268.636524291941896, 6972678.893308635801077 ], [ 1925279.650807835627347, 6972688.974294738844037 ] ] ] } },
{ "type": "Feature", "properties": { "TERYT": "3028", "LOKALNYID": "2EBDC9DC-3E12-7DB6-E053-CC2BA8C07DDB", "WERSJAID": "2021-10-29T00:00:00", "PNAZW": "PL.PZGiK.308.BDOT10k", "GMLID": "OT_SKDR_L.1478", "X_KOD": "SKDR06", "X_SKRKARTO": null, "X_SKRK_NIL": "inapplicable", "X_KATDOKG": "dokladny", "X_DOKLGEOM": null, "X_ZRODLOG": "ortofotomapa", "X_ZRODLOA": "pomiarTerenowy", "X_KATIST": "eksploatowany", "X_KATI_NIL": null, "X_RODZREPG": "osGeometryczna", "X_UWAGI": null, "X_UZYTKOWN": "Uzytkownik30.xml", "X_AKTG": "2011-01-01", "X_AKTA": "2021-10-29", "POCZWERS": "2021-10-29", "KONIECWERS": null, "X_DATAUTW": "2012-11-13", "X_INFDOD": null, "KOD10K": null, "KOD10K_NIL": "inapplicable", "KOD25K": "0025_126", "KOD25K_NIL": null, "KOD50K": "0050_126", "KOD50K_NIL": null, "KOD100K": "0100_126", "KOD100_NIL": null, "KOD250K": null, "KOD250_NIL": "inapplicable", "KOD500K": null, "KOD500_NIL": "inapplicable", "KOD1000K": null, "KOD1000_NI": "inapplicable", "KATZARZ": "gminna", "KATZA_NIL": null, "KLASADROGI": "lokalna", "KLDROG_NIL": null, "MATNAWIERZ": "gruntNaturalny", "MATNAW_NIL": null, "NAZWADROGI": null, "LJEZDNIDR": 1, "LJEZD_NIL": null, "NRODCIREF": null, "SZL_NUMER": "207050P", "SZLNR_NIL": null, "length": 124.16 }, "geometry": { "type": "MultiLineString", "coordinates": [ [ [ 1926494.732586033176631, 6974369.791131557896733 ], [ 1926509.119064055383205, 6974376.213424907997251 ], [ 1926519.97050858498551, 6974379.295092000626028 ], [ 1926610.750699524069205, 6974398.740891105495393 ], [ 1926671.03025319497101, 6974412.545998634770513 ], [ 1926694.85220846044831, 6974416.017145213671029 ] ] ] } },
{ "type": "Feature", "properties": { "TERYT": "3028", "LOKALNYID": "2EBDC9DC-3174-7DB6-E053-CC2BA8C07DDB", "WERSJAID": "2021-10-29T00:00:00", "PNAZW": "PL.PZGiK.308.BDOT10k", "GMLID": "OT_SKDR_L.6", "X_KOD": "SKDR08", "X_SKRKARTO": null, "X_SKRK_NIL": "inapplicable", "X_KATDOKG": "przyblizony", "X_DOKLGEOM": null, "X_ZRODLOG": "ortofotomapa", "X_ZRODLOA": "pomiarTerenowy", "X_KATIST": "eksploatowany", "X_KATI_NIL": null, "X_RODZREPG": "liniaUmowna", "X_UWAGI": null, "X_UZYTKOWN": "Uzytkownik30.xml", "X_AKTG": "2017-12-13", "X_AKTA": "2021-10-29", "POCZWERS": "2021-10-29", "KONIECWERS": null, "X_DATAUTW": "2012-11-13", "X_INFDOD": null, "KOD10K": null, "KOD10K_NIL": "inapplicable", "KOD25K": null, "KOD25K_NIL": "inapplicable", "KOD50K": null, "KOD50K_NIL": "inapplicable", "KOD100K": null, "KOD100_NIL": "inapplicable", "KOD250K": null, "KOD250_NIL": "inapplicable", "KOD500K": null, "KOD500_NIL": "inapplicable", "KOD1000K": null, "KOD1000_NI": "inapplicable", "KATZARZ": "inna", "KATZA_NIL": null, "KLASADROGI": "inna", "KLDROG_NIL": null, "MATNAWIERZ": "kostkaPrefabrykowana", "MATNAW_NIL": null, "NAZWADROGI": null, "LJEZDNIDR": 1, "LJEZD_NIL": null, "NRODCIREF": null, "SZL_NUMER": null, "SZLNR_NIL": null, "length": 57.21 }, "geometry": { "type": "MultiLineString", "coordinates": [ [ [ 1925855.380822863196954, 6972368.584217579104006 ], [ 1925921.276618333067745, 6972386.67827713675797 ], [ 1925946.816052314359695, 6972393.647131978534162 ] ] ] } },
{ "type": "Feature", "properties": { "TERYT": "3028", "LOKALNYID": "2EBDC9DC-3E25-7DB6-E053-CC2BA8C07DDB", "WERSJAID": "2021-10-29T00:00:00", "PNAZW": "PL.PZGiK.308.BDOT10k", "GMLID": "OT_SKDR_L.1683", "X_KOD": "SKDR06", "X_SKRKARTO": null, "X_SKRK_NIL": "inapplicable", "X_KATDOKG": "dokladny", "X_DOKLGEOM": null, "X_ZRODLOG": "ortofotomapa", "X_ZRODLOA": "pomiarTerenowy", "X_KATIST": "eksploatowany", "X_KATI_NIL": null, "X_RODZREPG": "osGeometryczna", "X_UWAGI": null, "X_UZYTKOWN": "Uzytkownik30.xml", "X_AKTG": "2021-10-29", "X_AKTA": "2020-01-20", "POCZWERS": "2021-10-29", "KONIECWERS": null, "X_DATAUTW": "2012-11-13", "X_INFDOD": null, "KOD10K": null, "KOD10K_NIL": "inapplicable", "KOD25K": "0025_121", "KOD25K_NIL": null, "KOD50K": "0050_121", "KOD50K_NIL": null, "KOD100K": "0100_121", "KOD100_NIL": null, "KOD250K": null, "KOD250_NIL": "inapplicable", "KOD500K": null, "KOD500_NIL": "inapplicable", "KOD1000K": null, "KOD1000_NI": "inapplicable", "KATZARZ": "gminna", "KATZA_NIL": null, "KLASADROGI": "lokalna", "KLDROG_NIL": null, "MATNAWIERZ": "masaBitumiczna", "MATNAW_NIL": null, "NAZWADROGI": null, "LJEZDNIDR": 1, "LJEZD_NIL": null, "NRODCIREF": null, "SZL_NUMER": "207013P", "SZLNR_NIL": null, "length": 97.46 }, "geometry": { "type": "MultiLineString", "coordinates": [ [ [ 1925791.371639002347365, 6972562.402985791675746 ], [ 1925798.237066574860364, 6972564.327047629281878 ], [ 1925824.172125424956903, 6972571.405520472675562 ], [ 1925854.190692044096068, 6972579.610893935896456 ], [ 1925860.760750340530649, 6972581.411599241197109 ], [ 1925904.21797207579948, 6972595.318581718020141 ], [ 1925911.740700646536425, 6972598.886278247460723 ], [ 1925921.06660564430058, 6972606.101898401044309 ], [ 1925936.379049821291119, 6972624.391299540176988 ] ] ] } },
{ "type": "Feature", "properties": { "TERYT": "3028", "LOKALNYID": "2EBDC9DC-51E8-7DB6-E053-CC2BA8C07DDB", "WERSJAID": "2021-10-29T00:00:00", "PNAZW": "PL.PZGiK.308.BDOT10k", "GMLID": "OT_SKDR_L.7026", "X_KOD": "SKDR06", "X_SKRKARTO": null, "X_SKRK_NIL": "inapplicable", "X_KATDOKG": "dokladny", "X_DOKLGEOM": null, "X_ZRODLOG": "ortofotomapa", "X_ZRODLOA": "pomiarTerenowy", "X_KATIST": "eksploatowany", "X_KATI_NIL": null, "X_RODZREPG": "osGeometryczna", "X_UWAGI": null, "X_UZYTKOWN": "Uzytkownik30.xml", "X_AKTG": "2021-10-29", "X_AKTA": "2021-10-29", "POCZWERS": "2021-10-29", "KONIECWERS": null, "X_DATAUTW": "2012-11-13", "X_INFDOD": null, "KOD10K": null, "KOD10K_NIL": "inapplicable", "KOD25K": "0025_126", "KOD25K_NIL": null, "KOD50K": "0050_126", "KOD50K_NIL": null, "KOD100K": "0100_126", "KOD100_NIL": null, "KOD250K": null, "KOD250_NIL": "inapplicable", "KOD500K": null, "KOD500_NIL": "inapplicable", "KOD1000K": null, "KOD1000_NI": "inapplicable", "KATZARZ": "gminna", "KATZA_NIL": null, "KLASADROGI": "lokalna", "KLDROG_NIL": null, "MATNAWIERZ": "gruntNaturalny", "MATNAW_NIL": null, "NAZWADROGI": null, "LJEZDNIDR": 1, "LJEZD_NIL": null, "NRODCIREF": null, "SZL_NUMER": "207050P", "SZLNR_NIL": null, "length": 507.22 }, "geometry": { "type": "MultiLineString", "coordinates": [ [ [ 1928291.546097181504592, 6974797.252154165878892 ], [ 1928317.143424767302349, 6974804.997803301550448 ], [ 1928506.458974870620295, 6974853.353642669506371 ], [ 1928734.908153827069327, 6974914.186665939167142 ], [ 1928749.538592552300543, 6974915.941295092925429 ], [ 1928757.419729045126587, 6974912.801905937492847 ], [ 1928836.899665735661983, 6974819.853177577257156 ], [ 1928883.116653069388121, 6974764.996939742006361 ], [ 1928908.500872516771778, 6974734.863457402214408 ], [ 1928987.55094135645777, 6974636.720561905764043 ] ] ] } },
{ "type": "Feature", "properties": { "TERYT": "3028", "LOKALNYID": "2EBDC9DC-51E9-7DB6-E053-CC2BA8C07DDB", "WERSJAID": "2021-10-29T00:00:00", "PNAZW": "PL.PZGiK.308.BDOT10k", "GMLID": "OT_SKDR_L.7027", "X_KOD": "SKDR08", "X_SKRKARTO": null, "X_SKRK_NIL": "inapplicable", "X_KATDOKG": "dokladny", "X_DOKLGEOM": null, "X_ZRODLOG": "ortofotomapa", "X_ZRODLOA": "pomiarTerenowy", "X_KATIST": "eksploatowany", "X_KATI_NIL": null, "X_RODZREPG": "osGeometryczna", "X_UWAGI": null, "X_UZYTKOWN": "Uzytkownik30.xml", "X_AKTG": "2021-10-29", "X_AKTA": "2021-10-29", "POCZWERS": "2021-10-29", "KONIECWERS": null, "X_DATAUTW": "2012-11-13", "X_INFDOD": null, "KOD10K": null, "KOD10K_NIL": "inapplicable", "KOD25K": "0025_127", "KOD25K_NIL": null, "KOD50K": "0050_127", "KOD50K_NIL": null, "KOD100K": "0100_127", "KOD100_NIL": null, "KOD250K": null, "KOD250_NIL": "inapplicable", "KOD500K": null, "KOD500_NIL": "inapplicable", "KOD1000K": null, "KOD1000_NI": "inapplicable", "KATZARZ": "inna", "KATZA_NIL": null, "KLASADROGI": "inna", "KLDROG_NIL": null, "MATNAWIERZ": "gruntNaturalny", "MATNAW_NIL": null, "NAZWADROGI": null, "LJEZDNIDR": 1, "LJEZD_NIL": null, "NRODCIREF": null, "SZL_NUMER": null, "SZLNR_NIL": null, "length": 641.13 }, "geometry": { "type": "MultiLineString", "coordinates": [ [ [ 1929287.950880547054112, 6974307.045577858574688 ], [ 1929334.615033710142598, 6974327.7080909460783 ], [ 1929457.989822470583022, 6974378.655693816952407 ], [ 1929525.054299757350236, 6974413.185822242870927 ], [ 1929582.991174286929891, 6974444.611686125397682 ], [ 1929620.602122206939384, 6974467.587973400019109 ], [ 1929645.355842294404283, 6974481.707074747420847 ], [ 1929655.291891171596944, 6974489.299734022468328 ], [ 1929697.8544744446408, 6974521.813051474280655 ], [ 1929730.627615102566779, 6974546.853388431482017 ], [ 1929859.467932716477662, 6974643.422241050750017 ], [ 1929867.745923820650205, 6974649.613600136712193 ], [ 1929971.643853954738006, 6974725.245281054638326 ], [ 1929993.538608642760664, 6974741.191769955679774 ], [ 1930017.960879341699183, 6974758.958417795598507 ], [ 1930036.614065941656008, 6974769.561698568984866 ], [ 1930063.173336669104174, 6974785.965360297821462 ], [ 1930090.840626734076068, 6974807.513026243075728 ], [ 1930125.249947560019791, 6974832.873090456239879 ], [ 1930145.861464414047077, 6974849.138566911220551 ], [ 1930179.689172790152952, 6974876.728475616313517 ] ] ] } },
{ "type": "Feature", "properties": { "TERYT": "3028", "LOKALNYID": "2EBDC9DC-5230-7DB6-E053-CC2BA8C07DDB", "WERSJAID": "2021-10-29T00:00:00", "PNAZW": "PL.PZGiK.308.BDOT10k", "GMLID": "OT_SKDR_L.8201", "X_KOD": "SKDR08", "X_SKRKARTO": null, "X_SKRK_NIL": "inapplicable", "X_KATDOKG": "dokladny", "X_DOKLGEOM": null, "X_ZRODLOG": "ortofotomapa", "X_ZRODLOA": "pomiarTerenowy", "X_KATIST": "eksploatowany", "X_KATI_NIL": null, "X_RODZREPG": "osGeometryczna", "X_UWAGI": null, "X_UZYTKOWN": "Uzytkownik30.xml", "X_AKTG": "2021-10-29", "X_AKTA": "2020-01-20", "POCZWERS": "2021-10-29", "KONIECWERS": null, "X_DATAUTW": "2012-11-13", "X_INFDOD": null, "KOD10K": null, "KOD10K_NIL": "inapplicable", "KOD25K": "0025_121", "KOD25K_NIL": null, "KOD50K": "0050_121", "KOD50K_NIL": null, "KOD100K": "0100_121", "KOD100_NIL": null, "KOD250K": null, "KOD250_NIL": "inapplicable", "KOD500K": null, "KOD500_NIL": "inapplicable", "KOD1000K": null, "KOD1000_NI": "inapplicable", "KATZARZ": "zakladowa", "KATZA_NIL": null, "KLASADROGI": "inna", "KLDROG_NIL": null, "MATNAWIERZ": "masaBitumiczna", "MATNAW_NIL": null, "NAZWADROGI": null, "LJEZDNIDR": 1, "LJEZD_NIL": null, "NRODCIREF": null, "SZL_NUMER": null, "SZLNR_NIL": null, "length": 107.12 }, "geometry": { "type": "MultiLineString", "coordinates": [ [ [ 1927379.569503027014434, 6973236.282913574017584 ], [ 1927375.059640722116455, 6973250.49868383910507 ], [ 1927358.361668086610734, 6973303.156774809584022 ], [ 1927355.602684947196394, 6973320.454431250691414 ], [ 1927349.431753940414637, 6973370.885250248014927 ], [ 1927350.428466101875529, 6973378.568284730426967 ], [ 1927354.419533133273944, 6973383.663434475660324 ], [ 1927365.139111289987341, 6973389.498584961518645 ], [ 1927377.159150630701333, 6973394.300982587970793 ] ] ] } },
{ "type": "Feature", "properties": { "TERYT": "3028", "LOKALNYID": "2EBDC9DC-3866-7DB6-E053-CC2BA8C07DDB", "WERSJAID": "2021-10-29T00:00:00", "PNAZW": "PL.PZGiK.308.BDOT10k", "GMLID": "OT_SKDR_L.1202", "X_KOD": "SKDR08", "X_SKRKARTO": null, "X_SKRK_NIL": "inapplicable", "X_KATDOKG": "dokladny", "X_DOKLGEOM": null, "X_ZRODLOG": "ortofotomapa", "X_ZRODLOA": "pomiarTerenowy", "X_KATIST": "eksploatowany", "X_KATI_NIL": null, "X_RODZREPG": "osGeometryczna", "X_UWAGI": null, "X_UZYTKOWN": "Uzytkownik30.xml", "X_AKTG": "2021-10-29", "X_AKTA": "2020-01-20", "POCZWERS": "2021-10-29", "KONIECWERS": null, "X_DATAUTW": "2012-11-13", "X_INFDOD": null, "KOD10K": null, "KOD10K_NIL": "inapplicable", "KOD25K": "0025_121", "KOD25K_NIL": null, "KOD50K": "0050_121", "KOD50K_NIL": null, "KOD100K": "0100_121", "KOD100_NIL": null, "KOD250K": null, "KOD250_NIL": "inapplicable", "KOD500K": null, "KOD500_NIL": "inapplicable", "KOD1000K": null, "KOD1000_NI": "inapplicable", "KATZARZ": "inna", "KATZA_NIL": null, "KLASADROGI": "inna", "KLDROG_NIL": null, "MATNAWIERZ": "masaBitumiczna", "MATNAW_NIL": null, "NAZWADROGI": null, "LJEZDNIDR": 1, "LJEZD_NIL": null, "NRODCIREF": null, "SZL_NUMER": null, "SZLNR_NIL": null, "length": 85.61 }, "geometry": { "type": "MultiLineString", "coordinates": [ [ [ 1926504.527296250453219, 6971761.699994365684688 ], [ 1926513.076427861582488, 6971784.294948901981115 ], [ 1926520.615267351502553, 6971804.756351077929139 ], [ 1926524.120251985033974, 6971818.477617553435266 ], [ 1926524.958098182454705, 6971827.235299602150917 ], [ 1926524.629033522913232, 6971841.214761344715953 ], [ 1926522.081425044918433, 6971860.740005387924612 ], [ 1926520.174008207861334, 6971875.595850083045661 ], [ 1926519.424025193555281, 6971881.40892884042114 ], [ 1926517.031556605594233, 6971899.974439023993909 ] ] ] } },
{ "type": "Feature", "properties": { "TERYT": "3028", "LOKALNYID": "2EBDC9DC-4B4A-7DB6-E053-CC2BA8C07DDB", "WERSJAID": "2021-10-29T00:00:00", "PNAZW": "PL.PZGiK.308.BDOT10k", "GMLID": "OT_SKDR_L.6130", "X_KOD": "SKDR08", "X_SKRKARTO": null, "X_SKRK_NIL": "inapplicable", "X_KATDOKG": "dokladny", "X_DOKLGEOM": null, "X_ZRODLOG": "ortofotomapa", "X_ZRODLOA": "pomiarTerenowy", "X_KATIST": "eksploatowany", "X_KATI_NIL": null, "X_RODZREPG": "osGeometryczna", "X_UWAGI": null, "X_UZYTKOWN": "Uzytkownik30.xml", "X_AKTG": "2021-10-29", "X_AKTA": "2020-01-20", "POCZWERS": "2021-10-29", "KONIECWERS": null, "X_DATAUTW": "2012-11-13", "X_INFDOD": null, "KOD10K": null, "KOD10K_NIL": "inapplicable", "KOD25K": "0025_121", "KOD25K_NIL": null, "KOD50K": "0050_121", "KOD50K_NIL": null, "KOD100K": "0100_121", "KOD100_NIL": null, "KOD250K": null, "KOD250_NIL": "inapplicable", "KOD500K": null, "KOD500_NIL": "inapplicable", "KOD1000K": null, "KOD1000_NI": "inapplicable", "KATZARZ": "inna", "KATZA_NIL": null, "KLASADROGI": "inna", "KLDROG_NIL": null, "MATNAWIERZ": "kostkaPrefabrykowana", "MATNAW_NIL": null, "NAZWADROGI": null, "LJEZDNIDR": 1, "LJEZD_NIL": null, "NRODCIREF": null, "SZL_NUMER": null, "SZLNR_NIL": null, "length": 66.11 }, "geometry": { "type": "MultiLineString", "coordinates": [ [ [ 1926473.549384714802727, 6971895.689758841879666 ], [ 1926467.863390573300421, 6971943.630660969763994 ], [ 1926466.248215995496139, 6971957.330708897672594 ], [ 1926463.737287507625297, 6971989.36610200535506 ], [ 1926462.17885636142455, 6972004.87830862775445 ] ] ] } },
{ "type": "Feature", "properties": { "TERYT": "3028", "LOKALNYID": "2EBDC9DC-4448-7DB6-E053-CC2BA8C07DDB", "WERSJAID": "2021-10-29T00:00:00", "PNAZW": "PL.PZGiK.308.BDOT10k", "GMLID": "OT_SKDR_L.6031", "X_KOD": "SKDR06", "X_SKRKARTO": null, "X_SKRK_NIL": "inapplicable", "X_KATDOKG": "dokladny", "X_DOKLGEOM": null, "X_ZRODLOG": "ortofotomapa", "X_ZRODLOA": "pomiarTerenowy", "X_KATIST": "eksploatowany", "X_KATI_NIL": null, "X_RODZREPG": "osGeometryczna", "X_UWAGI": null, "X_UZYTKOWN": "Uzytkownik30.xml", "X_AKTG": "2021-10-29", "X_AKTA": "2021-10-29", "POCZWERS": "2021-10-29", "KONIECWERS": null, "X_DATAUTW": "2012-11-13", "X_INFDOD": null, "KOD10K": null, "KOD10K_NIL": "inapplicable", "KOD25K": "0025_121", "KOD25K_NIL": null, "KOD50K": "0050_121", "KOD50K_NIL": null, "KOD100K": "0100_121", "KOD100_NIL": null, "KOD250K": null, "KOD250_NIL": "inapplicable", "KOD500K": null, "KOD500_NIL": "inapplicable", "KOD1000K": null, "KOD1000_NI": "inapplicable", "KATZARZ": "powiatowa", "KATZA_NIL": null, "KLASADROGI": "lokalna", "KLDROG_NIL": null, "MATNAWIERZ": "masaBitumiczna", "MATNAW_NIL": null, "NAZWADROGI": null, "LJEZDNIDR": 1, "LJEZD_NIL": null, "NRODCIREF": null, "SZL_NUMER": "1571P", "SZLNR_NIL": null, "length": 22.91 }, "geometry": { "type": "MultiLineString", "coordinates": [ [ [ 1925537.072699940996245, 6972742.582114238291979 ], [ 1925543.874393872916698, 6972754.207404836080968 ], [ 1925556.21642996952869, 6972775.434358878061175 ] ] ] } },
{ "type": "Feature", "properties": { "TERYT": "3028", "LOKALNYID": "2EBDC9DC-3200-7DB6-E053-CC2BA8C07DDB", "WERSJAID": "2021-10-29T00:00:00", "PNAZW": "PL.PZGiK.308.BDOT10k", "GMLID": "OT_SKDR_L.403", "X_KOD": "SKDR06", "X_SKRKARTO": null, "X_SKRK_NIL": "inapplicable", "X_KATDOKG": "dokladny", "X_DOKLGEOM": null, "X_ZRODLOG": "ortofotomapa", "X_ZRODLOA": "pomiarTerenowy", "X_KATIST": "eksploatowany", "X_KATI_NIL": null, "X_RODZREPG": "osGeometryczna", "X_UWAGI": null, "X_UZYTKOWN": "Uzytkownik30.xml", "X_AKTG": "2021-10-29", "X_AKTA": "2020-01-20", "POCZWERS": "2021-10-29", "KONIECWERS": null, "X_DATAUTW": "2012-11-13", "X_INFDOD": null, "KOD10K": null, "KOD10K_NIL": "inapplicable", "KOD25K": "0025_121", "KOD25K_NIL": null, "KOD50K": "0050_121", "KOD50K_NIL": null, "KOD100K": "0100_121", "KOD100_NIL": null, "KOD250K": null, "KOD250_NIL": "inapplicable", "KOD500K": null, "KOD500_NIL": "inapplicable", "KOD1000K": null, "KOD1000_NI": "inapplicable", "KATZARZ": "powiatowa", "KATZA_NIL": null, "KLASADROGI": "lokalna", "KLDROG_NIL": null, "MATNAWIERZ": "kostkaKamienna", "MATNAW_NIL": null, "NAZWADROGI": null, "LJEZDNIDR": 1, "LJEZD_NIL": null, "NRODCIREF": null, "SZL_NUMER": "1560P", "SZLNR_NIL": null, "length": 139.62 }, "geometry": { "type": "MultiLineString", "coordinates": [ [ [ 1926655.328245882410556, 6973058.56427120603621 ], [ 1926673.486054658424109, 6973063.097276316024363 ], [ 1926726.72311001108028, 6973076.417623145505786 ], [ 1926801.144750063540414, 6973095.255669629201293 ], [ 1926879.122651816345751, 6973117.234114139340818 ] ] ] } },
{ "type": "Feature", "properties": { "TERYT": "3028", "LOKALNYID": "E23AB1FF-0F74-413C-904B-15ADE470440F", "WERSJAID": "2021-10-29T00:00:00", "PNAZW": "PL.PZGiK.308.BDOT10k", "GMLID": "ID_E23AB1FF-0F74-413C-904B-15ADE470440F", "X_KOD": "SKDR08", "X_SKRKARTO": null, "X_SKRK_NIL": "inapplicable", "X_KATDOKG": "przyblizony", "X_DOKLGEOM": null, "X_ZRODLOG": "ortofotomapa", "X_ZRODLOA": "pomiarTerenowy", "X_KATIST": "eksploatowany", "X_KATI_NIL": null, "X_RODZREPG": "liniaUmowna", "X_UWAGI": null, "X_UZYTKOWN": "Uzytkownik30.xml", "X_AKTG": "2021-10-29", "X_AKTA": "2020-01-20", "POCZWERS": "2021-10-29", "KONIECWERS": null, "X_DATAUTW": "2017-09-05", "X_INFDOD": null, "KOD10K": null, "KOD10K_NIL": "inapplicable", "KOD25K": null, "KOD25K_NIL": "inapplicable", "KOD50K": null, "KOD50K_NIL": "inapplicable", "KOD100K": null, "KOD100_NIL": "inapplicable", "KOD250K": null, "KOD250_NIL": "inapplicable", "KOD500K": null, "KOD500_NIL": "inapplicable", "KOD1000K": null, "KOD1000_NI": "inapplicable", "KATZARZ": "inna", "KATZA_NIL": null, "KLASADROGI": "inna", "KLDROG_NIL": null, "MATNAWIERZ": "kostkaPrefabrykowana", "MATNAW_NIL": null, "NAZWADROGI": null, "LJEZDNIDR": null, "LJEZD_NIL": "inapplicable", "NRODCIREF": null, "SZL_NUMER": null, "SZLNR_NIL": null, "length": 119.09 }, "geometry": { "type": "MultiLineString", "coordinates": [ [ [ 1926003.655470885336399, 6972940.754440739750862 ], [ 1926075.590795299271122, 6972968.611389548517764 ], [ 1926084.141231121029705, 6972971.489039842039347 ], [ 1926074.492750724079087, 6972991.263879030942917 ], [ 1926052.712268113857135, 6973052.469835971482098 ], [ 1926048.628469999181107, 6973063.98649727832526 ], [ 1926044.560832716524601, 6973075.520170885138214 ] ] ] } },
{ "type": "Feature", "properties": { "TERYT": "3028", "LOKALNYID": "6EB3E773-599F-451C-A2D5-DD3449DC32CB", "WERSJAID": "2021-10-29T00:00:00", "PNAZW": "PL.PZGiK.308.BDOT10k", "GMLID": "ID_6EB3E773-599F-451C-A2D5-DD3449DC32CB", "X_KOD": "SKDR08", "X_SKRKARTO": null, "X_SKRK_NIL": "inapplicable", "X_KATDOKG": "dokladny", "X_DOKLGEOM": null, "X_ZRODLOG": "ortofotomapa", "X_ZRODLOA": "pomiarTerenowy", "X_KATIST": "eksploatowany", "X_KATI_NIL": null, "X_RODZREPG": "osGeometryczna", "X_UWAGI": null, "X_UZYTKOWN": "Uzytkownik30.xml", "X_AKTG": "2021-10-29", "X_AKTA": "2020-01-20", "POCZWERS": "2021-10-29", "KONIECWERS": null, "X_DATAUTW": "2017-09-05", "X_INFDOD": null, "KOD10K": null, "KOD10K_NIL": "inapplicable", "KOD25K": "0025_121", "KOD25K_NIL": null, "KOD50K": "0050_121", "KOD50K_NIL": null, "KOD100K": "0100_121", "KOD100_NIL": null, "KOD250K": null, "KOD250_NIL": "inapplicable", "KOD500K": null, "KOD500_NIL": "inapplicable", "KOD1000K": null, "KOD1000_NI": "inapplicable", "KATZARZ": "inna", "KATZA_NIL": null, "KLASADROGI": "inna", "KLDROG_NIL": null, "MATNAWIERZ": "kostkaPrefabrykowana", "MATNAW_NIL": null, "NAZWADROGI": null, "LJEZDNIDR": 1, "LJEZD_NIL": null, "NRODCIREF": null, "SZL_NUMER": null, "SZLNR_NIL": null, "length": 19.91 }, "geometry": { "type": "MultiLineString", "coordinates": [ [ [ 1926236.446336222579703, 6972985.86507357750088 ], [ 1926235.247509376145899, 6972979.772447579540312 ], [ 1926240.758184309117496, 6972965.365507711656392 ], [ 1926245.232277555624023, 6972954.854994051158428 ] ] ] } },
{ "type": "Feature", "properties": { "TERYT": "3028", "LOKALNYID": "2EBDC9DC-3D20-7DB6-E053-CC2BA8C07DDB", "WERSJAID": "2021-10-29T00:00:00", "PNAZW": "PL.PZGiK.308.BDOT10k", "GMLID": "OT_SKDR_L.858", "X_KOD": "SKDR08", "X_SKRKARTO": null, "X_SKRK_NIL": "inapplicable", "X_KATDOKG": "dokladny", "X_DOKLGEOM": null, "X_ZRODLOG": "ortofotomapa", "X_ZRODLOA": "pomiarTerenowy", "X_KATIST": "eksploatowany", "X_KATI_NIL": null, "X_RODZREPG": "osGeometryczna", "X_UWAGI": null, "X_UZYTKOWN": "Uzytkownik30.xml", "X_AKTG": "2021-10-29", "X_AKTA": "2021-10-29", "POCZWERS": "2021-10-29", "KONIECWERS": null, "X_DATAUTW": "2012-11-13", "X_INFDOD": null, "KOD10K": null, "KOD10K_NIL": "inapplicable", "KOD25K": "0025_127", "KOD25K_NIL": null, "KOD50K": "0050_127", "KOD50K_NIL": null, "KOD100K": "0100_127", "KOD100_NIL": null, "KOD250K": null, "KOD250_NIL": "inapplicable", "KOD500K": null, "KOD500_NIL": "inapplicable", "KOD1000K": null, "KOD1000_NI": "inapplicable", "KATZARZ": "inna", "KATZA_NIL": null, "KLASADROGI": "inna", "KLDROG_NIL": null, "MATNAWIERZ": "stabilizacjaZwiremLubZuzlem", "MATNAW_NIL": null, "NAZWADROGI": null, "LJEZDNIDR": 1, "LJEZD_NIL": null, "NRODCIREF": null, "SZL_NUMER": null, "SZLNR_NIL": null, "length": 168.86 }, "geometry": { "type": "MultiLineString", "coordinates": [ [ [ 1925290.278922717785463, 6972171.194963864982128 ], [ 1925296.369333929149434, 6972172.237057921476662 ], [ 1925303.14204897871241, 6972174.557954063639045 ], [ 1925316.55310689471662, 6972180.675059619359672 ], [ 1925343.633210462750867, 6972193.214385859668255 ], [ 1925364.730841527227312, 6972202.255484361201525 ], [ 1925382.459484153660014, 6972210.103307267650962 ], [ 1925412.389999206410721, 6972231.049886780790985 ], [ 1925444.253584027756006, 6972254.351578213274479 ], [ 1925463.402668988564983, 6972269.409811973571777 ], [ 1925473.190649000694975, 6972275.2744060466066 ], [ 1925486.936805055476725, 6972281.249753524549305 ], [ 1925499.082934848964214, 6972285.509125116281211 ], [ 1925536.92533159093, 6972298.486657089553773 ] ] ] } },
{ "type": "Feature", "properties": { "TERYT": "3028", "LOKALNYID": "2EBDC9DC-3EE1-7DB6-E053-CC2BA8C07DDB", "WERSJAID": "2021-10-29T00:00:00", "PNAZW": "PL.PZGiK.308.BDOT10k", "GMLID": "OT_SKDR_L.1491", "X_KOD": "SKDR08", "X_SKRKARTO": null, "X_SKRK_NIL": "inapplicable", "X_KATDOKG": "dokladny", "X_DOKLGEOM": null, "X_ZRODLOG": "ortofotomapa", "X_ZRODLOA": "pomiarTerenowy", "X_KATIST": "eksploatowany", "X_KATI_NIL": null, "X_RODZREPG": "osGeometryczna", "X_UWAGI": null, "X_UZYTKOWN": "Uzytkownik30.xml", "X_AKTG": "2017-12-13", "X_AKTA": "2021-10-29", "POCZWERS": "2021-10-29", "KONIECWERS": null, "X_DATAUTW": "2012-11-13", "X_INFDOD": null, "KOD10K": null, "KOD10K_NIL": "inapplicable", "KOD25K": "0025_127", "KOD25K_NIL": null, "KOD50K": "0050_127", "KOD50K_NIL": null, "KOD100K": "0100_127", "KOD100_NIL": null, "KOD250K": null, "KOD250_NIL": "inapplicable", "KOD500K": null, "KOD500_NIL": "inapplicable", "KOD1000K": null, "KOD1000_NI": "inapplicable", "KATZARZ": "inna", "KATZA_NIL": null, "KLASADROGI": "inna", "KLDROG_NIL": null, "MATNAWIERZ": "gruntNaturalny", "MATNAW_NIL": null, "NAZWADROGI": null, "LJEZDNIDR": 1, "LJEZD_NIL": null, "NRODCIREF": null, "SZL_NUMER": null, "SZLNR_NIL": null, "length": 103.86 }, "geometry": { "type": "MultiLineString", "coordinates": [ [ [ 1925689.403951452113688, 6974036.254219115711749 ], [ 1925696.54490958689712, 6974032.186701938509941 ], [ 1925705.083494792459533, 6974029.298926870338619 ], [ 1925716.999550260603428, 6974025.178690471686423 ], [ 1925736.375440398463979, 6974018.925978489220142 ], [ 1925757.207590578123927, 6974012.774283259175718 ], [ 1925767.707271945429966, 6974009.667170144617558 ], [ 1925773.143307422520593, 6974008.300812275148928 ], [ 1925781.164039568044245, 6974006.281335269100964 ], [ 1925789.285900036804378, 6974005.593566868454218 ], [ 1925798.380952182691544, 6974005.809573751874268 ], [ 1925817.078061260050163, 6974010.740033778361976 ], [ 1925832.194982596905902, 6974013.558234881609678 ], [ 1925839.587131665321067, 6974012.88632030878216 ], [ 1925845.225967029808089, 6974012.056454257108271 ], [ 1925855.047169373370707, 6974008.899884308688343 ] ] ] } },
{ "type": "Feature", "properties": { "TERYT": "3028", "LOKALNYID": "2EBDC9DC-3EE8-7DB6-E053-CC2BA8C07DDB", "WERSJAID": "2021-10-29T00:00:00", "PNAZW": "PL.PZGiK.308.BDOT10k", "GMLID": "OT_SKDR_L.1498", "X_KOD": "SKDR08", "X_SKRKARTO": null, "X_SKRK_NIL": "inapplicable", "X_KATDOKG": "dokladny", "X_DOKLGEOM": null, "X_ZRODLOG": "ortofotomapa", "X_ZRODLOA": "pomiarTerenowy", "X_KATIST": "eksploatowany", "X_KATI_NIL": null, "X_RODZREPG": "osGeometryczna", "X_UWAGI": null, "X_UZYTKOWN": "Uzytkownik30.xml", "X_AKTG": "2011-01-01", "X_AKTA": "2021-10-29", "POCZWERS": "2021-10-29", "KONIECWERS": null, "X_DATAUTW": "2012-11-13", "X_INFDOD": null, "KOD10K": null, "KOD10K_NIL": "inapplicable", "KOD25K": "0025_127", "KOD25K_NIL": null, "KOD50K": "0050_127", "KOD50K_NIL": null, "KOD100K": "0100_127", "KOD100_NIL": null, "KOD250K": null, "KOD250_NIL": "inapplicable", "KOD500K": null, "KOD500_NIL": "inapplicable", "KOD1000K": null, "KOD1000_NI": "inapplicable", "KATZARZ": "inna", "KATZA_NIL": null, "KLASADROGI": "inna", "KLDROG_NIL": null, "MATNAWIERZ": "gruntNaturalny", "MATNAW_NIL": null, "NAZWADROGI": null, "LJEZDNIDR": 1, "LJEZD_NIL": null, "NRODCIREF": null, "SZL_NUMER": null, "SZLNR_NIL": null, "length": 330.08 }, "geometry": { "type": "MultiLineString", "coordinates": [ [ [ 1925183.233891841722652, 6974540.600315797142684 ], [ 1925321.249609587946907, 6974607.948606219142675 ], [ 1925448.165137937059626, 6974674.416071051731706 ], [ 1925547.255088575650007, 6974725.928912334144115 ], [ 1925618.776769784744829, 6974762.776515279896557 ], [ 1925649.701686973916367, 6974780.661431653425097 ], [ 1925659.983865970978513, 6974785.392696006223559 ], [ 1925670.249881877796724, 6974790.106947544030845 ] ] ] } },
{ "type": "Feature", "properties": { "TERYT": "3028", "LOKALNYID": "2EBDC9DC-413C-7DB6-E053-CC2BA8C07DDB", "WERSJAID": "2021-10-29T00:00:00", "PNAZW": "PL.PZGiK.308.BDOT10k", "GMLID": "OT_SKDR_L.6164", "X_KOD": "SKDR08", "X_SKRKARTO": null, "X_SKRK_NIL": "inapplicable", "X_KATDOKG": "dokladny", "X_DOKLGEOM": null, "X_ZRODLOG": "ortofotomapa", "X_ZRODLOA": "pomiarTerenowy", "X_KATIST": "eksploatowany", "X_KATI_NIL": null, "X_RODZREPG": "osGeometryczna", "X_UWAGI": null, "X_UZYTKOWN": "Uzytkownik30.xml", "X_AKTG": "2021-10-29", "X_AKTA": "2021-10-29", "POCZWERS": "2021-10-29", "KONIECWERS": null, "X_DATAUTW": "2012-11-13", "X_INFDOD": null, "KOD10K": null, "KOD10K_NIL": "inapplicable", "KOD25K": "0025_127", "KOD25K_NIL": null, "KOD50K": "0050_127", "KOD50K_NIL": null, "KOD100K": "0100_127", "KOD100_NIL": null, "KOD250K": null, "KOD250_NIL": "inapplicable", "KOD500K": null, "KOD500_NIL": "inapplicable", "KOD1000K": null, "KOD1000_NI": "inapplicable", "KATZARZ": "inna", "KATZA_NIL": null, "KLASADROGI": "inna", "KLDROG_NIL": null, "MATNAWIERZ": "gruntNaturalny", "MATNAW_NIL": null, "NAZWADROGI": null, "LJEZDNIDR": 1, "LJEZD_NIL": null, "NRODCIREF": null, "SZL_NUMER": null, "SZLNR_NIL": null, "length": 165.22 }, "geometry": { "type": "MultiLineString", "coordinates": [ [ [ 1927336.828702504513785, 6973226.204592574387789 ], [ 1927357.28417061176151, 6973139.808134144172072 ], [ 1927363.531913767103106, 6973113.671011188998818 ], [ 1927366.562827202258632, 6973101.032268349081278 ], [ 1927379.389388884417713, 6973047.353912442922592 ], [ 1927379.572936265962198, 6973046.593971684575081 ], [ 1927380.784503741888329, 6973041.571722223423421 ], [ 1927387.778946362435818, 6973012.561588319018483 ], [ 1927387.521698104217649, 6973007.272170466370881 ], [ 1927383.260480077704415, 6973001.689096882008016 ], [ 1927376.030363280791789, 6972997.614468751475215 ], [ 1927343.084061182104051, 6972989.029804326593876 ] ] ] } },
{ "type": "Feature", "properties": { "TERYT": "3028", "LOKALNYID": "2EBDC9DC-3E1A-7DB6-E053-CC2BA8C07DDB", "WERSJAID": "2021-10-29T00:00:00", "PNAZW": "PL.PZGiK.308.BDOT10k", "GMLID": "OT_SKDR_L.1486", "X_KOD": "SKDR08", "X_SKRKARTO": null, "X_SKRK_NIL": "inapplicable", "X_KATDOKG": "dokladny", "X_DOKLGEOM": null, "X_ZRODLOG": "ortofotomapa", "X_ZRODLOA": "pomiarTerenowy", "X_KATIST": "eksploatowany", "X_KATI_NIL": null, "X_RODZREPG": "osGeometryczna", "X_UWAGI": null, "X_UZYTKOWN": "Uzytkownik30.xml", "X_AKTG": "2021-10-29", "X_AKTA": "2021-10-29", "POCZWERS": "2021-10-29", "KONIECWERS": null, "X_DATAUTW": "2012-11-13", "X_INFDOD": null, "KOD10K": null, "KOD10K_NIL": "inapplicable", "KOD25K": "0025_127", "KOD25K_NIL": null, "KOD50K": "0050_127", "KOD50K_NIL": null, "KOD100K": "0100_127", "KOD100_NIL": null, "KOD250K": null, "KOD250_NIL": "inapplicable", "KOD500K": null, "KOD500_NIL": "inapplicable", "KOD1000K": null, "KOD1000_NI": "inapplicable", "KATZARZ": "zakladowa", "KATZA_NIL": null, "KLASADROGI": "inna", "KLDROG_NIL": null, "MATNAWIERZ": "stabilizacjaZwiremLubZuzlem", "MATNAW_NIL": null, "NAZWADROGI": null, "LJEZDNIDR": 1, "LJEZD_NIL": null, "NRODCIREF": null, "SZL_NUMER": null, "SZLNR_NIL": null, "length": 233.36 }, "geometry": { "type": "MultiLineString", "coordinates": [ [ [ 1924611.253163235727698, 6971886.874948513694108 ], [ 1924600.881357700563967, 6971900.033068591728806 ], [ 1924590.804001145763323, 6971916.138581974431872 ], [ 1924552.514540064148605, 6971975.741721792146564 ], [ 1924538.379414823604748, 6971997.315452735871077 ], [ 1924535.351808039704338, 6972004.070741765201092 ], [ 1924534.477302549872547, 6972010.877504856325686 ], [ 1924535.374548795865849, 6972018.440957933664322 ], [ 1924539.467917633242905, 6972026.795150883495808 ], [ 1924545.791024352423847, 6972031.979846203699708 ], [ 1924572.339343634899706, 6972045.904310380108654 ], [ 1924598.202063473407179, 6972057.303848061710596 ], [ 1924604.983571519842371, 6972058.545709372498095 ], [ 1924609.307596707716584, 6972057.203753023408353 ], [ 1924614.453933514421806, 6972051.944298878312111 ], [ 1924633.482618601061404, 6972019.705782728269696 ], [ 1924687.561904888600111, 6971934.414546805433929 ] ] ] } },
{ "type": "Feature", "properties": { "TERYT": "3028", "LOKALNYID": "2EBDC9DC-3ACD-7DB6-E053-CC2BA8C07DDB", "WERSJAID": "2021-10-29T00:00:00", "PNAZW": "PL.PZGiK.308.BDOT10k", "GMLID": "OT_SKDR_L.1236", "X_KOD": "SKDR06", "X_SKRKARTO": null, "X_SKRK_NIL": "inapplicable", "X_KATDOKG": "dokladny", "X_DOKLGEOM": null, "X_ZRODLOG": "ortofotomapa", "X_ZRODLOA": "pomiarTerenowy", "X_KATIST": "eksploatowany", "X_KATI_NIL": null, "X_RODZREPG": "osGeometryczna", "X_UWAGI": null, "X_UZYTKOWN": "Uzytkownik30.xml", "X_AKTG": "2021-10-29", "X_AKTA": "2020-01-20", "POCZWERS": "2021-10-29", "KONIECWERS": null, "X_DATAUTW": "2012-11-13", "X_INFDOD": null, "KOD10K": null, "KOD10K_NIL": "inapplicable", "KOD25K": "0025_121", "KOD25K_NIL": null, "KOD50K": "0050_121", "KOD50K_NIL": null, "KOD100K": "0100_121", "KOD100_NIL": null, "KOD250K": null, "KOD250_NIL": "inapplicable", "KOD500K": null, "KOD500_NIL": "inapplicable", "KOD1000K": null, "KOD1000_NI": "inapplicable", "KATZARZ": "gminna", "KATZA_NIL": null, "KLASADROGI": "lokalna", "KLDROG_NIL": null, "MATNAWIERZ": "masaBitumiczna", "MATNAW_NIL": null, "NAZWADROGI": null, "LJEZDNIDR": 1, "LJEZD_NIL": null, "NRODCIREF": null, "SZL_NUMER": "207009P", "SZLNR_NIL": null, "length": 117.68 }, "geometry": { "type": "MultiLineString", "coordinates": [ [ [ 1926885.209956438513473, 6973759.656395771540701 ], [ 1926900.968417760683224, 6973761.972537306137383 ], [ 1926904.361749522620812, 6973762.168966256082058 ], [ 1926907.754691303707659, 6973762.382000453770161 ], [ 1926912.560259447665885, 6973761.731125342659652 ], [ 1926918.63754969323054, 6973759.864078211598098 ], [ 1926931.10963729233481, 6973754.608804943971336 ], [ 1926966.476328005082905, 6973735.770430432632565 ], [ 1927001.859029949177057, 6973716.948938356712461 ], [ 1927042.440797131042928, 6973693.414809061214328 ], [ 1927054.952478834660724, 6973683.640839237719774 ], [ 1927058.634431711630896, 6973680.720251473598182 ] ] ] } },
{ "type": "Feature", "properties": { "TERYT": "3028", "LOKALNYID": "2EBDC9DC-3D1A-7DB6-E053-CC2BA8C07DDB", "WERSJAID": "2021-10-29T00:00:00", "PNAZW": "PL.PZGiK.308.BDOT10k", "GMLID": "OT_SKDR_L.852", "X_KOD": "SKDR08", "X_SKRKARTO": null, "X_SKRK_NIL": "inapplicable", "X_KATDOKG": "dokladny", "X_DOKLGEOM": null, "X_ZRODLOG": "ortofotomapa", "X_ZRODLOA": "pomiarTerenowy", "X_KATIST": "eksploatowany", "X_KATI_NIL": null, "X_RODZREPG": "osGeometryczna", "X_UWAGI": null, "X_UZYTKOWN": "Uzytkownik30.xml", "X_AKTG": "2011-01-01", "X_AKTA": "2021-10-29", "POCZWERS": "2021-10-29", "KONIECWERS": null, "X_DATAUTW": "2012-11-13", "X_INFDOD": null, "KOD10K": null, "KOD10K_NIL": "inapplicable", "KOD25K": "0025_127", "KOD25K_NIL": null, "KOD50K": "0050_127", "KOD50K_NIL": null, "KOD100K": "0100_127", "KOD100_NIL": null, "KOD250K": null, "KOD250_NIL": "inapplicable", "KOD500K": null, "KOD500_NIL": "inapplicable", "KOD1000K": null, "KOD1000_NI": "inapplicable", "KATZARZ": "inna", "KATZA_NIL": null, "KLASADROGI": "inna", "KLDROG_NIL": null, "MATNAWIERZ": "gruntNaturalny", "MATNAW_NIL": null, "NAZWADROGI": null, "LJEZDNIDR": 1, "LJEZD_NIL": null, "NRODCIREF": null, "SZL_NUMER": null, "SZLNR_NIL": null, "length": 258.0 }, "geometry": { "type": "MultiLineString", "coordinates": [ [ [ 1925365.727932528592646, 6972901.854443306103349 ], [ 1925494.196882446296513, 6972948.473656623624265 ], [ 1925600.375948040280491, 6972986.669387247413397 ], [ 1925651.194657239131629, 6973004.740877145901322 ], [ 1925654.291716313222423, 6973007.638924461789429 ], [ 1925656.270528801716864, 6973012.969324219971895 ], [ 1925656.217111085774377, 6973030.645777417346835 ], [ 1925654.091250317171216, 6973060.966470499522984 ], [ 1925649.921290896134451, 6973127.259109909646213 ] ] ] } },
{ "type": "Feature", "properties": { "TERYT": "3028", "LOKALNYID": "2EBDC9DC-3D1B-7DB6-E053-CC2BA8C07DDB", "WERSJAID": "2021-10-29T00:00:00", "PNAZW": "PL.PZGiK.308.BDOT10k", "GMLID": "OT_SKDR_L.853", "X_KOD": "SKDR08", "X_SKRKARTO": null, "X_SKRK_NIL": "inapplicable", "X_KATDOKG": "dokladny", "X_DOKLGEOM": null, "X_ZRODLOG": "ortofotomapa", "X_ZRODLOA": "pomiarTerenowy", "X_KATIST": "eksploatowany", "X_KATI_NIL": null, "X_RODZREPG": "osGeometryczna", "X_UWAGI": null, "X_UZYTKOWN": "Uzytkownik30.xml", "X_AKTG": "2011-01-01", "X_AKTA": "2021-10-29", "POCZWERS": "2021-10-29", "KONIECWERS": null, "X_DATAUTW": "2012-11-13", "X_INFDOD": null, "KOD10K": null, "KOD10K_NIL": "inapplicable", "KOD25K": "0025_127", "KOD25K_NIL": null, "KOD50K": "0050_127", "KOD50K_NIL": null, "KOD100K": "0100_127", "KOD100_NIL": null, "KOD250K": null, "KOD250_NIL": "inapplicable", "KOD500K": null, "KOD500_NIL": "inapplicable", "KOD1000K": null, "KOD1000_NI": "inapplicable", "KATZARZ": "inna", "KATZA_NIL": null, "KLASADROGI": "inna", "KLDROG_NIL": null, "MATNAWIERZ": "gruntNaturalny", "MATNAW_NIL": null, "NAZWADROGI": null, "LJEZDNIDR": 1, "LJEZD_NIL": null, "NRODCIREF": null, "SZL_NUMER": null, "SZLNR_NIL": null, "length": 444.2 }, "geometry": { "type": "MultiLineString", "coordinates": [ [ [ 1925050.420553080737591, 6973827.946604232303798 ], [ 1925054.833309400826693, 6973869.010554750449955 ], [ 1925060.590254492359236, 6973906.517651199363172 ], [ 1925064.208959179231897, 6973927.257940788753331 ], [ 1925069.087102473713458, 6973961.986034373752773 ], [ 1925072.640416509704664, 6973998.759743622504175 ], [ 1925078.327001518104225, 6974053.214609299786389 ], [ 1925084.463913976214826, 6974100.568648652173579 ], [ 1925088.015401875134557, 6974138.123925349675119 ], [ 1925091.267494312953204, 6974174.326277960091829 ], [ 1925098.281559739960358, 6974225.939236095175147 ], [ 1925106.000927156303078, 6974300.932874995283782 ], [ 1925115.203324617352337, 6974379.80112955160439 ], [ 1925119.811347358627245, 6974439.2180309984833 ], [ 1925125.573783837025985, 6974503.083129287697375 ], [ 1925128.262780030258, 6974536.481937350705266 ], [ 1925129.957313905702904, 6974545.41271445620805 ], [ 1925134.004672362003475, 6974560.681024649180472 ] ] ] } },
{ "type": "Feature", "properties": { "TERYT": "3028", "LOKALNYID": "2EBDC9DC-3D34-7DB6-E053-CC2BA8C07DDB", "WERSJAID": "2021-10-29T00:00:00", "PNAZW": "PL.PZGiK.308.BDOT10k", "GMLID": "OT_SKDR_L.1268", "X_KOD": "SKDR08", "X_SKRKARTO": null, "X_SKRK_NIL": "inapplicable", "X_KATDOKG": "dokladny", "X_DOKLGEOM": null, "X_ZRODLOG": "ortofotomapa", "X_ZRODLOA": "pomiarTerenowy", "X_KATIST": "eksploatowany", "X_KATI_NIL": null, "X_RODZREPG": "osGeometryczna", "X_UWAGI": null, "X_UZYTKOWN": "Uzytkownik30.xml", "X_AKTG": "2011-01-01", "X_AKTA": "2021-10-29", "POCZWERS": "2021-10-29", "KONIECWERS": null, "X_DATAUTW": "2012-11-13", "X_INFDOD": null, "KOD10K": null, "KOD10K_NIL": "inapplicable", "KOD25K": "0025_127", "KOD25K_NIL": null, "KOD50K": "0050_127", "KOD50K_NIL": null, "KOD100K": "0100_127", "KOD100_NIL": null, "KOD250K": null, "KOD250_NIL": "inapplicable", "KOD500K": null, "KOD500_NIL": "inapplicable", "KOD1000K": null, "KOD1000_NI": "inapplicable", "KATZARZ": "zakladowa", "KATZA_NIL": null, "KLASADROGI": "inna", "KLDROG_NIL": null, "MATNAWIERZ": "stabilizacjaZwiremLubZuzlem", "MATNAW_NIL": null, "NAZWADROGI": null, "LJEZDNIDR": 1, "LJEZD_NIL": null, "NRODCIREF": null, "SZL_NUMER": null, "SZLNR_NIL": null, "length": 154.18 }, "geometry": { "type": "MultiLineString", "coordinates": [ [ [ 1925718.510409046895802, 6974596.459324507042766 ], [ 1925732.224452233174816, 6974599.06178230419755 ], [ 1925918.72152779600583, 6974641.677999347448349 ], [ 1925929.12617218028754, 6974641.924950124695897 ], [ 1925965.343572034034878, 6974625.236135330982506 ] ] ] } },
{ "type": "Feature", "properties": { "TERYT": "3028", "LOKALNYID": "21FCE938-732E-4E8F-B82F-5B7F8C2E7E81", "WERSJAID": "2021-10-29T00:00:00", "PNAZW": "PL.PZGiK.308.BDOT10k", "GMLID": "ID_21FCE938-732E-4E8F-B82F-5B7F8C2E7E81", "X_KOD": "SKDR06", "X_SKRKARTO": null, "X_SKRK_NIL": "inapplicable", "X_KATDOKG": "dokladny", "X_DOKLGEOM": null, "X_ZRODLOG": "ortofotomapa", "X_ZRODLOA": "pomiarTerenowy", "X_KATIST": "eksploatowany", "X_KATI_NIL": null, "X_RODZREPG": "osGeometryczna", "X_UWAGI": null, "X_UZYTKOWN": "Uzytkownik30.xml", "X_AKTG": "2021-10-29", "X_AKTA": "2020-01-20", "POCZWERS": "2021-10-29", "KONIECWERS": null, "X_DATAUTW": "2017-12-13", "X_INFDOD": null, "KOD10K": null, "KOD10K_NIL": "inapplicable", "KOD25K": "0025_121", "KOD25K_NIL": null, "KOD50K": "0050_121", "KOD50K_NIL": null, "KOD100K": "0100_121", "KOD100_NIL": null, "KOD250K": null, "KOD250_NIL": "inapplicable", "KOD500K": null, "KOD500_NIL": "inapplicable", "KOD1000K": null, "KOD1000_NI": "inapplicable", "KATZARZ": "powiatowa", "KATZA_NIL": null, "KLASADROGI": "lokalna", "KLDROG_NIL": null, "MATNAWIERZ": "masaBitumiczna", "MATNAW_NIL": null, "NAZWADROGI": null, "LJEZDNIDR": 1, "LJEZD_NIL": null, "NRODCIREF": null, "SZL_NUMER": "1560P", "SZLNR_NIL": null, "length": 157.96 }, "geometry": { "type": "MultiLineString", "coordinates": [ [ [ 1926245.232277555624023, 6972954.854994051158428 ], [ 1926262.456230249255896, 6972962.423781995661557 ], [ 1926310.773411427624524, 6972977.690377405844629 ], [ 1926363.512720591854304, 6972990.984619015827775 ], [ 1926473.49335770541802, 6973015.036962571553886 ], [ 1926498.226857028435916, 6973020.440360476262867 ] ] ] } }
]
}
