{
"type": "FeatureCollection",
"name": "komunikacja_1934",
"crs": { "type": "name", "properties": { "name": "urn:ogc:def:crs:OGC:1.3:CRS84" } },
"features": [
{ "type": "Feature", "properties": { "TERYT": "3028", "LOKALNYID": "F50D9BBC-2E84-79F2-E043-CA2BA8C0F739", "WERSJAID": "2013-01-01T00:00:00", "PNAZW": "PL.PZGIK.308.BDOT10k", "GMLID": "OT_SKDR_L.2378", "X_KOD": "SKDR08", "X_SKRKARTO": null, "X_SKRK_NIL": "inapplicable", "X_KATDOKG": "dokladny", "X_DOKLGEOM": null, "X_ZRODLOG": "ortofotomapa", "X_ZRODLOA": "pomiarTerenowy", "X_KATIST": "eksploatowany", "X_KATI_NIL": null, "X_RODZREPG": "osGeometryczna", "X_UWAGI": null, "X_UZYTKOWN": "Uzytkownik30.xml", "X_AKTG": "2004-05-14", "X_AKTA": "2009-05-19", "POCZWERS": "2013-02-28", "KONIECWERS": null, "X_DATAUTW": "2009-06-02", "X_INFDOD": null, "KOD10K": null, "KOD10K_NIL": "inapplicable", "KOD25K": "0025_127", "KOD25K_NIL": null, "KOD50K": "0050_127", "KOD50K_NIL": null, "KOD100K": "0100_127", "KOD100_NIL": null, "KOD250K": null, "KOD250_NIL": "inapplicable", "KOD500K": null, "KOD500_NIL": "inapplicable", "KOD1000K": null, "KOD1000_NI": "inapplicable", "KATZARZ": "inna", "KATZA_NIL": null, "KLASADROGI": "inna", "KLDROG_NIL": null, "MATNAWIERZ": "gruntNaturalny", "MATNAW_NIL": null, "NAZWADROGI": null, "LJEZDNIDR": 1, "LJEZD_NIL": null, "NRODCIREF": null, "SZL_NUMER": null, "SZLNR_NIL": null, "length": 149.14 }, "geometry": { "type": "MultiLineString", "coordinates": [ [ [ 17.277156452273552, 52.948895591452107 ], [ 17.276005363322639, 52.94916830082775 ], [ 17.274591560096976, 52.949505713676047 ], [ 17.273935678288293, 52.949658697200711 ], [ 17.27378571454992, 52.949700406083963 ], [ 17.273696676713531, 52.949730229433179 ], [ 17.27361991298287, 52.949758432383319 ], [ 17.273537164426745, 52.949787357725661 ], [ 17.273436173128964, 52.949821953527263 ] ], [ [ 17.273437149543224, 52.967514594544717 ], [ 17.273795443231776, 52.967517191223259 ], [ 17.273953958438465, 52.967449345831064 ], [ 17.27414881298246, 52.967362962166888 ], [ 17.274322170834367, 52.967288946592554 ], [ 17.274517851230865, 52.967207970299391 ], [ 17.274743121531571, 52.967117080958289 ], [ 17.27498541317987, 52.967013937579935 ], [ 17.275082558727149, 52.966960938170075 ], [ 17.275179966714767, 52.966897600201037 ], [ 17.275240581015606, 52.966845509393885 ], [ 17.275273895209835, 52.966801925726429 ], [ 17.275295798473007, 52.966741898585333 ], [ 17.275300814124048, 52.966675780719605 ], [ 17.275307800810289, 52.966590086072877 ], [ 17.275310525476939, 52.966555321559866 ], [ 17.275296379446885, 52.966356904026576 ], [ 17.27529017550615, 52.966321920003296 ], [ 17.275246731717456, 52.966073704069522 ], [ 17.275208005685506, 52.965882843878177 ], [ 17.275199076422762, 52.965800335685884 ], [ 17.27519470912501, 52.965726707132553 ], [ 17.275195105592687, 52.965653147716814 ], [ 17.275202415794531, 52.96559299872186 ], [ 17.275214524071234, 52.965535797217072 ], [ 17.275239041198262, 52.965469962370754 ], [ 17.275296989360655, 52.965357577750162 ], [ 17.275478231340095, 52.96508150562218 ], [ 17.275650045263937, 52.964866360913305 ], [ 17.275826274132996, 52.964660003511419 ], [ 17.276012572204028, 52.964440122111007 ], [ 17.27610831025088, 52.964298787283234 ], [ 17.276303038772994, 52.963994220926025 ], [ 17.276587909215703, 52.963550306341133 ], [ 17.276754290586361, 52.963287956390232 ], [ 17.276758884065089, 52.963277320973489 ], [ 17.276801878301725, 52.96317748926537 ], [ 17.276834532633973, 52.963101699586275 ], [ 17.276872334086391, 52.9630125845149 ], [ 17.276884905341731, 52.96299235200577 ], [ 17.276980850680069, 52.96283815906952 ], [ 17.277085776393957, 52.962705320438715 ], [ 17.27714929813223, 52.962624852002712 ], [ 17.277173358649403, 52.962596602125579 ], [ 17.277212888615352, 52.962550140241028 ] ], [ [ 17.277156452273552, 52.948895591452107 ], [ 17.277258646152742, 52.948961735107453 ], [ 17.277282609231996, 52.948980698700694 ], [ 17.277384529635981, 52.949061227587123 ], [ 17.277419547561191, 52.949112997159233 ], [ 17.277436366614296, 52.949158117637971 ], [ 17.277437202206531, 52.949204535267341 ], [ 17.277408160755925, 52.949399539027347 ], [ 17.277385815720002, 52.949560914919303 ], [ 17.277378054005151, 52.949756227161053 ], [ 17.27737932439549, 52.949994028856899 ], [ 17.277392907597985, 52.950386604139283 ], [ 17.277405291653448, 52.950607029962313 ], [ 17.277426819467419, 52.950732259194353 ], [ 17.277491991931132, 52.951029443752297 ], [ 17.277604410860704, 52.951531641200241 ], [ 17.277642357440982, 52.951708370246585 ], [ 17.277685676024117, 52.951817367558455 ], [ 17.27775600172863, 52.951984943025685 ], [ 17.277767086065765, 52.952039513221685 ], [ 17.277764157512365, 52.952113215939114 ], [ 17.277743272906605, 52.952237830350825 ], [ 17.277665643170739, 52.952591311467316 ], [ 17.277650031118821, 52.952714383483517 ], [ 17.277647359460353, 52.952781614731045 ], [ 17.277659204618924, 52.952817040203939 ], [ 17.277689652737777, 52.952852735313527 ], [ 17.277733603365593, 52.952882150935544 ], [ 17.27778594886043, 52.952898917709646 ], [ 17.277967622336142, 52.952928800383397 ], [ 17.278571034464136, 52.953014256399484 ], [ 17.279565999661113, 52.953169321489199 ], [ 17.28031940469215, 52.953261436801405 ], [ 17.280756072578068, 52.953308675041718 ] ], [ [ 17.282075581247643, 52.947714225235558 ], [ 17.281402300879634, 52.947875541796037 ], [ 17.280896150246054, 52.947997363872396 ], [ 17.280257411453938, 52.948150989815936 ], [ 17.279338632076545, 52.948367557594395 ], [ 17.278390985649736, 52.948594671910612 ], [ 17.277931476597765, 52.948707624309151 ], [ 17.277156452273552, 52.948895591452107 ] ], [ [ 17.276758884065089, 52.963277320973489 ], [ 17.277279645052552, 52.963419625352536 ], [ 17.280964556265609, 52.964387803242779 ], [ 17.281947698101764, 52.96432378617525 ], [ 17.282532268923262, 52.964379801114532 ], [ 17.283076982643298, 52.964499832882872 ], [ 17.2856404493401, 52.96514498838998 ], [ 17.286430042257784, 52.965408547739912 ], [ 17.28650823717059, 52.965435036253929 ], [ 17.286919940548628, 52.965574431872263 ], [ 17.287142391655482, 52.965648145563293 ], [ 17.287430367703578, 52.965714709137963 ], [ 17.287558897018918, 52.965764135684239 ], [ 17.287571745207739, 52.965770706046619 ], [ 17.287656408625118, 52.96581446416721 ] ], [ [ 17.283603464276144, 52.957950630580285 ], [ 17.282873003229231, 52.958337131823235 ], [ 17.282666581726438, 52.958446295304554 ], [ 17.282172578996526, 52.958735754125961 ], [ 17.281702548489054, 52.958991383020326 ], [ 17.281422813461869, 52.959135187654233 ], [ 17.281203688051828, 52.959267817277002 ], [ 17.281024678551862, 52.959387806646497 ], [ 17.280877623849182, 52.959494408348476 ], [ 17.280671787565819, 52.959644856115091 ], [ 17.280362746723377, 52.959885182038164 ], [ 17.280040959696791, 52.960146367007738 ], [ 17.280012866673431, 52.960171231570754 ], [ 17.279760159012433, 52.960395463883806 ], [ 17.279493736645584, 52.960619946772454 ], [ 17.279343496413912, 52.96074655554029 ], [ 17.278975041771478, 52.961046182796991 ], [ 17.278879889506175, 52.961131949801675 ], [ 17.278651587778175, 52.961337647336975 ], [ 17.27813188638439, 52.961766293349214 ], [ 17.277593552004102, 52.962232528851246 ], [ 17.277366423500538, 52.962412160393896 ], [ 17.277239292688598, 52.962519136402335 ], [ 17.277212888615352, 52.962550140241028 ] ], [ [ 17.277783164413037, 52.933580586136294 ], [ 17.277627411092578, 52.933870791543477 ], [ 17.277471652078614, 52.934161086597193 ], [ 17.277229738471018, 52.934615519641547 ], [ 17.276829514324067, 52.93526676862831 ], [ 17.276867501169583, 52.935280989459436 ], [ 17.27759701199459, 52.935554533020522 ], [ 17.278145765640563, 52.935762139392125 ], [ 17.278272634645255, 52.935809664168545 ], [ 17.278373100825227, 52.935847363205596 ] ], [ [ 17.283580662305614, 52.937813918383043 ], [ 17.283413637020438, 52.937750170795674 ], [ 17.282090432399393, 52.937250711775782 ], [ 17.281354582053993, 52.936970449470984 ], [ 17.28045914797173, 52.936630675354472 ], [ 17.280156467816809, 52.936515856074067 ], [ 17.279711315044405, 52.9363490601487 ], [ 17.279013309066109, 52.936087407677618 ], [ 17.278373100825227, 52.935847363205596 ] ], [ [ 17.28041192823736, 52.934142526136021 ], [ 17.28024741808029, 52.934226031228732 ], [ 17.280102477227018, 52.934277713193246 ], [ 17.279914007036979, 52.934338567496191 ], [ 17.279829069601245, 52.934374749991399 ], [ 17.279743138353204, 52.934432232239239 ], [ 17.279634690803512, 52.934516997915729 ], [ 17.279508216580176, 52.934647188579767 ], [ 17.279323479026719, 52.934966564444373 ], [ 17.279211873729192, 52.935194637754442 ], [ 17.279147521890042, 52.935263404001809 ], [ 17.279097477205742, 52.935301710185399 ], [ 17.279001220923508, 52.935349239612982 ], [ 17.278825507990092, 52.93542979255065 ], [ 17.278726056121226, 52.935490315797367 ], [ 17.278634527011668, 52.935564983355512 ], [ 17.278539138588567, 52.935658121193008 ], [ 17.278432970412489, 52.935779072021035 ], [ 17.278373100825227, 52.935847363205596 ] ], [ [ 17.28089005560587, 52.946581637951063 ], [ 17.28098708459521, 52.946676662170887 ], [ 17.281461344662741, 52.947152344054494 ], [ 17.282015949630054, 52.94765976291368 ], [ 17.282075581247643, 52.947714225235558 ] ], [ [ 17.280698132296735, 52.927928674465008 ], [ 17.280725459505344, 52.927997689158033 ], [ 17.280748660184127, 52.928024375416264 ], [ 17.280754868975347, 52.928036696215798 ], [ 17.280761222946619, 52.928049109049454 ], [ 17.280808820600175, 52.928106096195137 ], [ 17.281027272173191, 52.928298207447291 ], [ 17.281148463773317, 52.928424698639233 ], [ 17.281247285873416, 52.928529821646542 ], [ 17.281290747875339, 52.928604825368105 ], [ 17.281346642367939, 52.928704111085835 ], [ 17.281398310488886, 52.928827437784761 ], [ 17.281476133677067, 52.929045662817202 ], [ 17.281633957691028, 52.929494824798788 ], [ 17.281747826541761, 52.929810069511724 ], [ 17.281898698653197, 52.930198155676969 ], [ 17.281986576123142, 52.930406902832829 ], [ 17.282033622831854, 52.930564337047542 ], [ 17.282121746917099, 52.930857085411681 ], [ 17.282182917257941, 52.931075069064001 ], [ 17.282225179489892, 52.931184229716258 ], [ 17.282269670104597, 52.931237124289161 ], [ 17.282324045208394, 52.931292230225772 ], [ 17.282562052595718, 52.931479674828736 ], [ 17.2828003830457, 52.931674048473674 ], [ 17.28300314308806, 52.931845873873904 ], [ 17.283185111626484, 52.932035385123179 ], [ 17.283398013972555, 52.932315815979479 ] ], [ [ 17.281373199634768, 52.940485850357135 ], [ 17.281631026807403, 52.940196846874045 ], [ 17.28167230573985, 52.940150678596687 ], [ 17.281692464433331, 52.940122821037804 ], [ 17.281777974671726, 52.940004806216308 ], [ 17.282245278828217, 52.939410629418212 ], [ 17.282822788653828, 52.938702119718705 ], [ 17.283343075480506, 52.938077407645153 ], [ 17.283580662305614, 52.937813918383043 ] ], [ [ 17.288347080199095, 52.946053916756661 ], [ 17.288187410057279, 52.946097032718384 ], [ 17.287529271751922, 52.946275779119581 ], [ 17.286375225786514, 52.946585328280285 ], [ 17.285184778699513, 52.946911338334793 ], [ 17.283633101488796, 52.947331495204907 ], [ 17.283293338207201, 52.947417868938935 ], [ 17.282887908274233, 52.947519390787249 ], [ 17.282381928904652, 52.947640861892395 ], [ 17.282075581247643, 52.947714225235558 ] ], [ [ 17.282963149906763, 52.953897003117838 ], [ 17.283525943007714, 52.953974652223522 ], [ 17.284075980400065, 52.954058589630463 ], [ 17.284688712434598, 52.954165103355308 ], [ 17.285017097777608, 52.954228299649714 ], [ 17.285320359384002, 52.954297967409033 ], [ 17.285825874363272, 52.954423432775727 ], [ 17.286632248214332, 52.954623022348557 ], [ 17.287445554981264, 52.954809396233124 ], [ 17.28837843293368, 52.955011246602254 ], [ 17.288879968585814, 52.955128547569011 ], [ 17.289550193455039, 52.9552769632486 ], [ 17.289871683639959, 52.955364328655889 ] ], [ [ 17.283398013972555, 52.932315815979479 ], [ 17.283628947202114, 52.932614583519808 ], [ 17.283750228736835, 52.932743051683062 ], [ 17.283850058395362, 52.932826872714429 ], [ 17.283930681245121, 52.932888292629855 ], [ 17.284024610552564, 52.932951973151717 ], [ 17.284252813095996, 52.933067865552211 ], [ 17.284442748787871, 52.933150289338172 ], [ 17.284530693901477, 52.933188431911461 ], [ 17.284963984086549, 52.933395148942438 ], [ 17.28543882717906, 52.933665327416897 ], [ 17.286111759909254, 52.934034140705663 ], [ 17.286476573965881, 52.934226374242044 ], [ 17.286831743805877, 52.934410373570188 ], [ 17.287124805686542, 52.934546441299055 ], [ 17.287281342611021, 52.934623072860397 ], [ 17.287515859503134, 52.934749122404284 ], [ 17.287902863857759, 52.934967751952144 ], [ 17.288175207695183, 52.935119796380832 ], [ 17.288830307634232, 52.935458838860505 ], [ 17.290008434201148, 52.936082131166039 ], [ 17.290392983835616, 52.936280572040125 ], [ 17.290812550647736, 52.936497052378044 ], [ 17.290946052636045, 52.936569300623574 ], [ 17.291040237527724, 52.936626953602008 ], [ 17.291124536599582, 52.936682395848592 ], [ 17.291211283556045, 52.936747496089588 ], [ 17.291267922601548, 52.936806047793468 ] ], [ [ 17.290140709577567, 52.931677397125192 ], [ 17.28705608357977, 52.931937295787925 ], [ 17.286341755758098, 52.932002807905633 ], [ 17.28617265745584, 52.932018355293167 ], [ 17.285873451930478, 52.932045785068098 ], [ 17.285533830527342, 52.932079016111096 ], [ 17.285276622293601, 52.932105791386782 ], [ 17.284751296703117, 52.932156664636231 ], [ 17.284606540016402, 52.932170133038809 ], [ 17.284232168365818, 52.932205106938362 ], [ 17.284215535873372, 52.932207924460322 ], [ 17.28392573842951, 52.932257069214479 ], [ 17.283850966398376, 52.932269748924526 ], [ 17.28374743512045, 52.932283272193985 ], [ 17.283673489187876, 52.932290118060813 ], [ 17.283398013972555, 52.932315815979479 ] ], [ [ 17.285704636247392, 52.938617829943539 ], [ 17.285671042840704, 52.938605294173811 ], [ 17.285515841849488, 52.938547296061778 ], [ 17.285342757291051, 52.938482294659536 ], [ 17.285024458754041, 52.938362765912501 ], [ 17.284715583970563, 52.938245890483209 ], [ 17.284310937933775, 52.938092827113437 ], [ 17.283580662305614, 52.937813918383043 ] ], [ [ 17.283603464276144, 52.957950630580285 ], [ 17.283901427672419, 52.958034344723977 ], [ 17.284196300657737, 52.958147241702122 ], [ 17.284811749957807, 52.95833707150932 ], [ 17.284853976938461, 52.958350091732662 ], [ 17.285500553575154, 52.95854756182549 ], [ 17.286347137332619, 52.958805559737954 ], [ 17.286753465033083, 52.958947487003641 ], [ 17.287463779664847, 52.959145505449186 ], [ 17.28836731672887, 52.95941384242473 ], [ 17.288482316510091, 52.959447155135962 ], [ 17.28859395183953, 52.959501553509135 ], [ 17.288734894057889, 52.959590728167591 ], [ 17.288873480361115, 52.959675462019909 ], [ 17.288966678882137, 52.959702704629137 ], [ 17.289057390111264, 52.959721277797492 ], [ 17.28913043503956, 52.959730873067706 ], [ 17.289233065864796, 52.9597304620046 ], [ 17.289298779389409, 52.959718277805202 ], [ 17.2893700366456, 52.9596863881399 ], [ 17.289409061598125, 52.95964477137921 ], [ 17.289473887918355, 52.959655057530455 ], [ 17.289529595691462, 52.959662424478765 ], [ 17.289570042947808, 52.959671550276262 ], [ 17.289868537369529, 52.959738619349316 ], [ 17.290263485857071, 52.959829738508979 ], [ 17.290665601839684, 52.959931751383664 ], [ 17.290824710078471, 52.959972081485184 ], [ 17.291052168487408, 52.96003911511044 ], [ 17.291503656810146, 52.960177088792925 ], [ 17.292583687025839, 52.960495595050503 ], [ 17.293400116420958, 52.960734672647618 ] ], [ [ 17.283603464276144, 52.957950630580285 ], [ 17.284230447049147, 52.957627112811025 ], [ 17.284758900816112, 52.957339491815645 ], [ 17.285209402521641, 52.957098498051373 ], [ 17.285804699811504, 52.956784767200048 ], [ 17.286524752364517, 52.956411588020877 ], [ 17.28685372278013, 52.956219377953616 ], [ 17.287014959034622, 52.956141392204401 ], [ 17.287067213601141, 52.956115435371551 ], [ 17.28713906574847, 52.956079688511707 ], [ 17.287258921948343, 52.956031323436633 ], [ 17.287501803568112, 52.955952355390529 ], [ 17.287894927804263, 52.955851179803311 ], [ 17.288680365866533, 52.955657896310655 ], [ 17.289425987207519, 52.955473387528322 ], [ 17.289871683639959, 52.955364328655889 ] ], [ [ 17.289750806530357, 52.964257129159741 ], [ 17.289948567903934, 52.964080828854023 ], [ 17.290170702924975, 52.963879427921832 ], [ 17.290280126853808, 52.963778838555932 ], [ 17.29035445010571, 52.963703374983723 ], [ 17.290384783454293, 52.963666938908659 ], [ 17.290414967889809, 52.963630500683792 ], [ 17.290538895385605, 52.963468066090435 ], [ 17.29066538463583, 52.96329730446579 ], [ 17.290884362624237, 52.963013388428912 ], [ 17.290913465158408, 52.962977923780365 ], [ 17.290976756157441, 52.962902660895317 ] ], [ [ 17.289088633985696, 52.939894106626397 ], [ 17.288785174645096, 52.939779028656659 ], [ 17.288481716925794, 52.939663949922917 ], [ 17.287490955857407, 52.939285084458994 ], [ 17.287069291225901, 52.939125220206606 ], [ 17.286690801470336, 52.938984143550464 ], [ 17.285950494943595, 52.938709691559588 ], [ 17.285704636247392, 52.938617829943539 ] ], [ [ 17.289592678508896, 52.945721294666271 ], [ 17.288787562955491, 52.945934984564914 ], [ 17.288347080199095, 52.946053916756661 ] ], [ [ 17.289088633985696, 52.939894106626397 ], [ 17.289762540138991, 52.940147078224427 ] ], [ [ 17.289088633985696, 52.939894106626397 ], [ 17.289762540138991, 52.940147078224427 ] ], [ [ 17.289130627560141, 52.962381466875428 ], [ 17.28973189420029, 52.962547773777857 ], [ 17.290031570562512, 52.962630687473933 ], [ 17.290663313907526, 52.962809928796823 ], [ 17.290976756157441, 52.962902660895317 ] ], [ [ 17.29207271876583, 52.945050545187264 ], [ 17.290988488344126, 52.945346932932075 ], [ 17.290087087643435, 52.945590093661728 ], [ 17.289592678508896, 52.945721294666271 ] ], [ [ 17.289762540138991, 52.940147078224427 ], [ 17.290078516407718, 52.940265751259197 ], [ 17.290394490873901, 52.940384513347688 ], [ 17.291026597358702, 52.940621947297359 ], [ 17.291057547690752, 52.94063363411454 ], [ 17.291838984328358, 52.940919976688662 ], [ 17.292447251063336, 52.941143210522803 ] ], [ [ 17.289871683639959, 52.955364328655889 ], [ 17.29081178798365, 52.955122984424591 ], [ 17.291577504785199, 52.954926880132405 ], [ 17.292570283317833, 52.954674767963397 ], [ 17.293343454283914, 52.954478040015857 ], [ 17.293773003754048, 52.954362529335647 ] ], [ [ 17.290647353036611, 52.942274228708044 ], [ 17.291587969043292, 52.942681304514856 ], [ 17.292084492763674, 52.942914894328403 ], [ 17.292163909959285, 52.942996346114612 ], [ 17.292255768955346, 52.943068084035012 ], [ 17.292359297032533, 52.943115707665378 ], [ 17.292993710978674, 52.943360088742217 ], [ 17.293637728940396, 52.94359893852252 ], [ 17.293918727569075, 52.943703159106803 ], [ 17.294719680902627, 52.944032660422565 ], [ 17.294920121281354, 52.944114678060622 ], [ 17.294987949714148, 52.944146498434712 ], [ 17.295003184716645, 52.944160386872468 ], [ 17.295081365249739, 52.944231836334282 ] ], [ [ 17.293400116420958, 52.960734672647618 ], [ 17.293140436145855, 52.960884278567335 ], [ 17.292744347120813, 52.961116551083698 ], [ 17.292450100597673, 52.961296595805727 ], [ 17.292341212038313, 52.961368776064376 ], [ 17.292260449266013, 52.961430208737163 ], [ 17.292181515267242, 52.961505697155495 ], [ 17.29209026174474, 52.961598995031459 ], [ 17.291888484154285, 52.961821016919252 ], [ 17.291677652762754, 52.962083737814822 ], [ 17.291262557022204, 52.962570871615604 ], [ 17.290976756157441, 52.962902660895317 ] ], [ [ 17.291267922601548, 52.936806047793468 ], [ 17.291373482742259, 52.93691503606999 ], [ 17.291446005388593, 52.936989824213818 ], [ 17.291752418517653, 52.937358369603842 ], [ 17.291956767972746, 52.937566984692957 ], [ 17.292297854126119, 52.937951135822843 ], [ 17.292611162582777, 52.938288571170389 ], [ 17.292701986310611, 52.938386374583082 ], [ 17.292999748505338, 52.938684014873729 ], [ 17.293161485394453, 52.938818270381596 ], [ 17.293231725026033, 52.938875577553191 ], [ 17.293297408552071, 52.938916271541778 ], [ 17.293418725062384, 52.938973143171133 ] ], [ [ 17.292070992402181, 52.938797832855563 ], [ 17.292752009384159, 52.938889100076864 ], [ 17.293116331022013, 52.938948114628715 ], [ 17.293256033247737, 52.93896145313596 ], [ 17.293418725062384, 52.938973143171133 ] ], [ [ 17.29207271876583, 52.945050545187264 ], [ 17.292077209720276, 52.945151964276079 ], [ 17.292081697149552, 52.94525347324538 ], [ 17.292112036265443, 52.945496188936694 ], [ 17.292206974896317, 52.945973658989274 ], [ 17.292308932709055, 52.946401496840011 ], [ 17.292333856408465, 52.946505817610976 ], [ 17.292389189921611, 52.946760403809378 ], [ 17.292404799743547, 52.946870616215293 ], [ 17.292438032619462, 52.947111754537346 ], [ 17.29245249052201, 52.947319257885354 ], [ 17.292455992720949, 52.947377764666335 ], [ 17.292475566549736, 52.947455388336351 ], [ 17.2925228850821, 52.947626221555282 ], [ 17.292534857457969, 52.947756976310821 ], [ 17.292602116682819, 52.948143575479691 ], [ 17.292672363720285, 52.948526170526939 ], [ 17.292735036804423, 52.948810000201838 ], [ 17.292810552349078, 52.949130706994254 ], [ 17.292867964325872, 52.94947633485485 ], [ 17.292918031735926, 52.949721132229485 ], [ 17.29295727453615, 52.949949676063035 ], [ 17.292987688507989, 52.950190683653517 ], [ 17.293022154835448, 52.950396855453782 ] ], [ [ 17.292153841400204, 52.945028328651048 ], [ 17.29207271876583, 52.945050545187264 ] ], [ [ 17.295081365249739, 52.944231836334282 ], [ 17.294453643554107, 52.944399545824332 ], [ 17.293921045743048, 52.944540918555361 ], [ 17.293456082512009, 52.944669770397475 ], [ 17.29327530780737, 52.944719784667029 ], [ 17.293231806608258, 52.944731840355097 ], [ 17.293068337681909, 52.944777156584706 ], [ 17.292257386187874, 52.945000049084456 ], [ 17.292153841400204, 52.945028328651048 ] ], [ [ 17.292447251063336, 52.941143210522803 ], [ 17.292730182883268, 52.941247012191987 ], [ 17.293680117561106, 52.941602583833408 ], [ 17.294422677392877, 52.941882774977287 ], [ 17.294652214076805, 52.94197798132506 ], [ 17.294760733876299, 52.942027383244167 ] ], [ [ 17.293022154835448, 52.950396855453782 ], [ 17.293061795299923, 52.950619109627972 ], [ 17.29311351081758, 52.950822111717699 ], [ 17.293146018194868, 52.950934365322567 ], [ 17.293189839301661, 52.951122325097614 ], [ 17.293221759264743, 52.951321355521792 ], [ 17.293272842727017, 52.951616080023939 ], [ 17.293327971549601, 52.951872371295586 ], [ 17.293359875108212, 52.952075628264147 ], [ 17.293389089151635, 52.952271562021956 ], [ 17.2934520975734, 52.952550899262391 ], [ 17.293521441830737, 52.952956773115652 ], [ 17.293604108373639, 52.953383612707448 ], [ 17.293645502946219, 52.953705177659884 ], [ 17.293697267793842, 52.954050813638531 ], [ 17.293721423457633, 52.954231565876718 ], [ 17.293736645714432, 52.954279898549913 ], [ 17.293773003754048, 52.954362529335647 ] ], [ [ 17.293022154835448, 52.950396855453782 ], [ 17.293405942338286, 52.950205954585797 ], [ 17.293902415825965, 52.949974132228071 ], [ 17.294467362881285, 52.949689690637562 ], [ 17.294866778289293, 52.949509981239551 ], [ 17.295363977582905, 52.949251722976676 ], [ 17.295740748178087, 52.949072135475319 ], [ 17.295880730525173, 52.949007233032773 ], [ 17.296204973542419, 52.948857018265272 ], [ 17.296334857887924, 52.948802762450555 ] ], [ [ 17.293298768917523, 52.968895873234118 ], [ 17.293458739343837, 52.968363160788066 ], [ 17.293504721374461, 52.968197985150958 ], [ 17.293617703540825, 52.967852107441175 ], [ 17.293645392646233, 52.967735322685307 ], [ 17.293783535142207, 52.967234672130417 ], [ 17.29404150148244, 52.966338958336017 ], [ 17.294261569122458, 52.965603499688527 ], [ 17.294492934466042, 52.964796526341715 ], [ 17.294589571747252, 52.96447190698531 ], [ 17.294621194902387, 52.964372355578483 ], [ 17.29467139599425, 52.96420193395366 ], [ 17.294703224463973, 52.964055530511011 ], [ 17.294738613134861, 52.963886784890562 ], [ 17.294744728152054, 52.963852518327414 ], [ 17.294786270772978, 52.963606878561968 ], [ 17.294848080437067, 52.963145241308027 ], [ 17.294913638733306, 52.962686715495757 ], [ 17.295007921110255, 52.962005388611701 ], [ 17.295131736980096, 52.961069256077685 ], [ 17.295290638064639, 52.959949084530564 ], [ 17.295324321936501, 52.959687233766175 ], [ 17.295342308280276, 52.959574536184739 ], [ 17.295347881960659, 52.959523714174559 ], [ 17.29536788085003, 52.959446928642727 ], [ 17.295394679546877, 52.959397939947245 ] ], [ [ 17.295394679546877, 52.959397939947245 ], [ 17.295297264990118, 52.959424781466396 ], [ 17.295217496642234, 52.959461139133886 ], [ 17.29518922076657, 52.959479529447165 ], [ 17.295160796019154, 52.95949791761803 ], [ 17.294855306721367, 52.959710632393524 ], [ 17.294426666312841, 52.960021224497602 ], [ 17.294088063332001, 52.960269075455884 ], [ 17.293924692537328, 52.960382293786296 ], [ 17.293695133864251, 52.960534851457176 ], [ 17.293400116420958, 52.960734672647618 ] ], [ [ 17.293418725062384, 52.938973143171133 ], [ 17.293503405983621, 52.93900772466678 ], [ 17.29389145401241, 52.939141002617205 ], [ 17.294840955527324, 52.939412021998315 ], [ 17.295586336458907, 52.939615893458239 ], [ 17.295612405470639, 52.939623012408589 ], [ 17.295889316594543, 52.939694344319051 ], [ 17.296259512958084, 52.939789766370602 ], [ 17.296466631723412, 52.939841569882098 ], [ 17.296761012533942, 52.939907844170406 ], [ 17.297709457820027, 52.940108047933172 ], [ 17.298388261764771, 52.940260315435694 ], [ 17.298408330333931, 52.940264829704411 ], [ 17.298981938812663, 52.940393103910388 ], [ 17.2991560707157, 52.940432109596237 ], [ 17.299334156616833, 52.94047279041569 ], [ 17.299471686371014, 52.94049994015365 ], [ 17.299658945801646, 52.940530679282688 ] ], [ [ 17.293773003754048, 52.954362529335647 ], [ 17.293900633950042, 52.954328208842817 ], [ 17.294215237356887, 52.954253854228249 ] ], [ [ 17.294215237356887, 52.954253854228249 ], [ 17.294515148033177, 52.954178208716343 ], [ 17.294857168948681, 52.954099569408164 ], [ 17.295147719589441, 52.954030892695251 ], [ 17.295210984677546, 52.954016331895417 ], [ 17.295337354944277, 52.953983700519281 ], [ 17.295484625030195, 52.953953527193519 ], [ 17.295671452018425, 52.953894423064988 ], [ 17.295858419866821, 52.953831723350504 ], [ 17.296184045801915, 52.953711655872446 ], [ 17.296638294981591, 52.953528050155114 ], [ 17.297079282638862, 52.953359721121679 ], [ 17.297322018216278, 52.95327983174527 ], [ 17.297502936214276, 52.953219381033712 ], [ 17.297665170909628, 52.95317206238829 ], [ 17.297776640746608, 52.953143351885565 ], [ 17.297916181500504, 52.953112705114115 ], [ 17.298083994862289, 52.953078775871496 ], [ 17.29861459918958, 52.952986728688458 ], [ 17.299158546897122, 52.952899906378086 ], [ 17.299550985069516, 52.952829979313378 ], [ 17.2995774216105, 52.95282415225725 ], [ 17.299659289426788, 52.952805988197056 ], [ 17.299724390045725, 52.952790102283608 ] ], [ [ 17.294760733876299, 52.942027383244167 ], [ 17.294995480685838, 52.94213399525659 ], [ 17.29512251498474, 52.942185820915675 ], [ 17.295288696933383, 52.942256734324666 ], [ 17.295432276143799, 52.942311854749171 ], [ 17.295473523962848, 52.942326745852476 ] ], [ [ 17.294760733876299, 52.942027383244167 ], [ 17.294823035991012, 52.94197629609338 ], [ 17.294915330567392, 52.941900727876629 ], [ 17.2949760720489, 52.94183253097156 ], [ 17.295051972371802, 52.94169305478875 ], [ 17.295074583755735, 52.941610191183578 ], [ 17.295117627491489, 52.941480945509845 ] ], [ [ 17.296679988016248, 52.943789540965881 ], [ 17.296466335931878, 52.943858064592199 ], [ 17.296244984276964, 52.943921710982117 ], [ 17.295518931359528, 52.944114186517737 ], [ 17.295081365249739, 52.944231836334282 ] ], [ [ 17.295394679546877, 52.959397939947245 ], [ 17.295416677561349, 52.959364980355311 ], [ 17.295467056233395, 52.95929960237396 ], [ 17.29551205647023, 52.959249795534078 ], [ 17.295583831984107, 52.959170515021086 ], [ 17.296093053507448, 52.9586774314674 ], [ 17.296432922326318, 52.958336152849576 ], [ 17.296548273045143, 52.958220444121444 ], [ 17.296935984473876, 52.957828768057219 ], [ 17.297049872810739, 52.957716095606564 ], [ 17.297146979297757, 52.957621169129666 ], [ 17.297305686751791, 52.95746696019328 ], [ 17.297479028157301, 52.957281394296942 ], [ 17.297626061196734, 52.957136190824698 ], [ 17.297699315796439, 52.957068351707768 ], [ 17.297751635463786, 52.95701406231165 ], [ 17.297801577102387, 52.956959648896365 ], [ 17.297847318223592, 52.956898430332309 ], [ 17.297999761292552, 52.956668497265518 ], [ 17.298252058485218, 52.95621660093579 ], [ 17.298393307706558, 52.955975805059524 ], [ 17.298590176431485, 52.955604143750605 ] ], [ [ 17.295473523962848, 52.942326745852476 ], [ 17.295637481067597, 52.942386115419396 ], [ 17.296168540645617, 52.942570990093692 ], [ 17.296390241644914, 52.942638471224917 ], [ 17.296608591789887, 52.942704105237802 ], [ 17.296782720619316, 52.942747161286817 ], [ 17.297282925546149, 52.94285361669376 ], [ 17.297368104204278, 52.942875791726379 ], [ 17.297724280462951, 52.942968849677598 ] ], [ [ 17.295473523962848, 52.942326745852476 ], [ 17.295464841806854, 52.942403693907018 ], [ 17.295462004419782, 52.942475869426453 ], [ 17.295469687144173, 52.942534166314879 ], [ 17.295520407292511, 52.942679236450402 ], [ 17.295581096734065, 52.942824449569677 ], [ 17.295622206928101, 52.942873153459814 ], [ 17.295666894860609, 52.942917951602134 ], [ 17.295741571133735, 52.942961111415116 ], [ 17.296033623617777, 52.94312502120971 ], [ 17.296221967001099, 52.943230695434771 ], [ 17.296358743336029, 52.943299926568478 ], [ 17.296400492690097, 52.943321029908645 ], [ 17.296511580044083, 52.943377211974152 ], [ 17.296533234067073, 52.943386875462075 ], [ 17.296662712030393, 52.943444849908886 ], [ 17.296713481537168, 52.943467521376306 ], [ 17.29681337289713, 52.943509333239369 ], [ 17.296892371373712, 52.94353726565879 ], [ 17.297010288229753, 52.943578796130602 ] ], [ [ 17.295854609216985, 52.945384178859697 ], [ 17.297008665429445, 52.945636529443902 ], [ 17.29796248820421, 52.94584328247781 ], [ 17.298419000436137, 52.945941102892554 ], [ 17.29844682179116, 52.945956789912287 ], [ 17.298464597766184, 52.945985643148269 ], [ 17.298464117906676, 52.946081324929089 ], [ 17.298445020974476, 52.946245448872148 ], [ 17.298407561591656, 52.946604284456235 ] ], [ [ 17.296334857887924, 52.948802762450555 ], [ 17.296389220446443, 52.94868869752618 ], [ 17.296416520175111, 52.948630542591097 ], [ 17.296432065636566, 52.948587327861361 ], [ 17.296437308636598, 52.948522111719775 ], [ 17.296435808226811, 52.948420106258688 ], [ 17.296425401136645, 52.948264373068071 ], [ 17.296377796496945, 52.947998118565252 ], [ 17.296299760838352, 52.947517387282744 ], [ 17.296240347730798, 52.947059136372182 ], [ 17.2961683174344, 52.946645401150761 ], [ 17.296143793388548, 52.946492792971632 ], [ 17.296106009515515, 52.946257076436673 ], [ 17.296085821559082, 52.946066129034165 ], [ 17.296076649665778, 52.945947196045559 ], [ 17.296075399727254, 52.945922176753569 ], [ 17.296072143104269, 52.945853511190791 ], [ 17.296058105717488, 52.945786399751185 ], [ 17.296038549903102, 52.945730900457697 ], [ 17.296033187847193, 52.945715804753775 ], [ 17.295976748878928, 52.945610043568287 ], [ 17.295924221589313, 52.945537343858177 ], [ 17.295882391619774, 52.945476578767149 ], [ 17.29586973681872, 52.945446269719234 ], [ 17.295854609216985, 52.945384178859697 ] ], [ [ 17.295854609216985, 52.945384178859697 ], [ 17.295865865851589, 52.94532885165362 ], [ 17.295868606592371, 52.945315940612026 ], [ 17.295874496015944, 52.945294890827775 ], [ 17.295888483143706, 52.945230699414694 ], [ 17.295912848913773, 52.945118362834883 ], [ 17.295940774619112, 52.944938177896383 ], [ 17.295984749950527, 52.944925408555655 ], [ 17.296177064234612, 52.944869620076147 ], [ 17.296275104120344, 52.944841168152706 ], [ 17.296668466892523, 52.944727017173584 ], [ 17.296684128949437, 52.944722475250096 ], [ 17.296965659558715, 52.944642963063416 ], [ 17.296980715775575, 52.944638682216507 ], [ 17.297041535800762, 52.944621567340029 ], [ 17.297162580521984, 52.944587328962442 ], [ 17.297393825451191, 52.944522023963643 ] ], [ [ 17.296334857887924, 52.948802762450555 ], [ 17.296606582975389, 52.948689295625371 ], [ 17.297138224430675, 52.948444474111703 ], [ 17.297459671456892, 52.94830078099254 ], [ 17.297620936830548, 52.948220802944064 ], [ 17.297737475936486, 52.948153673870891 ], [ 17.297870688940279, 52.948067627827662 ], [ 17.297978455179731, 52.947981217136601 ], [ 17.298106020039015, 52.947875934215709 ], [ 17.298159240044345, 52.947809786384141 ], [ 17.29820923015313, 52.947731091593297 ], [ 17.298244228739357, 52.947647415629575 ], [ 17.29831639825429, 52.947420918915839 ], [ 17.298381216697869, 52.94713891819687 ], [ 17.298401111159109, 52.947015185590281 ], [ 17.298405630875312, 52.94698728117416 ], [ 17.298406301188745, 52.946970203516493 ], [ 17.298411183872432, 52.94684580626096 ], [ 17.298405275267481, 52.946745986021483 ], [ 17.298401711517581, 52.946685050388609 ], [ 17.298407561591656, 52.946604284456235 ] ], [ [ 17.296679988016248, 52.943789540965881 ], [ 17.29676657977377, 52.943878107226176 ], [ 17.297098210692763, 52.944167948250971 ] ], [ [ 17.297010288229753, 52.943578796130602 ], [ 17.296979112836915, 52.943606858051616 ], [ 17.296921493046121, 52.943648660402594 ], [ 17.296861548938562, 52.943688990480936 ], [ 17.296801572444487, 52.9437263522763 ], [ 17.296746944378391, 52.943756416206497 ], [ 17.296679988016248, 52.943789540965881 ] ], [ [ 17.29717334069802, 52.943403605305519 ], [ 17.297157787716323, 52.943424336793875 ], [ 17.297151344795193, 52.943432967956305 ], [ 17.29709782714535, 52.943495423838648 ], [ 17.297010288229753, 52.943578796130602 ] ], [ [ 17.297098210692763, 52.944167948250971 ], [ 17.297183523489178, 52.944270165675754 ], [ 17.297372214378214, 52.944496083385154 ], [ 17.297393825451191, 52.944522023963643 ] ], [ [ 17.298433922986007, 52.943546581669487 ], [ 17.29812791399721, 52.943510362658706 ], [ 17.297857028311455, 52.94347824335108 ], [ 17.297839987698435, 52.943476200569336 ], [ 17.297551909546367, 52.943442125536173 ], [ 17.297271059702723, 52.943413549368529 ], [ 17.29717334069802, 52.943403605305519 ] ], [ [ 17.29717334069802, 52.943403605305519 ], [ 17.297238690697327, 52.943316587385901 ], [ 17.297343693753369, 52.943182742983034 ], [ 17.297391800662304, 52.943117781265826 ], [ 17.297435992756402, 52.943076685609959 ], [ 17.297485354199416, 52.943040430458638 ], [ 17.297585444628528, 52.942993750460062 ], [ 17.297649695456684, 52.942980191827452 ], [ 17.297724280462951, 52.942968849677598 ] ], [ [ 17.297393825451191, 52.944522023963643 ], [ 17.29745492610736, 52.944584953248643 ], [ 17.297960785449291, 52.945109225280845 ], [ 17.298052432201104, 52.945205687132137 ], [ 17.298118700514113, 52.945292522312357 ] ], [ [ 17.297724280462951, 52.942968849677598 ], [ 17.297807379456508, 52.942964374430098 ], [ 17.297926385954895, 52.942978130315929 ], [ 17.297969511311052, 52.9429831548088 ], [ 17.298345048155277, 52.943041953954051 ], [ 17.298683295094559, 52.943095001847027 ], [ 17.298849460679239, 52.943121033415778 ], [ 17.299031115621322, 52.943150703950252 ], [ 17.299285992736397, 52.943192394140205 ], [ 17.299390985698949, 52.943206667427006 ], [ 17.299465178023002, 52.943216722611318 ], [ 17.299536900106279, 52.943221436350512 ], [ 17.299556948274493, 52.943222712535103 ], [ 17.299689352926872, 52.94322892415844 ] ], [ [ 17.298118700514113, 52.945292522312357 ], [ 17.298218101711555, 52.945422819956413 ], [ 17.29826359556295, 52.945488942724417 ], [ 17.298369095171918, 52.945642170544083 ], [ 17.298419098723379, 52.945703411519439 ], [ 17.298479166038188, 52.945754814031162 ], [ 17.298557382741787, 52.945821765005206 ], [ 17.298888654902751, 52.945897555246646 ], [ 17.299143110005389, 52.945946614086168 ], [ 17.299237237180964, 52.945964778903978 ], [ 17.299307130215158, 52.945978279998968 ], [ 17.299569983375914, 52.946029616511069 ], [ 17.299652801233222, 52.946043841965626 ], [ 17.299764067764105, 52.946053977802258 ], [ 17.299942429169619, 52.946061656088034 ] ], [ [ 17.298118700514113, 52.945292522312357 ], [ 17.298255042282573, 52.9452896187261 ], [ 17.29845782349101, 52.945312308077611 ], [ 17.299200723428147, 52.945388865298 ] ], [ [ 17.299023708123247, 52.954556157808575 ], [ 17.298967067555925, 52.954697890536401 ], [ 17.298770139464107, 52.955196446827259 ], [ 17.298668010087049, 52.955438522710338 ], [ 17.298590176431485, 52.955604143750605 ] ], [ [ 17.29896575396306, 52.939044866075399 ], [ 17.299133293675052, 52.939433976672511 ], [ 17.299148298553288, 52.939468905624594 ], [ 17.299169313172069, 52.939513813238904 ], [ 17.299254885268873, 52.939696612975879 ] ], [ [ 17.318548654831567, 52.933729620258205 ], [ 17.318456443397313, 52.933704752747936 ], [ 17.31816877118392, 52.933626935811716 ], [ 17.317279618844257, 52.933353720001527 ], [ 17.315732136531864, 52.932862521942404 ], [ 17.314582604517295, 52.932472908114406 ], [ 17.31327104027725, 52.93202891146769 ], [ 17.312931363920608, 52.931930198370289 ], [ 17.312847330609735, 52.93190571238749 ], [ 17.312500490976383, 52.931792237243272 ], [ 17.312301795702975, 52.931727181162088 ], [ 17.311328599123943, 52.931420260495912 ], [ 17.311008136828445, 52.931317588091275 ], [ 17.310873752346136, 52.93128285195494 ], [ 17.310785047134544, 52.931267561169129 ], [ 17.310576117099561, 52.931255237241508 ], [ 17.309622708301639, 52.931239337247462 ], [ 17.306803964953534, 52.931185167771865 ], [ 17.305774568095181, 52.931144771247723 ], [ 17.304233398477514, 52.931117926374242 ], [ 17.30290167626406, 52.931082542217823 ], [ 17.301635521316424, 52.931052756990084 ], [ 17.300431393809838, 52.931023935562138 ], [ 17.299118981542424, 52.930993461720043 ], [ 17.29760875630345, 52.930967153711755 ], [ 17.296586921369006, 52.930946750990444 ], [ 17.296639953749107, 52.931286649375132 ], [ 17.296771207257141, 52.932181657447195 ], [ 17.296881787802622, 52.932943717471915 ], [ 17.296980669638312, 52.933605783804495 ], [ 17.297091322177454, 52.934229707174175 ], [ 17.297223471928394, 52.935034074496933 ], [ 17.29723847503907, 52.935125841434086 ], [ 17.297291572089534, 52.935407463519681 ], [ 17.297304579475828, 52.935462868864661 ], [ 17.297317590422551, 52.935518184325481 ], [ 17.297357298879987, 52.935629011385892 ], [ 17.297394876820036, 52.935703115192609 ], [ 17.297554806144817, 52.936019992978437 ], [ 17.297814467067546, 52.936458270173212 ], [ 17.298069850754388, 52.936918429137698 ], [ 17.298230063792921, 52.937224517992767 ], [ 17.298336743651273, 52.937434420897659 ], [ 17.298460212096209, 52.937732428733625 ], [ 17.298497326600906, 52.937829818169583 ], [ 17.2985764041591, 52.938037616792883 ], [ 17.298703721215116, 52.938366616409695 ], [ 17.298797397457694, 52.938608348791256 ], [ 17.29896575396306, 52.939044866075399 ] ], [ [ 17.29944133327816, 52.95351073052332 ], [ 17.299197608613639, 52.954120584199188 ], [ 17.299023708123247, 52.954556157808575 ] ], [ [ 17.299254885268873, 52.939696612975879 ], [ 17.299277583234403, 52.939744152722085 ], [ 17.299422695535753, 52.940048584631946 ], [ 17.299462726840918, 52.940132435569382 ] ], [ [ 17.299337703892274, 52.944212074811524 ], [ 17.299262960711289, 52.944314697671651 ], [ 17.299220694942111, 52.944386398775947 ], [ 17.299185402721488, 52.944447317800503 ], [ 17.299164743231081, 52.944514741584982 ], [ 17.299165712162377, 52.944524198415294 ], [ 17.299167302366182, 52.944540588976515 ], [ 17.299169861503994, 52.944566436367886 ], [ 17.299196283136784, 52.94462158374975 ], [ 17.299264699516279, 52.94470683024489 ], [ 17.299275915040937, 52.944720750522706 ], [ 17.299297013986703, 52.944748392141946 ], [ 17.299325324373036, 52.944785759802386 ], [ 17.299414373527014, 52.944902957924036 ], [ 17.299464829001337, 52.944952693513351 ], [ 17.299497370079454, 52.944973304218919 ], [ 17.29958680016486, 52.945004891492282 ], [ 17.29972933806717, 52.945041375588332 ], [ 17.299886469809916, 52.945081575713175 ], [ 17.300071366112562, 52.945135123199968 ], [ 17.300172204347604, 52.945164355120035 ], [ 17.300445328914478, 52.945253608499115 ] ], [ [ 17.299703582930999, 52.943902455886288 ], [ 17.299626263961954, 52.943960705163121 ], [ 17.299548944784522, 52.94401895438736 ], [ 17.299455557709429, 52.944088305147758 ], [ 17.29944011059694, 52.944102563269816 ], [ 17.29940613819517, 52.944133643506902 ], [ 17.299363821257412, 52.944176295583716 ], [ 17.299337703892274, 52.944212074811524 ] ], [ [ 17.299538609289048, 52.953266875781196 ], [ 17.29944133327816, 52.95351073052332 ] ], [ [ 17.299462726840918, 52.940132435569382 ], [ 17.299559327555727, 52.940326364730993 ], [ 17.299617563398634, 52.940443301697719 ], [ 17.299658945801646, 52.940530679282688 ] ], [ [ 17.299724390045725, 52.952790102283608 ], [ 17.299658501834912, 52.952966507035391 ], [ 17.299538609289048, 52.953266875781196 ] ], [ [ 17.299658945801646, 52.940530679282688 ], [ 17.299786276365175, 52.940798972935589 ] ], [ [ 17.299703582930999, 52.943902455886288 ], [ 17.299690480780793, 52.94386071936426 ], [ 17.299684320606382, 52.94382798554588 ], [ 17.2996789507703, 52.94377889523831 ], [ 17.299680188015415, 52.943747346474822 ], [ 17.299682207786649, 52.943695843792106 ], [ 17.29968066985597, 52.943640153280484 ], [ 17.299678231688134, 52.943546678041066 ] ], [ [ 17.299678231688134, 52.943546678041066 ], [ 17.299674734670219, 52.943419462785727 ], [ 17.299674174533255, 52.943399579584586 ], [ 17.299671181908103, 52.943350613225142 ], [ 17.299672577758926, 52.943315019745889 ], [ 17.299678883755629, 52.943279496533236 ], [ 17.299689352926872, 52.94322892415844 ] ], [ [ 17.299689352926872, 52.94322892415844 ], [ 17.299699619135037, 52.943191119359462 ] ], [ [ 17.299699619135037, 52.943191119359462 ], [ 17.299828315531077, 52.943219761003455 ], [ 17.300233887801564, 52.943310010798093 ], [ 17.300299568422695, 52.943324530272363 ], [ 17.300435939424734, 52.943354899832805 ], [ 17.300578213011637, 52.943386612721007 ], [ 17.300712370129865, 52.943416500631571 ], [ 17.300847677210939, 52.943455038397744 ], [ 17.301045414240487, 52.943511286169297 ], [ 17.30107530229952, 52.943519807498987 ], [ 17.301108360815853, 52.943527205025411 ] ], [ [ 17.300147111272462, 52.942485522982871 ], [ 17.300083623154435, 52.942582191936594 ], [ 17.299960120331665, 52.942770453262206 ], [ 17.299847917979925, 52.942943857355075 ], [ 17.299787910628805, 52.94303904709826 ], [ 17.299754627140931, 52.943090552075468 ], [ 17.299716711378842, 52.943150084721871 ], [ 17.299699619135037, 52.943191119359462 ] ], [ [ 17.300767638998931, 52.944479219262305 ], [ 17.300504109248273, 52.944342799099552 ], [ 17.300151822982578, 52.944180466958969 ], [ 17.29992029407078, 52.94407472075676 ], [ 17.29982130447468, 52.94402878752431 ], [ 17.299775834896096, 52.94399998786723 ], [ 17.299747247664008, 52.943977275419158 ], [ 17.299726156594662, 52.943953231307042 ], [ 17.299712356484893, 52.943929291525777 ], [ 17.299703582930999, 52.943902455886288 ] ], [ [ 17.299940703139818, 52.95222194388726 ], [ 17.299848189209722, 52.952458402679035 ], [ 17.299724390045725, 52.952790102283608 ] ], [ [ 17.299786276365175, 52.940798972935589 ], [ 17.299887803938169, 52.940992612563001 ], [ 17.300086944815412, 52.941419046303366 ], [ 17.300104030598181, 52.941454094820195 ], [ 17.300143865552652, 52.941535424561003 ], [ 17.300161234903936, 52.941570836857352 ], [ 17.300234743931426, 52.941712183958359 ], [ 17.300312410522974, 52.9418614146526 ], [ 17.300371932282594, 52.941976031334725 ] ], [ [ 17.300250238709697, 52.951376236865535 ], [ 17.300206187348781, 52.951527503301371 ], [ 17.30009973321771, 52.951815744066629 ], [ 17.299940703139818, 52.95222194388726 ] ], [ [ 17.299942429169619, 52.946061656088034 ], [ 17.300159504020549, 52.945712314640801 ], [ 17.300236740711146, 52.945587873206328 ], [ 17.300262006883919, 52.945547225233248 ], [ 17.300269316851267, 52.945535458657616 ], [ 17.300333813788129, 52.945432149018814 ], [ 17.300336994163029, 52.945426978403191 ], [ 17.300445328914478, 52.945253608499115 ] ], [ [ 17.299942429169619, 52.946061656088034 ], [ 17.29997290460523, 52.946059034403824 ], [ 17.300153528640696, 52.946043182319428 ], [ 17.300257677821573, 52.946037387677052 ], [ 17.300339518867197, 52.946038558404361 ], [ 17.300351869425491, 52.946038735072833 ], [ 17.300443475026334, 52.946041484331325 ], [ 17.300556781879873, 52.946048950620835 ], [ 17.300595789956574, 52.94605274612087 ], [ 17.300768435318677, 52.946069514569508 ], [ 17.30081358743475, 52.946076095850493 ], [ 17.30083727246808, 52.946079582209094 ], [ 17.300879019770697, 52.946085665110452 ], [ 17.301044328210143, 52.946118696027973 ], [ 17.301203813357422, 52.946155960236368 ], [ 17.301262827149976, 52.946169754295333 ], [ 17.301297496362125, 52.946177894244443 ] ], [ [ 17.300147111272462, 52.942485522982871 ], [ 17.300253235969993, 52.942497473451922 ], [ 17.300845187972293, 52.942595423610221 ], [ 17.301062258585077, 52.942644483433384 ], [ 17.301330056799848, 52.942724935241152 ], [ 17.301574317058975, 52.942798215070233 ], [ 17.301692472391331, 52.942833718784662 ], [ 17.301712192111292, 52.942839576491821 ], [ 17.301775021794626, 52.942858461117204 ], [ 17.301822896616081, 52.942871466191853 ], [ 17.301870920257802, 52.942884473373915 ], [ 17.302096010008327, 52.94294551704786 ], [ 17.302159944910457, 52.942962798468237 ], [ 17.302298076994827, 52.94299382058712 ], [ 17.302397985430677, 52.943016292392954 ], [ 17.302463238572059, 52.943034132080648 ], [ 17.302494703477812, 52.943044204442508 ], [ 17.302506086014866, 52.943057677136558 ], [ 17.302500798283727, 52.943090067381199 ], [ 17.302498708005071, 52.943143457680215 ], [ 17.302497588964279, 52.943172040365354 ], [ 17.302502746356971, 52.943196216073694 ], [ 17.302519704101581, 52.943219391240937 ], [ 17.302564402605736, 52.943248898292609 ], [ 17.302668932411621, 52.943301653351035 ], [ 17.302707184233448, 52.943320905833559 ], [ 17.302825876842462, 52.943369366419539 ], [ 17.302893723068991, 52.943397045593713 ], [ 17.302966345869976, 52.943428210402544 ], [ 17.302981795321571, 52.943440482074621 ], [ 17.303001412257352, 52.943483210594479 ] ], [ [ 17.300371932282594, 52.941976031334725 ], [ 17.300295384354694, 52.942174227777194 ], [ 17.300255028997622, 52.94226565190057 ], [ 17.300211735307442, 52.942367466198611 ], [ 17.300177160000825, 52.94243675954089 ], [ 17.300147111272462, 52.942485522982871 ] ], [ [ 17.300294615587845, 52.951224255605204 ], [ 17.300250238709697, 52.951376236865535 ] ], [ [ 17.30064763301587, 52.949641270348096 ], [ 17.300646946575501, 52.949727146417693 ], [ 17.300644081824416, 52.949800220866543 ], [ 17.300629669707028, 52.949905775799081 ], [ 17.300597955361738, 52.950057668499063 ], [ 17.300511330224886, 52.950436575769999 ], [ 17.300334006733451, 52.951089290253002 ], [ 17.300294615587845, 52.951224255605204 ] ], [ [ 17.300371932282594, 52.941976031334725 ], [ 17.300494288845826, 52.941976432570328 ], [ 17.300666953369827, 52.941977103548872 ], [ 17.300868360356425, 52.94198511015523 ], [ 17.301406843889975, 52.942015112987313 ], [ 17.301552374654989, 52.942024388062734 ], [ 17.301618458673826, 52.942028570295967 ] ], [ [ 17.300371932282594, 52.941976031334725 ], [ 17.300538136818574, 52.941579376132431 ], [ 17.300580996448293, 52.941492394445866 ], [ 17.300621190176116, 52.94139746051146 ], [ 17.30065689800762, 52.941314423490034 ], [ 17.300695186730664, 52.941256694538211 ], [ 17.300736134185048, 52.941191898893514 ], [ 17.300828774526988, 52.941084404882332 ] ], [ [ 17.300445328914478, 52.945253608499115 ], [ 17.300702845777174, 52.945330856814913 ], [ 17.300754641928048, 52.945346436503428 ], [ 17.300991259282831, 52.945417539657626 ], [ 17.30101333621392, 52.945424060708355 ], [ 17.301370327659473, 52.945531238636754 ], [ 17.301509550348808, 52.945572619489731 ], [ 17.30159113443462, 52.945584127971429 ] ], [ [ 17.300445328914478, 52.945253608499115 ], [ 17.300627855109148, 52.94496123916278 ], [ 17.300695052499655, 52.944853561238119 ], [ 17.300721982759683, 52.944812217503724 ], [ 17.300767924152542, 52.944741647643426 ], [ 17.300879132722827, 52.944570836567479 ], [ 17.300903052319114, 52.944534126251746 ] ], [ [ 17.300640504559141, 52.948827995372504 ], [ 17.300639017372735, 52.94888112443379 ], [ 17.30065038552171, 52.949312784944368 ], [ 17.300650505612765, 52.949571793324409 ], [ 17.30064763301587, 52.949641270348096 ] ], [ [ 17.300814680091687, 52.947898152049589 ], [ 17.30080442069341, 52.947935777149922 ], [ 17.300717280553744, 52.948263415549498 ], [ 17.300692149501167, 52.948376551446117 ], [ 17.300676674031404, 52.948444679117713 ], [ 17.300660705222302, 52.948525390334851 ], [ 17.300650105985508, 52.948598264249064 ], [ 17.300644711570541, 52.94867130253202 ], [ 17.300640504559141, 52.948827995372504 ] ], [ [ 17.300903052319114, 52.944534126251746 ], [ 17.300767638998931, 52.944479219262305 ] ], [ [ 17.300767638998931, 52.944479219262305 ], [ 17.300784385697124, 52.944431794302083 ], [ 17.300801974973599, 52.944381863266756 ], [ 17.300861179641338, 52.944215974264971 ], [ 17.300884239061396, 52.944151822104743 ], [ 17.300906303489654, 52.944090263766647 ], [ 17.300953275149762, 52.943959183697032 ], [ 17.300980855422623, 52.943882235753179 ] ], [ [ 17.300887649746016, 52.947631914966763 ], [ 17.300814680091687, 52.947898152049589 ] ], [ [ 17.300828774526988, 52.941084404882332 ], [ 17.300948684315482, 52.9409610228902 ], [ 17.300960372305543, 52.940951477267433 ] ], [ [ 17.300887649746016, 52.947631914966763 ], [ 17.300773111335673, 52.947617776374301 ], [ 17.300696952022466, 52.947608323461637 ], [ 17.300626576964866, 52.947591848527246 ], [ 17.300601521211046, 52.947577730446554 ], [ 17.300574177240058, 52.947549819900502 ], [ 17.30056096997027, 52.947522111538362 ], [ 17.300551478807979, 52.947475570415982 ], [ 17.300546208738261, 52.947435295035049 ], [ 17.300544583770904, 52.947408381857151 ], [ 17.300543872785887, 52.947380942154084 ], [ 17.300553700759615, 52.947346728352152 ], [ 17.300577951538401, 52.947309213447205 ], [ 17.300617279612531, 52.947247902090012 ], [ 17.300699486871693, 52.947163821403969 ], [ 17.300714998104606, 52.947147945245504 ], [ 17.300791783562133, 52.947076827228535 ], [ 17.300862375165831, 52.947019380324392 ], [ 17.30088864253927, 52.947002578761186 ], [ 17.300928641271661, 52.946996315827334 ], [ 17.301062253431436, 52.946994808882231 ] ], [ [ 17.301044355066228, 52.947060203979419 ], [ 17.300942549841299, 52.947431610063134 ], [ 17.300887649746016, 52.947631914966763 ] ], [ [ 17.302022806010569, 52.944890799358525 ], [ 17.301703208787433, 52.944798277317233 ], [ 17.30122281401859, 52.944648956190029 ], [ 17.301089509480377, 52.944601004558784 ], [ 17.300903052319114, 52.944534126251746 ] ], [ [ 17.300960372305543, 52.940951477267433 ], [ 17.301021720081533, 52.94090172225868 ], [ 17.301151295370044, 52.940805188372821 ], [ 17.301257313044083, 52.940739973942861 ], [ 17.301294033524062, 52.940722242555864 ] ], [ [ 17.300980855422623, 52.943882235753179 ], [ 17.300998409014461, 52.943833203506451 ], [ 17.301016590371535, 52.943771949353255 ], [ 17.30103978401705, 52.943708158812385 ], [ 17.301108360815853, 52.943527205025411 ] ], [ [ 17.301044355066228, 52.947060203979419 ], [ 17.301129550102846, 52.947078419424358 ], [ 17.301387938305943, 52.947133734991745 ], [ 17.301886554396624, 52.947240507577384 ], [ 17.301905602518829, 52.947244556980273 ], [ 17.302263450473738, 52.947322696009806 ], [ 17.30247158876103, 52.947368567722037 ], [ 17.302608133363165, 52.947398667363686 ], [ 17.302961526723486, 52.947476560771946 ], [ 17.303135496102882, 52.947516727190646 ], [ 17.303306959653455, 52.947552450860535 ], [ 17.303470228528283, 52.947588327076602 ], [ 17.303665422056923, 52.947630234674044 ], [ 17.304011069587254, 52.947704506970531 ], [ 17.304302240550779, 52.947766939094414 ], [ 17.304359085189706, 52.947779171777924 ], [ 17.304647440357925, 52.947841293067583 ], [ 17.304755492915611, 52.947865227990398 ], [ 17.304871663288914, 52.947890987347932 ], [ 17.305144894169143, 52.947951542661684 ], [ 17.305539317863246, 52.948038916929356 ], [ 17.305706860278502, 52.948076020115174 ], [ 17.305895365323266, 52.948117738713826 ], [ 17.306241726105522, 52.948193003896556 ], [ 17.306591368953324, 52.948268134970093 ], [ 17.30690110104689, 52.948335861432881 ], [ 17.306947756505444, 52.948345969160044 ], [ 17.30722535438041, 52.948405412745494 ], [ 17.307508558709127, 52.948466194593621 ], [ 17.307785116471464, 52.948525622045203 ], [ 17.308067727151414, 52.94858639409496 ], [ 17.308401129934644, 52.94865814090582 ] ], [ [ 17.301062253431436, 52.946994808882231 ], [ 17.301044355066228, 52.947060203979419 ] ], [ [ 17.301297496362125, 52.946177894244443 ], [ 17.30124578614134, 52.946323475797691 ], [ 17.301236571784962, 52.946357248765871 ], [ 17.301220578479676, 52.946415836228653 ], [ 17.301205286006272, 52.946471735721857 ], [ 17.301195887559519, 52.946506405383538 ], [ 17.301142887393457, 52.94670008254851 ], [ 17.301089695661389, 52.946894836142704 ], [ 17.301062253431436, 52.946994808882231 ] ], [ [ 17.301108360815853, 52.943527205025411 ], [ 17.301230448867081, 52.943557369440661 ], [ 17.301392813542829, 52.943600700143548 ], [ 17.301472914002066, 52.943630983507276 ], [ 17.301510409224431, 52.943642940991829 ], [ 17.301556428878971, 52.94365771830654 ], [ 17.301652882809808, 52.943688595044854 ], [ 17.301711841523641, 52.94370751429571 ], [ 17.301737425386424, 52.943715704136743 ], [ 17.301792725102668, 52.943736819371779 ], [ 17.301834090090015, 52.943752609245131 ], [ 17.301897163346293, 52.943776713386043 ], [ 17.301993240186274, 52.943813430095432 ], [ 17.302028834017374, 52.943828328028147 ], [ 17.30205901047616, 52.943840900210596 ], [ 17.302197577302184, 52.943898908515997 ], [ 17.302216940149606, 52.943906289895324 ], [ 17.302513247485862, 52.944019342308756 ] ], [ [ 17.301294033524062, 52.940722242555864 ], [ 17.301493061360677, 52.940627420727999 ], [ 17.301760531867025, 52.940518288260385 ] ], [ [ 17.30579571869109, 52.947135780331813 ], [ 17.305216417752295, 52.947032280107635 ], [ 17.305073443364794, 52.947006678324058 ], [ 17.304771965439237, 52.94695282449549 ], [ 17.304620635056633, 52.946920088184733 ], [ 17.304430917901385, 52.946879069682005 ], [ 17.304416745107133, 52.946875989584356 ], [ 17.303756352093053, 52.946733283370698 ], [ 17.303190331594472, 52.946610267482797 ], [ 17.302748618205538, 52.946514295707885 ], [ 17.302159461257567, 52.946377724245025 ], [ 17.301810070409783, 52.946296737926538 ], [ 17.301387792221451, 52.946198880427353 ], [ 17.301297496362125, 52.946177894244443 ] ], [ [ 17.301297496362125, 52.946177894244443 ], [ 17.301325371608023, 52.946101040392037 ], [ 17.301384387588179, 52.945974179355979 ], [ 17.301485577867592, 52.945774086257984 ], [ 17.30159113443462, 52.945584127971429 ] ], [ [ 17.30159113443462, 52.945584127971429 ], [ 17.301816858019908, 52.945215032017693 ], [ 17.301988532335443, 52.944944808910719 ], [ 17.302022806010569, 52.944890799358525 ] ], [ [ 17.301618458673826, 52.942028570295967 ], [ 17.301808541536083, 52.942040640282869 ], [ 17.301998479242428, 52.942052617957472 ], [ 17.302216877881225, 52.942063922822733 ], [ 17.302273481804743, 52.942066890030986 ], [ 17.302418052370665, 52.942074081865456 ], [ 17.302468895799688, 52.942075887481181 ], [ 17.302576824751309, 52.942079767689549 ], [ 17.302711076707244, 52.942076739261999 ], [ 17.302825061748841, 52.942074230584687 ], [ 17.302905821211212, 52.942072416353227 ], [ 17.303111329119336, 52.942059343485305 ], [ 17.303236096156105, 52.942051412557312 ], [ 17.303440492020762, 52.942040121898955 ] ], [ [ 17.301757328916494, 52.94051501432115 ], [ 17.301760531867025, 52.940518288260385 ] ], [ [ 17.301760531867025, 52.940518288260385 ], [ 17.30190433714904, 52.940461257669746 ], [ 17.302109432805803, 52.940374885309744 ] ], [ [ 17.302022806010569, 52.944890799358525 ], [ 17.302138291577087, 52.944922397313128 ], [ 17.30237338382441, 52.944986820890534 ], [ 17.302580583563156, 52.94504877707687 ], [ 17.302666136775859, 52.945080576430996 ], [ 17.302740655375828, 52.945116624811817 ], [ 17.302842932778532, 52.945181398507238 ], [ 17.302991908031284, 52.945270311561309 ], [ 17.303143070158846, 52.945360424782045 ], [ 17.303528423672628, 52.945579967676082 ], [ 17.303635021247981, 52.945629513762917 ], [ 17.303727634427069, 52.945663571520882 ], [ 17.303910056572434, 52.945712041420556 ], [ 17.304344097195816, 52.94579467929357 ], [ 17.304817862470777, 52.945866640713731 ], [ 17.306028020148254, 52.946026083529709 ] ], [ [ 17.302513247485862, 52.944019342308756 ], [ 17.302456126294835, 52.944120779962041 ], [ 17.30242940168144, 52.944168332390838 ], [ 17.302388278848642, 52.944241399914048 ], [ 17.30232667049286, 52.944350957290141 ], [ 17.302317074007188, 52.94436790742914 ], [ 17.302273553418122, 52.944445167500355 ], [ 17.302257388112626, 52.9444739848539 ], [ 17.302248432514538, 52.944489775016812 ], [ 17.302182659049077, 52.944606827169345 ], [ 17.302177063966198, 52.944616639840604 ], [ 17.30209993347653, 52.94475376456942 ], [ 17.302052084784581, 52.944838876807964 ], [ 17.302022806010569, 52.944890799358525 ] ], [ [ 17.302109432805803, 52.940374885309744 ], [ 17.302509911627027, 52.940214411526171 ] ], [ [ 17.302509911627027, 52.940214411526171 ], [ 17.302815163505311, 52.940090707749761 ], [ 17.303505111816982, 52.939810167805852 ] ], [ [ 17.302513247485862, 52.944019342308756 ], [ 17.302569708319609, 52.943953778429623 ], [ 17.302665789063045, 52.943842105325707 ], [ 17.302696048600307, 52.943806924150884 ], [ 17.302849367374883, 52.94364022018955 ], [ 17.303001412257352, 52.943483210594479 ] ], [ [ 17.303001412257352, 52.943483210594479 ], [ 17.303106580549656, 52.943534895183205 ], [ 17.303187532661592, 52.94356626874233 ], [ 17.30322199756317, 52.943571977036989 ], [ 17.303286931068499, 52.94358279693131 ], [ 17.30344008415987, 52.943591459040647 ], [ 17.303582757361028, 52.943597812935131 ], [ 17.303682915583327, 52.943594926130757 ], [ 17.303855169927392, 52.943575801338461 ], [ 17.304030846379408, 52.943556725143786 ], [ 17.304134491157765, 52.943556046115532 ], [ 17.304301655502378, 52.943575699042981 ], [ 17.30440042285332, 52.943600760916986 ], [ 17.304480525458683, 52.943631042270169 ], [ 17.304530695967486, 52.943650104505416 ], [ 17.304601442283573, 52.943668381122258 ], [ 17.304739954457759, 52.943689782977017 ], [ 17.304807461334722, 52.943691915261937 ], [ 17.304993182317549, 52.943697712497254 ], [ 17.305394857449144, 52.943750926557115 ], [ 17.305520277636251, 52.943775917956231 ], [ 17.305663720953337, 52.943804493750406 ], [ 17.305933127998699, 52.943870838549131 ] ], [ [ 17.303440492020762, 52.942040121898955 ], [ 17.303600458504974, 52.942034311989687 ], [ 17.303686554257087, 52.94203689019843 ], [ 17.303770888065557, 52.942035036477122 ], [ 17.303841662137781, 52.942037305903675 ], [ 17.304050707542142, 52.942044157090251 ], [ 17.304557678096277, 52.942080620638016 ], [ 17.304834951181512, 52.942101574209836 ], [ 17.305056388867499, 52.942118942711836 ] ], [ [ 17.303505111816982, 52.939810167805852 ], [ 17.303525322585738, 52.939864326235856 ], [ 17.303536769867407, 52.939895156827625 ], [ 17.303547919973056, 52.939964024818622 ], [ 17.303530071038114, 52.940066383474196 ], [ 17.303513561803925, 52.94013449679673 ], [ 17.303508245252427, 52.940198093420086 ], [ 17.303513957246828, 52.9402651750354 ], [ 17.303508630200799, 52.940378504434008 ] ], [ [ 17.303505111816982, 52.939810167805852 ], [ 17.303599837951712, 52.93977087064156 ], [ 17.30412121636423, 52.93956004643735 ] ], [ [ 17.303508630200799, 52.940378504434008 ], [ 17.303553772854453, 52.940518365219958 ], [ 17.303588083179076, 52.940634508887001 ], [ 17.303646322854927, 52.940774466693945 ], [ 17.303111329119336, 52.942059343485305 ] ], [ [ 17.30412121636423, 52.93956004643735 ], [ 17.304465770864713, 52.939420801448087 ], [ 17.304963846005194, 52.939219443719161 ], [ 17.305218325079579, 52.939114704784011 ], [ 17.305948922485321, 52.938814046045152 ] ], [ [ 17.305056388867499, 52.942118942711836 ], [ 17.305516676621682, 52.942153836869061 ], [ 17.305830461488419, 52.942177647073756 ], [ 17.305926106073155, 52.942183507463177 ], [ 17.305976965155885, 52.942188729248926 ], [ 17.306305231409208, 52.942219129901098 ], [ 17.306449532937222, 52.942233237819003 ], [ 17.306523147730999, 52.942242830699854 ], [ 17.306670209719019, 52.942258686418477 ], [ 17.30678017195482, 52.942279139431911 ], [ 17.306921046685634, 52.942308576463773 ], [ 17.307130784560798, 52.942362556917459 ], [ 17.307246780309331, 52.942392448480099 ], [ 17.307463002616867, 52.942448139516138 ], [ 17.30759128176118, 52.942479914441002 ], [ 17.307713371538206, 52.942510072212414 ], [ 17.307800652124264, 52.942531909942147 ], [ 17.307970010526304, 52.942560132594913 ], [ 17.308108393175555, 52.942580989094886 ], [ 17.30818179352152, 52.942592286612239 ], [ 17.308339643921663, 52.942606405277509 ], [ 17.308621253773158, 52.942615540584448 ], [ 17.308717004930962, 52.942618702249128 ], [ 17.309111228986836, 52.942622334649776 ] ], [ [ 17.311984745240885, 52.948550282978132 ], [ 17.311578669853901, 52.948451972733629 ], [ 17.311491575043178, 52.948432658641153 ], [ 17.311100246364056, 52.94834570796133 ], [ 17.310435767822181, 52.948192099252957 ], [ 17.31021607625955, 52.94814436855583 ], [ 17.310166671574233, 52.948136021672674 ], [ 17.310094639160372, 52.948123755646492 ], [ 17.310001291951298, 52.948112085747987 ], [ 17.309824357412193, 52.948101924810388 ], [ 17.30972018738704, 52.94809288865779 ], [ 17.307542513806858, 52.947615554212234 ], [ 17.307241080414975, 52.947548936875386 ], [ 17.307179658018409, 52.947528096738651 ], [ 17.307072379893587, 52.947491944193949 ], [ 17.306961962340338, 52.947444685082324 ], [ 17.306800934649765, 52.94738186577036 ], [ 17.306655246129825, 52.947341837977191 ], [ 17.306558333224306, 52.94731860313879 ], [ 17.305946322049198, 52.947171922216668 ], [ 17.30579571869109, 52.947135780331813 ] ], [ [ 17.30579571869109, 52.947135780331813 ], [ 17.305842702090356, 52.946946961746562 ], [ 17.305877655562117, 52.946806895084592 ], [ 17.305889819817502, 52.946758504786267 ], [ 17.305937679850455, 52.946566281208263 ], [ 17.305946761581922, 52.946528189231351 ], [ 17.305982944017934, 52.946295689091265 ], [ 17.306002811564095, 52.946168267700322 ], [ 17.306010531734856, 52.946096431487838 ], [ 17.306028020148254, 52.946026083529709 ] ], [ [ 17.305948922485321, 52.938814046045152 ], [ 17.307041568366643, 52.938375279133616 ], [ 17.307145008431839, 52.938333765081737 ], [ 17.307781830195598, 52.93807807446786 ], [ 17.308887606072549, 52.937649010651079 ], [ 17.309609516165789, 52.937344608661782 ], [ 17.310604397905831, 52.936926002217902 ], [ 17.312500378874269, 52.936163965491303 ], [ 17.312604718596624, 52.936122009848013 ], [ 17.314117828428699, 52.935512161543102 ] ], [ [ 17.305996630577837, 52.953329438248119 ], [ 17.305817952674658, 52.954365254345426 ], [ 17.305724974719521, 52.955086628128164 ], [ 17.305654153983145, 52.95546972101728 ], [ 17.305625537752672, 52.955649358297805 ], [ 17.305538366141448, 52.956222065912854 ], [ 17.305521340599789, 52.956326145085185 ], [ 17.305491939952141, 52.956636263490964 ], [ 17.305404267394191, 52.957118851233396 ], [ 17.305312874982018, 52.957688890351129 ], [ 17.30526286064967, 52.958088107771786 ], [ 17.30522327963941, 52.958334768248029 ], [ 17.305194337170356, 52.958515030243767 ], [ 17.305070785545851, 52.959134163340607 ], [ 17.305040843390827, 52.959351373355197 ], [ 17.305028672459912, 52.959552109354043 ], [ 17.304979215343927, 52.959822730800894 ], [ 17.304831891464985, 52.960607720048976 ], [ 17.304797685330289, 52.96080823160063 ] ], [ [ 17.306160917187849, 52.952501610961185 ], [ 17.306122728920666, 52.952644329476733 ], [ 17.306075508052125, 52.952797171550344 ], [ 17.306058388159954, 52.952865636123697 ], [ 17.306043421089452, 52.952939977012676 ], [ 17.306019372819019, 52.953120938615143 ], [ 17.305996630577837, 52.953329438248119 ] ], [ [ 17.306028020148254, 52.946026083529709 ], [ 17.30696343511817, 52.946167929745812 ], [ 17.307439285935899, 52.946232445946059 ] ], [ [ 17.306028020148254, 52.946026083529709 ], [ 17.306045792974395, 52.945948455062585 ], [ 17.30611114247424, 52.945438118438716 ], [ 17.306116671455506, 52.945403303312034 ], [ 17.306151460038432, 52.945172132213578 ], [ 17.306190426464628, 52.944914040797563 ], [ 17.306204095357209, 52.944834735002956 ], [ 17.306212351270332, 52.944787278209162 ], [ 17.306226645993029, 52.944714816229911 ], [ 17.306239929373131, 52.944668240496647 ], [ 17.306252938834326, 52.944628675620507 ], [ 17.30627754261252, 52.944585768635733 ], [ 17.306316160508654, 52.944549986240617 ], [ 17.306366305943477, 52.944512569490087 ], [ 17.306415977300475, 52.944487286898102 ] ], [ [ 17.307450688111651, 52.950299189666055 ], [ 17.307333140124783, 52.950392394321959 ], [ 17.307306400001497, 52.950413687202904 ], [ 17.307197360696179, 52.950502516295913 ], [ 17.30714138812132, 52.950551721509484 ], [ 17.307088475280324, 52.950606456188353 ], [ 17.30703274452847, 52.950668525183019 ], [ 17.306961459671431, 52.95076283826652 ], [ 17.306917695869917, 52.950819681747504 ], [ 17.306846324886504, 52.950912374745705 ], [ 17.306769792996604, 52.951030445134094 ], [ 17.306755163304768, 52.951061892999419 ], [ 17.306736614306359, 52.951102188357169 ], [ 17.306660453350176, 52.951248862581394 ], [ 17.306645478872515, 52.951277697469493 ], [ 17.306607068311717, 52.951365194265129 ], [ 17.306536567919586, 52.951549900704798 ], [ 17.306477291706045, 52.951702661072602 ], [ 17.306475967681592, 52.951706059647535 ], [ 17.306373642247252, 52.951969723040278 ], [ 17.306351445212648, 52.952027143498988 ], [ 17.306182202007307, 52.952448494308491 ], [ 17.306160917187849, 52.952501610961185 ] ], [ [ 17.306415977300475, 52.944487286898102 ], [ 17.306468131670467, 52.944470853097101 ], [ 17.306528853029704, 52.94445616016759 ], [ 17.30659482139318, 52.944451974200298 ], [ 17.306663702493939, 52.944449448498929 ], [ 17.306735070222544, 52.944455681681873 ], [ 17.306816606679323, 52.944464577849068 ], [ 17.307162170153973, 52.94451761578209 ], [ 17.307528007461919, 52.944573819342025 ], [ 17.307668603696353, 52.944595337370629 ], [ 17.307784027269513, 52.944613349074416 ], [ 17.308092427320375, 52.944661178488346 ], [ 17.308332161074699, 52.944698406671598 ] ], [ [ 17.307439285935899, 52.946232445946059 ], [ 17.30808063691244, 52.946329084718748 ], [ 17.308749177879726, 52.946431053330556 ], [ 17.309449665289407, 52.946550020324025 ], [ 17.310571165046106, 52.946723623619697 ], [ 17.310965062155351, 52.946790107997778 ], [ 17.311220156453096, 52.946830876113935 ], [ 17.311583545067801, 52.946885593284414 ], [ 17.31213724870365, 52.946947059901767 ] ], [ [ 17.307822708309139, 52.949717676835192 ], [ 17.307768141154767, 52.949814836522478 ], [ 17.307731164621071, 52.949880950102312 ], [ 17.307591843526399, 52.950100919928204 ], [ 17.307450688111651, 52.950299189666055 ] ], [ [ 17.307822708309139, 52.949717676835192 ], [ 17.308512319295723, 52.949838112885423 ], [ 17.308582788763097, 52.949852336126121 ] ], [ [ 17.307955730061686, 52.949422523170405 ], [ 17.307909757686808, 52.949524571748775 ], [ 17.307822708309139, 52.949717676835192 ] ], [ [ 17.308320215064178, 52.94880861562045 ], [ 17.308180764627114, 52.949043513134093 ], [ 17.308041316162264, 52.949278320580042 ], [ 17.308022673546919, 52.949309621527 ], [ 17.307955730061686, 52.949422523170405 ] ], [ [ 17.308401129934644, 52.94865814090582 ], [ 17.308377206770373, 52.948702676784308 ], [ 17.308320215064178, 52.94880861562045 ] ], [ [ 17.308332161074699, 52.944698406671598 ], [ 17.308388246874159, 52.944707119265722 ], [ 17.30856466726468, 52.944733912689685 ], [ 17.308710157365603, 52.94475594880911 ], [ 17.308867931257812, 52.944779868307805 ], [ 17.309011791904631, 52.944801700998163 ], [ 17.309185708048755, 52.944827828325145 ], [ 17.309352368329652, 52.944852952825698 ], [ 17.309494606709251, 52.944874402113861 ], [ 17.309646765684509, 52.944897251424301 ], [ 17.309750799997097, 52.94491339045463 ] ], [ [ 17.308401129934644, 52.94865814090582 ], [ 17.308548804029193, 52.948403215255631 ], [ 17.308570996752863, 52.948364860071997 ] ], [ [ 17.308582788763097, 52.949852336126121 ], [ 17.308925700675612, 52.949913424812991 ], [ 17.309106843090913, 52.949945680446234 ], [ 17.309266916998503, 52.949976017234036 ], [ 17.309288766492841, 52.949980824761838 ], [ 17.309402436458143, 52.950006004454828 ], [ 17.309504348477216, 52.950027239585367 ] ], [ [ 17.309111228986836, 52.942622334649776 ], [ 17.309141724103252, 52.942622948492705 ], [ 17.30955444199909, 52.942629540590083 ], [ 17.30992192759734, 52.942635487861658 ], [ 17.309973256978793, 52.942636307909972 ], [ 17.310700013644482, 52.942641247034778 ], [ 17.310827566096879, 52.942642071218614 ], [ 17.311069867989797, 52.942643717050977 ], [ 17.311463535983073, 52.942646344476195 ], [ 17.3115580008491, 52.942648136576572 ] ], [ [ 17.309191799049803, 52.950416877904942 ], [ 17.309353926115733, 52.950344990246222 ], [ 17.309399294851811, 52.950296532465735 ], [ 17.309448814166242, 52.95021800624955 ], [ 17.309461435627181, 52.950176906686792 ], [ 17.309473908246677, 52.950135805004983 ], [ 17.309504348477216, 52.950027239585367 ] ], [ [ 17.309504348477216, 52.950027239585367 ], [ 17.309645909143814, 52.950039775587491 ], [ 17.309676391961677, 52.950040838749352 ], [ 17.309706871276276, 52.950041991786257 ], [ 17.3097500404294, 52.950038468957288 ], [ 17.309804633656537, 52.9500283636565 ], [ 17.309916672325688, 52.949999919735717 ], [ 17.310234376713847, 52.949897957760975 ], [ 17.310552224933346, 52.949796086921737 ], [ 17.310916777150506, 52.949668708717837 ], [ 17.311029171499552, 52.949615807108437 ], [ 17.311125978504961, 52.949569338871086 ], [ 17.311220722925377, 52.949514657362691 ], [ 17.311332132572911, 52.949441146879138 ] ], [ [ 17.309750799997097, 52.94491339045463 ], [ 17.309887543736199, 52.944934491307322 ], [ 17.309974266863584, 52.944947865781238 ], [ 17.310117817041213, 52.944970052439906 ], [ 17.310280602653719, 52.944995300389522 ], [ 17.31039618423452, 52.945013131922067 ], [ 17.310576586226116, 52.945040968220447 ], [ 17.310639036288297, 52.945050669563891 ], [ 17.310888843827023, 52.945089294845495 ], [ 17.311082710196349, 52.94511930029919 ], [ 17.311361819851559, 52.945162477991907 ], [ 17.311508032378843, 52.945185150461867 ], [ 17.311775170602658, 52.945226088601615 ] ], [ [ 17.311984745240885, 52.948550282978132 ], [ 17.311853881343282, 52.948752571151999 ], [ 17.311812053654446, 52.948817268057113 ], [ 17.311765789548048, 52.94888882673601 ], [ 17.311642729925627, 52.94906271688432 ], [ 17.311627600164091, 52.949084175694708 ], [ 17.311548159039329, 52.94919708159258 ], [ 17.31148194608167, 52.949283825123274 ], [ 17.311455329500728, 52.949313484425012 ], [ 17.311428716384309, 52.949343053837403 ], [ 17.311332132572911, 52.949441146879138 ] ], [ [ 17.3115580008491, 52.942648136576572 ], [ 17.311769986240638, 52.942652228012314 ], [ 17.312066850977661, 52.94265959337384 ], [ 17.312161937402582, 52.942664541472197 ], [ 17.312353598235426, 52.942674458575205 ], [ 17.312402774686046, 52.942677045649361 ], [ 17.312500303190841, 52.942684276482574 ], [ 17.312748951579525, 52.942702646594185 ], [ 17.312951926290374, 52.942716410637324 ], [ 17.313015624944381, 52.942720732512022 ], [ 17.313327585571933, 52.942741888905893 ], [ 17.313398114734039, 52.942746667269496 ], [ 17.313901104321396, 52.942786361837612 ] ], [ [ 17.311775170602658, 52.945226088601615 ], [ 17.311871216829967, 52.945240943140199 ], [ 17.312126843822018, 52.945279288752488 ], [ 17.312267756336595, 52.945300446068657 ], [ 17.312500290129844, 52.945335405135602 ], [ 17.312884246310972, 52.945393108492681 ] ], [ [ 17.311984745240885, 52.948550282978132 ], [ 17.312295416085377, 52.948093161195253 ], [ 17.312423657194561, 52.947904594998192 ], [ 17.312500234535566, 52.947784812961061 ], [ 17.312550174222903, 52.947706741107012 ], [ 17.312749938143433, 52.947394273690385 ], [ 17.312902074496364, 52.947138686662008 ], [ 17.312946855337142, 52.947063059510647 ] ], [ [ 17.31213724870365, 52.946947059901767 ], [ 17.31250029805307, 52.946999071451792 ], [ 17.312946855337142, 52.947063059510647 ] ], [ [ 17.312884246310972, 52.945393108492681 ], [ 17.312775887253522, 52.945618110500284 ], [ 17.312747807899129, 52.945677786862682 ], [ 17.312716892616372, 52.945741469921707 ], [ 17.31267707249112, 52.945823552668031 ], [ 17.312628659018305, 52.945923679785139 ], [ 17.312602280684597, 52.945977894370337 ], [ 17.312582163892209, 52.946020416680582 ], [ 17.312529757003581, 52.946127501800305 ], [ 17.312500292253535, 52.946188327554253 ], [ 17.312480705638492, 52.946228698990438 ], [ 17.312455130423675, 52.94628139609182 ], [ 17.312385674410685, 52.946424841640777 ], [ 17.31233549675035, 52.946528181159863 ], [ 17.312310887484042, 52.94657900336167 ], [ 17.312172641750884, 52.946864015124973 ], [ 17.31213724870365, 52.946947059901767 ] ], [ [ 17.313901104321396, 52.942786361837612 ], [ 17.313871517701006, 52.942957623677053 ], [ 17.31382244431531, 52.943159096178292 ], [ 17.313716841703492, 52.943520206482212 ], [ 17.313607051126514, 52.943870285443104 ], [ 17.313560775830158, 52.943999761378024 ], [ 17.313521803208459, 52.944090759784466 ], [ 17.313490187072986, 52.944164865301246 ], [ 17.313481484257565, 52.944181918933388 ], [ 17.313381021613989, 52.944380143679702 ], [ 17.313128866747491, 52.944899343318845 ], [ 17.313087670544675, 52.944982395928371 ], [ 17.313039194136788, 52.945080363934302 ], [ 17.313026261927369, 52.945106620560558 ], [ 17.312884246310972, 52.945393108492681 ] ], [ [ 17.312946855337142, 52.947063059510647 ], [ 17.313561308699075, 52.947139861155776 ] ], [ [ 17.313561308699075, 52.947139861155776 ], [ 17.313615686496838, 52.947146658423414 ], [ 17.313945255842729, 52.947194413187212 ] ], [ [ 17.313901104321396, 52.942786361837612 ], [ 17.313934824134218, 52.942788279268932 ], [ 17.31436038588663, 52.942813023470343 ], [ 17.31482340311846, 52.942854665148367 ], [ 17.315181681294284, 52.94288690577693 ], [ 17.3153568440489, 52.942900001524627 ], [ 17.31597689035986, 52.942946383148573 ], [ 17.316689075364813, 52.943004678984757 ], [ 17.316891106552625, 52.943023639011862 ], [ 17.316965170495532, 52.943025587476129 ], [ 17.316997292305793, 52.943026492140071 ], [ 17.317042801985856, 52.943027676358817 ], [ 17.31709957701738, 52.943022455030579 ], [ 17.317186578066327, 52.943005610785114 ], [ 17.317250192961311, 52.942992931907817 ] ], [ [ 17.313945255842729, 52.947194413187212 ], [ 17.314245065997987, 52.94723787772638 ], [ 17.314638560738373, 52.947307311925663 ] ], [ [ 17.314117828428699, 52.935512161543102 ], [ 17.314330591503094, 52.935426416702455 ], [ 17.315623046312702, 52.934901282946143 ], [ 17.31674552757509, 52.934448011754171 ], [ 17.317670558878703, 52.934080698014974 ], [ 17.31788685500382, 52.933991759315674 ] ], [ [ 17.314638560738373, 52.947307311925663 ], [ 17.314961034616516, 52.947326994138777 ], [ 17.315361191946458, 52.947351464126463 ], [ 17.315510668842492, 52.947359338988633 ], [ 17.315987622081611, 52.947384625743943 ], [ 17.31612110261997, 52.947386517432854 ], [ 17.316211875346916, 52.947387803780067 ], [ 17.316297542348373, 52.947382542555658 ], [ 17.316361843851585, 52.947375359745926 ], [ 17.316434369445176, 52.947363437061831 ], [ 17.316531312489246, 52.947343856272809 ], [ 17.316625765384259, 52.947319383761098 ], [ 17.316766232645534, 52.947279375139985 ], [ 17.317013029448511, 52.947181247074766 ] ], [ [ 17.316835117228511, 52.949918536262587 ], [ 17.317997382096124, 52.950188503984805 ], [ 17.318567240429712, 52.950340787693037 ] ], [ [ 17.317013029448511, 52.947181247074766 ], [ 17.3175298919871, 52.946941611616992 ], [ 17.317974581733356, 52.946735396502852 ], [ 17.318548097872569, 52.946481989541333 ], [ 17.319158483192787, 52.946202930990538 ] ], [ [ 17.317250192961311, 52.942992931907817 ], [ 17.317437263309795, 52.94306366024675 ], [ 17.31757760990358, 52.943087771065329 ], [ 17.318464564468631, 52.943154106629073 ], [ 17.319071062542545, 52.943192995766154 ] ], [ [ 17.31756379748883, 52.941233791584203 ], [ 17.317507806135513, 52.941874938800652 ], [ 17.317463329254032, 52.942322893571998 ], [ 17.317454679984344, 52.942442201788147 ], [ 17.317438010898307, 52.94273748475895 ], [ 17.317430432535453, 52.942794664602573 ], [ 17.317415423899924, 52.942843825142084 ], [ 17.317392753664425, 52.942883254376838 ], [ 17.317359849295094, 52.94291786217245 ], [ 17.317297438461708, 52.942964732604317 ], [ 17.317250192961311, 52.942992931907817 ] ], [ [ 17.317616868264945, 52.940027105605473 ], [ 17.31762174863114, 52.940238966416018 ], [ 17.317609501337294, 52.940485568545242 ], [ 17.317582822137112, 52.940969838495512 ], [ 17.31756379748883, 52.941233791584203 ] ], [ [ 17.317592864779158, 52.939824686744046 ], [ 17.317616868264945, 52.940027105605473 ] ], [ [ 17.317723144808603, 52.938108815006075 ], [ 17.317723709889691, 52.938243902086995 ], [ 17.317715414610813, 52.938388666384704 ], [ 17.31772268380811, 52.93842384310576 ], [ 17.317752972824856, 52.938468069247754 ], [ 17.317797746764178, 52.938507284365826 ], [ 17.31785157992752, 52.938543210281964 ], [ 17.317997087155611, 52.938606604474984 ], [ 17.318045529641903, 52.938631841915189 ], [ 17.318082013045302, 52.938662216075869 ], [ 17.318101228909406, 52.938688748474611 ], [ 17.318110588564149, 52.938746797690982 ], [ 17.318103456443414, 52.938857763731974 ], [ 17.318096327766032, 52.938968639886745 ], [ 17.31808263627979, 52.939183475375607 ], [ 17.318074234900781, 52.939315647578681 ], [ 17.318065778540994, 52.939683352966476 ], [ 17.318059280608978, 52.939777960201518 ], [ 17.318046315954167, 52.939812850455624 ], [ 17.318009799611985, 52.93985622071083 ], [ 17.317950348611593, 52.939892161578683 ], [ 17.317852831357079, 52.939934668173514 ], [ 17.317616868264945, 52.940027105605473 ] ], [ [ 17.31788685500382, 52.933991759315674 ], [ 17.317972056552286, 52.934043867611834 ], [ 17.318135919311217, 52.934144034382662 ], [ 17.318654469480212, 52.934482506799633 ], [ 17.31885142518416, 52.934589166382409 ], [ 17.319056278885871, 52.93468793335348 ] ], [ [ 17.31788685500382, 52.933991759315674 ], [ 17.318548654831567, 52.933729620258205 ] ], [ [ 17.318567240429712, 52.950340787693037 ], [ 17.319596882217581, 52.950773040811811 ], [ 17.321257594778658, 52.951553486890774 ], [ 17.322617175060003, 52.952526764094372 ], [ 17.323232025781259, 52.952792019283599 ], [ 17.323764570740927, 52.953021756008269 ], [ 17.324134071409993, 52.953182011384826 ], [ 17.324701875373911, 52.953428249079316 ], [ 17.325778733588287, 52.953876990660994 ], [ 17.326614859641563, 52.954212884721478 ], [ 17.32690851910673, 52.9543246688743 ], [ 17.327069374191048, 52.954381792351263 ], [ 17.327449202392398, 52.954506569377287 ], [ 17.327792694896672, 52.954608260811469 ], [ 17.328389998869046, 52.954774046440967 ] ], [ [ 17.318548654831567, 52.933729620258205 ], [ 17.318863538566109, 52.933600795881347 ] ], [ [ 17.319056278885871, 52.93468793335348 ], [ 17.319395555583444, 52.934851644461567 ], [ 17.319784524104463, 52.935023701641462 ], [ 17.320524818104296, 52.935309992788206 ], [ 17.321159575864993, 52.935565829631919 ] ], [ [ 17.319071062542545, 52.943192995766154 ], [ 17.319738313457847, 52.943250817432208 ], [ 17.320154589274924, 52.943288719546743 ], [ 17.320465626816546, 52.943310833354069 ], [ 17.321099139182433, 52.943355759726046 ], [ 17.322276065334282, 52.943438754307643 ], [ 17.32304315009258, 52.943490682440761 ], [ 17.323683947615528, 52.943562947409291 ], [ 17.324007074468142, 52.943595924464091 ], [ 17.324308528066592, 52.943615734610724 ], [ 17.324553848399056, 52.943631874625048 ], [ 17.324617367976721, 52.943648598442181 ], [ 17.324744924434189, 52.943695633096453 ] ], [ [ 17.319158483192787, 52.946202930990538 ], [ 17.3192486697715, 52.946161668583002 ], [ 17.319938601716292, 52.945850546094313 ], [ 17.320445759279348, 52.945614627973882 ] ], [ [ 17.320445759279348, 52.945614627973882 ], [ 17.320549008483773, 52.945566624417872 ], [ 17.320687735075694, 52.945502124915265 ], [ 17.321090645598801, 52.945320578864042 ], [ 17.321281424690518, 52.945234420927243 ], [ 17.321405232598398, 52.945178343355408 ], [ 17.321927004664829, 52.944945233491858 ], [ 17.322499917268971, 52.944690809879894 ], [ 17.323084047688408, 52.944423321755281 ], [ 17.32350212035989, 52.944234157461032 ], [ 17.323852343475625, 52.944074701622952 ], [ 17.324276493323641, 52.943882202922552 ], [ 17.324487448004479, 52.94379371638756 ], [ 17.324617683558973, 52.943740603988864 ], [ 17.324744924434189, 52.943695633096453 ] ], [ [ 17.321159575864993, 52.935565829631919 ], [ 17.321752862262329, 52.935804979254165 ], [ 17.322065406515396, 52.935936828501141 ], [ 17.322199561956513, 52.935989625061985 ], [ 17.322424832233029, 52.936088134837085 ], [ 17.32261601653979, 52.936175101212882 ], [ 17.322714920512684, 52.936215708222747 ], [ 17.322823869436732, 52.936250611319636 ], [ 17.323006828262749, 52.936296271730839 ], [ 17.323425268505272, 52.936376641625316 ], [ 17.323736542211119, 52.93644146857357 ], [ 17.324099867601308, 52.936519079931301 ], [ 17.324398628101225, 52.936591912501207 ], [ 17.324574012055322, 52.936644928064155 ], [ 17.324692182358152, 52.936691650723475 ], [ 17.324864186841737, 52.936770518828205 ], [ 17.325235694461856, 52.936971719684209 ], [ 17.325623650878903, 52.937167215603381 ], [ 17.325939185570739, 52.937360970351904 ], [ 17.32616762382132, 52.937489645008924 ], [ 17.326275673360083, 52.937548004663157 ], [ 17.326384024975326, 52.937598544326349 ], [ 17.32656966287427, 52.937659885211914 ], [ 17.327139210877579, 52.93785604504577 ], [ 17.327514600156302, 52.938003423592932 ], [ 17.327917477863661, 52.938148309948716 ], [ 17.328153757963886, 52.938243726047482 ], [ 17.328307189210761, 52.938302722395633 ], [ 17.328467323202251, 52.938353898766913 ], [ 17.328852227660864, 52.938459318400582 ], [ 17.328985665921454, 52.938507960188467 ], [ 17.329132552997798, 52.938566863415666 ], [ 17.329550079493153, 52.938752959453389 ], [ 17.330160907866766, 52.939045283371492 ], [ 17.330565824684719, 52.939242080397129 ] ], [ [ 17.324744924434189, 52.943695633096453 ], [ 17.324842168184119, 52.943667955887655 ], [ 17.324971450429768, 52.943647205415921 ], [ 17.325073366530962, 52.943637310617703 ], [ 17.325161797243105, 52.943629653826157 ], [ 17.325250224453544, 52.94362208685228 ], [ 17.325365133276733, 52.943618850087553 ], [ 17.326005453368516, 52.943514353937054 ] ], [ [ 17.328389998869046, 52.954774046440967 ], [ 17.328466761410159, 52.95479536104218 ], [ 17.329005053809297, 52.954931445135159 ], [ 17.329362173923219, 52.955023610908796 ], [ 17.329499543742191, 52.955064302970783 ], [ 17.329618347650179, 52.955099877547013 ], [ 17.329721101662976, 52.955138463976581 ], [ 17.329816005791567, 52.955172083635063 ], [ 17.329907981640535, 52.955212137196085 ], [ 17.330025695490498, 52.955268290563204 ], [ 17.330143194760538, 52.955337750793369 ], [ 17.330223648160615, 52.955398596440247 ], [ 17.330285684218836, 52.955454326899172 ], [ 17.330349939005607, 52.955518182415311 ], [ 17.330390480547731, 52.955575229589513 ], [ 17.330427796023582, 52.955646440743351 ], [ 17.330446794679656, 52.955686727590191 ], [ 17.330462356368407, 52.955719591688649 ], [ 17.330480970472578, 52.955789191090162 ], [ 17.330485618427726, 52.955834762187024 ], [ 17.330508038068235, 52.956056850467185 ], [ 17.330516427052125, 52.956159940921331 ], [ 17.330542933524072, 52.956488566552117 ], [ 17.330555022304512, 52.956638653681374 ], [ 17.330601022591257, 52.957095257116599 ], [ 17.330632439826044, 52.957304161728985 ] ], [ [ 17.331088537436276, 52.952989855570536 ], [ 17.330996540863843, 52.953050976587761 ], [ 17.330863803079776, 52.953114403108053 ], [ 17.330702867013688, 52.953183099103406 ], [ 17.330175244902641, 52.953531908376597 ], [ 17.329941484368096, 52.953693469451075 ], [ 17.329594355212492, 52.953933476366274 ], [ 17.329452650335561, 52.954032388525221 ], [ 17.328389998869046, 52.954774046440967 ] ], [ [ 17.330565824684719, 52.939242080397129 ], [ 17.331060761854815, 52.939482588742756 ], [ 17.331519577527011, 52.939694798561717 ], [ 17.332053337025066, 52.939940254558451 ], [ 17.332304417947892, 52.940046122354396 ], [ 17.332433031486296, 52.940100448169993 ], [ 17.332582375724684, 52.940177008330757 ], [ 17.332759824930008, 52.940285349156369 ], [ 17.332895020266019, 52.940396963946249 ], [ 17.332981526511816, 52.940462389567685 ], [ 17.333137691805451, 52.940582302287304 ], [ 17.333217219446443, 52.940643402995626 ], [ 17.33328742192711, 52.940699246680211 ], [ 17.333467629666274, 52.940813380797159 ], [ 17.333673124700599, 52.940920314943085 ], [ 17.333687865488422, 52.940927986078748 ], [ 17.33389682749662, 52.941018330926561 ], [ 17.334078754454126, 52.941087791716924 ], [ 17.334701110620156, 52.941310285903903 ], [ 17.334951865501157, 52.941401754216763 ], [ 17.335040344098804, 52.941450838214301 ] ], [ [ 17.330788022974804, 52.938775484143903 ], [ 17.330704595810676, 52.939009216079448 ], [ 17.330662421704137, 52.939122568180942 ], [ 17.330646775481814, 52.939153914702239 ], [ 17.330565824684719, 52.939242080397129 ] ], [ [ 17.333725840677427, 52.951599728784892 ], [ 17.333460752287259, 52.951794402182237 ], [ 17.33335746758868, 52.951843315744682 ], [ 17.333229156543197, 52.951904108992053 ], [ 17.332882229262822, 52.95205842261592 ], [ 17.3320534501458, 52.952460121700604 ], [ 17.331473349239189, 52.952768539825023 ], [ 17.33111653439213, 52.952974330733106 ], [ 17.331088537436276, 52.952989855570536 ] ], [ [ 17.334764147944536, 52.94364599790925 ], [ 17.334733785709517, 52.943789194611774 ], [ 17.334658176161753, 52.944610387871776 ], [ 17.334591703744607, 52.945364169758875 ], [ 17.334542137349896, 52.94624364431894 ], [ 17.334511861212139, 52.946868970161376 ], [ 17.334488619871124, 52.947163892712219 ], [ 17.334465315816797, 52.947289921186481 ], [ 17.334405365284347, 52.947486212823428 ], [ 17.334284924937755, 52.94781916321282 ], [ 17.33423818414423, 52.947993246753583 ], [ 17.334149322049335, 52.948302537779576 ], [ 17.334070120946798, 52.948561871800791 ], [ 17.333929724809121, 52.949115595999508 ], [ 17.33386241871149, 52.949317180149478 ], [ 17.33380054474306, 52.949454898457624 ], [ 17.333786071157579, 52.9495021798378 ], [ 17.333781415467847, 52.94954195462909 ], [ 17.333786515007517, 52.949568106547368 ], [ 17.333799864459007, 52.949635293412179 ], [ 17.333837639948591, 52.94979527333232 ], [ 17.333851105269726, 52.949936925876365 ], [ 17.333911661104988, 52.950406862566382 ], [ 17.333942813500578, 52.950820538885772 ], [ 17.333953168767707, 52.951124475816215 ], [ 17.333948017634032, 52.951258492838448 ], [ 17.333935940124416, 52.951328650656663 ], [ 17.333907728036394, 52.951407935221312 ], [ 17.333874063377181, 52.951466368937027 ], [ 17.333828114887833, 52.951515097566151 ], [ 17.333725840677427, 52.951599728784892 ] ], [ [ 17.34227495915631, 52.949607241305294 ], [ 17.342128734371808, 52.949311572133141 ], [ 17.341713792744141, 52.948470040643095 ], [ 17.341620995862122, 52.94828807142428 ], [ 17.341273650473347, 52.947606571936397 ], [ 17.340948384401631, 52.946955327067116 ], [ 17.340824119461843, 52.94672822136468 ], [ 17.340796676694044, 52.946682782030102 ], [ 17.3407489180629, 52.94665855284034 ], [ 17.340649782392095, 52.946646286629992 ], [ 17.340303730497141, 52.947106224179258 ], [ 17.340018382346788, 52.947419339788702 ], [ 17.339763992539776, 52.9476626500809 ], [ 17.339479408764674, 52.947889529921213 ], [ 17.339308454773484, 52.948006840797042 ], [ 17.339240134576766, 52.94806847887866 ], [ 17.339170642618999, 52.948156810466919 ], [ 17.338994563500233, 52.948415602862141 ], [ 17.338839160234823, 52.948616587718405 ], [ 17.338690804884951, 52.948796806595766 ], [ 17.338417395353311, 52.949135805994686 ], [ 17.33832268186028, 52.949229450146916 ], [ 17.338215177963132, 52.949330469671224 ], [ 17.338076512345509, 52.949432582117659 ], [ 17.337892247617717, 52.949566702041423 ], [ 17.33770812711732, 52.949700913633443 ], [ 17.337628497979676, 52.949735053147073 ], [ 17.337447360815549, 52.949787557525781 ], [ 17.33723358144448, 52.949871980526609 ], [ 17.33685610650414, 52.950043235108957 ], [ 17.336524019850316, 52.950199565609637 ], [ 17.336396301560224, 52.950249039052437 ], [ 17.33553618693708, 52.950735669293806 ], [ 17.335398293271592, 52.950809640624719 ], [ 17.335087749362305, 52.950955297186233 ], [ 17.334347778206912, 52.951344856438581 ], [ 17.334107448825446, 52.951464964610224 ], [ 17.333935632506513, 52.951538098953186 ], [ 17.333725840677427, 52.951599728784892 ] ], [ [ 17.335040344098804, 52.941450838214301 ], [ 17.335080119839873, 52.941597446037996 ], [ 17.335085710604954, 52.941727117174167 ], [ 17.33506896520657, 52.941957739360092 ], [ 17.335004696610461, 52.942332666843136 ], [ 17.33495986833552, 52.942507586956189 ], [ 17.334973331855881, 52.942610568511014 ], [ 17.334976222813356, 52.942806661938796 ], [ 17.334960591190292, 52.943008251478595 ], [ 17.334935390086958, 52.943121752899486 ], [ 17.334892355815796, 52.943288694118124 ], [ 17.334764147944536, 52.94364599790925 ] ], [ [ 17.335040344098804, 52.941450838214301 ], [ 17.335241726278817, 52.941537117408593 ], [ 17.335700928165483, 52.941821801787711 ], [ 17.336418012347263, 52.942299673057029 ], [ 17.336605303048536, 52.94240418875421 ], [ 17.336767395639292, 52.94247480659471 ], [ 17.336863202717584, 52.942515358265723 ], [ 17.336968908487577, 52.942546245763097 ], [ 17.337081909908736, 52.942561587016783 ], [ 17.337272584724634, 52.942577925218657 ], [ 17.337854426340488, 52.942623298151418 ], [ 17.338508813521784, 52.942683082637245 ], [ 17.338816216503027, 52.942703029091092 ], [ 17.338941939505958, 52.94272052494285 ], [ 17.3389931212288, 52.942740755797658 ], [ 17.339029345178492, 52.942766713076843 ], [ 17.339065714522018, 52.94279276230953 ], [ 17.339283350849346, 52.942952556727654 ], [ 17.339479363008845, 52.943101706295856 ], [ 17.339534480733363, 52.943143575711161 ], [ 17.339729951060846, 52.943291368292101 ], [ 17.339950066341469, 52.943417651278587 ], [ 17.340002798282015, 52.943447975782227 ], [ 17.340193599829067, 52.943546689161288 ], [ 17.340240830908414, 52.943580713876479 ], [ 17.340268670396004, 52.94360016843968 ], [ 17.34028391549359, 52.943625832275899 ], [ 17.340286215290725, 52.943651315284292 ], [ 17.340281820984124, 52.943668880662742 ], [ 17.340271258805561, 52.94371145103819 ] ], [ [ 17.33547775096978, 52.940081088685105 ], [ 17.335282717364247, 52.940589622804218 ], [ 17.335125082640939, 52.941089417588572 ], [ 17.335040344098804, 52.941450838214301 ] ], [ [ 17.340271258805561, 52.94371145103819 ], [ 17.340441378461719, 52.943743774757024 ], [ 17.340547202485499, 52.943767825816572 ], [ 17.3406343031284, 52.943794852868308 ], [ 17.340745075639873, 52.943833541913889 ], [ 17.340984580351616, 52.943924030794562 ], [ 17.341152869087491, 52.943992570692338 ], [ 17.3412581001467, 52.944036038238778 ], [ 17.341345016094881, 52.944067918535296 ], [ 17.341468309644029, 52.944106242089177 ], [ 17.341658521934374, 52.94416213700751 ], [ 17.341883463283914, 52.944216987414521 ], [ 17.342341180827173, 52.944308719828264 ], [ 17.342413365272439, 52.944320968410494 ], [ 17.342301880106874, 52.944581206344893 ], [ 17.342204120275504, 52.944864028841415 ], [ 17.342184972266651, 52.944952075309963 ], [ 17.342190157688638, 52.945011143318631 ], [ 17.342213879452029, 52.945064354544421 ], [ 17.342268616490923, 52.945178612922561 ], [ 17.342354875488372, 52.945344572502982 ], [ 17.342407437551792, 52.945449537428011 ], [ 17.342449794283347, 52.945552741179348 ], [ 17.342470512755149, 52.945618321120477 ], [ 17.342497357411769, 52.945726164808036 ], [ 17.342500366320344, 52.945822704239546 ], [ 17.342498272819245, 52.945861885559445 ], [ 17.342511256373015, 52.945911709353965 ], [ 17.342552495387682, 52.94597406816051 ], [ 17.342633194790317, 52.946059640328954 ], [ 17.342862196362095, 52.946265631837775 ], [ 17.343090144797426, 52.946545982275218 ], [ 17.343268132641089, 52.946781838594191 ], [ 17.343327114618724, 52.946874751707711 ], [ 17.3433394815459, 52.946893989794177 ], [ 17.343351696240926, 52.946913315689109 ], [ 17.343375149358035, 52.946938553941017 ], [ 17.34339860593694, 52.946963702303933 ], [ 17.343483549964894, 52.947031796227229 ], [ 17.343542491716299, 52.94707902302455 ], [ 17.343568348884222, 52.947099798132214 ], [ 17.343600347253911, 52.947139094977238 ], [ 17.343608300359335, 52.947199820255058 ], [ 17.343608881733182, 52.947246952915968 ], [ 17.343597545811967, 52.947274763856321 ], [ 17.343513981954217, 52.947373154060209 ], [ 17.343423484429067, 52.947454270459758 ], [ 17.343299267228783, 52.94754112198968 ], [ 17.343117196219673, 52.947649649776473 ], [ 17.343059605936403, 52.947683920338683 ], [ 17.343030201584593, 52.9477130980504 ], [ 17.343026486527375, 52.947744072908748 ], [ 17.343029046661776, 52.947778372838343 ], [ 17.343031610235204, 52.947812582883294 ], [ 17.343078048224502, 52.9479064902971 ], [ 17.343086472991086, 52.9479236949228 ], [ 17.343093393556941, 52.94794519532595 ], [ 17.343096853842358, 52.947955945527355 ], [ 17.343114009917848, 52.948009604573365 ], [ 17.343114607753357, 52.94806797900771 ], [ 17.343101881233743, 52.948198383324829 ], [ 17.343104390699388, 52.948335295356152 ], [ 17.343126057485101, 52.948442347177036 ], [ 17.343165057504137, 52.948567267419861 ], [ 17.343188902556271, 52.948617332489718 ], [ 17.34321259884814, 52.94866739547993 ], [ 17.343264166637574, 52.948747884474678 ], [ 17.343282998217951, 52.948777195182906 ], [ 17.343342918179559, 52.948861218019545 ], [ 17.343402689555404, 52.948945238752032 ], [ 17.343505260148447, 52.949085973885168 ], [ 17.343551694902793, 52.94914885438083 ], [ 17.343590216189618, 52.949216211093216 ], [ 17.343604089124771, 52.94925840287857 ], [ 17.343593279028219, 52.949334784601561 ] ], [ [ 17.296595716838084, 52.931003123635207 ], [ 17.294583465840308, 52.931181581688428 ], [ 17.293618818462328, 52.931317699113549 ], [ 17.292448022949735, 52.931450496188951 ], [ 17.290140709577567, 52.931677397125192 ] ], [ [ 17.295904544916763, 52.940345727416748 ], [ 17.29536950395671, 52.940903356053532 ], [ 17.295117627491489, 52.941480945509845 ] ], [ [ 17.316184286943898, 52.934674647943581 ], [ 17.316454838732579, 52.936022202025718 ], [ 17.316756979510021, 52.937012371340309 ], [ 17.317096887884642, 52.937547280969603 ], [ 17.317512331453624, 52.937786281007234 ], [ 17.317723144808603, 52.938108815006075 ] ] ] } },
{ "type": "Feature", "properties": { "TERYT": null, "LOKALNYID": null, "WERSJAID": null, "PNAZW": null, "GMLID": null, "X_KOD": null, "X_SKRKARTO": null, "X_SKRK_NIL": null, "X_KATDOKG": null, "X_DOKLGEOM": null, "X_ZRODLOG": null, "X_ZRODLOA": null, "X_KATIST": null, "X_KATI_NIL": null, "X_RODZREPG": null, "X_UWAGI": null, "X_UZYTKOWN": null, "X_AKTG": null, "X_AKTA": null, "POCZWERS": null, "KONIECWERS": null, "X_DATAUTW": null, "X_INFDOD": null, "KOD10K": null, "KOD10K_NIL": null, "KOD25K": null, "KOD25K_NIL": null, "KOD50K": null, "KOD50K_NIL": null, "KOD100K": null, "KOD100_NIL": null, "KOD250K": null, "KOD250_NIL": null, "KOD500K": null, "KOD500_NIL": null, "KOD1000K": null, "KOD1000_NI": null, "KATZARZ": null, "KATZA_NIL": null, "KLASADROGI": null, "KLDROG_NIL": null, "MATNAWIERZ": null, "MATNAW_NIL": null, "NAZWADROGI": null, "LJEZDNIDR": null, "LJEZD_NIL": null, "NRODCIREF": null, "SZL_NUMER": null, "SZLNR_NIL": null, "length": null }, "geometry": { "type": "MultiLineString", "coordinates": [ [ [ 17.282919834431265, 52.958312352620887 ], [ 17.278481355692236, 52.95699781372354 ] ] ] } },
{ "type": "Feature", "properties": { "TERYT": null, "LOKALNYID": null, "WERSJAID": null, "PNAZW": null, "GMLID": null, "X_KOD": null, "X_SKRKARTO": null, "X_SKRK_NIL": null, "X_KATDOKG": null, "X_DOKLGEOM": null, "X_ZRODLOG": null, "X_ZRODLOA": null, "X_KATIST": null, "X_KATI_NIL": null, "X_RODZREPG": null, "X_UWAGI": null, "X_UZYTKOWN": null, "X_AKTG": null, "X_AKTA": null, "POCZWERS": null, "KONIECWERS": null, "X_DATAUTW": null, "X_INFDOD": null, "KOD10K": null, "KOD10K_NIL": null, "KOD25K": null, "KOD25K_NIL": null, "KOD50K": null, "KOD50K_NIL": null, "KOD100K": null, "KOD100_NIL": null, "KOD250K": null, "KOD250_NIL": null, "KOD500K": null, "KOD500_NIL": null, "KOD1000K": null, "KOD1000_NI": null, "KATZARZ": null, "KATZA_NIL": null, "KLASADROGI": null, "KLDROG_NIL": null, "MATNAWIERZ": null, "MATNAW_NIL": null, "NAZWADROGI": null, "LJEZDNIDR": null, "LJEZD_NIL": null, "NRODCIREF": null, "SZL_NUMER": null, "SZLNR_NIL": null, "length": null }, "geometry": { "type": "MultiLineString", "coordinates": [ [ [ 17.295917941287172, 52.948989994119138 ], [ 17.295914442512963, 52.948991615023246 ], [ 17.2962845813631, 52.951300023784064 ] ] ] } },
{ "type": "Feature", "properties": { "TERYT": null, "LOKALNYID": null, "WERSJAID": null, "PNAZW": null, "GMLID": null, "X_KOD": null, "X_SKRKARTO": null, "X_SKRK_NIL": null, "X_KATDOKG": null, "X_DOKLGEOM": null, "X_ZRODLOG": null, "X_ZRODLOA": null, "X_KATIST": null, "X_KATI_NIL": null, "X_RODZREPG": null, "X_UWAGI": null, "X_UZYTKOWN": null, "X_AKTG": null, "X_AKTA": null, "POCZWERS": null, "KONIECWERS": null, "X_DATAUTW": null, "X_INFDOD": null, "KOD10K": null, "KOD10K_NIL": null, "KOD25K": null, "KOD25K_NIL": null, "KOD50K": null, "KOD50K_NIL": null, "KOD100K": null, "KOD100_NIL": null, "KOD250K": null, "KOD250_NIL": null, "KOD500K": null, "KOD500_NIL": null, "KOD1000K": null, "KOD1000_NI": null, "KATZARZ": null, "KATZA_NIL": null, "KLASADROGI": null, "KLDROG_NIL": null, "MATNAWIERZ": null, "MATNAW_NIL": null, "NAZWADROGI": null, "LJEZDNIDR": null, "LJEZD_NIL": null, "NRODCIREF": null, "SZL_NUMER": null, "SZLNR_NIL": null, "length": null }, "geometry": { "type": "MultiLineString", "coordinates": [ [ [ 17.309682825233836, 52.946586112529012 ], [ 17.308905969224593, 52.94791441699148 ] ] ] } },
{ "type": "Feature", "properties": { "TERYT": null, "LOKALNYID": null, "WERSJAID": null, "PNAZW": null, "GMLID": null, "X_KOD": null, "X_SKRKARTO": null, "X_SKRK_NIL": null, "X_KATDOKG": null, "X_DOKLGEOM": null, "X_ZRODLOG": null, "X_ZRODLOA": null, "X_KATIST": null, "X_KATI_NIL": null, "X_RODZREPG": null, "X_UWAGI": null, "X_UZYTKOWN": null, "X_AKTG": null, "X_AKTA": null, "POCZWERS": null, "KONIECWERS": null, "X_DATAUTW": null, "X_INFDOD": null, "KOD10K": null, "KOD10K_NIL": null, "KOD25K": null, "KOD25K_NIL": null, "KOD50K": null, "KOD50K_NIL": null, "KOD100K": null, "KOD100_NIL": null, "KOD250K": null, "KOD250_NIL": null, "KOD500K": null, "KOD500_NIL": null, "KOD1000K": null, "KOD1000_NI": null, "KATZARZ": null, "KATZA_NIL": null, "KLASADROGI": null, "KLDROG_NIL": null, "MATNAWIERZ": null, "MATNAW_NIL": null, "NAZWADROGI": null, "LJEZDNIDR": null, "LJEZD_NIL": null, "NRODCIREF": null, "SZL_NUMER": null, "SZLNR_NIL": null, "length": null }, "geometry": { "type": "MultiLineString", "coordinates": [ [ [ 17.336418012347263, 52.942299673057029 ], [ 17.33501966530897, 52.942245343357889 ], [ 17.333145756211408, 52.942302848995148 ], [ 17.330823048984826, 52.942484924369495 ], [ 17.329047971917362, 52.942837693226849 ], [ 17.327178475856943, 52.943235977189445 ], [ 17.326005453368516, 52.943514353937054 ] ] ] } },
{ "type": "Feature", "properties": { "TERYT": null, "LOKALNYID": null, "WERSJAID": null, "PNAZW": null, "GMLID": null, "X_KOD": null, "X_SKRKARTO": null, "X_SKRK_NIL": null, "X_KATDOKG": null, "X_DOKLGEOM": null, "X_ZRODLOG": null, "X_ZRODLOA": null, "X_KATIST": null, "X_KATI_NIL": null, "X_RODZREPG": null, "X_UWAGI": null, "X_UZYTKOWN": null, "X_AKTG": null, "X_AKTA": null, "POCZWERS": null, "KONIECWERS": null, "X_DATAUTW": null, "X_INFDOD": null, "KOD10K": null, "KOD10K_NIL": null, "KOD25K": null, "KOD25K_NIL": null, "KOD50K": null, "KOD50K_NIL": null, "KOD100K": null, "KOD100_NIL": null, "KOD250K": null, "KOD250_NIL": null, "KOD500K": null, "KOD500_NIL": null, "KOD1000K": null, "KOD1000_NI": null, "KATZARZ": null, "KATZA_NIL": null, "KLASADROGI": null, "KLDROG_NIL": null, "MATNAWIERZ": null, "MATNAW_NIL": null, "NAZWADROGI": null, "LJEZDNIDR": null, "LJEZD_NIL": null, "NRODCIREF": null, "SZL_NUMER": null, "SZLNR_NIL": null, "length": null }, "geometry": { "type": "MultiLineString", "coordinates": [ [ [ 17.323852343475625, 52.944074701622952 ], [ 17.334665427126687, 52.94453163601284 ] ] ] } },
{ "type": "Feature", "properties": { "TERYT": null, "LOKALNYID": null, "WERSJAID": null, "PNAZW": null, "GMLID": null, "X_KOD": null, "X_SKRKARTO": null, "X_SKRK_NIL": null, "X_KATDOKG": null, "X_DOKLGEOM": null, "X_ZRODLOG": null, "X_ZRODLOA": null, "X_KATIST": null, "X_KATI_NIL": null, "X_RODZREPG": null, "X_UWAGI": null, "X_UZYTKOWN": null, "X_AKTG": null, "X_AKTA": null, "POCZWERS": null, "KONIECWERS": null, "X_DATAUTW": null, "X_INFDOD": null, "KOD10K": null, "KOD10K_NIL": null, "KOD25K": null, "KOD25K_NIL": null, "KOD50K": null, "KOD50K_NIL": null, "KOD100K": null, "KOD100_NIL": null, "KOD250K": null, "KOD250_NIL": null, "KOD500K": null, "KOD500_NIL": null, "KOD1000K": null, "KOD1000_NI": null, "KATZARZ": null, "KATZA_NIL": null, "KLASADROGI": null, "KLDROG_NIL": null, "MATNAWIERZ": null, "MATNAW_NIL": null, "NAZWADROGI": null, "LJEZDNIDR": null, "LJEZD_NIL": null, "NRODCIREF": null, "SZL_NUMER": null, "SZLNR_NIL": null, "length": null }, "geometry": { "type": "MultiLineString", "coordinates": [ [ [ 17.311860396885724, 52.946916326604011 ], [ 17.312800446427968, 52.947309420618595 ], [ 17.315132056497237, 52.948365576113495 ], [ 17.316835117228511, 52.949918536262587 ] ] ] } },
{ "type": "Feature", "properties": { "TERYT": null, "LOKALNYID": null, "WERSJAID": null, "PNAZW": null, "GMLID": null, "X_KOD": null, "X_SKRKARTO": null, "X_SKRK_NIL": null, "X_KATDOKG": null, "X_DOKLGEOM": null, "X_ZRODLOG": null, "X_ZRODLOA": null, "X_KATIST": null, "X_KATI_NIL": null, "X_RODZREPG": null, "X_UWAGI": null, "X_UZYTKOWN": null, "X_AKTG": null, "X_AKTA": null, "POCZWERS": null, "KONIECWERS": null, "X_DATAUTW": null, "X_INFDOD": null, "KOD10K": null, "KOD10K_NIL": null, "KOD25K": null, "KOD25K_NIL": null, "KOD50K": null, "KOD50K_NIL": null, "KOD100K": null, "KOD100_NIL": null, "KOD250K": null, "KOD250_NIL": null, "KOD500K": null, "KOD500_NIL": null, "KOD1000K": null, "KOD1000_NI": null, "KATZARZ": null, "KATZA_NIL": null, "KLASADROGI": null, "KLDROG_NIL": null, "MATNAWIERZ": null, "MATNAW_NIL": null, "NAZWADROGI": null, "LJEZDNIDR": null, "LJEZD_NIL": null, "NRODCIREF": null, "SZL_NUMER": null, "SZLNR_NIL": null, "length": null }, "geometry": { "type": "MultiLineString", "coordinates": [ [ [ 17.2949760720489, 52.94183253097156 ], [ 17.294349899507907, 52.941685811022452 ], [ 17.293984542744468, 52.941421601357696 ], [ 17.293459757575167, 52.94108933539809 ], [ 17.292330473033637, 52.939996442616831 ], [ 17.291500116753099, 52.939690187490335 ] ] ] } },
{ "type": "Feature", "properties": { "TERYT": null, "LOKALNYID": null, "WERSJAID": null, "PNAZW": null, "GMLID": null, "X_KOD": null, "X_SKRKARTO": null, "X_SKRK_NIL": null, "X_KATDOKG": null, "X_DOKLGEOM": null, "X_ZRODLOG": null, "X_ZRODLOA": null, "X_KATIST": null, "X_KATI_NIL": null, "X_RODZREPG": null, "X_UWAGI": null, "X_UZYTKOWN": null, "X_AKTG": null, "X_AKTA": null, "POCZWERS": null, "KONIECWERS": null, "X_DATAUTW": null, "X_INFDOD": null, "KOD10K": null, "KOD10K_NIL": null, "KOD25K": null, "KOD25K_NIL": null, "KOD50K": null, "KOD50K_NIL": null, "KOD100K": null, "KOD100_NIL": null, "KOD250K": null, "KOD250_NIL": null, "KOD500K": null, "KOD500_NIL": null, "KOD1000K": null, "KOD1000_NI": null, "KATZARZ": null, "KATZA_NIL": null, "KLASADROGI": null, "KLDROG_NIL": null, "MATNAWIERZ": null, "MATNAW_NIL": null, "NAZWADROGI": null, "LJEZDNIDR": null, "LJEZD_NIL": null, "NRODCIREF": null, "SZL_NUMER": null, "SZLNR_NIL": null, "length": null }, "geometry": { "type": "MultiLineString", "coordinates": [ [ [ 17.284630755424562, 52.964890876782142 ], [ 17.284392266991667, 52.964197752296478 ], [ 17.284578266798505, 52.963749628862999 ], [ 17.284299267088247, 52.963349514729337 ] ] ] } },
{ "type": "Feature", "properties": { "TERYT": null, "LOKALNYID": null, "WERSJAID": null, "PNAZW": null, "GMLID": null, "X_KOD": null, "X_SKRKARTO": null, "X_SKRK_NIL": null, "X_KATDOKG": null, "X_DOKLGEOM": null, "X_ZRODLOG": null, "X_ZRODLOA": null, "X_KATIST": null, "X_KATI_NIL": null, "X_RODZREPG": null, "X_UWAGI": null, "X_UZYTKOWN": null, "X_AKTG": null, "X_AKTA": null, "POCZWERS": null, "KONIECWERS": null, "X_DATAUTW": null, "X_INFDOD": null, "KOD10K": null, "KOD10K_NIL": null, "KOD25K": null, "KOD25K_NIL": null, "KOD50K": null, "KOD50K_NIL": null, "KOD100K": null, "KOD100_NIL": null, "KOD250K": null, "KOD250_NIL": null, "KOD500K": null, "KOD500_NIL": null, "KOD1000K": null, "KOD1000_NI": null, "KATZARZ": null, "KATZA_NIL": null, "KLASADROGI": null, "KLDROG_NIL": null, "MATNAWIERZ": null, "MATNAW_NIL": null, "NAZWADROGI": null, "LJEZDNIDR": null, "LJEZD_NIL": null, "NRODCIREF": null, "SZL_NUMER": null, "SZLNR_NIL": null, "length": null }, "geometry": { "type": "MultiLineString", "coordinates": [ [ [ 17.300948684315482, 52.9409610228902 ], [ 17.301406843889975, 52.942015112987313 ] ] ] } },
{ "type": "Feature", "properties": { "TERYT": null, "LOKALNYID": null, "WERSJAID": null, "PNAZW": null, "GMLID": null, "X_KOD": null, "X_SKRKARTO": null, "X_SKRK_NIL": null, "X_KATDOKG": null, "X_DOKLGEOM": null, "X_ZRODLOG": null, "X_ZRODLOA": null, "X_KATIST": null, "X_KATI_NIL": null, "X_RODZREPG": null, "X_UWAGI": null, "X_UZYTKOWN": null, "X_AKTG": null, "X_AKTA": null, "POCZWERS": null, "KONIECWERS": null, "X_DATAUTW": null, "X_INFDOD": null, "KOD10K": null, "KOD10K_NIL": null, "KOD25K": null, "KOD25K_NIL": null, "KOD50K": null, "KOD50K_NIL": null, "KOD100K": null, "KOD100_NIL": null, "KOD250K": null, "KOD250_NIL": null, "KOD500K": null, "KOD500_NIL": null, "KOD1000K": null, "KOD1000_NI": null, "KATZARZ": null, "KATZA_NIL": null, "KLASADROGI": null, "KLDROG_NIL": null, "MATNAWIERZ": null, "MATNAW_NIL": null, "NAZWADROGI": null, "LJEZDNIDR": null, "LJEZD_NIL": null, "NRODCIREF": null, "SZL_NUMER": null, "SZLNR_NIL": null, "length": null }, "geometry": { "type": "MultiLineString", "coordinates": [ [ [ 17.300948684315482, 52.9409610228902 ], [ 17.300400705724112, 52.94105030398817 ], [ 17.299987374376794, 52.941205829958534 ] ] ] } },
{ "type": "Feature", "properties": { "TERYT": null, "LOKALNYID": null, "WERSJAID": null, "PNAZW": null, "GMLID": null, "X_KOD": null, "X_SKRKARTO": null, "X_SKRK_NIL": null, "X_KATDOKG": null, "X_DOKLGEOM": null, "X_ZRODLOG": null, "X_ZRODLOA": null, "X_KATIST": null, "X_KATI_NIL": null, "X_RODZREPG": null, "X_UWAGI": null, "X_UZYTKOWN": null, "X_AKTG": null, "X_AKTA": null, "POCZWERS": null, "KONIECWERS": null, "X_DATAUTW": null, "X_INFDOD": null, "KOD10K": null, "KOD10K_NIL": null, "KOD25K": null, "KOD25K_NIL": null, "KOD50K": null, "KOD50K_NIL": null, "KOD100K": null, "KOD100_NIL": null, "KOD250K": null, "KOD250_NIL": null, "KOD500K": null, "KOD500_NIL": null, "KOD1000K": null, "KOD1000_NI": null, "KATZARZ": null, "KATZA_NIL": null, "KLASADROGI": null, "KLDROG_NIL": null, "MATNAWIERZ": null, "MATNAW_NIL": null, "NAZWADROGI": null, "LJEZDNIDR": null, "LJEZD_NIL": null, "NRODCIREF": null, "SZL_NUMER": null, "SZLNR_NIL": null, "length": null }, "geometry": { "type": "MultiLineString", "coordinates": [ [ [ 17.291500116753099, 52.939690187490335 ], [ 17.291127286783059, 52.939761246879286 ], [ 17.29055473579951, 52.940444705205302 ] ] ] } },
{ "type": "Feature", "properties": { "TERYT": null, "LOKALNYID": null, "WERSJAID": null, "PNAZW": null, "GMLID": null, "X_KOD": null, "X_SKRKARTO": null, "X_SKRK_NIL": null, "X_KATDOKG": null, "X_DOKLGEOM": null, "X_ZRODLOG": null, "X_ZRODLOA": null, "X_KATIST": null, "X_KATI_NIL": null, "X_RODZREPG": null, "X_UWAGI": null, "X_UZYTKOWN": null, "X_AKTG": null, "X_AKTA": null, "POCZWERS": null, "KONIECWERS": null, "X_DATAUTW": null, "X_INFDOD": null, "KOD10K": null, "KOD10K_NIL": null, "KOD25K": null, "KOD25K_NIL": null, "KOD50K": null, "KOD50K_NIL": null, "KOD100K": null, "KOD100_NIL": null, "KOD250K": null, "KOD250_NIL": null, "KOD500K": null, "KOD500_NIL": null, "KOD1000K": null, "KOD1000_NI": null, "KATZARZ": null, "KATZA_NIL": null, "KLASADROGI": null, "KLDROG_NIL": null, "MATNAWIERZ": null, "MATNAW_NIL": null, "NAZWADROGI": null, "LJEZDNIDR": null, "LJEZD_NIL": null, "NRODCIREF": null, "SZL_NUMER": null, "SZLNR_NIL": null, "length": null }, "geometry": { "type": "MultiLineString", "coordinates": [ [ [ 17.301998479242428, 52.942052617957472 ], [ 17.30163959729467, 52.942413380055655 ], [ 17.301196157692463, 52.942684709355966 ] ] ] } },
{ "type": "Feature", "properties": { "TERYT": null, "LOKALNYID": null, "WERSJAID": null, "PNAZW": null, "GMLID": null, "X_KOD": null, "X_SKRKARTO": null, "X_SKRK_NIL": null, "X_KATDOKG": null, "X_DOKLGEOM": null, "X_ZRODLOG": null, "X_ZRODLOA": null, "X_KATIST": null, "X_KATI_NIL": null, "X_RODZREPG": null, "X_UWAGI": null, "X_UZYTKOWN": null, "X_AKTG": null, "X_AKTA": null, "POCZWERS": null, "KONIECWERS": null, "X_DATAUTW": null, "X_INFDOD": null, "KOD10K": null, "KOD10K_NIL": null, "KOD25K": null, "KOD25K_NIL": null, "KOD50K": null, "KOD50K_NIL": null, "KOD100K": null, "KOD100_NIL": null, "KOD250K": null, "KOD250_NIL": null, "KOD500K": null, "KOD500_NIL": null, "KOD1000K": null, "KOD1000_NI": null, "KATZARZ": null, "KATZA_NIL": null, "KLASADROGI": null, "KLDROG_NIL": null, "MATNAWIERZ": null, "MATNAW_NIL": null, "NAZWADROGI": null, "LJEZDNIDR": null, "LJEZD_NIL": null, "NRODCIREF": null, "SZL_NUMER": null, "SZLNR_NIL": null, "length": null }, "geometry": { "type": "MultiLineString", "coordinates": [ [ [ 17.280023451869173, 52.936466015908017 ], [ 17.279294709785368, 52.93744324944042 ], [ 17.278524139157032, 52.937827589209206 ], [ 17.278005996837976, 52.938652306774884 ] ] ] } },
{ "type": "Feature", "properties": { "TERYT": null, "LOKALNYID": null, "WERSJAID": null, "PNAZW": null, "GMLID": null, "X_KOD": null, "X_SKRKARTO": null, "X_SKRK_NIL": null, "X_KATDOKG": null, "X_DOKLGEOM": null, "X_ZRODLOG": null, "X_ZRODLOA": null, "X_KATIST": null, "X_KATI_NIL": null, "X_RODZREPG": null, "X_UWAGI": null, "X_UZYTKOWN": null, "X_AKTG": null, "X_AKTA": null, "POCZWERS": null, "KONIECWERS": null, "X_DATAUTW": null, "X_INFDOD": null, "KOD10K": null, "KOD10K_NIL": null, "KOD25K": null, "KOD25K_NIL": null, "KOD50K": null, "KOD50K_NIL": null, "KOD100K": null, "KOD100_NIL": null, "KOD250K": null, "KOD250_NIL": null, "KOD500K": null, "KOD500_NIL": null, "KOD1000K": null, "KOD1000_NI": null, "KATZARZ": null, "KATZA_NIL": null, "KLASADROGI": null, "KLDROG_NIL": null, "MATNAWIERZ": null, "MATNAW_NIL": null, "NAZWADROGI": null, "LJEZDNIDR": null, "LJEZD_NIL": null, "NRODCIREF": null, "SZL_NUMER": null, "SZLNR_NIL": null, "length": null }, "geometry": { "type": "MultiLineString", "coordinates": [ [ [ 17.300435939424734, 52.943354899832805 ], [ 17.300724494212062, 52.942875446386118 ] ] ] } },
{ "type": "Feature", "properties": { "TERYT": null, "LOKALNYID": null, "WERSJAID": null, "PNAZW": null, "GMLID": null, "X_KOD": null, "X_SKRKARTO": null, "X_SKRK_NIL": null, "X_KATDOKG": null, "X_DOKLGEOM": null, "X_ZRODLOG": null, "X_ZRODLOA": null, "X_KATIST": null, "X_KATI_NIL": null, "X_RODZREPG": null, "X_UWAGI": null, "X_UZYTKOWN": null, "X_AKTG": null, "X_AKTA": null, "POCZWERS": null, "KONIECWERS": null, "X_DATAUTW": null, "X_INFDOD": null, "KOD10K": null, "KOD10K_NIL": null, "KOD25K": null, "KOD25K_NIL": null, "KOD50K": null, "KOD50K_NIL": null, "KOD100K": null, "KOD100_NIL": null, "KOD250K": null, "KOD250_NIL": null, "KOD500K": null, "KOD500_NIL": null, "KOD1000K": null, "KOD1000_NI": null, "KATZARZ": null, "KATZA_NIL": null, "KLASADROGI": null, "KLDROG_NIL": null, "MATNAWIERZ": null, "MATNAW_NIL": null, "NAZWADROGI": null, "LJEZDNIDR": null, "LJEZD_NIL": null, "NRODCIREF": null, "SZL_NUMER": null, "SZLNR_NIL": null, "length": null }, "geometry": { "type": "MultiLineString", "coordinates": [ [ [ 17.30627754261252, 52.944585768635733 ], [ 17.306420083914269, 52.944100903569321 ] ] ] } },
{ "type": "Feature", "properties": { "TERYT": null, "LOKALNYID": null, "WERSJAID": null, "PNAZW": null, "GMLID": null, "X_KOD": null, "X_SKRKARTO": null, "X_SKRK_NIL": null, "X_KATDOKG": null, "X_DOKLGEOM": null, "X_ZRODLOG": null, "X_ZRODLOA": null, "X_KATIST": null, "X_KATI_NIL": null, "X_RODZREPG": null, "X_UWAGI": null, "X_UZYTKOWN": null, "X_AKTG": null, "X_AKTA": null, "POCZWERS": null, "KONIECWERS": null, "X_DATAUTW": null, "X_INFDOD": null, "KOD10K": null, "KOD10K_NIL": null, "KOD25K": null, "KOD25K_NIL": null, "KOD50K": null, "KOD50K_NIL": null, "KOD100K": null, "KOD100_NIL": null, "KOD250K": null, "KOD250_NIL": null, "KOD500K": null, "KOD500_NIL": null, "KOD1000K": null, "KOD1000_NI": null, "KATZARZ": null, "KATZA_NIL": null, "KLASADROGI": null, "KLDROG_NIL": null, "MATNAWIERZ": null, "MATNAW_NIL": null, "NAZWADROGI": null, "LJEZDNIDR": null, "LJEZD_NIL": null, "NRODCIREF": null, "SZL_NUMER": null, "SZLNR_NIL": null, "length": null }, "geometry": { "type": "MultiLineString", "coordinates": [ [ [ 17.312604718596624, 52.936122009848013 ], [ 17.309727640249243, 52.933311057941374 ] ] ] } },
{ "type": "Feature", "properties": { "TERYT": null, "LOKALNYID": null, "WERSJAID": null, "PNAZW": null, "GMLID": null, "X_KOD": null, "X_SKRKARTO": null, "X_SKRK_NIL": null, "X_KATDOKG": null, "X_DOKLGEOM": null, "X_ZRODLOG": null, "X_ZRODLOA": null, "X_KATIST": null, "X_KATI_NIL": null, "X_RODZREPG": null, "X_UWAGI": null, "X_UZYTKOWN": null, "X_AKTG": null, "X_AKTA": null, "POCZWERS": null, "KONIECWERS": null, "X_DATAUTW": null, "X_INFDOD": null, "KOD10K": null, "KOD10K_NIL": null, "KOD25K": null, "KOD25K_NIL": null, "KOD50K": null, "KOD50K_NIL": null, "KOD100K": null, "KOD100_NIL": null, "KOD250K": null, "KOD250_NIL": null, "KOD500K": null, "KOD500_NIL": null, "KOD1000K": null, "KOD1000_NI": null, "KATZARZ": null, "KATZA_NIL": null, "KLASADROGI": null, "KLDROG_NIL": null, "MATNAWIERZ": null, "MATNAW_NIL": null, "NAZWADROGI": null, "LJEZDNIDR": null, "LJEZD_NIL": null, "NRODCIREF": null, "SZL_NUMER": null, "SZLNR_NIL": null, "length": null }, "geometry": { "type": "MultiLineString", "coordinates": [ [ [ 17.295035460212226, 52.961797175946181 ], [ 17.293894991416522, 52.961781409308081 ], [ 17.293518259634656, 52.962079991815088 ], [ 17.291783068458518, 52.961952377566597 ] ] ] } },
{ "type": "Feature", "properties": { "TERYT": null, "LOKALNYID": null, "WERSJAID": null, "PNAZW": null, "GMLID": null, "X_KOD": null, "X_SKRKARTO": null, "X_SKRK_NIL": null, "X_KATDOKG": null, "X_DOKLGEOM": null, "X_ZRODLOG": null, "X_ZRODLOA": null, "X_KATIST": null, "X_KATI_NIL": null, "X_RODZREPG": null, "X_UWAGI": null, "X_UZYTKOWN": null, "X_AKTG": null, "X_AKTA": null, "POCZWERS": null, "KONIECWERS": null, "X_DATAUTW": null, "X_INFDOD": null, "KOD10K": null, "KOD10K_NIL": null, "KOD25K": null, "KOD25K_NIL": null, "KOD50K": null, "KOD50K_NIL": null, "KOD100K": null, "KOD100_NIL": null, "KOD250K": null, "KOD250_NIL": null, "KOD500K": null, "KOD500_NIL": null, "KOD1000K": null, "KOD1000_NI": null, "KATZARZ": null, "KATZA_NIL": null, "KLASADROGI": null, "KLDROG_NIL": null, "MATNAWIERZ": null, "MATNAW_NIL": null, "NAZWADROGI": null, "LJEZDNIDR": null, "LJEZD_NIL": null, "NRODCIREF": null, "SZL_NUMER": null, "SZLNR_NIL": null, "length": null }, "geometry": { "type": "MultiLineString", "coordinates": [ [ [ 17.306364360591633, 52.946077086208568 ], [ 17.307011205822121, 52.945766902115857 ], [ 17.307229313695835, 52.945384571949667 ] ] ] } }
]
}
