{
"type": "FeatureCollection",
"name": "komunikacja_2026",
"crs": { "type": "name", "properties": { "name": "urn:ogc:def:crs:OGC:1.3:CRS84" } },
"features": [
{ "type": "Feature", "properties": { "TERYT": "3028", "LOKALNYID": "2EBDC9DC-339E-7DB6-E053-CC2BA8C07DDB", "PRZES_NAZW": "PL.PZGiK.308.BDOT10k", "WERSJA": "20240917000000", "POCZ_WERSJ": "20240917000000", "OZNA_ZMIAN": "GK-KARTO.600.48.2024", "ZRO_DANYCH": "ortofotomapa", "KAT_ISTNIE": "eksploatowany", "UWAGI": null, "INFO_DODAT": null, "KOD10K": null, "SKROT_KART": null, "KAT_ZARZAD": "wewnętrzna", "KLASA_DROG": "droga wewnętrzna", "MATE_NAWIE": "grunt naturalny", "NAZWA_DROG": null, "LICZ_JEZDN": 1.0, "POLOZENIE": "na powierzchni gruntu", "SZER_NAWIE": null, "NUMER_DROG": null }, "geometry": { "type": "MultiLineString", "coordinates": [ [ [ 17.29207271876583, 52.945050545187264 ], [ 17.292077209720276, 52.945151964276079 ], [ 17.292081697149552, 52.94525347324538 ], [ 17.292130306639336, 52.945493483761936 ], [ 17.292222857662118, 52.945974876535125 ], [ 17.292308932709055, 52.946401496840011 ], [ 17.292333856408465, 52.946505817610976 ], [ 17.292389189921611, 52.946760403809378 ], [ 17.292404799743547, 52.946870616215293 ], [ 17.292438032619462, 52.947111754537346 ], [ 17.292460827181074, 52.947319287756329 ], [ 17.292469264768009, 52.94737723593073 ], [ 17.292500338394039, 52.947544688056126 ], [ 17.292514282728529, 52.94762915565984 ], [ 17.292534857457969, 52.947756976310821 ], [ 17.292615800358483, 52.948155283527761 ], [ 17.292681558070761, 52.948527112034782 ], [ 17.292747054948542, 52.948807295024835 ], [ 17.292810552349078, 52.949130706994254 ], [ 17.292867964325872, 52.94947633485485 ], [ 17.292918031735926, 52.949721132229485 ], [ 17.29295727453615, 52.949949676063035 ], [ 17.292987688507989, 52.950190683653517 ], [ 17.293022154835448, 52.950396855453782 ] ] ] } },
{ "type": "Feature", "properties": { "TERYT": "3028", "LOKALNYID": "2EBDC9DC-361C-7DB6-E053-CC2BA8C07DDB", "PRZES_NAZW": "PL.PZGiK.308.BDOT10k", "WERSJA": "20231231120000", "POCZ_WERSJ": "20231231120000", "OZNA_ZMIAN": "GI-TOPO.600.116.2023", "ZRO_DANYCH": "ortofotomapa", "KAT_ISTNIE": "eksploatowany", "UWAGI": null, "INFO_DODAT": null, "KOD10K": null, "SKROT_KART": null, "KAT_ZARZAD": "gminna", "KLASA_DROG": "droga lokalna", "MATE_NAWIE": "masa bitumiczna", "NAZWA_DROG": null, "LICZ_JEZDN": 1.0, "POLOZENIE": "na powierzchni gruntu", "SZER_NAWIE": 6.0, "NUMER_DROG": "207017P" }, "geometry": { "type": "MultiLineString", "coordinates": [ [ [ 17.309750799997097, 52.94491339045463 ], [ 17.309887543736199, 52.944934491307322 ], [ 17.309974266863584, 52.944947865781238 ], [ 17.310117817041213, 52.944970052439906 ], [ 17.310280602653719, 52.944995300389522 ], [ 17.31039618423452, 52.945013131922067 ], [ 17.310576586226116, 52.945040968220447 ], [ 17.310639036288297, 52.945050669563891 ], [ 17.310888843827023, 52.945089294845495 ], [ 17.311082710196349, 52.94511930029919 ], [ 17.311361819851559, 52.945162477991907 ], [ 17.311508032378843, 52.945185150461867 ], [ 17.311775170602658, 52.945226088601615 ] ] ] } },
{ "type": "Feature", "properties": { "TERYT": "3028", "LOKALNYID": "2EBDC9DC-4CD0-7DB6-E053-CC2BA8C07DDB", "PRZES_NAZW": "PL.PZGiK.308.BDOT10k", "WERSJA": "20231231120000", "POCZ_WERSJ": "20231231120000", "OZNA_ZMIAN": "GI-TOPO.600.116.2023", "ZRO_DANYCH": "ortofotomapa", "KAT_ISTNIE": "eksploatowany", "UWAGI": null, "INFO_DODAT": null, "KOD10K": null, "SKROT_KART": null, "KAT_ZARZAD": "powiatowa", "KLASA_DROG": "droga lokalna", "MATE_NAWIE": "masa bitumiczna", "NAZWA_DROG": null, "LICZ_JEZDN": 1.0, "POLOZENIE": "na powierzchni gruntu", "SZER_NAWIE": 6.0, "NUMER_DROG": "1560P" }, "geometry": { "type": "MultiLineString", "coordinates": [ [ [ 17.31213724870365, 52.946947059901767 ], [ 17.31250029805307, 52.946999071451792 ], [ 17.312946855337142, 52.947063059510647 ] ] ] } },
{ "type": "Feature", "properties": { "TERYT": "3028", "LOKALNYID": "2EBDC9DC-51E9-7DB6-E053-CC2BA8C07DDB", "PRZES_NAZW": "PL.PZGiK.308.BDOT10k", "WERSJA": "20231231120000", "POCZ_WERSJ": "20231231120000", "OZNA_ZMIAN": "GI-TOPO.600.116.2023", "ZRO_DANYCH": "ortofotomapa", "KAT_ISTNIE": "eksploatowany", "UWAGI": null, "INFO_DODAT": null, "KOD10K": null, "SKROT_KART": null, "KAT_ZARZAD": "wewnętrzna", "KLASA_DROG": "droga wewnętrzna", "MATE_NAWIE": "grunt naturalny", "NAZWA_DROG": null, "LICZ_JEZDN": 1.0, "POLOZENIE": "na powierzchni gruntu", "SZER_NAWIE": null, "NUMER_DROG": null }, "geometry": { "type": "MultiLineString", "coordinates": [ [ [ 17.331088537436276, 52.952989855570536 ], [ 17.331507728656348, 52.953101682617735 ], [ 17.332616023240533, 52.953377413572632 ], [ 17.333218473690213, 52.953564291341678 ], [ 17.333738929489254, 52.95373436806495 ], [ 17.334076794382923, 52.953858715270343 ], [ 17.334299160833858, 52.953935127385996 ], [ 17.334388417879559, 52.953976218554352 ], [ 17.334770764070413, 52.954152178886581 ], [ 17.335065170202032, 52.954287695360698 ], [ 17.336222562467267, 52.954810314958948 ], [ 17.336296924926572, 52.954843821671574 ], [ 17.33723025591285, 52.955253126961217 ], [ 17.337426939840636, 52.955339426046187 ], [ 17.337646328831053, 52.95543557525037 ], [ 17.337813893257255, 52.95549295778013 ], [ 17.338052479245551, 52.955581730494615 ], [ 17.338301018740907, 52.955698341059126 ], [ 17.338610122929044, 52.955835582964227 ], [ 17.338795279335237, 52.955923607156237 ], [ 17.339099158809848, 52.95607291558651 ] ] ] } },
{ "type": "Feature", "properties": { "TERYT": "3028", "LOKALNYID": "2EBDC9DC-3E1A-7DB6-E053-CC2BA8C07DDB", "PRZES_NAZW": "PL.PZGiK.308.BDOT10k", "WERSJA": "20240917000000", "POCZ_WERSJ": "20240917000000", "OZNA_ZMIAN": "GK-KARTO.600.48.2024", "ZRO_DANYCH": "ortofotomapa", "KAT_ISTNIE": "eksploatowany", "UWAGI": null, "INFO_DODAT": null, "KOD10K": null, "SKROT_KART": null, "KAT_ZARZAD": "wewnętrzna", "KLASA_DROG": "droga wewnętrzna", "MATE_NAWIE": "kostka prefabrykowana", "NAZWA_DROG": null, "LICZ_JEZDN": 1.0, "POLOZENIE": "na powierzchni gruntu", "SZER_NAWIE": 3.5, "NUMER_DROG": null }, "geometry": { "type": "MultiLineString", "coordinates": [ [ [ 17.289077047049602, 52.939889712913825 ], [ 17.288991027447398, 52.939964557621231 ], [ 17.288893649654522, 52.940059383714924 ], [ 17.28854938901997, 52.940370810070704 ], [ 17.288422411029508, 52.940487602754054 ], [ 17.288395213575022, 52.940524173476859 ], [ 17.288396990261184, 52.940550819283835 ], [ 17.288418803564248, 52.940567681221623 ], [ 17.288457953678918, 52.940582814370899 ], [ 17.288576222598078, 52.940626336935054 ], [ 17.288708498198844, 52.940677075907686 ], [ 17.288755012167101, 52.940713089576718 ], [ 17.288968883513313, 52.94079737936999 ], [ 17.289021275900751, 52.940808925840805 ], [ 17.289056020729284, 52.940799893270118 ], [ 17.289093005394896, 52.940768049926341 ], [ 17.289260481815351, 52.940598239516227 ], [ 17.289578369354537, 52.940291107989623 ], [ 17.289762540138991, 52.940147078224427 ] ] ] } },
{ "type": "Feature", "properties": { "TERYT": "3028", "LOKALNYID": "BE4CFFCA-64DE-4E19-AF7D-D7F963CDC4DD", "PRZES_NAZW": "PL.PZGiK.308.BDOT10k", "WERSJA": "20240917000000", "POCZ_WERSJ": "20240917000000", "OZNA_ZMIAN": "GK-KARTO.600.48.2024", "ZRO_DANYCH": "ortofotomapa", "KAT_ISTNIE": "eksploatowany", "UWAGI": null, "INFO_DODAT": null, "KOD10K": null, "SKROT_KART": null, "KAT_ZARZAD": "gminna", "KLASA_DROG": "droga lokalna", "MATE_NAWIE": "masa bitumiczna", "NAZWA_DROG": null, "LICZ_JEZDN": 1.0, "POLOZENIE": "na powierzchni gruntu", "SZER_NAWIE": 6.0, "NUMER_DROG": "207046P" }, "geometry": { "type": "MultiLineString", "coordinates": [ [ [ 17.302859787187714, 52.94652316817826 ], [ 17.302163625829444, 52.94637022939029 ], [ 17.301952668913007, 52.946324226886269 ] ] ] } },
{ "type": "Feature", "properties": { "TERYT": "3028", "LOKALNYID": "e335d8d3-b22e-4d85-a15e-68e2297329bb", "PRZES_NAZW": "PL.PZGiK.308.BDOT10k", "WERSJA": "20240917000000", "POCZ_WERSJ": "20240917000000", "OZNA_ZMIAN": "GK-KARTO.600.48.2024", "ZRO_DANYCH": "ortofotomapa", "KAT_ISTNIE": "eksploatowany", "UWAGI": null, "INFO_DODAT": null, "KOD10K": null, "SKROT_KART": null, "KAT_ZARZAD": "gminna", "KLASA_DROG": "droga lokalna", "MATE_NAWIE": "masa bitumiczna", "NAZWA_DROG": null, "LICZ_JEZDN": 1.0, "POLOZENIE": "na powierzchni gruntu", "SZER_NAWIE": 6.0, "NUMER_DROG": "207014P" }, "geometry": { "type": "MultiLineString", "coordinates": [ [ [ 17.305056388867499, 52.942118942711836 ], [ 17.305516676621682, 52.942153836869061 ], [ 17.305830461488419, 52.942177647073756 ], [ 17.305926106073155, 52.942183507463177 ], [ 17.305976965155885, 52.942188729248926 ], [ 17.306299593644948, 52.942214822689259 ], [ 17.306450133775471, 52.942229289335742 ], [ 17.306559522544529, 52.942241550487275 ], [ 17.306670209719019, 52.942258686418477 ], [ 17.30678017195482, 52.942279139431911 ], [ 17.306921046685634, 52.942308576463773 ], [ 17.307130784560798, 52.942362556917459 ], [ 17.307246780309331, 52.942392448480099 ], [ 17.307411399748027, 52.94243526347941 ] ] ] } },
{ "type": "Feature", "properties": { "TERYT": "3028", "LOKALNYID": "2EBDC9DC-3DCF-7DB6-E053-CC2BA8C07DDB", "PRZES_NAZW": "PL.PZGiK.308.BDOT10k", "WERSJA": "20240917000000", "POCZ_WERSJ": "20240917000000", "OZNA_ZMIAN": "GK-KARTO.600.48.2024", "ZRO_DANYCH": "ortofotomapa", "KAT_ISTNIE": "eksploatowany", "UWAGI": null, "INFO_DODAT": null, "KOD10K": null, "SKROT_KART": null, "KAT_ZARZAD": "wojewódzka", "KLASA_DROG": "droga główna", "MATE_NAWIE": "masa bitumiczna", "NAZWA_DROG": null, "LICZ_JEZDN": 1.0, "POLOZENIE": "na powierzchni gruntu", "SZER_NAWIE": 7.0, "NUMER_DROG": "242" }, "geometry": { "type": "MultiLineString", "coordinates": [ [ [ 17.300816074897345, 52.947892955888179 ], [ 17.30080442069341, 52.947935777149922 ], [ 17.300717280553744, 52.948263415549498 ], [ 17.300692149501167, 52.948376551446117 ], [ 17.300676674031404, 52.948444679117713 ], [ 17.300660705222302, 52.948525390334851 ], [ 17.300650105985508, 52.948598264249064 ], [ 17.300644711570541, 52.94867130253202 ], [ 17.300644997914631, 52.948831117352476 ] ] ] } },
{ "type": "Feature", "properties": { "TERYT": "3028", "LOKALNYID": "2EBDC9DC-376E-7DB6-E053-CC2BA8C07DDB", "PRZES_NAZW": "PL.PZGiK.308.BDOT10k", "WERSJA": "20231231120000", "POCZ_WERSJ": "20231231120000", "OZNA_ZMIAN": "GI-TOPO.600.116.2023", "ZRO_DANYCH": "ortofotomapa", "KAT_ISTNIE": "eksploatowany", "UWAGI": null, "INFO_DODAT": null, "KOD10K": null, "SKROT_KART": null, "KAT_ZARZAD": "gminna", "KLASA_DROG": "droga lokalna", "MATE_NAWIE": "masa bitumiczna", "NAZWA_DROG": null, "LICZ_JEZDN": 1.0, "POLOZENIE": "na powierzchni gruntu", "SZER_NAWIE": 7.0, "NUMER_DROG": "207009P" }, "geometry": { "type": "MultiLineString", "coordinates": [ [ [ 17.311984745240885, 52.948550282978132 ], [ 17.311853881343282, 52.948752571151999 ], [ 17.311812053654446, 52.948817268057113 ], [ 17.311765789548048, 52.94888882673601 ], [ 17.311642729925627, 52.94906271688432 ], [ 17.311627600164091, 52.949084175694708 ], [ 17.311548159039329, 52.94919708159258 ], [ 17.31148194608167, 52.949283825123274 ], [ 17.311455329500728, 52.949313484425012 ], [ 17.311428716384309, 52.949343053837403 ], [ 17.311332132572911, 52.949441146879138 ] ] ] } },
{ "type": "Feature", "properties": { "TERYT": "3028", "LOKALNYID": "2EBDC9DC-3C85-7DB6-E053-CC2BA8C07DDB", "PRZES_NAZW": "PL.PZGiK.308.BDOT10k", "WERSJA": "20260331000000", "POCZ_WERSJ": "20260331000000", "OZNA_ZMIAN": "BGW-I-K.7520.3.2026", "ZRO_DANYCH": "ortofotomapa", "KAT_ISTNIE": "eksploatowany", "UWAGI": null, "INFO_DODAT": null, "KOD10K": null, "SKROT_KART": null, "KAT_ZARZAD": "powiatowa", "KLASA_DROG": "droga zbiorcza", "MATE_NAWIE": "masa bitumiczna", "NAZWA_DROG": null, "LICZ_JEZDN": 1.0, "POLOZENIE": "na powierzchni gruntu", "SZER_NAWIE": 6.0, "NUMER_DROG": "1562P" }, "geometry": { "type": "MultiLineString", "coordinates": [ [ [ 17.298973093436526, 52.939043712092804 ], [ 17.29918221396537, 52.939511299926693 ], [ 17.299271920946495, 52.939698745426902 ] ] ] } },
{ "type": "Feature", "properties": { "TERYT": "3028", "LOKALNYID": "AAE3FCEA-BDA4-4D4B-A5CA-111B6787A647", "PRZES_NAZW": "PL.PZGiK.308.BDOT10k", "WERSJA": "20240917000000", "POCZ_WERSJ": "20240917000000", "OZNA_ZMIAN": "GK-KARTO.600.48.2024", "ZRO_DANYCH": "ortofotomapa", "KAT_ISTNIE": "eksploatowany", "UWAGI": null, "INFO_DODAT": null, "KOD10K": null, "SKROT_KART": null, "KAT_ZARZAD": "wewnętrzna", "KLASA_DROG": "droga wewnętrzna", "MATE_NAWIE": "płyty betonowe", "NAZWA_DROG": null, "LICZ_JEZDN": 1.0, "POLOZENIE": "na powierzchni gruntu", "SZER_NAWIE": 4.0, "NUMER_DROG": null }, "geometry": { "type": "MultiLineString", "coordinates": [ [ [ 17.309461301017411, 52.946526533548031 ], [ 17.309425871860892, 52.94660274214494 ], [ 17.309331282599967, 52.946806263207023 ] ] ] } },
{ "type": "Feature", "properties": { "TERYT": "3028", "LOKALNYID": "2EBDC9DC-31C8-7DB6-E053-CC2BA8C07DDB", "PRZES_NAZW": "PL.PZGiK.308.BDOT10k", "WERSJA": "20231231120000", "POCZ_WERSJ": "20231231120000", "OZNA_ZMIAN": "GI-TOPO.600.116.2023", "ZRO_DANYCH": "ortofotomapa", "KAT_ISTNIE": "eksploatowany", "UWAGI": null, "INFO_DODAT": null, "KOD10K": null, "SKROT_KART": null, "KAT_ZARZAD": "wewnętrzna", "KLASA_DROG": "droga wewnętrzna", "MATE_NAWIE": "grunt naturalny", "NAZWA_DROG": null, "LICZ_JEZDN": 1.0, "POLOZENIE": "na powierzchni gruntu", "SZER_NAWIE": null, "NUMER_DROG": null }, "geometry": { "type": "MultiLineString", "coordinates": [ [ [ 17.298407561591656, 52.946604284456235 ], [ 17.298727016275699, 52.94661713268205 ], [ 17.299212852181878, 52.946654665102194 ], [ 17.299443234589642, 52.946668484712021 ], [ 17.299518507533676, 52.946666324409648 ], [ 17.299585765474585, 52.946659732578532 ], [ 17.299754496160698, 52.946632109535592 ] ] ] } },
{ "type": "Feature", "properties": { "TERYT": "3028", "LOKALNYID": "4e1c3769-e330-41fe-987e-4769e2ee8f25", "PRZES_NAZW": "PL.PZGiK.308.BDOT10k", "WERSJA": "20240917000000", "POCZ_WERSJ": "20240917000000", "OZNA_ZMIAN": "GK-KARTO.600.48.2024", "ZRO_DANYCH": "ortofotomapa", "KAT_ISTNIE": "eksploatowany", "UWAGI": null, "INFO_DODAT": null, "KOD10K": null, "SKROT_KART": null, "KAT_ZARZAD": "wewnętrzna", "KLASA_DROG": "droga wewnętrzna", "MATE_NAWIE": "kostka prefabrykowana", "NAZWA_DROG": null, "LICZ_JEZDN": 1.0, "POLOZENIE": "na powierzchni gruntu", "SZER_NAWIE": 5.0, "NUMER_DROG": null }, "geometry": { "type": "MultiLineString", "coordinates": [ [ [ 17.294624505666665, 52.941694564309486 ], [ 17.294619409396393, 52.94166895017382 ], [ 17.294595565738661, 52.941639289759451 ], [ 17.294324634623951, 52.941517858118537 ], [ 17.294199760492926, 52.941464174001879 ], [ 17.294107396714541, 52.941416622312794 ], [ 17.293988569531141, 52.941353042219582 ], [ 17.293933262817127, 52.941336060121827 ], [ 17.293899010374474, 52.941336377677722 ], [ 17.29386743302182, 52.941344377948134 ], [ 17.293816636230275, 52.941386816381993 ], [ 17.293673431758599, 52.941526584307788 ], [ 17.293618940342274, 52.941579671633704 ] ] ] } },
{ "type": "Feature", "properties": { "TERYT": "3028", "LOKALNYID": "2EBDC9DC-42D1-7DB6-E053-CC2BA8C07DDB", "PRZES_NAZW": "PL.PZGiK.308.BDOT10k", "WERSJA": "20240917000000", "POCZ_WERSJ": "20240917000000", "OZNA_ZMIAN": "GK-KARTO.600.48.2024", "ZRO_DANYCH": "ortofotomapa", "KAT_ISTNIE": "eksploatowany", "UWAGI": null, "INFO_DODAT": null, "KOD10K": null, "SKROT_KART": null, "KAT_ZARZAD": "wewnętrzna", "KLASA_DROG": "droga wewnętrzna", "MATE_NAWIE": "grunt naturalny", "NAZWA_DROG": null, "LICZ_JEZDN": 1.0, "POLOZENIE": "na powierzchni gruntu", "SZER_NAWIE": null, "NUMER_DROG": null }, "geometry": { "type": "MultiLineString", "coordinates": [ [ [ 17.323262856522504, 52.953646363701587 ], [ 17.323071771566241, 52.954008973170346 ], [ 17.32283071306124, 52.954393000416047 ], [ 17.322679393756754, 52.954597529535185 ], [ 17.322536065672818, 52.954834097314787 ], [ 17.322349074367825, 52.955179136637355 ], [ 17.322137680975608, 52.955642811831829 ] ] ] } },
{ "type": "Feature", "properties": { "TERYT": "3028", "LOKALNYID": "2EBDC9DC-3962-7DB6-E053-CC2BA8C07DDB", "PRZES_NAZW": "PL.PZGiK.308.BDOT10k", "WERSJA": "20240917000000", "POCZ_WERSJ": "20240917000000", "OZNA_ZMIAN": "GK-KARTO.600.48.2024", "ZRO_DANYCH": "ortofotomapa", "KAT_ISTNIE": "eksploatowany", "UWAGI": null, "INFO_DODAT": null, "KOD10K": null, "SKROT_KART": null, "KAT_ZARZAD": "gminna", "KLASA_DROG": "droga lokalna", "MATE_NAWIE": "masa bitumiczna", "NAZWA_DROG": null, "LICZ_JEZDN": 1.0, "POLOZENIE": "na powierzchni gruntu", "SZER_NAWIE": 6.0, "NUMER_DROG": "207014P" }, "geometry": { "type": "MultiLineString", "coordinates": [ [ [ 17.300371932282594, 52.941976031334725 ], [ 17.300494288845826, 52.941976432570328 ], [ 17.300666052759539, 52.941973493349103 ], [ 17.300870484800807, 52.941980284155832 ], [ 17.301406843889975, 52.942015112987313 ], [ 17.301552374654989, 52.942024388062734 ], [ 17.301618458673826, 52.942028570295967 ] ] ] } },
{ "type": "Feature", "properties": { "TERYT": "3028", "LOKALNYID": "2EBDC9DC-3EEE-7DB6-E053-CC2BA8C07DDB", "PRZES_NAZW": "PL.PZGiK.308.BDOT10k", "WERSJA": "20260331000000", "POCZ_WERSJ": "20260331000000", "OZNA_ZMIAN": "BGW-I-K.7520.3.2026", "ZRO_DANYCH": "ortofotomapa", "KAT_ISTNIE": "eksploatowany", "UWAGI": null, "INFO_DODAT": null, "KOD10K": null, "SKROT_KART": null, "KAT_ZARZAD": "gminna", "KLASA_DROG": "droga lokalna", "MATE_NAWIE": "masa bitumiczna", "NAZWA_DROG": null, "LICZ_JEZDN": 1.0, "POLOZENIE": "na powierzchni gruntu", "SZER_NAWIE": 6.0, "NUMER_DROG": "206015P" }, "geometry": { "type": "MultiLineString", "coordinates": [ [ [ 17.296763870137269, 52.939899521361951 ], [ 17.297709457820027, 52.940108047933172 ], [ 17.298388261764771, 52.940260315435694 ], [ 17.298408330333931, 52.940264829704411 ], [ 17.298889707911311, 52.940372447825276 ], [ 17.298981938812663, 52.940393103910388 ], [ 17.2991560707157, 52.940432109596237 ], [ 17.299334156616833, 52.94047279041569 ], [ 17.299471686371014, 52.94049994015365 ], [ 17.29967041971204, 52.940530393821057 ] ] ] } },
{ "type": "Feature", "properties": { "TERYT": "3028", "LOKALNYID": "2EBDC9DC-376F-7DB6-E053-CC2BA8C07DDB", "PRZES_NAZW": "PL.PZGiK.308.BDOT10k", "WERSJA": "20240917000000", "POCZ_WERSJ": "20240917000000", "OZNA_ZMIAN": "GK-KARTO.600.48.2024", "ZRO_DANYCH": "ortofotomapa", "KAT_ISTNIE": "eksploatowany", "UWAGI": null, "INFO_DODAT": null, "KOD10K": null, "SKROT_KART": null, "KAT_ZARZAD": "gminna", "KLASA_DROG": "droga lokalna", "MATE_NAWIE": "masa bitumiczna", "NAZWA_DROG": null, "LICZ_JEZDN": 1.0, "POLOZENIE": "na powierzchni gruntu", "SZER_NAWIE": 4.0, "NUMER_DROG": "207009P" }, "geometry": { "type": "MultiLineString", "coordinates": [ [ [ 17.307978472012341, 52.94942734365074 ], [ 17.307927361350085, 52.949527520412154 ], [ 17.307822708309139, 52.949717676835192 ] ] ] } },
{ "type": "Feature", "properties": { "TERYT": "3028", "LOKALNYID": "90e97be8-70ac-4e5d-be46-993d7ceea43f", "PRZES_NAZW": "PL.PZGiK.308.BDOT10k", "WERSJA": "20240917000000", "POCZ_WERSJ": "20240917000000", "OZNA_ZMIAN": "GK-KARTO.600.48.2024", "ZRO_DANYCH": "ortofotomapa", "KAT_ISTNIE": "eksploatowany", "UWAGI": null, "INFO_DODAT": null, "KOD10K": null, "SKROT_KART": null, "KAT_ZARZAD": "wewnętrzna", "KLASA_DROG": "droga wewnętrzna", "MATE_NAWIE": "kostka prefabrykowana", "NAZWA_DROG": null, "LICZ_JEZDN": 1.0, "POLOZENIE": "na powierzchni gruntu", "SZER_NAWIE": 5.0, "NUMER_DROG": null }, "geometry": { "type": "MultiLineString", "coordinates": [ [ [ 17.292454562494623, 52.941135221622389 ], [ 17.292511973423586, 52.941072284138784 ], [ 17.292544998940318, 52.941042631165132 ], [ 17.292775853946779, 52.940835684977976 ], [ 17.292930809936909, 52.940711285650728 ], [ 17.292889148899206, 52.940669137982532 ], [ 17.292047363956634, 52.940361520003663 ], [ 17.291868891914227, 52.940296810521552 ], [ 17.291763295901205, 52.940290525896671 ], [ 17.291726461821135, 52.940288377509383 ], [ 17.291689298778962, 52.940317251303753 ], [ 17.291670375469085, 52.940336584636768 ], [ 17.291588231317633, 52.940415174177986 ], [ 17.291355035157647, 52.940647445560209 ], [ 17.291296000670513, 52.940706222223426 ] ] ] } },
{ "type": "Feature", "properties": { "TERYT": "3028", "LOKALNYID": "a7c77af8-2d00-440c-85df-db4c4b1e8820", "PRZES_NAZW": "PL.PZGiK.308.BDOT10k", "WERSJA": "20240917000000", "POCZ_WERSJ": "20240917000000", "OZNA_ZMIAN": "GK-KARTO.600.48.2024", "ZRO_DANYCH": "ortofotomapa", "KAT_ISTNIE": "eksploatowany", "UWAGI": null, "INFO_DODAT": null, "KOD10K": null, "SKROT_KART": null, "KAT_ZARZAD": "wewnętrzna", "KLASA_DROG": "droga wewnętrzna", "MATE_NAWIE": "kostka prefabrykowana", "NAZWA_DROG": null, "LICZ_JEZDN": 1.0, "POLOZENIE": "na powierzchni gruntu", "SZER_NAWIE": 6.0, "NUMER_DROG": null }, "geometry": { "type": "MultiLineString", "coordinates": [ [ [ 17.304886913810027, 52.946092098265929 ], [ 17.30426769734925, 52.945989372840486 ], [ 17.304132674378966, 52.945966131695961 ], [ 17.303729564753883, 52.945869185643971 ], [ 17.30367640571901, 52.945838928747698 ] ] ] } },
{ "type": "Feature", "properties": { "TERYT": "3028", "LOKALNYID": "2EBDC9DC-3961-7DB6-E053-CC2BA8C07DDB", "PRZES_NAZW": "PL.PZGiK.308.BDOT10k", "WERSJA": "20240917000000", "POCZ_WERSJ": "20240917000000", "OZNA_ZMIAN": "GK-KARTO.600.48.2024", "ZRO_DANYCH": "ortofotomapa", "KAT_ISTNIE": "eksploatowany", "UWAGI": null, "INFO_DODAT": null, "KOD10K": null, "SKROT_KART": null, "KAT_ZARZAD": "gminna", "KLASA_DROG": "droga lokalna", "MATE_NAWIE": "masa bitumiczna", "NAZWA_DROG": null, "LICZ_JEZDN": 1.0, "POLOZENIE": "na powierzchni gruntu", "SZER_NAWIE": 6.0, "NUMER_DROG": "207007P" }, "geometry": { "type": "MultiLineString", "coordinates": [ [ [ 17.3011341636869, 52.943533599470541 ], [ 17.301230448867081, 52.943557369440661 ], [ 17.301392813542829, 52.943600700143548 ], [ 17.301486864496205, 52.943628305079599 ], [ 17.301580128436523, 52.943653200702236 ], [ 17.301721280588179, 52.943698386118641 ], [ 17.301771240361262, 52.943715198190759 ], [ 17.301864701090857, 52.943746481638357 ], [ 17.302007579819868, 52.943808418911487 ], [ 17.30220394890215, 52.943892074725625 ], [ 17.302513247485862, 52.944019342308756 ] ] ] } },
{ "type": "Feature", "properties": { "TERYT": "3028", "LOKALNYID": "2EBDC9DC-3B88-7DB6-E053-CC2BA8C07DDB", "PRZES_NAZW": "PL.PZGiK.308.BDOT10k", "WERSJA": "20231231120000", "POCZ_WERSJ": "20231231120000", "OZNA_ZMIAN": "GI-TOPO.600.116.2023", "ZRO_DANYCH": "ortofotomapa", "KAT_ISTNIE": "eksploatowany", "UWAGI": null, "INFO_DODAT": null, "KOD10K": null, "SKROT_KART": null, "KAT_ZARZAD": "wojewódzka", "KLASA_DROG": "droga główna", "MATE_NAWIE": "masa bitumiczna", "NAZWA_DROG": null, "LICZ_JEZDN": 1.0, "POLOZENIE": "na powierzchni gruntu", "SZER_NAWIE": 6.0, "NUMER_DROG": "193" }, "geometry": { "type": "MultiLineString", "coordinates": [ [ [ 17.289592678508896, 52.945721294666271 ], [ 17.288787562955491, 52.945934984564914 ], [ 17.288347080199095, 52.946053916756661 ] ] ] } },
{ "type": "Feature", "properties": { "TERYT": "3028", "LOKALNYID": "5ec94f56-4836-4dfb-868d-b839a2e20f70", "PRZES_NAZW": "PL.PZGiK.308.BDOT10k", "WERSJA": "20240917000000", "POCZ_WERSJ": "20240917000000", "OZNA_ZMIAN": "GK-KARTO.600.48.2024", "ZRO_DANYCH": "ortofotomapa", "KAT_ISTNIE": "eksploatowany", "UWAGI": null, "INFO_DODAT": null, "KOD10K": null, "SKROT_KART": null, "KAT_ZARZAD": "gminna", "KLASA_DROG": "droga dojazdowa", "MATE_NAWIE": "kostka prefabrykowana", "NAZWA_DROG": null, "LICZ_JEZDN": 1.0, "POLOZENIE": "na powierzchni gruntu", "SZER_NAWIE": 5.0, "NUMER_DROG": "207005P" }, "geometry": { "type": "MultiLineString", "coordinates": [ [ [ 17.302976632395641, 52.945261190031957 ], [ 17.303047457758268, 52.945186208272617 ], [ 17.303136292850173, 52.944951582978561 ], [ 17.303188878287063, 52.944810060099648 ], [ 17.303216371807576, 52.94473904600045 ] ] ] } },
{ "type": "Feature", "properties": { "TERYT": "3028", "LOKALNYID": "2EBDC9DC-3ABD-7DB6-E053-CC2BA8C07DDB", "PRZES_NAZW": "PL.PZGiK.308.BDOT10k", "WERSJA": "20240917000000", "POCZ_WERSJ": "20240917000000", "OZNA_ZMIAN": "GK-KARTO.600.48.2024", "ZRO_DANYCH": "ortofotomapa", "KAT_ISTNIE": "eksploatowany", "UWAGI": null, "INFO_DODAT": null, "KOD10K": null, "SKROT_KART": null, "KAT_ZARZAD": "wojewódzka", "KLASA_DROG": "droga główna", "MATE_NAWIE": "masa bitumiczna", "NAZWA_DROG": null, "LICZ_JEZDN": 1.0, "POLOZENIE": "na powierzchni gruntu", "SZER_NAWIE": 7.0, "NUMER_DROG": "242" }, "geometry": { "type": "MultiLineString", "coordinates": [ [ [ 17.299703582930999, 52.943902455886288 ], [ 17.299690480780793, 52.94386071936426 ], [ 17.299684320606382, 52.94382798554588 ], [ 17.2996789507703, 52.94377889523831 ], [ 17.299680188015415, 52.943747346474822 ], [ 17.299682207786649, 52.943695843792106 ], [ 17.29968066985597, 52.943640153280484 ], [ 17.299678231688134, 52.943546678041066 ] ] ] } },
{ "type": "Feature", "properties": { "TERYT": "3028", "LOKALNYID": "ffda9891-377e-4cca-b4e1-f20a3c9bc93a", "PRZES_NAZW": "PL.PZGiK.308.BDOT10k", "WERSJA": "20240917000000", "POCZ_WERSJ": "20240917000000", "OZNA_ZMIAN": "GK-KARTO.600.48.2024", "ZRO_DANYCH": "ortofotomapa", "KAT_ISTNIE": "eksploatowany", "UWAGI": null, "INFO_DODAT": null, "KOD10K": null, "SKROT_KART": null, "KAT_ZARZAD": "gminna", "KLASA_DROG": "droga dojazdowa", "MATE_NAWIE": "kostka prefabrykowana", "NAZWA_DROG": null, "LICZ_JEZDN": 1.0, "POLOZENIE": "na powierzchni gruntu", "SZER_NAWIE": 5.0, "NUMER_DROG": "207005P" }, "geometry": { "type": "MultiLineString", "coordinates": [ [ [ 17.303216371807576, 52.94473904600045 ], [ 17.303241344826962, 52.944675370399146 ], [ 17.303290511869019, 52.944575527524634 ] ] ] } },
{ "type": "Feature", "properties": { "TERYT": "3028", "LOKALNYID": "2EBDC9DC-4FCD-7DB6-E053-CC2BA8C07DDB", "PRZES_NAZW": "PL.PZGiK.308.BDOT10k", "WERSJA": "20231231120000", "POCZ_WERSJ": "20231231120000", "OZNA_ZMIAN": "GI-TOPO.600.116.2023", "ZRO_DANYCH": "ortofotomapa", "KAT_ISTNIE": "eksploatowany", "UWAGI": null, "INFO_DODAT": null, "KOD10K": null, "SKROT_KART": null, "KAT_ZARZAD": "powiatowa", "KLASA_DROG": "droga lokalna", "MATE_NAWIE": "masa bitumiczna", "NAZWA_DROG": null, "LICZ_JEZDN": 1.0, "POLOZENIE": "na powierzchni gruntu", "SZER_NAWIE": 6.0, "NUMER_DROG": "1560P" }, "geometry": { "type": "MultiLineString", "coordinates": [ [ [ 17.312946855337142, 52.947063059510647 ], [ 17.313561308699075, 52.947139861155776 ] ] ] } },
{ "type": "Feature", "properties": { "TERYT": "3028", "LOKALNYID": "59E1D576-E94D-47E0-B47A-A8A3F6966B9F", "PRZES_NAZW": "PL.PZGiK.308.BDOT10k", "WERSJA": "20240917000000", "POCZ_WERSJ": "20240917000000", "OZNA_ZMIAN": "GK-KARTO.600.48.2024", "ZRO_DANYCH": "ortofotomapa", "KAT_ISTNIE": "eksploatowany", "UWAGI": null, "INFO_DODAT": null, "KOD10K": null, "SKROT_KART": null, "KAT_ZARZAD": "wewnętrzna", "KLASA_DROG": "droga wewnętrzna", "MATE_NAWIE": "kostka prefabrykowana", "NAZWA_DROG": null, "LICZ_JEZDN": 1.0, "POLOZENIE": "na powierzchni gruntu", "SZER_NAWIE": 5.0, "NUMER_DROG": null }, "geometry": { "type": "MultiLineString", "coordinates": [ [ [ 17.302501084558298, 52.939949342866875 ], [ 17.302308223541012, 52.939749903832933 ], [ 17.302292027739437, 52.939722512651279 ], [ 17.302286789897451, 52.939700404226656 ], [ 17.302289184046135, 52.939684880030605 ], [ 17.302322361196254, 52.939654956747219 ], [ 17.302401432482128, 52.939608691869921 ], [ 17.302529944252036, 52.939561964179966 ], [ 17.302577629194783, 52.939553112550584 ], [ 17.302632722457329, 52.939548953320923 ], [ 17.302675070449318, 52.939558551601927 ], [ 17.302767820382773, 52.939611588036463 ], [ 17.302874297422289, 52.939717071536265 ], [ 17.302879833127204, 52.939739184187751 ], [ 17.302866651242674, 52.939775508684171 ], [ 17.302826010279883, 52.939817376519358 ], [ 17.302619778704141, 52.939906251994643 ], [ 17.302501084558298, 52.939949342866875 ] ] ] } },
{ "type": "Feature", "properties": { "TERYT": "3028", "LOKALNYID": "2EBDC9DC-3935-7DB6-E053-CC2BA8C07DDB", "PRZES_NAZW": "PL.PZGiK.308.BDOT10k", "WERSJA": "20240917000000", "POCZ_WERSJ": "20240917000000", "OZNA_ZMIAN": "GK-KARTO.600.48.2024", "ZRO_DANYCH": "ortofotomapa", "KAT_ISTNIE": "eksploatowany", "UWAGI": null, "INFO_DODAT": null, "KOD10K": null, "SKROT_KART": null, "KAT_ZARZAD": "gminna", "KLASA_DROG": "droga lokalna", "MATE_NAWIE": "masa bitumiczna", "NAZWA_DROG": null, "LICZ_JEZDN": 1.0, "POLOZENIE": "na powierzchni gruntu", "SZER_NAWIE": 6.0, "NUMER_DROG": "207002P" }, "geometry": { "type": "MultiLineString", "coordinates": [ [ [ 17.308180562800054, 52.945088535237524 ], [ 17.308162509257542, 52.945135313050066 ], [ 17.308144133523008, 52.945182715801892 ], [ 17.308128907640373, 52.945221889581184 ], [ 17.308093334378661, 52.945313204467638 ], [ 17.308061374822145, 52.94539584731627 ], [ 17.308024980092267, 52.945489129006376 ], [ 17.308016705191903, 52.945510415185893 ], [ 17.307994076233417, 52.945590492897757 ] ] ] } },
{ "type": "Feature", "properties": { "TERYT": "3028", "LOKALNYID": "a79f28f1-8513-460d-9c2f-3aa94c28d0fc", "PRZES_NAZW": "PL.PZGiK.308.BDOT10k", "WERSJA": "20240917000000", "POCZ_WERSJ": "20240917000000", "OZNA_ZMIAN": "GK-KARTO.600.48.2024", "ZRO_DANYCH": "ortofotomapa", "KAT_ISTNIE": "eksploatowany", "UWAGI": null, "INFO_DODAT": null, "KOD10K": null, "SKROT_KART": null, "KAT_ZARZAD": "powiatowa", "KLASA_DROG": "droga lokalna", "MATE_NAWIE": "masa bitumiczna", "NAZWA_DROG": null, "LICZ_JEZDN": 1.0, "POLOZENIE": "na powierzchni gruntu", "SZER_NAWIE": 6.0, "NUMER_DROG": "1560P" }, "geometry": { "type": "MultiLineString", "coordinates": [ [ [ 17.302022806010569, 52.944890799358525 ], [ 17.302096752887486, 52.944911011786665 ], [ 17.302138291577087, 52.944922397313128 ], [ 17.30237338382441, 52.944986820890534 ], [ 17.302580583563156, 52.94504877707687 ], [ 17.302666136775859, 52.945080576430996 ], [ 17.302740655375828, 52.945116624811817 ], [ 17.302842932778532, 52.945181398507238 ], [ 17.302976632395641, 52.945261190031957 ] ] ] } },
{ "type": "Feature", "properties": { "TERYT": "3028", "LOKALNYID": "A90BC6C2-7ADF-4FF4-B3C8-05BF3E27B59B", "PRZES_NAZW": "PL.PZGiK.308.BDOT10k", "WERSJA": "20231231120000", "POCZ_WERSJ": "20231231120000", "OZNA_ZMIAN": "GI-TOPO.600.116.2023", "ZRO_DANYCH": "ortofotomapa", "KAT_ISTNIE": "eksploatowany", "UWAGI": null, "INFO_DODAT": null, "KOD10K": null, "SKROT_KART": null, "KAT_ZARZAD": "wewnętrzna", "KLASA_DROG": "droga wewnętrzna", "MATE_NAWIE": "kostka prefabrykowana", "NAZWA_DROG": null, "LICZ_JEZDN": 1.0, "POLOZENIE": "na powierzchni gruntu", "SZER_NAWIE": 6.0, "NUMER_DROG": null }, "geometry": { "type": "MultiLineString", "coordinates": [ [ [ 17.306094900763398, 52.9405341162309 ], [ 17.306264810165192, 52.940532761302727 ], [ 17.306301758467391, 52.940524384652058 ], [ 17.306341036806341, 52.940513523082387 ], [ 17.306363551753197, 52.940501163484534 ], [ 17.306373441167828, 52.940488084314559 ], [ 17.306391415688488, 52.940458572734812 ], [ 17.306423643223535, 52.940384297856724 ], [ 17.306450219811296, 52.940347984047747 ], [ 17.306466808720259, 52.940327266132591 ], [ 17.306508315882375, 52.940308881912323 ], [ 17.306561206914015, 52.940296325706349 ], [ 17.306630562858011, 52.940292907501608 ], [ 17.306898149867607, 52.940310031026812 ], [ 17.306970531986945, 52.940309173868641 ], [ 17.30701605884169, 52.94029840111584 ], [ 17.307042935917025, 52.940281067303893 ], [ 17.307059947048121, 52.940234274778319 ] ] ] } },
{ "type": "Feature", "properties": { "TERYT": "3028", "LOKALNYID": "fea2af2e-3578-4f0f-a88c-c67440b07bfc", "PRZES_NAZW": "PL.PZGiK.308.BDOT10k", "WERSJA": "20260331000000", "POCZ_WERSJ": "20260331000000", "OZNA_ZMIAN": "BGW-I-K.7520.3.2026", "ZRO_DANYCH": "ortofotomapa", "KAT_ISTNIE": "eksploatowany", "UWAGI": null, "INFO_DODAT": null, "KOD10K": null, "SKROT_KART": null, "KAT_ZARZAD": "wewnętrzna", "KLASA_DROG": "droga wewnętrzna", "MATE_NAWIE": "kostka prefabrykowana", "NAZWA_DROG": null, "LICZ_JEZDN": 1.0, "POLOZENIE": "na powierzchni gruntu", "SZER_NAWIE": 3.5, "NUMER_DROG": null }, "geometry": { "type": "MultiLineString", "coordinates": [ [ [ 17.303149251109808, 52.941204442893316 ], [ 17.30284084573081, 52.94126020312369 ], [ 17.302642353149853, 52.94132994355234 ], [ 17.302482126127735, 52.941399510901469 ], [ 17.302355763191954, 52.941448247788244 ], [ 17.302050938747964, 52.941568359214571 ], [ 17.301823494589943, 52.941655041605806 ], [ 17.301438764190266, 52.941800719470024 ] ] ] } },
{ "type": "Feature", "properties": { "TERYT": "3028", "LOKALNYID": "2EBDC9DC-4D56-7DB6-E053-CC2BA8C07DDB", "PRZES_NAZW": "PL.PZGiK.308.BDOT10k", "WERSJA": "20260622000000", "POCZ_WERSJ": "20260622000000", "OZNA_ZMIAN": "BGW-I-K.7520.3.2026", "ZRO_DANYCH": "ortofotomapa", "KAT_ISTNIE": "eksploatowany", "UWAGI": null, "INFO_DODAT": null, "KOD10K": null, "SKROT_KART": null, "KAT_ZARZAD": "powiatowa", "KLASA_DROG": "droga lokalna", "MATE_NAWIE": "masa bitumiczna", "NAZWA_DROG": null, "LICZ_JEZDN": 1.0, "POLOZENIE": "na powierzchni gruntu", "SZER_NAWIE": 4.0, "NUMER_DROG": "1560P" }, "geometry": { "type": "MultiLineString", "coordinates": [ [ [ 17.315044054203305, 52.947397509553596 ], [ 17.315165210279535, 52.947364063857698 ], [ 17.315269038150536, 52.947351236739429 ], [ 17.315361191946458, 52.947351464126463 ], [ 17.315510668842492, 52.947359338988633 ], [ 17.315987622081611, 52.947384625743943 ], [ 17.31612110261997, 52.947386517432854 ], [ 17.316211875346916, 52.947387803780067 ], [ 17.316297542348373, 52.947382542555658 ], [ 17.316361843851585, 52.947375359745926 ], [ 17.316434369445176, 52.947363437061831 ], [ 17.316479541030354, 52.947354274417457 ], [ 17.316531312489246, 52.947343856272809 ], [ 17.316625765384259, 52.947319383761098 ], [ 17.316766232645534, 52.947279375139985 ], [ 17.317013029448511, 52.947181247074766 ] ] ] } },
{ "type": "Feature", "properties": { "TERYT": "3028", "LOKALNYID": "2EBDC9DC-42E8-7DB6-E053-CC2BA8C07DDB", "PRZES_NAZW": "PL.PZGiK.308.BDOT10k", "WERSJA": "20240917000000", "POCZ_WERSJ": "20240917000000", "OZNA_ZMIAN": "GK-KARTO.600.48.2024", "ZRO_DANYCH": "ortofotomapa", "KAT_ISTNIE": "eksploatowany", "UWAGI": null, "INFO_DODAT": null, "KOD10K": null, "SKROT_KART": null, "KAT_ZARZAD": "gminna", "KLASA_DROG": "droga lokalna", "MATE_NAWIE": "masa bitumiczna", "NAZWA_DROG": null, "LICZ_JEZDN": 1.0, "POLOZENIE": "na powierzchni gruntu", "SZER_NAWIE": 5.0, "NUMER_DROG": "207014P" }, "geometry": { "type": "MultiLineString", "coordinates": [ [ [ 17.319071997465077, 52.943203441188523 ], [ 17.319738313457847, 52.943250817432208 ], [ 17.320075183956948, 52.943278603610956 ], [ 17.320465626816546, 52.943310833354069 ], [ 17.320782474628889, 52.943332848594949 ], [ 17.321422447639787, 52.943380112862336 ], [ 17.32206735669255, 52.943426813850607 ], [ 17.322708190639119, 52.943474982657605 ], [ 17.323683947615528, 52.943562947409291 ], [ 17.324308528066592, 52.943615734610724 ], [ 17.324553848399056, 52.943631874625048 ], [ 17.32467119084329, 52.943646569444219 ], [ 17.324784827616067, 52.943683964859581 ] ] ] } },
{ "type": "Feature", "properties": { "TERYT": "3028", "LOKALNYID": "A34C090B-24A8-4B11-B7F0-923AB565A230", "PRZES_NAZW": "PL.PZGiK.308.BDOT10k", "WERSJA": "20240917000000", "POCZ_WERSJ": "20240917000000", "OZNA_ZMIAN": "GK-KARTO.600.48.2024", "ZRO_DANYCH": "ortofotomapa", "KAT_ISTNIE": "eksploatowany", "UWAGI": null, "INFO_DODAT": null, "KOD10K": null, "SKROT_KART": null, "KAT_ZARZAD": "wewnętrzna", "KLASA_DROG": "droga wewnętrzna", "MATE_NAWIE": "grunt naturalny", "NAZWA_DROG": null, "LICZ_JEZDN": 1.0, "POLOZENIE": "na powierzchni gruntu", "SZER_NAWIE": null, "NUMER_DROG": null }, "geometry": { "type": "MultiLineString", "coordinates": [ [ [ 17.3013806516337, 52.939468735857439 ], [ 17.301117898377562, 52.939579193967127 ], [ 17.300695007984427, 52.939772168076011 ], [ 17.300177847814773, 52.939985016226345 ], [ 17.300103036802895, 52.94000606941794 ], [ 17.300060018685219, 52.940009770716848 ], [ 17.300012359757357, 52.939995149198161 ], [ 17.299951209599271, 52.939937346640491 ], [ 17.299633303578588, 52.939647080203024 ], [ 17.299606135799117, 52.939622409475625 ] ] ] } },
{ "type": "Feature", "properties": { "TERYT": "3028", "LOKALNYID": "2EBDC9DC-3864-7DB6-E053-CC2BA8C07DDB", "PRZES_NAZW": "PL.PZGiK.308.BDOT10k", "WERSJA": "20260331000000", "POCZ_WERSJ": "20260331000000", "OZNA_ZMIAN": "BGW-I-K.7520.3.2026", "ZRO_DANYCH": "ortofotomapa", "KAT_ISTNIE": "eksploatowany", "UWAGI": null, "INFO_DODAT": null, "KOD10K": null, "SKROT_KART": null, "KAT_ZARZAD": "wewnętrzna", "KLASA_DROG": "droga wewnętrzna", "MATE_NAWIE": "masa bitumiczna", "NAZWA_DROG": null, "LICZ_JEZDN": 1.0, "POLOZENIE": "na powierzchni gruntu", "SZER_NAWIE": 3.0, "NUMER_DROG": null }, "geometry": { "type": "MultiLineString", "coordinates": [ [ [ 17.30454470239188, 52.939933916147346 ], [ 17.304198776025547, 52.939628513257489 ], [ 17.304180931869396, 52.93961279009789 ], [ 17.304121216364234, 52.93956004643735 ] ] ] } },
{ "type": "Feature", "properties": { "TERYT": "3028", "LOKALNYID": "F35D7454-7E56-452C-81B2-B9C9D408632B", "PRZES_NAZW": "PL.PZGiK.308.BDOT10k", "WERSJA": "20240917000000", "POCZ_WERSJ": "20240917000000", "OZNA_ZMIAN": "GK-KARTO.600.48.2024", "ZRO_DANYCH": "ortofotomapa", "KAT_ISTNIE": "eksploatowany", "UWAGI": null, "INFO_DODAT": null, "KOD10K": null, "SKROT_KART": null, "KAT_ZARZAD": "wewnętrzna", "KLASA_DROG": "droga wewnętrzna", "MATE_NAWIE": "płyty betonowe", "NAZWA_DROG": null, "LICZ_JEZDN": 1.0, "POLOZENIE": "na powierzchni gruntu", "SZER_NAWIE": 4.0, "NUMER_DROG": null }, "geometry": { "type": "MultiLineString", "coordinates": [ [ [ 17.31029951061209, 52.947715136827725 ], [ 17.31047290062974, 52.947613730034305 ], [ 17.3106029741882, 52.947420335435211 ], [ 17.31074714408296, 52.947132621756111 ], [ 17.310767286017963, 52.947085693401426 ] ] ] } },
{ "type": "Feature", "properties": { "TERYT": "3028", "LOKALNYID": "A95E6440-A56F-45A3-84E3-15DDC1848654", "PRZES_NAZW": "PL.PZGiK.308.BDOT10k", "WERSJA": "20240917000000", "POCZ_WERSJ": "20240917000000", "OZNA_ZMIAN": "GK-KARTO.600.48.2024", "ZRO_DANYCH": "ortofotomapa", "KAT_ISTNIE": "eksploatowany", "UWAGI": null, "INFO_DODAT": null, "KOD10K": null, "SKROT_KART": null, "KAT_ZARZAD": "wewnętrzna", "KLASA_DROG": "droga wewnętrzna", "MATE_NAWIE": "masa bitumiczna", "NAZWA_DROG": null, "LICZ_JEZDN": 1.0, "POLOZENIE": "na powierzchni gruntu", "SZER_NAWIE": 4.0, "NUMER_DROG": null }, "geometry": { "type": "MultiLineString", "coordinates": [ [ [ 17.288902196546569, 52.94406413877126 ], [ 17.288529576676023, 52.943882503157063 ], [ 17.286080372330051, 52.942809370352087 ], [ 17.285993355660477, 52.942803708372338 ], [ 17.28593837630218, 52.942816135409807 ], [ 17.285884459309205, 52.942831815341869 ], [ 17.285545099774403, 52.943119831280718 ], [ 17.285491959954285, 52.943176082102013 ], [ 17.285471728203159, 52.943228401048749 ], [ 17.285480247687151, 52.943287789930977 ], [ 17.285508369398137, 52.94331454613846 ], [ 17.286946327551572, 52.94368854425236 ], [ 17.287132461149312, 52.943759217159403 ], [ 17.287207551420728, 52.943806795066877 ] ] ] } },
{ "type": "Feature", "properties": { "TERYT": "3028", "LOKALNYID": "187D1621-33E1-4CB3-B936-92F632CE32D8", "PRZES_NAZW": "PL.PZGiK.308.BDOT10k", "WERSJA": "20240917000000", "POCZ_WERSJ": "20240917000000", "OZNA_ZMIAN": "GK-KARTO.600.48.2024", "ZRO_DANYCH": "ortofotomapa", "KAT_ISTNIE": "eksploatowany", "UWAGI": null, "INFO_DODAT": null, "KOD10K": null, "SKROT_KART": null, "KAT_ZARZAD": "wewnętrzna", "KLASA_DROG": "droga wewnętrzna", "MATE_NAWIE": "płyty betonowe", "NAZWA_DROG": null, "LICZ_JEZDN": 1.0, "POLOZENIE": "na powierzchni gruntu", "SZER_NAWIE": 4.0, "NUMER_DROG": null }, "geometry": { "type": "MultiLineString", "coordinates": [ [ [ 17.310767286017963, 52.947085693401426 ], [ 17.310899682442653, 52.946779106138756 ] ] ] } },
{ "type": "Feature", "properties": { "TERYT": "3028", "LOKALNYID": "dd64f07b-c75b-4c37-b4f7-d6110a1f7d04", "PRZES_NAZW": "PL.PZGiK.308.BDOT10k", "WERSJA": "20260520000000", "POCZ_WERSJ": "20260520000000", "OZNA_ZMIAN": "BGW-I-K.7520.3.2026", "ZRO_DANYCH": "ortofotomapa", "KAT_ISTNIE": "eksploatowany", "UWAGI": null, "INFO_DODAT": null, "KOD10K": null, "SKROT_KART": null, "KAT_ZARZAD": "powiatowa", "KLASA_DROG": "droga lokalna", "MATE_NAWIE": "masa bitumiczna", "NAZWA_DROG": null, "LICZ_JEZDN": 1.0, "POLOZENIE": "na powierzchni gruntu", "SZER_NAWIE": 5.5, "NUMER_DROG": "1557P" }, "geometry": { "type": "MultiLineString", "coordinates": [ [ [ 17.317939903640141, 52.950119521407302 ], [ 17.317989407557299, 52.950179128041071 ], [ 17.318116888987497, 52.950332019343129 ] ] ] } },
{ "type": "Feature", "properties": { "TERYT": "3028", "LOKALNYID": "2EBDC9DC-48FA-7DB6-E053-CC2BA8C07DDB", "PRZES_NAZW": "PL.PZGiK.308.BDOT10k", "WERSJA": "20260525000000", "POCZ_WERSJ": "20260525000000", "OZNA_ZMIAN": "BGW-I-K.7520.3.2026", "ZRO_DANYCH": "ortofotomapa", "KAT_ISTNIE": "eksploatowany", "UWAGI": null, "INFO_DODAT": null, "KOD10K": null, "SKROT_KART": null, "KAT_ZARZAD": "gminna", "KLASA_DROG": "droga lokalna", "MATE_NAWIE": "masa bitumiczna", "NAZWA_DROG": null, "LICZ_JEZDN": 1.0, "POLOZENIE": "na powierzchni gruntu", "SZER_NAWIE": 6.0, "NUMER_DROG": "207017P" }, "geometry": { "type": "MultiLineString", "coordinates": [ [ [ 17.312884246310972, 52.945393108492681 ], [ 17.313359944128674, 52.945461555848638 ], [ 17.313759696527413, 52.945518940990205 ], [ 17.31425100237518, 52.945591923033298 ] ] ] } },
{ "type": "Feature", "properties": { "TERYT": "3028", "LOKALNYID": "2EBDC9DC-31AC-7DB6-E053-CC2BA8C07DDB", "PRZES_NAZW": "PL.PZGiK.308.BDOT10k", "WERSJA": "20260330000000", "POCZ_WERSJ": "20260330000000", "OZNA_ZMIAN": "BGW-I-K.7520.3.2026", "ZRO_DANYCH": "ortofotomapa", "KAT_ISTNIE": "eksploatowany", "UWAGI": null, "INFO_DODAT": null, "KOD10K": null, "SKROT_KART": null, "KAT_ZARZAD": "wewnętrzna", "KLASA_DROG": "droga wewnętrzna", "MATE_NAWIE": "grunt naturalny", "NAZWA_DROG": null, "LICZ_JEZDN": 1.0, "POLOZENIE": "na powierzchni gruntu", "SZER_NAWIE": null, "NUMER_DROG": null }, "geometry": { "type": "MultiLineString", "coordinates": [ [ [ 17.277156452273552, 52.948895591452107 ], [ 17.277246647329424, 52.948956434951 ], [ 17.27741020001077, 52.949070952788325 ], [ 17.277443527481193, 52.949124046843721 ], [ 17.277454151254499, 52.949175192962748 ], [ 17.277460590534218, 52.949204244792256 ], [ 17.277448555701167, 52.94927853498978 ], [ 17.277414332189, 52.949424090316988 ], [ 17.277393239811531, 52.949523970084293 ], [ 17.277383337708493, 52.9496982069372 ], [ 17.277390583311327, 52.949931778467509 ], [ 17.277394830801683, 52.949989756999294 ], [ 17.277404946541559, 52.950289740795235 ], [ 17.277406497593422, 52.950336888254114 ], [ 17.277419081737538, 52.950552280721269 ], [ 17.277450820541127, 52.950735305125491 ], [ 17.277527142538101, 52.951047939926781 ], [ 17.277595853216425, 52.951398506046267 ], [ 17.277665097068621, 52.951701954867126 ], [ 17.277741751597961, 52.951890126834726 ], [ 17.277790440165941, 52.952028879866695 ], [ 17.277793721629347, 52.952096197404757 ], [ 17.277725563628763, 52.952451164838763 ], [ 17.277668280426433, 52.952757276297277 ], [ 17.277668311427696, 52.952827694377376 ], [ 17.277689652737777, 52.952852735313527 ], [ 17.277733603365593, 52.952882150935544 ], [ 17.27778594886043, 52.952898917709646 ], [ 17.277967622336142, 52.952928800383397 ], [ 17.278571034464136, 52.953014256399484 ], [ 17.279565999661113, 52.953169321489199 ], [ 17.279824249026976, 52.953202108643936 ], [ 17.280169641532062, 52.953241642437838 ], [ 17.280756072578068, 52.953308675041718 ] ] ] } },
{ "type": "Feature", "properties": { "TERYT": "3028", "LOKALNYID": "69b94478-ec42-4820-91b5-763139267351", "PRZES_NAZW": "PL.PZGiK.308.BDOT10k", "WERSJA": "20240917000000", "POCZ_WERSJ": "20240917000000", "OZNA_ZMIAN": "GK-KARTO.600.48.2024", "ZRO_DANYCH": "ortofotomapa", "KAT_ISTNIE": "eksploatowany", "UWAGI": null, "INFO_DODAT": null, "KOD10K": null, "SKROT_KART": null, "KAT_ZARZAD": "powiatowa", "KLASA_DROG": "droga lokalna", "MATE_NAWIE": "masa bitumiczna", "NAZWA_DROG": null, "LICZ_JEZDN": 1.0, "POLOZENIE": "na powierzchni gruntu", "SZER_NAWIE": 9.0, "NUMER_DROG": "1600P" }, "geometry": { "type": "MultiLineString", "coordinates": [ [ [ 17.293618940342274, 52.941579671633704 ], [ 17.293680117561106, 52.941602583833408 ], [ 17.294375294443405, 52.941864917573547 ], [ 17.294422677392877, 52.941882774977287 ], [ 17.294607098091607, 52.941959257222571 ], [ 17.294652214076805, 52.94197798132506 ], [ 17.294774000726878, 52.94202694411932 ] ] ] } },
{ "type": "Feature", "properties": { "TERYT": "3028", "LOKALNYID": "2EBDC9DC-51E8-7DB6-E053-CC2BA8C07DDB", "PRZES_NAZW": "PL.PZGiK.308.BDOT10k", "WERSJA": "20240917000000", "POCZ_WERSJ": "20240917000000", "OZNA_ZMIAN": "GK-KARTO.600.48.2024", "ZRO_DANYCH": "ortofotomapa", "KAT_ISTNIE": "eksploatowany", "UWAGI": null, "INFO_DODAT": null, "KOD10K": null, "SKROT_KART": null, "KAT_ZARZAD": "gminna", "KLASA_DROG": "droga lokalna", "MATE_NAWIE": "grunt naturalny", "NAZWA_DROG": null, "LICZ_JEZDN": 1.0, "POLOZENIE": "na powierzchni gruntu", "SZER_NAWIE": null, "NUMER_DROG": "207050P" }, "geometry": { "type": "MultiLineString", "coordinates": [ [ [ 17.322137680975608, 52.955642811831829 ], [ 17.322367625681636, 52.955684729319536 ], [ 17.32406827620343, 52.95594641793361 ], [ 17.326118276141663, 52.956270740158345 ], [ 17.326193245433124, 52.95627683237052 ], [ 17.326249499643872, 52.956277804584218 ], [ 17.326315907859033, 52.956262642010905 ], [ 17.32639066435874, 52.956220257511447 ], [ 17.327036675434421, 52.955765122721971 ], [ 17.327484198573814, 52.955475094865477 ], [ 17.327673141223265, 52.955344743927213 ], [ 17.327845852440479, 52.955218211251278 ], [ 17.328083590239597, 52.955035036481668 ], [ 17.328389998869046, 52.954774046440967 ] ] ] } },
{ "type": "Feature", "properties": { "TERYT": "3028", "LOKALNYID": "63F2C9BF-F60A-48BE-9C93-3A1C1AB6439A", "PRZES_NAZW": "PL.PZGiK.308.BDOT10k", "WERSJA": "20240917000000", "POCZ_WERSJ": "20240917000000", "OZNA_ZMIAN": "GK-KARTO.600.48.2024", "ZRO_DANYCH": "ortofotomapa", "KAT_ISTNIE": "eksploatowany", "UWAGI": null, "INFO_DODAT": null, "KOD10K": null, "SKROT_KART": null, "KAT_ZARZAD": "wojewódzka", "KLASA_DROG": "droga główna", "MATE_NAWIE": "masa bitumiczna", "NAZWA_DROG": null, "LICZ_JEZDN": 1.0, "POLOZENIE": "na powierzchni gruntu", "SZER_NAWIE": 6.0, "NUMER_DROG": "242" }, "geometry": { "type": "MultiLineString", "coordinates": [ [ [ 17.305966312804614, 52.938807099365114 ], [ 17.307041568366643, 52.938375279133616 ], [ 17.307145008431839, 52.938333765081737 ], [ 17.307775258072436, 52.93807483320807 ], [ 17.30843765545611, 52.937804394654393 ], [ 17.309065563188874, 52.937555495151393 ], [ 17.309608802462343, 52.937332367629836 ], [ 17.310602169758678, 52.93693352489997 ], [ 17.311498876475344, 52.936573859996976 ], [ 17.312608882515285, 52.936125936101512 ], [ 17.31411921477288, 52.935514789269249 ] ] ] } },
{ "type": "Feature", "properties": { "TERYT": "3028", "LOKALNYID": "A0352D5F-7574-42F1-A17E-056CF6C8F106", "PRZES_NAZW": "PL.PZGiK.308.BDOT10k", "WERSJA": "20231231120000", "POCZ_WERSJ": "20231231120000", "OZNA_ZMIAN": "GI-TOPO.600.116.2023", "ZRO_DANYCH": "ortofotomapa", "KAT_ISTNIE": "eksploatowany", "UWAGI": null, "INFO_DODAT": null, "KOD10K": null, "SKROT_KART": null, "KAT_ZARZAD": "wewnętrzna", "KLASA_DROG": "droga wewnętrzna", "MATE_NAWIE": "kostka prefabrykowana", "NAZWA_DROG": null, "LICZ_JEZDN": 1.0, "POLOZENIE": "na powierzchni gruntu", "SZER_NAWIE": 3.0, "NUMER_DROG": null }, "geometry": { "type": "MultiLineString", "coordinates": [ [ [ 17.305704195448648, 52.940528545353445 ], [ 17.305341673549432, 52.940521756386737 ] ] ] } },
{ "type": "Feature", "properties": { "TERYT": "3028", "LOKALNYID": "2EBDC9DC-41ED-7DB6-E053-CC2BA8C07DDB", "PRZES_NAZW": "PL.PZGiK.308.BDOT10k", "WERSJA": "20231231120000", "POCZ_WERSJ": "20231231120000", "OZNA_ZMIAN": "GI-TOPO.600.116.2023", "ZRO_DANYCH": "ortofotomapa", "KAT_ISTNIE": "eksploatowany", "UWAGI": null, "INFO_DODAT": null, "KOD10K": null, "SKROT_KART": null, "KAT_ZARZAD": "wewnętrzna", "KLASA_DROG": "droga wewnętrzna", "MATE_NAWIE": "masa bitumiczna", "NAZWA_DROG": null, "LICZ_JEZDN": 1.0, "POLOZENIE": "na powierzchni gruntu", "SZER_NAWIE": 3.0, "NUMER_DROG": null }, "geometry": { "type": "MultiLineString", "coordinates": [ [ [ 17.289493602732033, 52.945621121915799 ], [ 17.289672988755655, 52.945595195430329 ], [ 17.289711397020554, 52.945587744246865 ], [ 17.289909418812073, 52.945538523188034 ], [ 17.29044951359322, 52.94538891240277 ], [ 17.291025918605619, 52.945235864385978 ], [ 17.291706406833036, 52.945048336866016 ], [ 17.29190066506137, 52.945000047665651 ], [ 17.291947444051516, 52.944991726835894 ], [ 17.291995363907027, 52.944988458637965 ], [ 17.29204338660168, 52.944990138216319 ], [ 17.29208614489616, 52.945000735407788 ], [ 17.292153841400204, 52.945028328651048 ] ] ] } },
{ "type": "Feature", "properties": { "TERYT": "3028", "LOKALNYID": "2EBDC9DC-3D46-7DB6-E053-CC2BA8C07DDB", "PRZES_NAZW": "PL.PZGiK.308.BDOT10k", "WERSJA": "20260330000000", "POCZ_WERSJ": "20260330000000", "OZNA_ZMIAN": "BGW-I-K.7520.3.2026", "ZRO_DANYCH": "ortofotomapa", "KAT_ISTNIE": "eksploatowany", "UWAGI": null, "INFO_DODAT": null, "KOD10K": null, "SKROT_KART": null, "KAT_ZARZAD": "wewnętrzna", "KLASA_DROG": "droga wewnętrzna", "MATE_NAWIE": "masa bitumiczna", "NAZWA_DROG": null, "LICZ_JEZDN": 1.0, "POLOZENIE": "na powierzchni gruntu", "SZER_NAWIE": 4.0, "NUMER_DROG": null }, "geometry": { "type": "MultiLineString", "coordinates": [ [ [ 17.30145337980726, 52.954039894033698 ], [ 17.30236035552203, 52.954170486975038 ] ] ] } },
{ "type": "Feature", "properties": { "TERYT": "3028", "LOKALNYID": "40ab6670-db04-4a86-927c-bf8bb7814c21", "PRZES_NAZW": "PL.PZGiK.308.BDOT10k", "WERSJA": "20240917000000", "POCZ_WERSJ": "20240917000000", "OZNA_ZMIAN": "GK-KARTO.600.48.2024", "ZRO_DANYCH": "ortofotomapa", "KAT_ISTNIE": "eksploatowany", "UWAGI": null, "INFO_DODAT": null, "KOD10K": null, "SKROT_KART": null, "KAT_ZARZAD": "powiatowa", "KLASA_DROG": "droga lokalna", "MATE_NAWIE": "masa bitumiczna", "NAZWA_DROG": null, "LICZ_JEZDN": 1.0, "POLOZENIE": "na powierzchni gruntu", "SZER_NAWIE": 6.0, "NUMER_DROG": "1600P" }, "geometry": { "type": "MultiLineString", "coordinates": [ [ [ 17.274098465801181, 52.934170048468232 ], [ 17.274201095095915, 52.93420931138251 ], [ 17.274292083446976, 52.934245617179428 ], [ 17.274408104306957, 52.93429622617564 ], [ 17.274674196503884, 52.934413316933686 ], [ 17.275073930071734, 52.93459089414312 ], [ 17.275326596349721, 52.934693848803803 ], [ 17.275563208754154, 52.934785058425248 ], [ 17.275906082138341, 52.934914142756213 ], [ 17.275979996965855, 52.934941925595545 ], [ 17.276309740158805, 52.935068120204541 ], [ 17.276537736855271, 52.935155245783818 ], [ 17.276611634645704, 52.935183477643662 ], [ 17.276829514324067, 52.93526676862831 ], [ 17.276867501169583, 52.935280989459436 ], [ 17.27759701199459, 52.935554533020522 ], [ 17.278145765640563, 52.935762139392125 ], [ 17.278272634645255, 52.935809664168545 ], [ 17.278373100825227, 52.935847363205596 ] ] ] } },
{ "type": "Feature", "properties": { "TERYT": "3028", "LOKALNYID": "38F54DA5-F395-4FF7-B09A-CC9D1A0E61ED", "PRZES_NAZW": "PL.PZGiK.308.BDOT10k", "WERSJA": "20260622000000", "POCZ_WERSJ": "20260622000000", "OZNA_ZMIAN": "BGW-I-K.7520.3.2026", "ZRO_DANYCH": "ortofotomapa", "KAT_ISTNIE": "eksploatowany", "UWAGI": null, "INFO_DODAT": null, "KOD10K": null, "SKROT_KART": null, "KAT_ZARZAD": "wewnętrzna", "KLASA_DROG": "droga wewnętrzna", "MATE_NAWIE": "masa bitumiczna", "NAZWA_DROG": null, "LICZ_JEZDN": 1.0, "POLOZENIE": "na powierzchni gruntu", "SZER_NAWIE": 4.0, "NUMER_DROG": null }, "geometry": { "type": "MultiLineString", "coordinates": [ [ [ 17.287207551420728, 52.943806795066877 ], [ 17.287245895452632, 52.943831090150631 ], [ 17.287329556822073, 52.943948129964411 ], [ 17.287385889264421, 52.944033389144053 ], [ 17.287537845056764, 52.944230644241777 ], [ 17.287760581892989, 52.944531892559091 ], [ 17.287808639467606, 52.944577911375191 ] ] ] } },
{ "type": "Feature", "properties": { "TERYT": "3028", "LOKALNYID": "2EBDC9DC-3EF4-7DB6-E053-CC2BA8C07DDB", "PRZES_NAZW": "PL.PZGiK.308.BDOT10k", "WERSJA": "20240917000000", "POCZ_WERSJ": "20240917000000", "OZNA_ZMIAN": "GK-KARTO.600.48.2024", "ZRO_DANYCH": "ortofotomapa", "KAT_ISTNIE": "eksploatowany", "UWAGI": null, "INFO_DODAT": null, "KOD10K": null, "SKROT_KART": null, "KAT_ZARZAD": "powiatowa", "KLASA_DROG": "droga lokalna", "MATE_NAWIE": "masa bitumiczna", "NAZWA_DROG": null, "LICZ_JEZDN": 1.0, "POLOZENIE": "na powierzchni gruntu", "SZER_NAWIE": 9.0, "NUMER_DROG": "1600P" }, "geometry": { "type": "MultiLineString", "coordinates": [ [ [ 17.295473523962848, 52.942326745852476 ], [ 17.295637481067597, 52.942386115419396 ], [ 17.296168540645617, 52.942570990093692 ], [ 17.296390241644914, 52.942638471224917 ], [ 17.296498238673255, 52.942670956626486 ], [ 17.296608591789887, 52.942704105237802 ], [ 17.296782720619316, 52.942747161286817 ], [ 17.297126279989406, 52.942820254922864 ], [ 17.297282925546149, 52.94285361669376 ], [ 17.297384899919894, 52.94287648207321 ], [ 17.297562873530751, 52.942916444408574 ], [ 17.297647580810743, 52.942935464829915 ] ] ] } },
{ "type": "Feature", "properties": { "TERYT": "3028", "LOKALNYID": "2a9a8341-7a2d-402d-9550-278d802d9a84", "PRZES_NAZW": "PL.PZGiK.308.BDOT10k", "WERSJA": "20240917000000", "POCZ_WERSJ": "20240917000000", "OZNA_ZMIAN": "GK-KARTO.600.48.2024", "ZRO_DANYCH": "ortofotomapa", "KAT_ISTNIE": "eksploatowany", "UWAGI": null, "INFO_DODAT": null, "KOD10K": null, "SKROT_KART": null, "KAT_ZARZAD": "wojewódzka", "KLASA_DROG": "droga główna", "MATE_NAWIE": "masa bitumiczna", "NAZWA_DROG": null, "LICZ_JEZDN": 1.0, "POLOZENIE": "na powierzchni gruntu", "SZER_NAWIE": 6.0, "NUMER_DROG": "242" }, "geometry": { "type": "MultiLineString", "coordinates": [ [ [ 17.318548654831567, 52.933729620258205 ], [ 17.318863538566109, 52.933600795881347 ], [ 17.319322208580349, 52.933410332373505 ], [ 17.320217702711698, 52.933047437524309 ], [ 17.321334532306462, 52.932595392495799 ], [ 17.32161562859201, 52.932481551937684 ] ] ] } },
{ "type": "Feature", "properties": { "TERYT": "3028", "LOKALNYID": "2EBDC9DC-343D-7DB6-E053-CC2BA8C07DDB", "PRZES_NAZW": "PL.PZGiK.308.BDOT10k", "WERSJA": "20231231120000", "POCZ_WERSJ": "20231231120000", "OZNA_ZMIAN": "GI-TOPO.600.116.2023", "ZRO_DANYCH": "ortofotomapa", "KAT_ISTNIE": "eksploatowany", "UWAGI": null, "INFO_DODAT": null, "KOD10K": null, "SKROT_KART": null, "KAT_ZARZAD": "wewnętrzna", "KLASA_DROG": "droga wewnętrzna", "MATE_NAWIE": "płyty betonowe", "NAZWA_DROG": null, "LICZ_JEZDN": 1.0, "POLOZENIE": "na powierzchni gruntu", "SZER_NAWIE": 3.0, "NUMER_DROG": null }, "geometry": { "type": "MultiLineString", "coordinates": [ [ [ 17.304348176942639, 52.940162958716016 ], [ 17.304479361760972, 52.940306745057313 ], [ 17.304656991461464, 52.940515316163832 ] ] ] } },
{ "type": "Feature", "properties": { "TERYT": "3028", "LOKALNYID": "9cc2c814-1554-4d0f-a28f-e75257b7066c", "PRZES_NAZW": "PL.PZGiK.308.BDOT10k", "WERSJA": "20240917000000", "POCZ_WERSJ": "20240917000000", "OZNA_ZMIAN": "GK-KARTO.600.48.2024", "ZRO_DANYCH": "ortofotomapa", "KAT_ISTNIE": "eksploatowany", "UWAGI": null, "INFO_DODAT": null, "KOD10K": null, "SKROT_KART": null, "KAT_ZARZAD": "wojewódzka", "KLASA_DROG": "droga główna", "MATE_NAWIE": "masa bitumiczna", "NAZWA_DROG": null, "LICZ_JEZDN": 1.0, "POLOZENIE": "na powierzchni gruntu", "SZER_NAWIE": 6.0, "NUMER_DROG": "242" }, "geometry": { "type": "MultiLineString", "coordinates": [ [ [ 17.294607743417444, 52.96441515039718 ], [ 17.29467139599425, 52.96420193395366 ], [ 17.294703224463973, 52.964055530511011 ], [ 17.294738613134861, 52.963886784890562 ], [ 17.294744728152054, 52.963852518327414 ], [ 17.294786270772978, 52.963606878561968 ], [ 17.294848080437067, 52.963145241308027 ], [ 17.294913638733306, 52.962686715495757 ], [ 17.295007921110255, 52.962005388611701 ], [ 17.295131736980096, 52.961069256077685 ], [ 17.295290638064639, 52.959949084530564 ], [ 17.295324321936501, 52.959687233766175 ], [ 17.295342308280276, 52.959574536184739 ], [ 17.295347881960659, 52.959523714174559 ], [ 17.29536788085003, 52.959446928642727 ], [ 17.295394679546877, 52.959397939947245 ] ] ] } },
{ "type": "Feature", "properties": { "TERYT": "3028", "LOKALNYID": "1890A1DC-A08A-4643-99F4-9CC12AE3520A", "PRZES_NAZW": "PL.PZGiK.308.BDOT10k", "WERSJA": "20240917000000", "POCZ_WERSJ": "20240917000000", "OZNA_ZMIAN": "GK-KARTO.600.48.2024", "ZRO_DANYCH": "ortofotomapa", "KAT_ISTNIE": "eksploatowany", "UWAGI": null, "INFO_DODAT": "linia umowna", "KOD10K": null, "SKROT_KART": null, "KAT_ZARZAD": "wewnętrzna", "KLASA_DROG": "droga wewnętrzna", "MATE_NAWIE": "kostka prefabrykowana", "NAZWA_DROG": null, "LICZ_JEZDN": 1.0, "POLOZENIE": "na powierzchni gruntu", "SZER_NAWIE": null, "NUMER_DROG": null }, "geometry": { "type": "MultiLineString", "coordinates": [ [ [ 17.298331433279625, 52.944397858339023 ], [ 17.298446499614592, 52.944216222838548 ], [ 17.298523933677508, 52.944052664459576 ] ] ] } },
{ "type": "Feature", "properties": { "TERYT": "3028", "LOKALNYID": "2EBDC9DC-5064-7DB6-E053-CC2BA8C07DDB", "PRZES_NAZW": "PL.PZGiK.308.BDOT10k", "WERSJA": "20240917000000", "POCZ_WERSJ": "20240917000000", "OZNA_ZMIAN": "GK-KARTO.600.48.2024", "ZRO_DANYCH": "ortofotomapa", "KAT_ISTNIE": "eksploatowany", "UWAGI": null, "INFO_DODAT": null, "KOD10K": null, "SKROT_KART": null, "KAT_ZARZAD": "wewnętrzna", "KLASA_DROG": "droga wewnętrzna", "MATE_NAWIE": "grunt naturalny", "NAZWA_DROG": null, "LICZ_JEZDN": 1.0, "POLOZENIE": "na powierzchni gruntu", "SZER_NAWIE": null, "NUMER_DROG": null }, "geometry": { "type": "MultiLineString", "coordinates": [ [ [ 17.31406880587112, 52.934801265810215 ], [ 17.314113534303662, 52.934841470998812 ], [ 17.314150280463341, 52.934884081024194 ], [ 17.31416976759709, 52.934941824664676 ], [ 17.314173009407845, 52.934996280068631 ], [ 17.314101392234271, 52.93543719407824 ], [ 17.31411921477288, 52.935514789269249 ] ] ] } },
{ "type": "Feature", "properties": { "TERYT": "3028", "LOKALNYID": "2EBDC9DC-31FF-7DB6-E053-CC2BA8C07DDB", "PRZES_NAZW": "PL.PZGiK.308.BDOT10k", "WERSJA": "20231231120000", "POCZ_WERSJ": "20231231120000", "OZNA_ZMIAN": "GI-TOPO.600.116.2023", "ZRO_DANYCH": "ortofotomapa", "KAT_ISTNIE": "eksploatowany", "UWAGI": null, "INFO_DODAT": null, "KOD10K": null, "SKROT_KART": null, "KAT_ZARZAD": "gminna", "KLASA_DROG": "droga lokalna", "MATE_NAWIE": "kostka prefabrykowana", "NAZWA_DROG": null, "LICZ_JEZDN": 1.0, "POLOZENIE": "na powierzchni gruntu", "SZER_NAWIE": 5.0, "NUMER_DROG": "207005P" }, "geometry": { "type": "MultiLineString", "coordinates": [ [ [ 17.302513247485862, 52.944019342308756 ], [ 17.302569708319609, 52.943953778429623 ], [ 17.302665789063045, 52.943842105325707 ], [ 17.302696048600307, 52.943806924150884 ], [ 17.302849367374883, 52.94364022018955 ], [ 17.303026573201706, 52.943460367259156 ] ] ] } },
{ "type": "Feature", "properties": { "TERYT": "3028", "LOKALNYID": "2EBDC9DC-3771-7DB6-E053-CC2BA8C07DDB", "PRZES_NAZW": "PL.PZGiK.308.BDOT10k", "WERSJA": "20231231120000", "POCZ_WERSJ": "20231231120000", "OZNA_ZMIAN": "GI-TOPO.600.116.2023", "ZRO_DANYCH": "ortofotomapa", "KAT_ISTNIE": "eksploatowany", "UWAGI": null, "INFO_DODAT": null, "KOD10K": null, "SKROT_KART": null, "KAT_ZARZAD": "gminna", "KLASA_DROG": "droga lokalna", "MATE_NAWIE": "masa bitumiczna", "NAZWA_DROG": null, "LICZ_JEZDN": 1.0, "POLOZENIE": "na powierzchni gruntu", "SZER_NAWIE": 5.0, "NUMER_DROG": "207001P" }, "geometry": { "type": "MultiLineString", "coordinates": [ [ [ 17.30968420582025, 52.945766085348041 ], [ 17.3097726088935, 52.945793693239473 ], [ 17.309912054167562, 52.945837225741357 ], [ 17.310052892936927, 52.945890850370347 ], [ 17.31014267757266, 52.945925042726692 ], [ 17.310189150715072, 52.945943600285624 ], [ 17.31022037966844, 52.945956005469569 ], [ 17.31032301047069, 52.945996765605081 ], [ 17.310396192847193, 52.946021458595709 ], [ 17.310502127601961, 52.946050034696178 ], [ 17.310606187717017, 52.946069410902929 ], [ 17.310840068652837, 52.946108079596961 ], [ 17.311004471287809, 52.946133979038699 ], [ 17.311080457098068, 52.946144052409906 ], [ 17.311370756315949, 52.946182982377195 ] ] ] } },
{ "type": "Feature", "properties": { "TERYT": "3028", "LOKALNYID": "2EBDC9DC-52C9-7DB6-E053-CC2BA8C07DDB", "PRZES_NAZW": "PL.PZGiK.308.BDOT10k", "WERSJA": "20231231120000", "POCZ_WERSJ": "20231231120000", "OZNA_ZMIAN": "GI-TOPO.600.116.2023", "ZRO_DANYCH": "ortofotomapa", "KAT_ISTNIE": "eksploatowany", "UWAGI": null, "INFO_DODAT": null, "KOD10K": null, "SKROT_KART": null, "KAT_ZARZAD": "powiatowa", "KLASA_DROG": "droga lokalna", "MATE_NAWIE": "masa bitumiczna", "NAZWA_DROG": null, "LICZ_JEZDN": 1.0, "POLOZENIE": "na powierzchni gruntu", "SZER_NAWIE": 6.0, "NUMER_DROG": "1560P" }, "geometry": { "type": "MultiLineString", "coordinates": [ [ [ 17.313561308699075, 52.947139861155776 ], [ 17.313615686496838, 52.947146658423414 ], [ 17.313945255842729, 52.947194413187212 ] ] ] } },
{ "type": "Feature", "properties": { "TERYT": "3028", "LOKALNYID": "2EBDC9DC-3DF9-7DB6-E053-CC2BA8C07DDB", "PRZES_NAZW": "PL.PZGiK.308.BDOT10k", "WERSJA": "20260331000000", "POCZ_WERSJ": "20260331000000", "OZNA_ZMIAN": "BGW-I-K.7520.3.2026", "ZRO_DANYCH": "ortofotomapa", "KAT_ISTNIE": "eksploatowany", "UWAGI": null, "INFO_DODAT": null, "KOD10K": null, "SKROT_KART": null, "KAT_ZARZAD": "powiatowa", "KLASA_DROG": "droga zbiorcza", "MATE_NAWIE": "masa bitumiczna", "NAZWA_DROG": null, "LICZ_JEZDN": 1.0, "POLOZENIE": "na powierzchni gruntu", "SZER_NAWIE": 6.0, "NUMER_DROG": "1562P" }, "geometry": { "type": "MultiLineString", "coordinates": [ [ [ 17.29967041971204, 52.940530393821057 ], [ 17.299713709801349, 52.940626072521709 ], [ 17.299797165783374, 52.94079840929821 ] ] ] } },
{ "type": "Feature", "properties": { "TERYT": "3028", "LOKALNYID": "2EBDC9DC-3C4F-7DB6-E053-CC2BA8C07DDB", "PRZES_NAZW": "PL.PZGiK.308.BDOT10k", "WERSJA": "20260330000000", "POCZ_WERSJ": "20260330000000", "OZNA_ZMIAN": "BGW-I-K.7520.3.2026", "ZRO_DANYCH": "ortofotomapa", "KAT_ISTNIE": "eksploatowany", "UWAGI": null, "INFO_DODAT": null, "KOD10K": null, "SKROT_KART": null, "KAT_ZARZAD": "wewnętrzna", "KLASA_DROG": "droga wewnętrzna", "MATE_NAWIE": "masa bitumiczna", "NAZWA_DROG": null, "LICZ_JEZDN": 1.0, "POLOZENIE": "na powierzchni gruntu", "SZER_NAWIE": 8.0, "NUMER_DROG": null }, "geometry": { "type": "MultiLineString", "coordinates": [ [ [ 17.301554804206216, 52.953803921173176 ], [ 17.30145337980726, 52.954039894033698 ] ] ] } },
{ "type": "Feature", "properties": { "TERYT": "3028", "LOKALNYID": "2EBDC9DC-3EAE-7DB6-E053-CC2BA8C07DDB", "PRZES_NAZW": "PL.PZGiK.308.BDOT10k", "WERSJA": "20260330000000", "POCZ_WERSJ": "20260330000000", "OZNA_ZMIAN": "BGW-I-K.7520.3.2026", "ZRO_DANYCH": "ortofotomapa", "KAT_ISTNIE": "eksploatowany", "UWAGI": null, "INFO_DODAT": null, "KOD10K": null, "SKROT_KART": null, "KAT_ZARZAD": "wewnętrzna", "KLASA_DROG": "droga wewnętrzna", "MATE_NAWIE": "masa bitumiczna", "NAZWA_DROG": null, "LICZ_JEZDN": 1.0, "POLOZENIE": "na powierzchni gruntu", "SZER_NAWIE": 6.0, "NUMER_DROG": null }, "geometry": { "type": "MultiLineString", "coordinates": [ [ [ 17.301320801407233, 52.954515991677837 ], [ 17.301241048152637, 52.954711894315089 ] ] ] } },
{ "type": "Feature", "properties": { "TERYT": "3028", "LOKALNYID": "919B0784-9E05-4B38-AACC-72AFC86EEE4E", "PRZES_NAZW": "PL.PZGiK.308.BDOT10k", "WERSJA": "20231231120000", "POCZ_WERSJ": "20231231120000", "OZNA_ZMIAN": "GI-TOPO.600.116.2023", "ZRO_DANYCH": "ortofotomapa", "KAT_ISTNIE": "eksploatowany", "UWAGI": null, "INFO_DODAT": null, "KOD10K": null, "SKROT_KART": null, "KAT_ZARZAD": "gminna", "KLASA_DROG": "droga lokalna", "MATE_NAWIE": "masa bitumiczna", "NAZWA_DROG": null, "LICZ_JEZDN": 1.0, "POLOZENIE": "na powierzchni gruntu", "SZER_NAWIE": 5.0, "NUMER_DROG": "207014P" }, "geometry": { "type": "MultiLineString", "coordinates": [ [ [ 17.317507965600495, 52.942258324406133 ], [ 17.317503761897427, 52.942324455387109 ], [ 17.317477455825752, 52.942565012721751 ], [ 17.317454861722631, 52.942717578446924 ], [ 17.3174380903464, 52.942839019957475 ], [ 17.317425457790964, 52.942880659794803 ], [ 17.317394709696046, 52.94292492093912 ], [ 17.317333399738281, 52.942970278122871 ], [ 17.317274476238456, 52.943007844924253 ] ] ] } },
{ "type": "Feature", "properties": { "TERYT": "3028", "LOKALNYID": "2EBDC9DC-3B8A-7DB6-E053-CC2BA8C07DDB", "PRZES_NAZW": "PL.PZGiK.308.BDOT10k", "WERSJA": "20240917000000", "POCZ_WERSJ": "20240917000000", "OZNA_ZMIAN": "GK-KARTO.600.48.2024", "ZRO_DANYCH": "ortofotomapa", "KAT_ISTNIE": "eksploatowany", "UWAGI": null, "INFO_DODAT": null, "KOD10K": null, "SKROT_KART": null, "KAT_ZARZAD": "wojewódzka", "KLASA_DROG": "droga główna", "MATE_NAWIE": "masa bitumiczna", "NAZWA_DROG": null, "LICZ_JEZDN": 1.0, "POLOZENIE": "na powierzchni gruntu", "SZER_NAWIE": 6.0, "NUMER_DROG": "242" }, "geometry": { "type": "MultiLineString", "coordinates": [ [ [ 17.300845838258088, 52.941066842181328 ], [ 17.300948684315482, 52.9409610228902 ], [ 17.300960372305543, 52.940951477267433 ] ] ] } },
{ "type": "Feature", "properties": { "TERYT": "3028", "LOKALNYID": "2EBDC9DC-3AC8-7DB6-E053-CC2BA8C07DDB", "PRZES_NAZW": "PL.PZGiK.308.BDOT10k", "WERSJA": "20231231120000", "POCZ_WERSJ": "20231231120000", "OZNA_ZMIAN": "GI-TOPO.600.116.2023", "ZRO_DANYCH": "ortofotomapa", "KAT_ISTNIE": "eksploatowany", "UWAGI": null, "INFO_DODAT": null, "KOD10K": null, "SKROT_KART": null, "KAT_ZARZAD": "gminna", "KLASA_DROG": "droga lokalna", "MATE_NAWIE": "masa bitumiczna", "NAZWA_DROG": null, "LICZ_JEZDN": 1.0, "POLOZENIE": "na powierzchni gruntu", "SZER_NAWIE": 5.0, "NUMER_DROG": "207014P" }, "geometry": { "type": "MultiLineString", "coordinates": [ [ [ 17.301618458673826, 52.942028570295967 ], [ 17.301815966870191, 52.942041106142938 ], [ 17.301998479242428, 52.942052617957472 ], [ 17.302163391483354, 52.942061180002099 ], [ 17.302216877881225, 52.942063922822733 ], [ 17.302273481804743, 52.942066890030986 ], [ 17.302418052370665, 52.942074081865456 ], [ 17.302468895799688, 52.942075887481181 ], [ 17.302576824751309, 52.942079767689549 ], [ 17.302711076707244, 52.942076739261999 ], [ 17.302825061748841, 52.942074230584687 ], [ 17.302905821211212, 52.942072416353227 ], [ 17.303111329119336, 52.942059343485305 ], [ 17.303236096156105, 52.942051412557312 ], [ 17.303440492020762, 52.942040121898955 ], [ 17.303600458504974, 52.942034311989687 ], [ 17.303693110396761, 52.942032936817832 ], [ 17.303770888065557, 52.942035036477122 ], [ 17.30387529184355, 52.942037696051209 ] ] ] } },
{ "type": "Feature", "properties": { "TERYT": "3028", "LOKALNYID": "2EBDC9DC-42CD-7DB6-E053-CC2BA8C07DDB", "PRZES_NAZW": "PL.PZGiK.308.BDOT10k", "WERSJA": "20240917000000", "POCZ_WERSJ": "20240917000000", "OZNA_ZMIAN": "GK-KARTO.600.48.2024", "ZRO_DANYCH": "ortofotomapa", "KAT_ISTNIE": "eksploatowany", "UWAGI": null, "INFO_DODAT": null, "KOD10K": null, "SKROT_KART": null, "KAT_ZARZAD": "wewnętrzna", "KLASA_DROG": "droga wewnętrzna", "MATE_NAWIE": "grunt naturalny", "NAZWA_DROG": null, "LICZ_JEZDN": 1.0, "POLOZENIE": "na powierzchni gruntu", "SZER_NAWIE": null, "NUMER_DROG": null }, "geometry": { "type": "MultiLineString", "coordinates": [ [ [ 17.330806004425479, 52.938737605328733 ], [ 17.330704595810676, 52.939009216079448 ], [ 17.330667584078089, 52.939089005907888 ], [ 17.330646775481814, 52.939153914702239 ], [ 17.330632405926597, 52.939213967669211 ], [ 17.330633042451097, 52.939274771072334 ] ] ] } },
{ "type": "Feature", "properties": { "TERYT": "3028", "LOKALNYID": "2EBDC9DC-3770-7DB6-E053-CC2BA8C07DDB", "PRZES_NAZW": "PL.PZGiK.308.BDOT10k", "WERSJA": "20260330000000", "POCZ_WERSJ": "20260330000000", "OZNA_ZMIAN": "BGW-I-K.7520.3.2026", "ZRO_DANYCH": "ortofotomapa", "KAT_ISTNIE": "eksploatowany", "UWAGI": null, "INFO_DODAT": null, "KOD10K": null, "SKROT_KART": null, "KAT_ZARZAD": "gminna", "KLASA_DROG": "droga lokalna", "MATE_NAWIE": "masa bitumiczna", "NAZWA_DROG": null, "LICZ_JEZDN": 1.0, "POLOZENIE": "na powierzchni gruntu", "SZER_NAWIE": 6.0, "NUMER_DROG": "207017P" }, "geometry": { "type": "MultiLineString", "coordinates": [ [ [ 17.306039418221154, 52.946027774885877 ], [ 17.306043746927031, 52.945974146687824 ], [ 17.30611114247424, 52.945438118438716 ], [ 17.306116671455506, 52.945403303312034 ], [ 17.306151460038432, 52.945172132213578 ], [ 17.306190426464628, 52.944914040797563 ], [ 17.306204095357209, 52.944834735002956 ], [ 17.306212351270332, 52.944787278209162 ], [ 17.306226645993029, 52.944714816229911 ], [ 17.306239929373131, 52.944668240496647 ], [ 17.306252938834326, 52.944628675620507 ], [ 17.30627754261252, 52.944585768635733 ], [ 17.306316160508654, 52.944549986240617 ], [ 17.306366305943477, 52.944512569490087 ], [ 17.306432890517506, 52.944477365557447 ] ] ] } },
{ "type": "Feature", "properties": { "TERYT": "3028", "LOKALNYID": "2EBDC9DC-3EA0-7DB6-E053-CC2BA8C07DDB", "PRZES_NAZW": "PL.PZGiK.308.BDOT10k", "WERSJA": "20240917000000", "POCZ_WERSJ": "20240917000000", "OZNA_ZMIAN": "GK-KARTO.600.48.2024", "ZRO_DANYCH": "ortofotomapa", "KAT_ISTNIE": "eksploatowany", "UWAGI": null, "INFO_DODAT": null, "KOD10K": null, "SKROT_KART": null, "KAT_ZARZAD": "wojewódzka", "KLASA_DROG": "droga główna", "MATE_NAWIE": "masa bitumiczna", "NAZWA_DROG": null, "LICZ_JEZDN": 1.0, "POLOZENIE": "na powierzchni gruntu", "SZER_NAWIE": 6.0, "NUMER_DROG": "193" }, "geometry": { "type": "MultiLineString", "coordinates": [ [ [ 17.295105288786957, 52.944225434636913 ], [ 17.294453643554107, 52.944399545824332 ], [ 17.293921045743051, 52.944540918555361 ], [ 17.293456082512009, 52.944669770397475 ], [ 17.29327530780737, 52.944719784667029 ], [ 17.293231806608258, 52.944731840355097 ], [ 17.293068337681909, 52.944777156584706 ], [ 17.292257386187874, 52.945000049084456 ], [ 17.292153841400204, 52.945028328651048 ] ] ] } },
{ "type": "Feature", "properties": { "TERYT": "3028", "LOKALNYID": "2EBDC9DC-3378-7DB6-E053-CC2BA8C07DDB", "PRZES_NAZW": "PL.PZGiK.308.BDOT10k", "WERSJA": "20240917000000", "POCZ_WERSJ": "20240917000000", "OZNA_ZMIAN": "GK-KARTO.600.48.2024", "ZRO_DANYCH": "ortofotomapa", "KAT_ISTNIE": "eksploatowany", "UWAGI": null, "INFO_DODAT": null, "KOD10K": null, "SKROT_KART": null, "KAT_ZARZAD": "gminna", "KLASA_DROG": "droga lokalna", "MATE_NAWIE": "masa bitumiczna", "NAZWA_DROG": null, "LICZ_JEZDN": 1.0, "POLOZENIE": "na powierzchni gruntu", "SZER_NAWIE": 3.5, "NUMER_DROG": "207009P" }, "geometry": { "type": "MultiLineString", "coordinates": [ [ [ 17.306917695869917, 52.950819681747504 ], [ 17.306846324886504, 52.950912374745705 ], [ 17.306769792996604, 52.951030445134094 ], [ 17.306755163304768, 52.951061892999419 ], [ 17.306736614306359, 52.951102188357169 ], [ 17.306678819280251, 52.951251372624178 ], [ 17.306631285282059, 52.951370395748178 ], [ 17.306553552437546, 52.951553470271946 ], [ 17.306487554713424, 52.951706764382621 ], [ 17.306373642247252, 52.951969723040278 ], [ 17.306351445212648, 52.952027143498988 ], [ 17.306182202007307, 52.952448494308491 ], [ 17.306160917187849, 52.952501610961185 ] ] ] } },
{ "type": "Feature", "properties": { "TERYT": "3028", "LOKALNYID": "2EBDC9DC-3926-7DB6-E053-CC2BA8C07DDB", "PRZES_NAZW": "PL.PZGiK.308.BDOT10k", "WERSJA": "20240917000000", "POCZ_WERSJ": "20240917000000", "OZNA_ZMIAN": "GK-KARTO.600.48.2024", "ZRO_DANYCH": "ortofotomapa", "KAT_ISTNIE": "eksploatowany", "UWAGI": null, "INFO_DODAT": null, "KOD10K": null, "SKROT_KART": null, "KAT_ZARZAD": "powiatowa", "KLASA_DROG": "droga lokalna", "MATE_NAWIE": "kostka kamienna", "NAZWA_DROG": null, "LICZ_JEZDN": 1.0, "POLOZENIE": "na powierzchni gruntu", "SZER_NAWIE": 8.0, "NUMER_DROG": "1560P" }, "geometry": { "type": "MultiLineString", "coordinates": [ [ [ 17.306039418221154, 52.946027774885877 ], [ 17.306607839330944, 52.946104585938627 ], [ 17.307428480801278, 52.946215564523406 ] ] ] } },
{ "type": "Feature", "properties": { "TERYT": "3028", "LOKALNYID": "85cf6cee-db72-4df4-a4ad-a75b29be3da7", "PRZES_NAZW": "PL.PZGiK.308.BDOT10k", "WERSJA": "20260331000000", "POCZ_WERSJ": "20260331000000", "OZNA_ZMIAN": "BGW-I-K.7520.3.2026", "ZRO_DANYCH": "ortofotomapa", "KAT_ISTNIE": "eksploatowany", "UWAGI": null, "INFO_DODAT": null, "KOD10K": null, "SKROT_KART": null, "KAT_ZARZAD": "wewnętrzna", "KLASA_DROG": "droga wewnętrzna", "MATE_NAWIE": "grunt naturalny", "NAZWA_DROG": null, "LICZ_JEZDN": 1.0, "POLOZENIE": "na powierzchni gruntu", "SZER_NAWIE": null, "NUMER_DROG": null }, "geometry": { "type": "MultiLineString", "coordinates": [ [ [ 17.311590665894911, 52.94204632060643 ], [ 17.311604491341168, 52.941909189633236 ], [ 17.311608390453511, 52.941824348444165 ], [ 17.311657665439949, 52.9413655817727 ], [ 17.31171652916024, 52.940989329793354 ], [ 17.311723706834716, 52.940804979514311 ] ] ] } },
{ "type": "Feature", "properties": { "TERYT": "3028", "LOKALNYID": "81da2c9a-449a-4512-81aa-b9c105c50fe9", "PRZES_NAZW": "PL.PZGiK.308.BDOT10k", "WERSJA": "20260331000000", "POCZ_WERSJ": "20260331000000", "OZNA_ZMIAN": "BGW-I-K.7520.3.2026", "ZRO_DANYCH": "ortofotomapa", "KAT_ISTNIE": "eksploatowany", "UWAGI": null, "INFO_DODAT": null, "KOD10K": null, "SKROT_KART": null, "KAT_ZARZAD": "wewnętrzna", "KLASA_DROG": "droga wewnętrzna", "MATE_NAWIE": "żwir", "NAZWA_DROG": null, "LICZ_JEZDN": 1.0, "POLOZENIE": "na powierzchni gruntu", "SZER_NAWIE": 3.0, "NUMER_DROG": null }, "geometry": { "type": "MultiLineString", "coordinates": [ [ [ 17.311528342346481, 52.942641329878334 ], [ 17.311568008791504, 52.942505825198445 ], [ 17.311573681397817, 52.942432790420284 ], [ 17.311566520235971, 52.942249675349345 ], [ 17.311590665894911, 52.94204632060643 ] ] ] } },
{ "type": "Feature", "properties": { "TERYT": "3028", "LOKALNYID": "2EBDC9DC-3AC7-7DB6-E053-CC2BA8C07DDB", "PRZES_NAZW": "PL.PZGiK.308.BDOT10k", "WERSJA": "20240917000000", "POCZ_WERSJ": "20240917000000", "OZNA_ZMIAN": "GK-KARTO.600.48.2024", "ZRO_DANYCH": "ortofotomapa", "KAT_ISTNIE": "eksploatowany", "UWAGI": null, "INFO_DODAT": null, "KOD10K": null, "SKROT_KART": null, "KAT_ZARZAD": "wewnętrzna", "KLASA_DROG": "droga wewnętrzna", "MATE_NAWIE": "masa bitumiczna", "NAZWA_DROG": null, "LICZ_JEZDN": 1.0, "POLOZENIE": "na powierzchni gruntu", "SZER_NAWIE": 7.0, "NUMER_DROG": null }, "geometry": { "type": "MultiLineString", "coordinates": [ [ [ 17.287900872301051, 52.944666475546391 ], [ 17.287966615922048, 52.94470951154986 ], [ 17.28803471939186, 52.944749343925942 ], [ 17.288198428257132, 52.944845143071511 ], [ 17.288235098205302, 52.94486662577863 ], [ 17.288314988587068, 52.944913372780981 ], [ 17.288896410635282, 52.94525189164095 ], [ 17.289159379903804, 52.945409284065001 ], [ 17.289332581275648, 52.945509894806435 ], [ 17.289408445803943, 52.945556852891713 ], [ 17.289493602732033, 52.945621121915799 ] ] ] } },
{ "type": "Feature", "properties": { "TERYT": "3028", "LOKALNYID": "99e29eda-488d-40cd-9c6f-b5e366bd8879", "PRZES_NAZW": "PL.PZGiK.308.BDOT10k", "WERSJA": "20260331000000", "POCZ_WERSJ": "20260331000000", "OZNA_ZMIAN": "BGW-I-K.7520.3.2026", "ZRO_DANYCH": "ortofotomapa", "KAT_ISTNIE": "eksploatowany", "UWAGI": null, "INFO_DODAT": null, "KOD10K": null, "SKROT_KART": null, "KAT_ZARZAD": "wewnętrzna", "KLASA_DROG": "droga wewnętrzna", "MATE_NAWIE": "żwir", "NAZWA_DROG": null, "LICZ_JEZDN": 1.0, "POLOZENIE": "na powierzchni gruntu", "SZER_NAWIE": 3.0, "NUMER_DROG": null }, "geometry": { "type": "MultiLineString", "coordinates": [ [ [ 17.311590665894911, 52.94204632060643 ], [ 17.311645655866069, 52.941983699374525 ], [ 17.311717585085237, 52.941941014104358 ], [ 17.311785047341711, 52.941921288126409 ], [ 17.311864874801572, 52.941905155244534 ], [ 17.311944387269804, 52.94189711178884 ], [ 17.312445303305616, 52.941871222106734 ], [ 17.312605217123995, 52.941855236923779 ], [ 17.312961112576875, 52.941826026361881 ], [ 17.313264357477646, 52.941795527707455 ] ] ] } },
{ "type": "Feature", "properties": { "TERYT": "3028", "LOKALNYID": "21FCE938-732E-4E8F-B82F-5B7F8C2E7E81", "PRZES_NAZW": "PL.PZGiK.308.BDOT10k", "WERSJA": "20240917000000", "POCZ_WERSJ": "20240917000000", "OZNA_ZMIAN": "GK-KARTO.600.48.2024", "ZRO_DANYCH": "ortofotomapa", "KAT_ISTNIE": "eksploatowany", "UWAGI": null, "INFO_DODAT": null, "KOD10K": null, "SKROT_KART": null, "KAT_ZARZAD": "powiatowa", "KLASA_DROG": "droga lokalna", "MATE_NAWIE": "masa bitumiczna", "NAZWA_DROG": null, "LICZ_JEZDN": 1.0, "POLOZENIE": "na powierzchni gruntu", "SZER_NAWIE": 6.0, "NUMER_DROG": "1560P" }, "geometry": { "type": "MultiLineString", "coordinates": [ [ [ 17.303755331172859, 52.945671071615969 ], [ 17.303910056572434, 52.945712041420556 ], [ 17.303935917424958, 52.945716997145965 ], [ 17.304214491401197, 52.945769986686656 ], [ 17.30450852971639, 52.945819688856389 ], [ 17.304817862470777, 52.945866640713731 ], [ 17.305162393966278, 52.945912025383635 ], [ 17.305194685190767, 52.945916263159816 ], [ 17.305226972908059, 52.945920590810019 ], [ 17.305553729838209, 52.945963652356475 ], [ 17.305805835343541, 52.945996835184964 ], [ 17.306039418221154, 52.946027774885877 ] ] ] } },
{ "type": "Feature", "properties": { "TERYT": "3028", "LOKALNYID": "2EBDC9DC-4CD3-7DB6-E053-CC2BA8C07DDB", "PRZES_NAZW": "PL.PZGiK.308.BDOT10k", "WERSJA": "20240917000000", "POCZ_WERSJ": "20240917000000", "OZNA_ZMIAN": "GK-KARTO.600.48.2024", "ZRO_DANYCH": "ortofotomapa", "KAT_ISTNIE": "eksploatowany", "UWAGI": null, "INFO_DODAT": null, "KOD10K": null, "SKROT_KART": null, "KAT_ZARZAD": "gminna", "KLASA_DROG": "droga lokalna", "MATE_NAWIE": "tłuczeń", "NAZWA_DROG": null, "LICZ_JEZDN": 1.0, "POLOZENIE": "na powierzchni gruntu", "SZER_NAWIE": 6.0, "NUMER_DROG": "207009P" }, "geometry": { "type": "MultiLineString", "coordinates": [ [ [ 17.305996630577837, 52.953329438248119 ], [ 17.305817952674658, 52.954365254345426 ], [ 17.305724974719521, 52.955086628128164 ], [ 17.305654153983145, 52.95546972101728 ], [ 17.305625537752672, 52.955649358297805 ], [ 17.305538366141448, 52.956222065912854 ], [ 17.305521340599789, 52.956326145085185 ], [ 17.305468421153876, 52.956639795225527 ], [ 17.305404267394191, 52.957118851233396 ], [ 17.305312874982018, 52.957688890351129 ], [ 17.30526286064967, 52.958088107771786 ], [ 17.30522327963941, 52.958334768248029 ], [ 17.305194337170356, 52.958515030243767 ], [ 17.305070785545851, 52.959134163340607 ], [ 17.305040843390827, 52.959351373355197 ], [ 17.305017524056655, 52.959555367784077 ], [ 17.304979215343927, 52.959822730800894 ], [ 17.304809434256544, 52.96077440465227 ] ] ] } },
{ "type": "Feature", "properties": { "TERYT": "3028", "LOKALNYID": "2EBDC9DC-3B81-7DB6-E053-CC2BA8C07DDB", "PRZES_NAZW": "PL.PZGiK.308.BDOT10k", "WERSJA": "20260331000000", "POCZ_WERSJ": "20260331000000", "OZNA_ZMIAN": "BGW-I-K.7520.3.2026", "ZRO_DANYCH": "ortofotomapa", "KAT_ISTNIE": "eksploatowany", "UWAGI": "droga nie ma nadanego numeru", "INFO_DODAT": null, "KOD10K": null, "SKROT_KART": null, "KAT_ZARZAD": "gminna", "KLASA_DROG": "droga lokalna", "MATE_NAWIE": "kostka prefabrykowana", "NAZWA_DROG": null, "LICZ_JEZDN": 1.0, "POLOZENIE": "na powierzchni gruntu", "SZER_NAWIE": 5.0, "NUMER_DROG": null }, "geometry": { "type": "MultiLineString", "coordinates": [ [ [ 17.298973093436526, 52.939043712092804 ], [ 17.299033033988831, 52.93902982123258 ], [ 17.299081845083602, 52.93901882873498 ], [ 17.299157943795038, 52.938995276499966 ], [ 17.299453084529084, 52.938878901029909 ], [ 17.299772794249435, 52.938750915334928 ], [ 17.299809975587415, 52.938740385645232 ], [ 17.299846892613129, 52.938736597138842 ], [ 17.299891520163438, 52.938744969979652 ], [ 17.299931332049493, 52.938762267198868 ] ] ] } },
{ "type": "Feature", "properties": { "TERYT": "3028", "LOKALNYID": "2EBDC9DC-3866-7DB6-E053-CC2BA8C07DDB", "PRZES_NAZW": "PL.PZGiK.308.BDOT10k", "WERSJA": "20231231120000", "POCZ_WERSJ": "20231231120000", "OZNA_ZMIAN": "GI-TOPO.600.116.2023", "ZRO_DANYCH": "ortofotomapa", "KAT_ISTNIE": "eksploatowany", "UWAGI": null, "INFO_DODAT": null, "KOD10K": null, "SKROT_KART": null, "KAT_ZARZAD": "wewnętrzna", "KLASA_DROG": "droga wewnętrzna", "MATE_NAWIE": "masa bitumiczna", "NAZWA_DROG": null, "LICZ_JEZDN": 1.0, "POLOZENIE": "na powierzchni gruntu", "SZER_NAWIE": 3.0, "NUMER_DROG": null }, "geometry": { "type": "MultiLineString", "coordinates": [ [ [ 17.306084617956753, 52.939212045449409 ], [ 17.306161416112676, 52.939334369950437 ], [ 17.306229138660061, 52.939445143533362 ], [ 17.306260624472731, 52.939519427328115 ], [ 17.306268150973178, 52.939566839346682 ], [ 17.306265194935047, 52.939642520737415 ], [ 17.30624230937871, 52.939748225417134 ], [ 17.306225174761728, 52.939828650989526 ], [ 17.306218437549685, 52.939860121403463 ], [ 17.306196945638689, 52.939960629830018 ] ] ] } },
{ "type": "Feature", "properties": { "TERYT": "3028", "LOKALNYID": "4594ed70-a228-46b1-a84b-0d5533b798d0", "PRZES_NAZW": "PL.PZGiK.308.BDOT10k", "WERSJA": "20260622000000", "POCZ_WERSJ": "20260622000000", "OZNA_ZMIAN": "BGW-I-K.7520.3.2026", "ZRO_DANYCH": "ortofotomapa", "KAT_ISTNIE": "eksploatowany", "UWAGI": null, "INFO_DODAT": null, "KOD10K": null, "SKROT_KART": null, "KAT_ZARZAD": "wewnętrzna", "KLASA_DROG": "droga wewnętrzna", "MATE_NAWIE": "grunt naturalny", "NAZWA_DROG": null, "LICZ_JEZDN": 1.0, "POLOZENIE": "na powierzchni gruntu", "SZER_NAWIE": null, "NUMER_DROG": null }, "geometry": { "type": "MultiLineString", "coordinates": [ [ [ 17.319074838176043, 52.934681450975923 ], [ 17.3190451429804, 52.934840841490299 ], [ 17.318980778567411, 52.935191927931811 ], [ 17.318721005230991, 52.936648041755348 ], [ 17.318661447630618, 52.936974824186393 ], [ 17.318625554575672, 52.937151933545557 ], [ 17.318605892070526, 52.937252110234525 ], [ 17.318601172269304, 52.93731625546684 ], [ 17.31860061621337, 52.937399705245006 ], [ 17.318597120917904, 52.937439945677973 ], [ 17.318584803476998, 52.93746585187516 ], [ 17.318556225432783, 52.937488829962 ], [ 17.318533846841856, 52.937501643440093 ], [ 17.318492295121459, 52.937521380185039 ], [ 17.318448043213738, 52.937533974007209 ], [ 17.318378708796093, 52.937540816833092 ], [ 17.318309115149841, 52.937546666688469 ], [ 17.318230674096121, 52.937554189923873 ], [ 17.31818586309911, 52.937573520695949 ], [ 17.318165604423889, 52.937589241963764 ], [ 17.318139776100644, 52.937614237397689 ], [ 17.318106021233824, 52.937674734010628 ], [ 17.318067240538699, 52.937741994359918 ], [ 17.318021102182524, 52.937791703570376 ], [ 17.317968572143315, 52.937833498120085 ], [ 17.31787340758002, 52.937903737330743 ], [ 17.317801230891291, 52.937983834823697 ], [ 17.317781648396693, 52.938016652834939 ], [ 17.317765444751554, 52.938065976388273 ], [ 17.317746709612603, 52.938146021116609 ], [ 17.317742125786811, 52.938329419142789 ], [ 17.317752773916858, 52.938392612807561 ], [ 17.317766962448562, 52.938429776085222 ], [ 17.317795126792166, 52.938475051326769 ], [ 17.317840342475773, 52.938518229726334 ], [ 17.317886348546839, 52.93854487166243 ], [ 17.317983789986599, 52.938584832355339 ], [ 17.318049164089938, 52.938614896067151 ], [ 17.318092036834848, 52.938649407651148 ], [ 17.318102054217995, 52.938694335991144 ], [ 17.318110588564149, 52.938746797690982 ], [ 17.318103459929524, 52.938857673848524 ], [ 17.318096327766032, 52.938968639886745 ], [ 17.318086897954881, 52.939115816312373 ], [ 17.31808263627979, 52.939183475375607 ], [ 17.318074234900781, 52.939315647578681 ], [ 17.318065778540994, 52.939683352966476 ], [ 17.318059280608978, 52.939777960201518 ], [ 17.318046315954167, 52.939812850455624 ], [ 17.318009799611985, 52.93985622071083 ], [ 17.317950348611593, 52.939892161578683 ], [ 17.317852831357079, 52.939934668173514 ], [ 17.317647038611604, 52.940009186522936 ] ] ] } },
{ "type": "Feature", "properties": { "TERYT": "3028", "LOKALNYID": "2EBDC9DC-3C50-7DB6-E053-CC2BA8C07DDB", "PRZES_NAZW": "PL.PZGiK.308.BDOT10k", "WERSJA": "20260330000000", "POCZ_WERSJ": "20260330000000", "OZNA_ZMIAN": "BGW-I-K.7520.3.2026", "ZRO_DANYCH": "ortofotomapa", "KAT_ISTNIE": "eksploatowany", "UWAGI": null, "INFO_DODAT": null, "KOD10K": null, "SKROT_KART": null, "KAT_ZARZAD": "wewnętrzna", "KLASA_DROG": "droga wewnętrzna", "MATE_NAWIE": "masa bitumiczna", "NAZWA_DROG": null, "LICZ_JEZDN": 1.0, "POLOZENIE": "na powierzchni gruntu", "SZER_NAWIE": 6.0, "NUMER_DROG": null }, "geometry": { "type": "MultiLineString", "coordinates": [ [ [ 17.300515604476022, 52.95341889968131 ], [ 17.301548514013497, 52.953576840882647 ] ] ] } },
{ "type": "Feature", "properties": { "TERYT": "3028", "LOKALNYID": "2EBDC9DC-3184-7DB6-E053-CC2BA8C07DDB", "PRZES_NAZW": "PL.PZGiK.308.BDOT10k", "WERSJA": "20231231120000", "POCZ_WERSJ": "20231231120000", "OZNA_ZMIAN": "GI-TOPO.600.116.2023", "ZRO_DANYCH": "ortofotomapa", "KAT_ISTNIE": "eksploatowany", "UWAGI": null, "INFO_DODAT": null, "KOD10K": null, "SKROT_KART": null, "KAT_ZARZAD": "wewnętrzna", "KLASA_DROG": "droga wewnętrzna", "MATE_NAWIE": "kostka prefabrykowana", "NAZWA_DROG": null, "LICZ_JEZDN": 1.0, "POLOZENIE": "na powierzchni gruntu", "SZER_NAWIE": 5.0, "NUMER_DROG": null }, "geometry": { "type": "MultiLineString", "coordinates": [ [ [ 17.300520764273561, 52.940203242837967 ], [ 17.300724452766346, 52.940122428574654 ], [ 17.301090896778536, 52.940044211130555 ], [ 17.301232104419949, 52.940045870454078 ], [ 17.301341946925369, 52.940133776589938 ], [ 17.301605711316292, 52.940366246903729 ], [ 17.301649168597553, 52.94040455002402 ] ] ] } },
{ "type": "Feature", "properties": { "TERYT": "3028", "LOKALNYID": "2EBDC9DC-3D14-7DB6-E053-CC2BA8C07DDB", "PRZES_NAZW": "PL.PZGiK.308.BDOT10k", "WERSJA": "20260330000000", "POCZ_WERSJ": "20260330000000", "OZNA_ZMIAN": "BGW-I-K.7520.3.2026", "ZRO_DANYCH": "ortofotomapa", "KAT_ISTNIE": "eksploatowany", "UWAGI": null, "INFO_DODAT": null, "KOD10K": null, "SKROT_KART": null, "KAT_ZARZAD": "gminna", "KLASA_DROG": "droga lokalna", "MATE_NAWIE": "masa bitumiczna", "NAZWA_DROG": null, "LICZ_JEZDN": 1.0, "POLOZENIE": "na powierzchni gruntu", "SZER_NAWIE": 5.0, "NUMER_DROG": "207001P" }, "geometry": { "type": "MultiLineString", "coordinates": [ [ [ 17.307994076233417, 52.945590492897757 ], [ 17.308056553270212, 52.945568989289498 ], [ 17.308119804721294, 52.94556197586099 ], [ 17.308166598346407, 52.945560843494171 ], [ 17.308240646553344, 52.945567113925485 ], [ 17.308334470766106, 52.945581669890217 ], [ 17.30936407674864, 52.945736259674675 ], [ 17.309405895084897, 52.945740541928615 ] ] ] } },
{ "type": "Feature", "properties": { "TERYT": "3028", "LOKALNYID": "589aa1ec-e37a-43b5-9de9-80ce1993f787", "PRZES_NAZW": "PL.PZGiK.308.BDOT10k", "WERSJA": "20260331000000", "POCZ_WERSJ": "20260331000000", "OZNA_ZMIAN": "BGW-I-K.7520.3.2026", "ZRO_DANYCH": "ortofotomapa", "KAT_ISTNIE": "eksploatowany", "UWAGI": null, "INFO_DODAT": null, "KOD10K": null, "SKROT_KART": null, "KAT_ZARZAD": "gminna", "KLASA_DROG": "droga lokalna", "MATE_NAWIE": "żwir", "NAZWA_DROG": null, "LICZ_JEZDN": 1.0, "POLOZENIE": "na powierzchni gruntu", "SZER_NAWIE": 4.0, "NUMER_DROG": "206015P" }, "geometry": { "type": "MultiLineString", "coordinates": [ [ [ 17.283398013972555, 52.932315815979479 ], [ 17.283628947202114, 52.932614583519808 ], [ 17.283750228736835, 52.932743051683062 ], [ 17.283850058395362, 52.932826872714429 ], [ 17.283930681245121, 52.932888292629855 ], [ 17.284024610552564, 52.932951973151717 ], [ 17.284252813095996, 52.933067865552211 ], [ 17.284442748787871, 52.933150289338172 ], [ 17.284530693901477, 52.933188431911461 ], [ 17.284948206175926, 52.933387636576981 ], [ 17.285315592291706, 52.933574784697221 ], [ 17.285804769699411, 52.933847686690932 ], [ 17.286538319016074, 52.934238326565833 ], [ 17.286911817737252, 52.934433112188522 ], [ 17.287243965641519, 52.934608414502357 ], [ 17.287640408244915, 52.934806586280558 ], [ 17.288168724078034, 52.935091733727326 ], [ 17.288779939466444, 52.935399926607047 ], [ 17.289101958117655, 52.935572019980853 ], [ 17.289443470673586, 52.935759411976754 ], [ 17.289854530177621, 52.935980000150472 ], [ 17.290418958077062, 52.936271143082436 ], [ 17.290672035926168, 52.936395025135951 ], [ 17.290886552298712, 52.936519161316596 ], [ 17.291052220493167, 52.936621280310987 ], [ 17.291187820307275, 52.936712084686192 ], [ 17.2912690735734, 52.93677683606866 ], [ 17.291338064397575, 52.936861915800598 ], [ 17.29137993647047, 52.936909912759894 ], [ 17.291446005388593, 52.936989824213818 ], [ 17.291752418517653, 52.937358369603842 ], [ 17.291956767972746, 52.937566984692957 ], [ 17.292297854126119, 52.937951135822843 ], [ 17.29263600796169, 52.93828892821444 ], [ 17.292718110332867, 52.938377612971316 ], [ 17.292998415543554, 52.938661152711006 ], [ 17.29314347131163, 52.938788063862816 ], [ 17.293233994809327, 52.938859512132851 ], [ 17.293315442195262, 52.938911944002953 ], [ 17.293418725062384, 52.938973143171133 ], [ 17.293503405983621, 52.93900772466678 ], [ 17.293540416817329, 52.939020487154593 ], [ 17.29389145401241, 52.939141002617205 ], [ 17.294840955527324, 52.939412021998315 ], [ 17.295586336458907, 52.939615893458239 ], [ 17.295612405470639, 52.939623012408589 ], [ 17.295916597136145, 52.939700940980465 ], [ 17.296263129133393, 52.939784871907541 ], [ 17.296468469102599, 52.939832692853983 ], [ 17.296763870137269, 52.939899521361951 ] ] ] } },
{ "type": "Feature", "properties": { "TERYT": "3028", "LOKALNYID": "2a0f94d0-dcb3-4b1b-b3e1-e50650175722", "PRZES_NAZW": "PL.PZGiK.308.BDOT10k", "WERSJA": "20240917000000", "POCZ_WERSJ": "20240917000000", "OZNA_ZMIAN": "GK-KARTO.600.48.2024", "ZRO_DANYCH": "ortofotomapa", "KAT_ISTNIE": "eksploatowany", "UWAGI": null, "INFO_DODAT": null, "KOD10K": null, "SKROT_KART": null, "KAT_ZARZAD": "powiatowa", "KLASA_DROG": "droga lokalna", "MATE_NAWIE": "masa bitumiczna", "NAZWA_DROG": null, "LICZ_JEZDN": 1.0, "POLOZENIE": "na powierzchni gruntu", "SZER_NAWIE": 6.0, "NUMER_DROG": "1600P" }, "geometry": { "type": "MultiLineString", "coordinates": [ [ [ 17.285704636247392, 52.938617829943539 ], [ 17.285671042840704, 52.938605294173811 ], [ 17.285515841849488, 52.938547296061778 ], [ 17.285342757291051, 52.938482294659536 ], [ 17.285024458754041, 52.938362765912501 ], [ 17.284715583970563, 52.938245890483209 ], [ 17.284310937933775, 52.938092827113437 ], [ 17.283580662305614, 52.937813918383043 ], [ 17.283413637020438, 52.937750170795674 ], [ 17.282090432399393, 52.937250711775782 ], [ 17.281354582053993, 52.936970449470984 ], [ 17.28045914797173, 52.936630675354472 ], [ 17.280156467816809, 52.936515856074067 ], [ 17.279711315044405, 52.9363490601487 ], [ 17.279013309066109, 52.936087407677618 ], [ 17.278373100825227, 52.935847363205596 ] ] ] } },
{ "type": "Feature", "properties": { "TERYT": "3028", "LOKALNYID": "2EBDC9DC-3D1A-7DB6-E053-CC2BA8C07DDB", "PRZES_NAZW": "PL.PZGiK.308.BDOT10k", "WERSJA": "20240917000000", "POCZ_WERSJ": "20240917000000", "OZNA_ZMIAN": "GK-KARTO.600.48.2024", "ZRO_DANYCH": "ortofotomapa", "KAT_ISTNIE": "eksploatowany", "UWAGI": null, "INFO_DODAT": null, "KOD10K": null, "SKROT_KART": null, "KAT_ZARZAD": "wewnętrzna", "KLASA_DROG": "droga wewnętrzna", "MATE_NAWIE": "grunt naturalny", "NAZWA_DROG": null, "LICZ_JEZDN": 1.0, "POLOZENIE": "na powierzchni gruntu", "SZER_NAWIE": null, "NUMER_DROG": null }, "geometry": { "type": "MultiLineString", "coordinates": [ [ [ 17.295854609216985, 52.945384178859697 ], [ 17.297008665429445, 52.945636529443902 ], [ 17.297956582035887, 52.945842028745822 ], [ 17.29796248820421, 52.94584328247781 ], [ 17.298419000436137, 52.945941102892554 ], [ 17.29844682179116, 52.945956789912287 ], [ 17.298464597766184, 52.945985643148269 ], [ 17.298464117906676, 52.946081324929089 ], [ 17.298445020974476, 52.946245448872148 ], [ 17.298407561591656, 52.946604284456235 ] ] ] } },
{ "type": "Feature", "properties": { "TERYT": "3028", "LOKALNYID": "50651440-D7F0-46AD-9A4A-66468A38FB2A", "PRZES_NAZW": "PL.PZGiK.308.BDOT10k", "WERSJA": "20240917000000", "POCZ_WERSJ": "20240917000000", "OZNA_ZMIAN": "GK-KARTO.600.48.2024", "ZRO_DANYCH": "ortofotomapa", "KAT_ISTNIE": "eksploatowany", "UWAGI": null, "INFO_DODAT": "linia umowna", "KOD10K": null, "SKROT_KART": null, "KAT_ZARZAD": "wewnętrzna", "KLASA_DROG": "droga wewnętrzna", "MATE_NAWIE": "grunt naturalny", "NAZWA_DROG": null, "LICZ_JEZDN": 1.0, "POLOZENIE": "na powierzchni gruntu", "SZER_NAWIE": null, "NUMER_DROG": null }, "geometry": { "type": "MultiLineString", "coordinates": [ [ [ 17.299931332049493, 52.938762267198868 ], [ 17.300117513924164, 52.938789932515611 ], [ 17.300324615349478, 52.938777606816387 ], [ 17.300722065160134, 52.938637240735375 ], [ 17.300825869022919, 52.938624605849547 ], [ 17.300903396342285, 52.93867472807603 ] ] ] } },
{ "type": "Feature", "properties": { "TERYT": "3028", "LOKALNYID": "d2656f57-4b4e-4a14-bc04-452b579792e9", "PRZES_NAZW": "PL.PZGiK.308.BDOT10k", "WERSJA": "20260331000000", "POCZ_WERSJ": "20260331000000", "OZNA_ZMIAN": "BGW-I-K.7520.3.2026", "ZRO_DANYCH": "ortofotomapa", "KAT_ISTNIE": "eksploatowany", "UWAGI": null, "INFO_DODAT": null, "KOD10K": null, "SKROT_KART": null, "KAT_ZARZAD": "wewnętrzna", "KLASA_DROG": "droga wewnętrzna", "MATE_NAWIE": "żwir", "NAZWA_DROG": null, "LICZ_JEZDN": 1.0, "POLOZENIE": "na powierzchni gruntu", "SZER_NAWIE": 3.0, "NUMER_DROG": null }, "geometry": { "type": "MultiLineString", "coordinates": [ [ [ 17.313917145872541, 52.942787308941455 ], [ 17.313961040298761, 52.942366776542912 ], [ 17.313978669508025, 52.942181405408064 ], [ 17.313994515078072, 52.941999786133898 ], [ 17.314004380554017, 52.941918357072943 ], [ 17.313999554883239, 52.941870174545826 ], [ 17.313982160090443, 52.941835123714803 ], [ 17.313965544714659, 52.941806828901598 ], [ 17.31392639640405, 52.941787567340917 ], [ 17.313866062758336, 52.941773311158272 ], [ 17.313264357477646, 52.941795527707455 ] ] ] } },
{ "type": "Feature", "properties": { "TERYT": "3028", "LOKALNYID": "7D449709-6124-4447-9EBF-5B5FAF3575AD", "PRZES_NAZW": "PL.PZGiK.308.BDOT10k", "WERSJA": "20231231120000", "POCZ_WERSJ": "20231231120000", "OZNA_ZMIAN": "GI-TOPO.600.116.2023", "ZRO_DANYCH": "ortofotomapa", "KAT_ISTNIE": "eksploatowany", "UWAGI": null, "INFO_DODAT": null, "KOD10K": null, "SKROT_KART": null, "KAT_ZARZAD": "wewnętrzna", "KLASA_DROG": "droga wewnętrzna", "MATE_NAWIE": "płyty betonowe", "NAZWA_DROG": null, "LICZ_JEZDN": 1.0, "POLOZENIE": "na powierzchni gruntu", "SZER_NAWIE": 4.0, "NUMER_DROG": null }, "geometry": { "type": "MultiLineString", "coordinates": [ [ [ 17.297392501618777, 52.942118006091029 ], [ 17.297727163420184, 52.942133233527969 ], [ 17.297924242040267, 52.942122566980288 ], [ 17.298036344969063, 52.942023897552154 ], [ 17.298119730344368, 52.942027250370458 ], [ 17.298249381348683, 52.942050421518537 ], [ 17.298453372742429, 52.94213293375946 ], [ 17.298690727975888, 52.942230222731219 ], [ 17.298842385308379, 52.942326194322703 ], [ 17.298960302870881, 52.942379054441787 ], [ 17.299096427350285, 52.942419404600692 ], [ 17.299395523403341, 52.94250264710228 ], [ 17.299487994656488, 52.942532479362448 ], [ 17.299526806332441, 52.942544995923633 ], [ 17.299876120852165, 52.942611868648086 ], [ 17.300041819393186, 52.942645985842155 ] ] ] } },
{ "type": "Feature", "properties": { "TERYT": "3028", "LOKALNYID": "683c5aa0-4bbc-47fc-8af0-0fb1f27bb83a", "PRZES_NAZW": "PL.PZGiK.308.BDOT10k", "WERSJA": "20260331000000", "POCZ_WERSJ": "20260331000000", "OZNA_ZMIAN": "BGW-I-K.7520.3.2026", "ZRO_DANYCH": "ortofotomapa", "KAT_ISTNIE": "eksploatowany", "UWAGI": null, "INFO_DODAT": null, "KOD10K": null, "SKROT_KART": null, "KAT_ZARZAD": "wewnętrzna", "KLASA_DROG": "droga wewnętrzna", "MATE_NAWIE": "grunt naturalny", "NAZWA_DROG": null, "LICZ_JEZDN": 1.0, "POLOZENIE": "na powierzchni gruntu", "SZER_NAWIE": null, "NUMER_DROG": null }, "geometry": { "type": "MultiLineString", "coordinates": [ [ [ 17.313264357477646, 52.941795527707455 ], [ 17.313268905985264, 52.941705389665081 ], [ 17.313284345602749, 52.941541931121591 ], [ 17.313291109872836, 52.941482851353342 ], [ 17.313311190840825, 52.941307227827267 ], [ 17.313320913677689, 52.941221839738439 ], [ 17.31332166266127, 52.941217893326765 ], [ 17.313367255567282, 52.940937500475918 ] ] ] } },
{ "type": "Feature", "properties": { "TERYT": "3028", "LOKALNYID": "2EBDC9DC-3A00-7DB6-E053-CC2BA8C07DDB", "PRZES_NAZW": "PL.PZGiK.308.BDOT10k", "WERSJA": "20231231120000", "POCZ_WERSJ": "20231231120000", "OZNA_ZMIAN": "GI-TOPO.600.116.2023", "ZRO_DANYCH": "ortofotomapa", "KAT_ISTNIE": "eksploatowany", "UWAGI": null, "INFO_DODAT": null, "KOD10K": null, "SKROT_KART": null, "KAT_ZARZAD": "powiatowa", "KLASA_DROG": "droga lokalna", "MATE_NAWIE": "masa bitumiczna", "NAZWA_DROG": null, "LICZ_JEZDN": 1.0, "POLOZENIE": "na powierzchni gruntu", "SZER_NAWIE": 6.0, "NUMER_DROG": "1560P" }, "geometry": { "type": "MultiLineString", "coordinates": [ [ [ 17.311583545067801, 52.946885593284414 ], [ 17.31213724870365, 52.946947059901767 ] ] ] } },
{ "type": "Feature", "properties": { "TERYT": "3028", "LOKALNYID": "2EBDC9DC-3EF1-7DB6-E053-CC2BA8C07DDB", "PRZES_NAZW": "PL.PZGiK.308.BDOT10k", "WERSJA": "20231231120000", "POCZ_WERSJ": "20231231120000", "OZNA_ZMIAN": "GI-TOPO.600.116.2023", "ZRO_DANYCH": "ortofotomapa", "KAT_ISTNIE": "eksploatowany", "UWAGI": null, "INFO_DODAT": null, "KOD10K": null, "SKROT_KART": null, "KAT_ZARZAD": "gminna", "KLASA_DROG": "droga lokalna", "MATE_NAWIE": "masa bitumiczna", "NAZWA_DROG": null, "LICZ_JEZDN": 1.0, "POLOZENIE": "na powierzchni gruntu", "SZER_NAWIE": 7.0, "NUMER_DROG": "207009P" }, "geometry": { "type": "MultiLineString", "coordinates": [ [ [ 17.307822708309139, 52.949717676835192 ], [ 17.308512319295723, 52.949838112885423 ], [ 17.308582788763097, 52.949852336126121 ] ] ] } },
{ "type": "Feature", "properties": { "TERYT": "3028", "LOKALNYID": "652c8ecb-4864-42a2-a823-18234d9b1c6f", "PRZES_NAZW": "PL.PZGiK.308.BDOT10k", "WERSJA": "20240917000000", "POCZ_WERSJ": "20240917000000", "OZNA_ZMIAN": "GK-KARTO.600.48.2024", "ZRO_DANYCH": "ortofotomapa", "KAT_ISTNIE": "eksploatowany", "UWAGI": null, "INFO_DODAT": null, "KOD10K": null, "SKROT_KART": null, "KAT_ZARZAD": "gminna", "KLASA_DROG": "droga lokalna", "MATE_NAWIE": "żwir", "NAZWA_DROG": null, "LICZ_JEZDN": 1.0, "POLOZENIE": "na powierzchni gruntu", "SZER_NAWIE": 3.0, "NUMER_DROG": "207045P" }, "geometry": { "type": "MultiLineString", "coordinates": [ [ [ 17.296075950295766, 52.945934685332631 ], [ 17.296075399727254, 52.945922176753569 ], [ 17.296072143104269, 52.945853511190791 ], [ 17.296058105717488, 52.945786399751185 ], [ 17.296038549903102, 52.945730900457697 ], [ 17.296033187847193, 52.945715804753775 ], [ 17.295976748878928, 52.945610043568287 ], [ 17.295924221589313, 52.945537343858177 ], [ 17.295882391619774, 52.945476578767149 ], [ 17.29586973681872, 52.945446269719234 ], [ 17.295854609216985, 52.945384178859697 ] ] ] } },
{ "type": "Feature", "properties": { "TERYT": "3028", "LOKALNYID": "13761c55-adec-4c4e-bd53-e2f477a47948", "PRZES_NAZW": "PL.PZGiK.308.BDOT10k", "WERSJA": "20240917000000", "POCZ_WERSJ": "20240917000000", "OZNA_ZMIAN": "GK-KARTO.600.48.2024", "ZRO_DANYCH": "ortofotomapa", "KAT_ISTNIE": "eksploatowany", "UWAGI": null, "INFO_DODAT": null, "KOD10K": null, "SKROT_KART": null, "KAT_ZARZAD": "gminna", "KLASA_DROG": "droga lokalna", "MATE_NAWIE": "grunt naturalny", "NAZWA_DROG": null, "LICZ_JEZDN": 1.0, "POLOZENIE": "na powierzchni gruntu", "SZER_NAWIE": null, "NUMER_DROG": "207045P" }, "geometry": { "type": "MultiLineString", "coordinates": [ [ [ 17.296349076635163, 52.948804675041998 ], [ 17.296368590222187, 52.948758999092767 ], [ 17.296396828357761, 52.948695911305592 ], [ 17.296416520175111, 52.948630542591097 ], [ 17.296432065636566, 52.948587327861361 ], [ 17.296437308636598, 52.948522111719775 ], [ 17.296435808226811, 52.948420106258688 ], [ 17.296425401136645, 52.948264373068071 ], [ 17.296377796496945, 52.947998118565252 ], [ 17.296299760838352, 52.947517387282744 ], [ 17.296240347730798, 52.947059136372182 ], [ 17.2961683174344, 52.946645401150761 ], [ 17.296143793388548, 52.946492792971632 ], [ 17.296106009515515, 52.946257076436673 ], [ 17.296087999212819, 52.946086485114591 ], [ 17.296085821559082, 52.946066129034165 ], [ 17.296076649665778, 52.945947196045559 ], [ 17.296075950295766, 52.945934685332631 ] ] ] } },
{ "type": "Feature", "properties": { "TERYT": "3028", "LOKALNYID": "2EBDC9DC-3C59-7DB6-E053-CC2BA8C07DDB", "PRZES_NAZW": "PL.PZGiK.308.BDOT10k", "WERSJA": "20240917000000", "POCZ_WERSJ": "20240917000000", "OZNA_ZMIAN": "GK-KARTO.600.48.2024", "ZRO_DANYCH": "ortofotomapa", "KAT_ISTNIE": "eksploatowany", "UWAGI": null, "INFO_DODAT": null, "KOD10K": null, "SKROT_KART": null, "KAT_ZARZAD": "wojewódzka", "KLASA_DROG": "droga główna", "MATE_NAWIE": "masa bitumiczna", "NAZWA_DROG": null, "LICZ_JEZDN": 1.0, "POLOZENIE": "na powierzchni gruntu", "SZER_NAWIE": 7.0, "NUMER_DROG": "193" }, "geometry": { "type": "MultiLineString", "coordinates": [ [ [ 17.297197065068705, 52.943371929164122 ], [ 17.297146151170487, 52.943432533790372 ], [ 17.297090773340855, 52.943493074416899 ], [ 17.29700294389113, 52.943576262673517 ] ] ] } },
{ "type": "Feature", "properties": { "TERYT": "3028", "LOKALNYID": "2EBDC9DC-3B89-7DB6-E053-CC2BA8C07DDB", "PRZES_NAZW": "PL.PZGiK.308.BDOT10k", "WERSJA": "20231231120000", "POCZ_WERSJ": "20231231120000", "OZNA_ZMIAN": "GI-TOPO.600.116.2023", "ZRO_DANYCH": "ortofotomapa", "KAT_ISTNIE": "eksploatowany", "UWAGI": null, "INFO_DODAT": null, "KOD10K": null, "SKROT_KART": null, "KAT_ZARZAD": "wojewódzka", "KLASA_DROG": "droga główna", "MATE_NAWIE": "masa bitumiczna", "NAZWA_DROG": null, "LICZ_JEZDN": 1.0, "POLOZENIE": "na powierzchni gruntu", "SZER_NAWIE": 6.0, "NUMER_DROG": "193" }, "geometry": { "type": "MultiLineString", "coordinates": [ [ [ 17.292153841400204, 52.945028328651048 ], [ 17.29207271876583, 52.945050545187264 ] ] ] } },
{ "type": "Feature", "properties": { "TERYT": "3028", "LOKALNYID": "2EBDC9DC-3EAD-7DB6-E053-CC2BA8C07DDB", "PRZES_NAZW": "PL.PZGiK.308.BDOT10k", "WERSJA": "20260330000000", "POCZ_WERSJ": "20260330000000", "OZNA_ZMIAN": "BGW-I-K.7520.3.2026", "ZRO_DANYCH": "ortofotomapa", "KAT_ISTNIE": "eksploatowany", "UWAGI": null, "INFO_DODAT": null, "KOD10K": null, "SKROT_KART": null, "KAT_ZARZAD": "wewnętrzna", "KLASA_DROG": "droga wewnętrzna", "MATE_NAWIE": "masa bitumiczna", "NAZWA_DROG": null, "LICZ_JEZDN": 1.0, "POLOZENIE": "na powierzchni gruntu", "SZER_NAWIE": 6.0, "NUMER_DROG": null }, "geometry": { "type": "MultiLineString", "coordinates": [ [ [ 17.301893420452974, 52.954837951394012 ], [ 17.302428688901969, 52.954916106571225 ], [ 17.302604608396503, 52.954930041031773 ] ] ] } },
{ "type": "Feature", "properties": { "TERYT": "3028", "LOKALNYID": "2EBDC9DC-3ACD-7DB6-E053-CC2BA8C07DDB", "PRZES_NAZW": "PL.PZGiK.308.BDOT10k", "WERSJA": "20231231120000", "POCZ_WERSJ": "20231231120000", "OZNA_ZMIAN": "GI-TOPO.600.116.2023", "ZRO_DANYCH": "ortofotomapa", "KAT_ISTNIE": "eksploatowany", "UWAGI": null, "INFO_DODAT": null, "KOD10K": null, "SKROT_KART": null, "KAT_ZARZAD": "gminna", "KLASA_DROG": "droga lokalna", "MATE_NAWIE": "masa bitumiczna", "NAZWA_DROG": null, "LICZ_JEZDN": 1.0, "POLOZENIE": "na powierzchni gruntu", "SZER_NAWIE": 7.0, "NUMER_DROG": "207009P" }, "geometry": { "type": "MultiLineString", "coordinates": [ [ [ 17.309504348477216, 52.950027239585367 ], [ 17.309645909143814, 52.950039775587491 ], [ 17.309676391961677, 52.950040838749352 ], [ 17.309706871276276, 52.950041991786257 ], [ 17.3097500404294, 52.950038468957288 ], [ 17.309804633656537, 52.9500283636565 ], [ 17.309916672325688, 52.949999919735717 ], [ 17.310234376713847, 52.949897957760975 ], [ 17.310552224933346, 52.949796086921737 ], [ 17.310916777150506, 52.949668708717837 ], [ 17.311029171499552, 52.949615807108437 ], [ 17.311062247045001, 52.949599999415284 ] ] ] } },
{ "type": "Feature", "properties": { "TERYT": "3028", "LOKALNYID": "62390640-2df7-47ae-a8a7-1bdece0ae195", "PRZES_NAZW": "PL.PZGiK.308.BDOT10k", "WERSJA": "20240917000000", "POCZ_WERSJ": "20240917000000", "OZNA_ZMIAN": "GK-KARTO.600.48.2024", "ZRO_DANYCH": "ortofotomapa", "KAT_ISTNIE": "eksploatowany", "UWAGI": null, "INFO_DODAT": null, "KOD10K": null, "SKROT_KART": null, "KAT_ZARZAD": "gminna", "KLASA_DROG": "droga lokalna", "MATE_NAWIE": "płyty betonowe", "NAZWA_DROG": null, "LICZ_JEZDN": 1.0, "POLOZENIE": "na powierzchni gruntu", "SZER_NAWIE": 12.0, "NUMER_DROG": "207047P" }, "geometry": { "type": "MultiLineString", "coordinates": [ [ [ 17.30972018738704, 52.94809288865779 ], [ 17.307542513806858, 52.947615554212234 ], [ 17.307241080414975, 52.947548936875386 ] ] ] } },
{ "type": "Feature", "properties": { "TERYT": "3028", "LOKALNYID": "2EBDC9DC-4449-7DB6-E053-CC2BA8C07DDB", "PRZES_NAZW": "PL.PZGiK.308.BDOT10k", "WERSJA": "20231231120000", "POCZ_WERSJ": "20231231120000", "OZNA_ZMIAN": "GI-TOPO.600.116.2023", "ZRO_DANYCH": "ortofotomapa", "KAT_ISTNIE": "eksploatowany", "UWAGI": null, "INFO_DODAT": null, "KOD10K": null, "SKROT_KART": null, "KAT_ZARZAD": "gminna", "KLASA_DROG": "droga lokalna", "MATE_NAWIE": "masa bitumiczna", "NAZWA_DROG": null, "LICZ_JEZDN": 1.0, "POLOZENIE": "na powierzchni gruntu", "SZER_NAWIE": 7.0, "NUMER_DROG": "207009P" }, "geometry": { "type": "MultiLineString", "coordinates": [ [ [ 17.308582788763097, 52.949852336126121 ], [ 17.308925700675612, 52.949913424812991 ], [ 17.309106843090913, 52.949945680446234 ], [ 17.309266916998503, 52.949976017234036 ], [ 17.309288766492841, 52.949980824761838 ], [ 17.309402436458143, 52.950006004454828 ], [ 17.309504348477216, 52.950027239585367 ] ] ] } },
{ "type": "Feature", "properties": { "TERYT": "3028", "LOKALNYID": "2EBDC9DC-3D0D-7DB6-E053-CC2BA8C07DDB", "PRZES_NAZW": "PL.PZGiK.308.BDOT10k", "WERSJA": "20231231120000", "POCZ_WERSJ": "20231231120000", "OZNA_ZMIAN": "GI-TOPO.600.116.2023", "ZRO_DANYCH": "ortofotomapa", "KAT_ISTNIE": "eksploatowany", "UWAGI": null, "INFO_DODAT": null, "KOD10K": null, "SKROT_KART": null, "KAT_ZARZAD": "gminna", "KLASA_DROG": "droga lokalna", "MATE_NAWIE": "masa bitumiczna", "NAZWA_DROG": null, "LICZ_JEZDN": 1.0, "POLOZENIE": "na powierzchni gruntu", "SZER_NAWIE": 4.0, "NUMER_DROG": "207009P" }, "geometry": { "type": "MultiLineString", "coordinates": [ [ [ 17.307450688111651, 52.950299189666055 ], [ 17.307333140124783, 52.950392394321959 ], [ 17.307306400001497, 52.950413687202904 ], [ 17.307197360696179, 52.950502516295913 ], [ 17.30714138812132, 52.950551721509484 ], [ 17.307088475280324, 52.950606456188353 ], [ 17.30703274452847, 52.950668525183019 ], [ 17.306961459671431, 52.95076283826652 ], [ 17.306917695869917, 52.950819681747504 ] ] ] } },
{ "type": "Feature", "properties": { "TERYT": "3028", "LOKALNYID": "83D12336-2DD6-466C-941D-8C431C1AE95E", "PRZES_NAZW": "PL.PZGiK.308.BDOT10k", "WERSJA": "20240917000000", "POCZ_WERSJ": "20240917000000", "OZNA_ZMIAN": "GK-KARTO.600.48.2024", "ZRO_DANYCH": "ortofotomapa", "KAT_ISTNIE": "eksploatowany", "UWAGI": null, "INFO_DODAT": null, "KOD10K": null, "SKROT_KART": null, "KAT_ZARZAD": "wewnętrzna", "KLASA_DROG": "droga wewnętrzna", "MATE_NAWIE": "tłuczeń", "NAZWA_DROG": null, "LICZ_JEZDN": 1.0, "POLOZENIE": "na powierzchni gruntu", "SZER_NAWIE": 3.0, "NUMER_DROG": null }, "geometry": { "type": "MultiLineString", "coordinates": [ [ [ 17.31918427388111, 52.951036725865329 ], [ 17.31906211518595, 52.951203351700514 ], [ 17.318975667631197, 52.951351416903776 ], [ 17.318779083526014, 52.951709265461112 ] ] ] } },
{ "type": "Feature", "properties": { "TERYT": "3028", "LOKALNYID": "2EBDC9DC-4CD6-7DB6-E053-CC2BA8C07DDB", "PRZES_NAZW": "PL.PZGiK.308.BDOT10k", "WERSJA": "20240917000000", "POCZ_WERSJ": "20240917000000", "OZNA_ZMIAN": "GK-KARTO.600.48.2024", "ZRO_DANYCH": "ortofotomapa", "KAT_ISTNIE": "eksploatowany", "UWAGI": null, "INFO_DODAT": null, "KOD10K": null, "SKROT_KART": null, "KAT_ZARZAD": "gminna", "KLASA_DROG": "droga dojazdowa", "MATE_NAWIE": "tłuczeń", "NAZWA_DROG": null, "LICZ_JEZDN": 1.0, "POLOZENIE": "na powierzchni gruntu", "SZER_NAWIE": 4.0, "NUMER_DROG": "207028P" }, "geometry": { "type": "MultiLineString", "coordinates": [ [ [ 17.283616386366148, 52.957943982317417 ], [ 17.282873003229231, 52.958337131823235 ], [ 17.282666581726438, 52.958446295304554 ], [ 17.282172578996526, 52.958735754125961 ], [ 17.281702548489054, 52.958991383020326 ], [ 17.281422813461869, 52.959135187654233 ], [ 17.281203688051828, 52.959267817277002 ], [ 17.281024678551862, 52.959387806646497 ], [ 17.280877623849182, 52.959494408348476 ], [ 17.280671787565819, 52.959644856115091 ], [ 17.280362746723377, 52.959885182038164 ], [ 17.280040959696791, 52.960146367007738 ], [ 17.280012866673431, 52.960171231570754 ], [ 17.279760159012433, 52.960395463883806 ], [ 17.279266955808968, 52.96080624196621 ], [ 17.278975041771478, 52.961046182796991 ], [ 17.278879889506175, 52.961131949801675 ], [ 17.278651587778175, 52.961337647336975 ], [ 17.27813188638439, 52.961766293349214 ], [ 17.277593552004102, 52.962232528851246 ], [ 17.277366423500538, 52.962412160393896 ], [ 17.277238511421551, 52.962523801591949 ] ] ] } },
{ "type": "Feature", "properties": { "TERYT": "3028", "LOKALNYID": "2EBDC9DC-4CD2-7DB6-E053-CC2BA8C07DDB", "PRZES_NAZW": "PL.PZGiK.308.BDOT10k", "WERSJA": "20240917000000", "POCZ_WERSJ": "20240917000000", "OZNA_ZMIAN": "GK-KARTO.600.48.2024", "ZRO_DANYCH": "ortofotomapa", "KAT_ISTNIE": "eksploatowany", "UWAGI": null, "INFO_DODAT": null, "KOD10K": null, "SKROT_KART": null, "KAT_ZARZAD": "gminna", "KLASA_DROG": "droga lokalna", "MATE_NAWIE": "grunt naturalny", "NAZWA_DROG": null, "LICZ_JEZDN": 1.0, "POLOZENIE": "na powierzchni gruntu", "SZER_NAWIE": null, "NUMER_DROG": "207050P" }, "geometry": { "type": "MultiLineString", "coordinates": [ [ [ 17.307794335732627, 52.953579614484312 ], [ 17.307838854399598, 52.953583575963123 ], [ 17.308182402168054, 52.953621473000851 ], [ 17.308553989985313, 52.953658239318301 ], [ 17.308773745453081, 52.953685918805213 ], [ 17.308879252133284, 52.953699201558912 ], [ 17.309205107893739, 52.953751682736929 ], [ 17.30943231590367, 52.953786841521172 ], [ 17.309596909530374, 52.953812385694093 ], [ 17.309883756737225, 52.953849471183695 ], [ 17.310238848798996, 52.953893102269632 ], [ 17.312033127452839, 52.954136870031881 ], [ 17.312500175140944, 52.954200430856602 ], [ 17.313664028053186, 52.954358686834986 ], [ 17.314783131134867, 52.954511440372734 ], [ 17.315224112837637, 52.954567695960833 ], [ 17.31570749354692, 52.954640379010286 ], [ 17.316045472885484, 52.954691664171726 ], [ 17.316340227753685, 52.954736310461485 ], [ 17.316760352464232, 52.954804405702838 ], [ 17.317603710512014, 52.954941175308853 ], [ 17.318164347987608, 52.955026363510797 ], [ 17.318809902672037, 52.955126060486101 ], [ 17.319999056513193, 52.955305116649328 ], [ 17.321277709104045, 52.955499814419987 ], [ 17.322137680975608, 52.955642811831829 ] ] ] } },
{ "type": "Feature", "properties": { "TERYT": "3028", "LOKALNYID": "ABF45413-D932-48E9-9F0C-AC53EF84420E", "PRZES_NAZW": "PL.PZGiK.308.BDOT10k", "WERSJA": "20231231120000", "POCZ_WERSJ": "20231231120000", "OZNA_ZMIAN": "GI-TOPO.600.116.2023", "ZRO_DANYCH": "ortofotomapa", "KAT_ISTNIE": "eksploatowany", "UWAGI": null, "INFO_DODAT": null, "KOD10K": null, "SKROT_KART": null, "KAT_ZARZAD": "powiatowa", "KLASA_DROG": "droga lokalna", "MATE_NAWIE": "masa bitumiczna", "NAZWA_DROG": null, "LICZ_JEZDN": 1.0, "POLOZENIE": "na powierzchni gruntu", "SZER_NAWIE": 5.5, "NUMER_DROG": "1557P" }, "geometry": { "type": "MultiLineString", "coordinates": [ [ [ 17.318116888987497, 52.950332019343129 ], [ 17.318171879876363, 52.950388376052175 ], [ 17.318264197913326, 52.950488158895752 ], [ 17.318334095473624, 52.950544096970198 ], [ 17.318429720600676, 52.950627738608652 ], [ 17.318520801010084, 52.950690361553953 ], [ 17.318624750070931, 52.950762879241296 ], [ 17.318729287575984, 52.950824073650438 ], [ 17.318745946232781, 52.950832223423298 ], [ 17.31898622082511, 52.950948758024474 ], [ 17.31918427388111, 52.951036725865329 ] ] ] } },
{ "type": "Feature", "properties": { "TERYT": "3028", "LOKALNYID": "2EBDC9DC-3B8D-7DB6-E053-CC2BA8C07DDB", "PRZES_NAZW": "PL.PZGiK.308.BDOT10k", "WERSJA": "20240917000000", "POCZ_WERSJ": "20240917000000", "OZNA_ZMIAN": "GK-KARTO.600.48.2024", "ZRO_DANYCH": "ortofotomapa", "KAT_ISTNIE": "eksploatowany", "UWAGI": null, "INFO_DODAT": null, "KOD10K": null, "SKROT_KART": null, "KAT_ZARZAD": "wojewódzka", "KLASA_DROG": "droga główna", "MATE_NAWIE": "masa bitumiczna", "NAZWA_DROG": null, "LICZ_JEZDN": 1.0, "POLOZENIE": "na powierzchni gruntu", "SZER_NAWIE": 6.0, "NUMER_DROG": "242" }, "geometry": { "type": "MultiLineString", "coordinates": [ [ [ 17.300294615587845, 52.951224255605204 ], [ 17.300250238709697, 52.951376236865535 ] ] ] } },
{ "type": "Feature", "properties": { "TERYT": "3028", "LOKALNYID": "2EBDC9DC-3C57-7DB6-E053-CC2BA8C07DDB", "PRZES_NAZW": "PL.PZGiK.308.BDOT10k", "WERSJA": "20240917000000", "POCZ_WERSJ": "20240917000000", "OZNA_ZMIAN": "GK-KARTO.600.48.2024", "ZRO_DANYCH": "ortofotomapa", "KAT_ISTNIE": "eksploatowany", "UWAGI": null, "INFO_DODAT": null, "KOD10K": null, "SKROT_KART": null, "KAT_ZARZAD": "wojewódzka", "KLASA_DROG": "droga główna", "MATE_NAWIE": "masa bitumiczna", "NAZWA_DROG": null, "LICZ_JEZDN": 1.0, "POLOZENIE": "na powierzchni gruntu", "SZER_NAWIE": 7.0, "NUMER_DROG": "242" }, "geometry": { "type": "MultiLineString", "coordinates": [ [ [ 17.300371932282594, 52.941976031334725 ], [ 17.300295384354694, 52.942174227777194 ], [ 17.300255028997622, 52.94226565190057 ], [ 17.300233383940359, 52.942316514110701 ], [ 17.300211735307442, 52.942367466198611 ], [ 17.300177160000828, 52.94243675954089 ], [ 17.300147111272462, 52.942485522982871 ] ] ] } },
{ "type": "Feature", "properties": { "TERYT": "3028", "LOKALNYID": "78709d6b-8bb5-4d56-9d3c-a9d306cd0cc6", "PRZES_NAZW": "PL.PZGiK.308.BDOT10k", "WERSJA": "20240917000000", "POCZ_WERSJ": "20240917000000", "OZNA_ZMIAN": "GK-KARTO.600.48.2024", "ZRO_DANYCH": "ortofotomapa", "KAT_ISTNIE": "eksploatowany", "UWAGI": null, "INFO_DODAT": null, "KOD10K": null, "SKROT_KART": null, "KAT_ZARZAD": "wewnętrzna", "KLASA_DROG": "droga wewnętrzna", "MATE_NAWIE": "grunt naturalny", "NAZWA_DROG": null, "LICZ_JEZDN": 1.0, "POLOZENIE": "na powierzchni gruntu", "SZER_NAWIE": null, "NUMER_DROG": null }, "geometry": { "type": "MultiLineString", "coordinates": [ [ [ 17.335040344098804, 52.941450838214301 ], [ 17.335241726278817, 52.941537117408593 ], [ 17.335700928165483, 52.941821801787711 ], [ 17.336397493870347, 52.942306760237251 ], [ 17.336468906757894, 52.942358392105326 ], [ 17.33651911583652, 52.942388413063185 ], [ 17.336724764082508, 52.942468454137298 ], [ 17.336861405780162, 52.94250786871482 ], [ 17.336971640813506, 52.942537110890534 ], [ 17.337112699109223, 52.942558420626874 ], [ 17.337272584724634, 52.942577925218657 ], [ 17.337854426340488, 52.942623298151418 ], [ 17.338496575270252, 52.9426877678561 ], [ 17.33869308586485, 52.942707243080854 ], [ 17.338789938024423, 52.94271669115588 ], [ 17.338851876133063, 52.942728169143294 ], [ 17.338913814275141, 52.942739647098641 ], [ 17.338975161449287, 52.942754893924082 ], [ 17.339021176769169, 52.942773973351969 ], [ 17.33910438123506, 52.942817134927616 ], [ 17.339306163055692, 52.942943882325238 ], [ 17.339507978252595, 52.943093112954102 ], [ 17.339602584259126, 52.943180680282786 ], [ 17.339741696629666, 52.943280110992283 ], [ 17.339950066341469, 52.943417651278587 ], [ 17.340002798282015, 52.943447975782227 ], [ 17.340193599829067, 52.943546689161288 ], [ 17.340240830908414, 52.943580713876479 ], [ 17.340268670396004, 52.94360016843968 ], [ 17.34028391549359, 52.943625832275899 ], [ 17.340286215290725, 52.943651315284292 ], [ 17.340281820984124, 52.943668880662742 ], [ 17.340271258805561, 52.94371145103819 ] ] ] } },
{ "type": "Feature", "properties": { "TERYT": "3028", "LOKALNYID": "1210CF19-FAF1-4B55-896A-778BF376581E", "PRZES_NAZW": "PL.PZGiK.308.BDOT10k", "WERSJA": "20231231120000", "POCZ_WERSJ": "20231231120000", "OZNA_ZMIAN": "GI-TOPO.600.116.2023", "ZRO_DANYCH": "ortofotomapa", "KAT_ISTNIE": "eksploatowany", "UWAGI": null, "INFO_DODAT": null, "KOD10K": null, "SKROT_KART": null, "KAT_ZARZAD": "gminna", "KLASA_DROG": "droga lokalna", "MATE_NAWIE": "masa bitumiczna", "NAZWA_DROG": null, "LICZ_JEZDN": 1.0, "POLOZENIE": "na powierzchni gruntu", "SZER_NAWIE": 5.0, "NUMER_DROG": "207014P" }, "geometry": { "type": "MultiLineString", "coordinates": [ [ [ 17.317527048276876, 52.941966043366058 ], [ 17.317507965600495, 52.942258324406133 ] ] ] } },
{ "type": "Feature", "properties": { "TERYT": "3028", "LOKALNYID": "2EBDC9DC-3DD3-7DB6-E053-CC2BA8C07DDB", "PRZES_NAZW": "PL.PZGiK.308.BDOT10k", "WERSJA": "20240917000000", "POCZ_WERSJ": "20240917000000", "OZNA_ZMIAN": "GK-KARTO.600.48.2024", "ZRO_DANYCH": "ortofotomapa", "KAT_ISTNIE": "eksploatowany", "UWAGI": null, "INFO_DODAT": null, "KOD10K": null, "SKROT_KART": null, "KAT_ZARZAD": "wojewódzka", "KLASA_DROG": "droga główna", "MATE_NAWIE": "masa bitumiczna", "NAZWA_DROG": null, "LICZ_JEZDN": 1.0, "POLOZENIE": "na powierzchni gruntu", "SZER_NAWIE": 7.0, "NUMER_DROG": "193" }, "geometry": { "type": "MultiLineString", "coordinates": [ [ [ 17.297197065068705, 52.943371929164122 ], [ 17.297238690697327, 52.943316587385901 ], [ 17.297343693753369, 52.943182742983034 ], [ 17.297391800662304, 52.943117781265826 ], [ 17.297435992756402, 52.943076685609959 ], [ 17.297485354199416, 52.943040430458638 ], [ 17.297647580810743, 52.942935464829915 ] ] ] } },
{ "type": "Feature", "properties": { "TERYT": "3028", "LOKALNYID": "2EBDC9DC-345C-7DB6-E053-CC2BA8C07DDB", "PRZES_NAZW": "PL.PZGiK.308.BDOT10k", "WERSJA": "20231231120000", "POCZ_WERSJ": "20231231120000", "OZNA_ZMIAN": "GI-TOPO.600.116.2023", "ZRO_DANYCH": "ortofotomapa", "KAT_ISTNIE": "eksploatowany", "UWAGI": null, "INFO_DODAT": null, "KOD10K": null, "SKROT_KART": null, "KAT_ZARZAD": "gminna", "KLASA_DROG": "droga lokalna", "MATE_NAWIE": "masa bitumiczna", "NAZWA_DROG": null, "LICZ_JEZDN": 1.0, "POLOZENIE": "na powierzchni gruntu", "SZER_NAWIE": 5.0, "NUMER_DROG": "207008P" }, "geometry": { "type": "MultiLineString", "coordinates": [ [ [ 17.30968420582025, 52.945766085348041 ], [ 17.310000704739128, 52.945667524415221 ], [ 17.310090529026038, 52.945639573813338 ], [ 17.310199396248407, 52.945611983899006 ], [ 17.310297337466636, 52.945601145876481 ], [ 17.310326381720049, 52.945600839441731 ], [ 17.310383878524373, 52.945600128204113 ], [ 17.31046293384858, 52.945607817440781 ], [ 17.310588373045459, 52.945624889614805 ], [ 17.310791677318804, 52.945657278038041 ], [ 17.310853305547695, 52.945665168922709 ], [ 17.31107028245313, 52.945698200900608 ], [ 17.31127275065548, 52.945729137687096 ], [ 17.311543808118955, 52.94577274007753 ] ] ] } },
{ "type": "Feature", "properties": { "TERYT": "3028", "LOKALNYID": "2EBDC9DC-354C-7DB6-E053-CC2BA8C07DDB", "PRZES_NAZW": "PL.PZGiK.308.BDOT10k", "WERSJA": "20260331000000", "POCZ_WERSJ": "20260331000000", "OZNA_ZMIAN": "BGW-I-K.7520.3.2026", "ZRO_DANYCH": "ortofotomapa", "KAT_ISTNIE": "eksploatowany", "UWAGI": null, "INFO_DODAT": null, "KOD10K": null, "SKROT_KART": null, "KAT_ZARZAD": "wewnętrzna", "KLASA_DROG": "droga wewnętrzna", "MATE_NAWIE": "masa bitumiczna", "NAZWA_DROG": null, "LICZ_JEZDN": 1.0, "POLOZENIE": "na powierzchni gruntu", "SZER_NAWIE": 3.0, "NUMER_DROG": null }, "geometry": { "type": "MultiLineString", "coordinates": [ [ [ 17.305236827805334, 52.939646832182973 ], [ 17.305285759346912, 52.939606071054982 ], [ 17.30529372051295, 52.939589007418505 ], [ 17.305316996276613, 52.939553366237192 ], [ 17.305349646386233, 52.939521635944551 ], [ 17.305416590826553, 52.93949228337074 ], [ 17.305696121262677, 52.939375040300632 ], [ 17.305938875367001, 52.939273190346007 ], [ 17.306084617956753, 52.939212045449409 ] ] ] } },
{ "type": "Feature", "properties": { "TERYT": "3028", "LOKALNYID": "2EBDC9DC-3EA1-7DB6-E053-CC2BA8C07DDB", "PRZES_NAZW": "PL.PZGiK.308.BDOT10k", "WERSJA": "20240917000000", "POCZ_WERSJ": "20240917000000", "OZNA_ZMIAN": "GK-KARTO.600.48.2024", "ZRO_DANYCH": "ortofotomapa", "KAT_ISTNIE": "eksploatowany", "UWAGI": null, "INFO_DODAT": null, "KOD10K": null, "SKROT_KART": null, "KAT_ZARZAD": "wojewódzka", "KLASA_DROG": "droga główna", "MATE_NAWIE": "masa bitumiczna", "NAZWA_DROG": null, "LICZ_JEZDN": 1.0, "POLOZENIE": "na powierzchni gruntu", "SZER_NAWIE": 6.0, "NUMER_DROG": "242" }, "geometry": { "type": "MultiLineString", "coordinates": [ [ [ 17.29944133327816, 52.95351073052332 ], [ 17.299197608613639, 52.954120584199188 ], [ 17.299023708123247, 52.954556157808575 ] ] ] } },
{ "type": "Feature", "properties": { "TERYT": "3028", "LOKALNYID": "e3b93744-72cc-4e94-9462-76d63e57dd00", "PRZES_NAZW": "PL.PZGiK.308.BDOT10k", "WERSJA": "20240917000000", "POCZ_WERSJ": "20240917000000", "OZNA_ZMIAN": "GK-KARTO.600.48.2024", "ZRO_DANYCH": "ortofotomapa", "KAT_ISTNIE": "eksploatowany", "UWAGI": null, "INFO_DODAT": null, "KOD10K": null, "SKROT_KART": null, "KAT_ZARZAD": "wewnętrzna", "KLASA_DROG": "droga wewnętrzna", "MATE_NAWIE": "grunt naturalny", "NAZWA_DROG": null, "LICZ_JEZDN": 1.0, "POLOZENIE": "na powierzchni gruntu", "SZER_NAWIE": null, "NUMER_DROG": null }, "geometry": { "type": "MultiLineString", "coordinates": [ [ [ 17.309650567721086, 52.949137546551611 ], [ 17.309864950552093, 52.949172612163949 ], [ 17.309921178870077, 52.949185462924937 ], [ 17.310014942806497, 52.949213236760279 ], [ 17.310210768602875, 52.949308022957212 ], [ 17.310325187746319, 52.949363609699908 ], [ 17.310432849778252, 52.949393919081892 ], [ 17.310560304265753, 52.949424509775817 ], [ 17.310633615006228, 52.949453701033157 ], [ 17.310680058666737, 52.949484578731933 ], [ 17.310746688643452, 52.94951709238174 ], [ 17.310805540209113, 52.949539063218836 ], [ 17.311062247045001, 52.949599999415284 ] ] ] } },
{ "type": "Feature", "properties": { "TERYT": "3028", "LOKALNYID": "44E54FDB-1E81-42DE-81D1-099F94BE3EC6", "PRZES_NAZW": "PL.PZGiK.308.BDOT10k", "WERSJA": "20240917000000", "POCZ_WERSJ": "20240917000000", "OZNA_ZMIAN": "GK-KARTO.600.48.2024", "ZRO_DANYCH": "ortofotomapa", "KAT_ISTNIE": "eksploatowany", "UWAGI": null, "INFO_DODAT": null, "KOD10K": null, "SKROT_KART": null, "KAT_ZARZAD": "wewnętrzna", "KLASA_DROG": "droga wewnętrzna", "MATE_NAWIE": "płyty betonowe", "NAZWA_DROG": null, "LICZ_JEZDN": 1.0, "POLOZENIE": "na powierzchni gruntu", "SZER_NAWIE": 5.0, "NUMER_DROG": null }, "geometry": { "type": "MultiLineString", "coordinates": [ [ [ 17.315161928959014, 52.940621398523938 ], [ 17.315143339582757, 52.940846956192608 ], [ 17.315143874078913, 52.94094813817668 ], [ 17.315156504129764, 52.940975566917089 ], [ 17.315177800760388, 52.940986840713826 ], [ 17.315223176248136, 52.940999085475241 ], [ 17.316117855919931, 52.941033981997904 ], [ 17.316562814184316, 52.941045683253272 ] ] ] } },
{ "type": "Feature", "properties": { "TERYT": "3028", "LOKALNYID": "2EBDC9DC-3D4B-7DB6-E053-CC2BA8C07DDB", "PRZES_NAZW": "PL.PZGiK.308.BDOT10k", "WERSJA": "20231231120000", "POCZ_WERSJ": "20231231120000", "OZNA_ZMIAN": "GI-TOPO.600.116.2023", "ZRO_DANYCH": "ortofotomapa", "KAT_ISTNIE": "eksploatowany", "UWAGI": null, "INFO_DODAT": null, "KOD10K": null, "SKROT_KART": null, "KAT_ZARZAD": "wewnętrzna", "KLASA_DROG": "droga wewnętrzna", "MATE_NAWIE": "grunt naturalny", "NAZWA_DROG": null, "LICZ_JEZDN": 1.0, "POLOZENIE": "na powierzchni gruntu", "SZER_NAWIE": null, "NUMER_DROG": null }, "geometry": { "type": "MultiLineString", "coordinates": [ [ [ 17.28041192823736, 52.934142526136021 ], [ 17.28024741808029, 52.934226031228732 ], [ 17.280102477227018, 52.934277713193246 ], [ 17.279914007036979, 52.934338567496191 ], [ 17.279829069601245, 52.934374749991399 ], [ 17.279743138353204, 52.934432232239239 ], [ 17.279634690803512, 52.934516997915729 ], [ 17.279508216580176, 52.934647188579767 ], [ 17.279323479026719, 52.934966564444373 ], [ 17.279211873729192, 52.935194637754442 ], [ 17.279147521890042, 52.935263404001809 ], [ 17.279097477205742, 52.935301710185399 ], [ 17.279001220923508, 52.935349239612982 ], [ 17.278825507990092, 52.93542979255065 ], [ 17.278726056121226, 52.935490315797367 ], [ 17.278634527011668, 52.935564983355512 ], [ 17.278539138588567, 52.935658121193008 ], [ 17.278432970412489, 52.935779072021035 ], [ 17.278373100825227, 52.935847363205596 ] ] ] } },
{ "type": "Feature", "properties": { "TERYT": "3028", "LOKALNYID": "638AC7AE-0A47-4F95-9C82-1DF66578CAD8", "PRZES_NAZW": "PL.PZGiK.308.BDOT10k", "WERSJA": "20231231120000", "POCZ_WERSJ": "20231231120000", "OZNA_ZMIAN": "GI-TOPO.600.116.2023", "ZRO_DANYCH": "ortofotomapa", "KAT_ISTNIE": "eksploatowany", "UWAGI": null, "INFO_DODAT": null, "KOD10K": null, "SKROT_KART": null, "KAT_ZARZAD": "gminna", "KLASA_DROG": "droga lokalna", "MATE_NAWIE": "masa bitumiczna", "NAZWA_DROG": null, "LICZ_JEZDN": 1.0, "POLOZENIE": "na powierzchni gruntu", "SZER_NAWIE": 5.0, "NUMER_DROG": "207014P" }, "geometry": { "type": "MultiLineString", "coordinates": [ [ [ 17.317615475339469, 52.940753652811246 ], [ 17.317578944700696, 52.941227081247362 ] ] ] } },
{ "type": "Feature", "properties": { "TERYT": "3028", "LOKALNYID": "2EBDC9DC-3FA5-7DB6-E053-CC2BA8C07DDB", "PRZES_NAZW": "PL.PZGiK.308.BDOT10k", "WERSJA": "20231231120000", "POCZ_WERSJ": "20231231120000", "OZNA_ZMIAN": "GI-TOPO.600.116.2023", "ZRO_DANYCH": "ortofotomapa", "KAT_ISTNIE": "eksploatowany", "UWAGI": null, "INFO_DODAT": null, "KOD10K": null, "SKROT_KART": null, "KAT_ZARZAD": "wewnętrzna", "KLASA_DROG": "droga wewnętrzna", "MATE_NAWIE": "kostka prefabrykowana", "NAZWA_DROG": null, "LICZ_JEZDN": 1.0, "POLOZENIE": "na powierzchni gruntu", "SZER_NAWIE": 5.0, "NUMER_DROG": null }, "geometry": { "type": "MultiLineString", "coordinates": [ [ [ 17.300960372305543, 52.940951477267433 ], [ 17.300933914470271, 52.940893451873585 ], [ 17.300924302578089, 52.940872809699997 ], [ 17.300909440365729, 52.940803798430338 ], [ 17.300914985132149, 52.940776268296496 ], [ 17.300934154606338, 52.940750551794288 ], [ 17.301006158196717, 52.940702388102267 ], [ 17.301023712055681, 52.940691307559703 ], [ 17.301065615360844, 52.940674279885719 ], [ 17.301106057204951, 52.940664156139775 ], [ 17.301149029231496, 52.940657845743338 ], [ 17.30119348205864, 52.940666935044419 ], [ 17.301223065365786, 52.940683186231695 ], [ 17.301294033524062, 52.940722242555864 ] ] ] } },
{ "type": "Feature", "properties": { "TERYT": "3028", "LOKALNYID": "2EBDC9DC-361E-7DB6-E053-CC2BA8C07DDB", "PRZES_NAZW": "PL.PZGiK.308.BDOT10k", "WERSJA": "20231231120000", "POCZ_WERSJ": "20231231120000", "OZNA_ZMIAN": "GI-TOPO.600.116.2023", "ZRO_DANYCH": "ortofotomapa", "KAT_ISTNIE": "eksploatowany", "UWAGI": null, "INFO_DODAT": null, "KOD10K": null, "SKROT_KART": null, "KAT_ZARZAD": "gminna", "KLASA_DROG": "droga lokalna", "MATE_NAWIE": "masa bitumiczna", "NAZWA_DROG": null, "LICZ_JEZDN": 1.0, "POLOZENIE": "na powierzchni gruntu", "SZER_NAWIE": 6.0, "NUMER_DROG": "207015P" }, "geometry": { "type": "MultiLineString", "coordinates": [ [ [ 17.311370756315949, 52.946182982377195 ], [ 17.311442182838558, 52.946011956037971 ], [ 17.311482343272548, 52.945917377872263 ], [ 17.311543808118955, 52.94577274007753 ] ] ] } },
{ "type": "Feature", "properties": { "TERYT": "3028", "LOKALNYID": "2EBDC9DC-39FE-7DB6-E053-CC2BA8C07DDB", "PRZES_NAZW": "PL.PZGiK.308.BDOT10k", "WERSJA": "20240917000000", "POCZ_WERSJ": "20240917000000", "OZNA_ZMIAN": "GK-KARTO.600.48.2024", "ZRO_DANYCH": "ortofotomapa", "KAT_ISTNIE": "eksploatowany", "UWAGI": null, "INFO_DODAT": null, "KOD10K": null, "SKROT_KART": null, "KAT_ZARZAD": "wewnętrzna", "KLASA_DROG": "droga wewnętrzna", "MATE_NAWIE": "masa bitumiczna", "NAZWA_DROG": null, "LICZ_JEZDN": 1.0, "POLOZENIE": "na powierzchni gruntu", "SZER_NAWIE": 6.0, "NUMER_DROG": null }, "geometry": { "type": "MultiLineString", "coordinates": [ [ [ 17.311276296166241, 52.946406381918564 ], [ 17.311354669916383, 52.946225202033389 ], [ 17.311370756315949, 52.946182982377195 ] ] ] } },
{ "type": "Feature", "properties": { "TERYT": "3028", "LOKALNYID": "132ad31d-7a66-456d-9b2b-9bdfa33c50a5", "PRZES_NAZW": "PL.PZGiK.308.BDOT10k", "WERSJA": "20240917000000", "POCZ_WERSJ": "20240917000000", "OZNA_ZMIAN": "GK-KARTO.600.48.2024", "ZRO_DANYCH": "ortofotomapa", "KAT_ISTNIE": "eksploatowany", "UWAGI": null, "INFO_DODAT": null, "KOD10K": null, "SKROT_KART": null, "KAT_ZARZAD": "gminna", "KLASA_DROG": "droga lokalna", "MATE_NAWIE": "grunt naturalny", "NAZWA_DROG": null, "LICZ_JEZDN": 1.0, "POLOZENIE": "na powierzchni gruntu", "SZER_NAWIE": null, "NUMER_DROG": "207017P" }, "geometry": { "type": "MultiLineString", "coordinates": [ [ [ 17.31561983571444, 52.945795067982942 ], [ 17.315775152750103, 52.945821101813927 ], [ 17.316030757537369, 52.945864025233405 ], [ 17.316282149686177, 52.945911924637436 ], [ 17.31663638962549, 52.945960651098986 ], [ 17.317024372771613, 52.946003109490896 ], [ 17.317126888658745, 52.946012475564963 ] ] ] } },
{ "type": "Feature", "properties": { "TERYT": "3028", "LOKALNYID": "5d175389-1122-4dd4-b479-dabb0fb3c2e2", "PRZES_NAZW": "PL.PZGiK.308.BDOT10k", "WERSJA": "20240917000000", "POCZ_WERSJ": "20240917000000", "OZNA_ZMIAN": "GK-KARTO.600.48.2024", "ZRO_DANYCH": "ortofotomapa", "KAT_ISTNIE": "eksploatowany", "UWAGI": null, "INFO_DODAT": null, "KOD10K": null, "SKROT_KART": null, "KAT_ZARZAD": "wewnętrzna", "KLASA_DROG": "droga wewnętrzna", "MATE_NAWIE": "kostka prefabrykowana", "NAZWA_DROG": null, "LICZ_JEZDN": 1.0, "POLOZENIE": "na powierzchni gruntu", "SZER_NAWIE": 3.0, "NUMER_DROG": null }, "geometry": { "type": "MultiLineString", "coordinates": [ [ [ 17.309001823535251, 52.948946831615324 ], [ 17.309650567721086, 52.949137546551611 ] ] ] } },
{ "type": "Feature", "properties": { "TERYT": "3028", "LOKALNYID": "2EBDC9DC-3E25-7DB6-E053-CC2BA8C07DDB", "PRZES_NAZW": "PL.PZGiK.308.BDOT10k", "WERSJA": "20240917000000", "POCZ_WERSJ": "20240917000000", "OZNA_ZMIAN": "GK-KARTO.600.48.2024", "ZRO_DANYCH": "ortofotomapa", "KAT_ISTNIE": "eksploatowany", "UWAGI": null, "INFO_DODAT": null, "KOD10K": null, "SKROT_KART": null, "KAT_ZARZAD": "gminna", "KLASA_DROG": "droga lokalna", "MATE_NAWIE": "masa bitumiczna", "NAZWA_DROG": null, "LICZ_JEZDN": 1.0, "POLOZENIE": "na powierzchni gruntu", "SZER_NAWIE": 6.0, "NUMER_DROG": "207013P" }, "geometry": { "type": "MultiLineString", "coordinates": [ [ [ 17.299678231688134, 52.943546678041066 ], [ 17.299739904873334, 52.943557093491577 ], [ 17.299979105031621, 52.943581020908375 ], [ 17.300221953689409, 52.943618220181229 ], [ 17.300309584956452, 52.943631075142804 ], [ 17.300702613418832, 52.943703427069217 ], [ 17.300786333103055, 52.943728726413703 ], [ 17.300869363337373, 52.943775419879991 ], [ 17.300931349393153, 52.943834852636179 ] ] ] } },
{ "type": "Feature", "properties": { "TERYT": "3028", "LOKALNYID": "2EBDC9DC-3D47-7DB6-E053-CC2BA8C07DDB", "PRZES_NAZW": "PL.PZGiK.308.BDOT10k", "WERSJA": "20260330000000", "POCZ_WERSJ": "20260330000000", "OZNA_ZMIAN": "BGW-I-K.7520.3.2026", "ZRO_DANYCH": "ortofotomapa", "KAT_ISTNIE": "eksploatowany", "UWAGI": null, "INFO_DODAT": null, "KOD10K": null, "SKROT_KART": null, "KAT_ZARZAD": "wewnętrzna", "KLASA_DROG": "droga wewnętrzna", "MATE_NAWIE": "masa bitumiczna", "NAZWA_DROG": null, "LICZ_JEZDN": 1.0, "POLOZENIE": "na powierzchni gruntu", "SZER_NAWIE": 6.0, "NUMER_DROG": null }, "geometry": { "type": "MultiLineString", "coordinates": [ [ [ 17.300515604476022, 52.95341889968131 ], [ 17.299675664657624, 52.953288172556896 ], [ 17.299538609289048, 52.953266875781196 ] ] ] } },
{ "type": "Feature", "properties": { "TERYT": "3028", "LOKALNYID": "2EBDC9DC-41F9-7DB6-E053-CC2BA8C07DDB", "PRZES_NAZW": "PL.PZGiK.308.BDOT10k", "WERSJA": "20240917000000", "POCZ_WERSJ": "20240917000000", "OZNA_ZMIAN": "GK-KARTO.600.48.2024", "ZRO_DANYCH": "ortofotomapa", "KAT_ISTNIE": "eksploatowany", "UWAGI": null, "INFO_DODAT": null, "KOD10K": null, "SKROT_KART": null, "KAT_ZARZAD": "wewnętrzna", "KLASA_DROG": "droga wewnętrzna", "MATE_NAWIE": "grunt naturalny", "NAZWA_DROG": null, "LICZ_JEZDN": 1.0, "POLOZENIE": "na powierzchni gruntu", "SZER_NAWIE": null, "NUMER_DROG": null }, "geometry": { "type": "MultiLineString", "coordinates": [ [ [ 17.319071997465077, 52.943203441188523 ], [ 17.318995582206092, 52.943600042592593 ], [ 17.318960626977393, 52.943683725071999 ] ] ] } },
{ "type": "Feature", "properties": { "TERYT": "3028", "LOKALNYID": "7c7a15cc-59d9-4ce8-834e-43ac0ef037b0", "PRZES_NAZW": "PL.PZGiK.308.BDOT10k", "WERSJA": "20260525000000", "POCZ_WERSJ": "20260525000000", "OZNA_ZMIAN": "BGW-I-K.7520.3.2026", "ZRO_DANYCH": "ortofotomapa", "KAT_ISTNIE": "eksploatowany", "UWAGI": null, "INFO_DODAT": null, "KOD10K": null, "SKROT_KART": null, "KAT_ZARZAD": "gminna", "KLASA_DROG": "droga lokalna", "MATE_NAWIE": "żwir", "NAZWA_DROG": null, "LICZ_JEZDN": 1.0, "POLOZENIE": "na powierzchni gruntu", "SZER_NAWIE": 5.0, "NUMER_DROG": "207017P" }, "geometry": { "type": "MultiLineString", "coordinates": [ [ [ 17.31425100237518, 52.945591923033298 ], [ 17.314307430118959, 52.945599558475301 ], [ 17.3151008403105, 52.94571423457225 ], [ 17.315410876019147, 52.945762517736945 ], [ 17.31561983571444, 52.945795067982942 ] ] ] } },
{ "type": "Feature", "properties": { "TERYT": "3028", "LOKALNYID": "2014E2A0-EE74-4391-81BF-C5A52A90E89C", "PRZES_NAZW": "PL.PZGiK.308.BDOT10k", "WERSJA": "20260622000000", "POCZ_WERSJ": "20260622000000", "OZNA_ZMIAN": "BGW-I-K.7520.3.2026", "ZRO_DANYCH": "ortofotomapa", "KAT_ISTNIE": "eksploatowany", "UWAGI": null, "INFO_DODAT": null, "KOD10K": null, "SKROT_KART": null, "KAT_ZARZAD": "gminna", "KLASA_DROG": "droga dojazdowa", "MATE_NAWIE": "tłuczeń", "NAZWA_DROG": null, "LICZ_JEZDN": 1.0, "POLOZENIE": "na powierzchni gruntu", "SZER_NAWIE": 4.0, "NUMER_DROG": "207028P" }, "geometry": { "type": "MultiLineString", "coordinates": [ [ [ 17.283616386366148, 52.957943982317417 ], [ 17.284230447049147, 52.957627112811025 ], [ 17.284758900816112, 52.957339491815645 ], [ 17.285209402521641, 52.957098498051373 ], [ 17.285804699811504, 52.956784767200048 ], [ 17.286514454643886, 52.956408381813304 ], [ 17.28685372278013, 52.956219377953616 ], [ 17.287014959034622, 52.956141392204401 ], [ 17.287067213601141, 52.956115435371551 ], [ 17.287131931939427, 52.956083093067996 ], [ 17.287221995164447, 52.956046259663125 ] ] ] } },
{ "type": "Feature", "properties": { "TERYT": "3028", "LOKALNYID": "2EBDC9DC-56B1-7DB6-E053-CC2BA8C07DDB", "PRZES_NAZW": "PL.PZGiK.308.BDOT10k", "WERSJA": "20240917000000", "POCZ_WERSJ": "20240917000000", "OZNA_ZMIAN": "GK-KARTO.600.48.2024", "ZRO_DANYCH": "ortofotomapa", "KAT_ISTNIE": "eksploatowany", "UWAGI": null, "INFO_DODAT": null, "KOD10K": null, "SKROT_KART": null, "KAT_ZARZAD": "wewnętrzna", "KLASA_DROG": "droga wewnętrzna", "MATE_NAWIE": "grunt naturalny", "NAZWA_DROG": null, "LICZ_JEZDN": 1.0, "POLOZENIE": "na powierzchni gruntu", "SZER_NAWIE": null, "NUMER_DROG": null }, "geometry": { "type": "MultiLineString", "coordinates": [ [ [ 17.277238511421551, 52.962523801591949 ], [ 17.27760220939923, 52.962644187665468 ], [ 17.277882527724781, 52.96274142072064 ], [ 17.2779556394484, 52.962771888259574 ], [ 17.278062009774768, 52.962827479299392 ], [ 17.278161641154885, 52.962865255807039 ], [ 17.278577079476587, 52.962988097228383 ], [ 17.279563044742293, 52.96329303847029 ], [ 17.280267234994845, 52.963496227023214 ], [ 17.280849462506811, 52.963665181305316 ], [ 17.281876023323029, 52.963991374943042 ], [ 17.282744418693554, 52.96426113460155 ], [ 17.2856404493401, 52.96514498838998 ], [ 17.286449179044148, 52.965406755214133 ], [ 17.286613586501161, 52.965460387354717 ], [ 17.287394575315908, 52.965715812140473 ], [ 17.287656408625118, 52.96581446416721 ] ] ] } },
{ "type": "Feature", "properties": { "TERYT": "3028", "LOKALNYID": "64NcOGbQ-zRKn-22GW-lHCZ-TrY2joMqPwgc", "PRZES_NAZW": "PL.PZGiK.308.BDOT10k", "WERSJA": "20260525000000", "POCZ_WERSJ": "20260525000000", "OZNA_ZMIAN": "BGW-I-K.7520.3.2026", "ZRO_DANYCH": "ortofotomapa", "KAT_ISTNIE": "eksploatowany", "UWAGI": null, "INFO_DODAT": null, "KOD10K": null, "SKROT_KART": null, "KAT_ZARZAD": "wewnętrzna", "KLASA_DROG": "droga wewnętrzna", "MATE_NAWIE": "grunt naturalny", "NAZWA_DROG": null, "LICZ_JEZDN": 1.0, "POLOZENIE": "na powierzchni gruntu", "SZER_NAWIE": null, "NUMER_DROG": null }, "geometry": { "type": "MultiLineString", "coordinates": [ [ [ 17.314019002526951, 52.945983436091183 ], [ 17.314116874218868, 52.945901636996688 ], [ 17.31425100237518, 52.945591923033298 ] ] ] } },
{ "type": "Feature", "properties": { "TERYT": "3028", "LOKALNYID": "16E13AFC-21B1-44C9-B3B9-E4B370FA36F0", "PRZES_NAZW": "PL.PZGiK.308.BDOT10k", "WERSJA": "20260303000000", "POCZ_WERSJ": "20260303000000", "OZNA_ZMIAN": "BGW-I-K.7520.3.2026", "ZRO_DANYCH": "ortofotomapa", "KAT_ISTNIE": "eksploatowany", "UWAGI": null, "INFO_DODAT": null, "KOD10K": null, "SKROT_KART": null, "KAT_ZARZAD": "gminna", "KLASA_DROG": "droga lokalna", "MATE_NAWIE": "masa bitumiczna", "NAZWA_DROG": null, "LICZ_JEZDN": 1.0, "POLOZENIE": "na powierzchni gruntu", "SZER_NAWIE": 7.0, "NUMER_DROG": "207009P" }, "geometry": { "type": "MultiLineString", "coordinates": [ [ [ 17.312223872341523, 52.948198355562987 ], [ 17.312259720412165, 52.948145714500384 ], [ 17.312295416085377, 52.948093161195253 ], [ 17.312423657194561, 52.947904594998192 ], [ 17.312500234535566, 52.947784812961061 ], [ 17.312550174222903, 52.947706741107012 ], [ 17.312668600595149, 52.947521632573185 ], [ 17.312749938143433, 52.947394273690385 ], [ 17.312797725267227, 52.947314102713811 ], [ 17.312902074496364, 52.947138686662008 ], [ 17.312946855337142, 52.947063059510647 ] ] ] } },
{ "type": "Feature", "properties": { "TERYT": "3028", "LOKALNYID": "2EBDC9DC-3EE6-7DB6-E053-CC2BA8C07DDB", "PRZES_NAZW": "PL.PZGiK.308.BDOT10k", "WERSJA": "20240917000000", "POCZ_WERSJ": "20240917000000", "OZNA_ZMIAN": "GK-KARTO.600.48.2024", "ZRO_DANYCH": "ortofotomapa", "KAT_ISTNIE": "eksploatowany", "UWAGI": null, "INFO_DODAT": null, "KOD10K": null, "SKROT_KART": null, "KAT_ZARZAD": "wewnętrzna", "KLASA_DROG": "droga wewnętrzna", "MATE_NAWIE": "kostka prefabrykowana", "NAZWA_DROG": null, "LICZ_JEZDN": 1.0, "POLOZENIE": "na powierzchni gruntu", "SZER_NAWIE": 5.0, "NUMER_DROG": null }, "geometry": { "type": "MultiLineString", "coordinates": [ [ [ 17.295176839230137, 52.941428914501671 ], [ 17.295146857739496, 52.941490987772568 ], [ 17.295112583990338, 52.941605430412849 ], [ 17.295072416566313, 52.941695596481253 ], [ 17.295034887564796, 52.941779235284372 ], [ 17.294990306811179, 52.941841548682667 ], [ 17.294925058630845, 52.941903205741156 ], [ 17.294831510140256, 52.94198037476464 ], [ 17.294774000726878, 52.94202694411932 ] ] ] } },
{ "type": "Feature", "properties": { "TERYT": "3028", "LOKALNYID": "2EBDC9DC-4CD5-7DB6-E053-CC2BA8C07DDB", "PRZES_NAZW": "PL.PZGiK.308.BDOT10k", "WERSJA": "20240917000000", "POCZ_WERSJ": "20240917000000", "OZNA_ZMIAN": "GK-KARTO.600.48.2024", "ZRO_DANYCH": "ortofotomapa", "KAT_ISTNIE": "eksploatowany", "UWAGI": null, "INFO_DODAT": null, "KOD10K": null, "SKROT_KART": null, "KAT_ZARZAD": "wewnętrzna", "KLASA_DROG": "droga wewnętrzna", "MATE_NAWIE": "grunt naturalny", "NAZWA_DROG": null, "LICZ_JEZDN": 1.0, "POLOZENIE": "na powierzchni gruntu", "SZER_NAWIE": null, "NUMER_DROG": null }, "geometry": { "type": "MultiLineString", "coordinates": [ [ [ 17.283616386366148, 52.957943982317417 ], [ 17.283901427672419, 52.958034344723977 ], [ 17.284198850028908, 52.958139274478427 ], [ 17.28474978615257, 52.958307218727469 ], [ 17.284878659968836, 52.958351077514969 ], [ 17.285500553575154, 52.95854756182549 ], [ 17.286347137332619, 52.958805559737954 ], [ 17.286678106087543, 52.958921129374041 ], [ 17.288310882455104, 52.959413569161619 ], [ 17.288471924581501, 52.959461394727946 ], [ 17.288593699297213, 52.959515489469084 ], [ 17.288722879289736, 52.959600807499001 ], [ 17.288873480361115, 52.959675462019909 ], [ 17.288966678882137, 52.959702704629137 ], [ 17.289057390111264, 52.959721277797492 ], [ 17.28913043503956, 52.959730873067706 ], [ 17.289233065864796, 52.9597304620046 ], [ 17.289298779389409, 52.959718277805202 ], [ 17.2893700366456, 52.9596863881399 ], [ 17.28942404856458, 52.959657487779026 ] ] ] } },
{ "type": "Feature", "properties": { "TERYT": "3028", "LOKALNYID": "2EBDC9DC-43AA-7DB6-E053-CC2BA8C07DDB", "PRZES_NAZW": "PL.PZGiK.308.BDOT10k", "WERSJA": "20231231120000", "POCZ_WERSJ": "20231231120000", "OZNA_ZMIAN": "GI-TOPO.600.116.2023", "ZRO_DANYCH": "ortofotomapa", "KAT_ISTNIE": "eksploatowany", "UWAGI": null, "INFO_DODAT": null, "KOD10K": null, "SKROT_KART": null, "KAT_ZARZAD": "powiatowa", "KLASA_DROG": "droga lokalna", "MATE_NAWIE": "masa bitumiczna", "NAZWA_DROG": null, "LICZ_JEZDN": 1.0, "POLOZENIE": "na powierzchni gruntu", "SZER_NAWIE": 4.0, "NUMER_DROG": "1560P" }, "geometry": { "type": "MultiLineString", "coordinates": [ [ [ 17.324784827616067, 52.943683964859581 ], [ 17.324870498923769, 52.943662959347954 ], [ 17.324971450429768, 52.943647205415921 ], [ 17.325073366530962, 52.943637310617703 ], [ 17.325161797243105, 52.943629653826157 ], [ 17.325250224453544, 52.94362208685228 ], [ 17.325365133276733, 52.943618850087553 ], [ 17.325554761267249, 52.943619903794016 ], [ 17.326110104935292, 52.943622872343276 ], [ 17.32694771410436, 52.943629813161245 ], [ 17.327932199480486, 52.943630721147024 ], [ 17.329026261169179, 52.943631543243058 ], [ 17.33017401427702, 52.943629872261347 ], [ 17.331225693831847, 52.94363331603941 ], [ 17.332357107592795, 52.943634542118048 ], [ 17.333533143724381, 52.943644567133234 ], [ 17.334513374371568, 52.94364383204141 ], [ 17.334764147944536, 52.94364599790925 ] ] ] } },
{ "type": "Feature", "properties": { "TERYT": "3028", "LOKALNYID": "301F9EA4-A34E-4965-875C-28557D060E9C", "PRZES_NAZW": "PL.PZGiK.308.BDOT10k", "WERSJA": "20240917000000", "POCZ_WERSJ": "20240917000000", "OZNA_ZMIAN": "GK-KARTO.600.48.2024", "ZRO_DANYCH": "ortofotomapa", "KAT_ISTNIE": "eksploatowany", "UWAGI": null, "INFO_DODAT": null, "KOD10K": null, "SKROT_KART": null, "KAT_ZARZAD": "wojewódzka", "KLASA_DROG": "droga główna", "MATE_NAWIE": "masa bitumiczna", "NAZWA_DROG": null, "LICZ_JEZDN": 1.0, "POLOZENIE": "na powierzchni gruntu", "SZER_NAWIE": 7.0, "NUMER_DROG": "242" }, "geometry": { "type": "MultiLineString", "coordinates": [ [ [ 17.300041819393186, 52.942645985842155 ], [ 17.299960120331665, 52.942770453262206 ], [ 17.299847917979925, 52.942943857355075 ], [ 17.299787910628805, 52.94303904709826 ], [ 17.299754627140931, 52.943090552075468 ], [ 17.299716711378842, 52.943150084721871 ], [ 17.299696397831013, 52.943185947082284 ] ] ] } },
{ "type": "Feature", "properties": { "TERYT": "3028", "LOKALNYID": "cdGYPvVM-qLwC-MIpa-3P2U-Af86lWBchJgE", "PRZES_NAZW": "PL.PZGiK.308.BDOT10k", "WERSJA": "20260525000000", "POCZ_WERSJ": "20260525000000", "OZNA_ZMIAN": "BGW-I-K.7520.3.2026", "ZRO_DANYCH": "ortofotomapa", "KAT_ISTNIE": "eksploatowany", "UWAGI": null, "INFO_DODAT": null, "KOD10K": null, "SKROT_KART": null, "KAT_ZARZAD": "wewnętrzna", "KLASA_DROG": "droga wewnętrzna", "MATE_NAWIE": "grunt naturalny", "NAZWA_DROG": null, "LICZ_JEZDN": 1.0, "POLOZENIE": "na powierzchni gruntu", "SZER_NAWIE": null, "NUMER_DROG": null }, "geometry": { "type": "MultiLineString", "coordinates": [ [ [ 17.314019002526951, 52.945983436091183 ], [ 17.314016691626527, 52.94595480468719 ], [ 17.313978412453704, 52.945924583716099 ], [ 17.313913463209456, 52.945902527891199 ], [ 17.313617501542154, 52.945856059354874 ] ] ] } },
{ "type": "Feature", "properties": { "TERYT": "3028", "LOKALNYID": "E7E90EB2-48AC-4331-844B-0DAF3D1E79AA", "PRZES_NAZW": "PL.PZGiK.308.BDOT10k", "WERSJA": "20231231120000", "POCZ_WERSJ": "20231231120000", "OZNA_ZMIAN": "GI-TOPO.600.116.2023", "ZRO_DANYCH": "ortofotomapa", "KAT_ISTNIE": "eksploatowany", "UWAGI": null, "INFO_DODAT": null, "KOD10K": null, "SKROT_KART": null, "KAT_ZARZAD": "gminna", "KLASA_DROG": "droga lokalna", "MATE_NAWIE": "masa bitumiczna", "NAZWA_DROG": null, "LICZ_JEZDN": 1.0, "POLOZENIE": "na powierzchni gruntu", "SZER_NAWIE": 7.0, "NUMER_DROG": "207009P" }, "geometry": { "type": "MultiLineString", "coordinates": [ [ [ 17.311062247045001, 52.949599999415284 ], [ 17.311125978504961, 52.949569338871086 ], [ 17.311220722925377, 52.949514657362691 ], [ 17.311332132572911, 52.949441146879138 ] ] ] } },
{ "type": "Feature", "properties": { "TERYT": "3028", "LOKALNYID": "MH2ASrJA-Awg8-fkta-Lzey-GslNg0DKdXtm", "PRZES_NAZW": "PL.PZGiK.308.BDOT10k", "WERSJA": "20260525000000", "POCZ_WERSJ": "20260525000000", "OZNA_ZMIAN": "BGW-I-K.7520.3.2026", "ZRO_DANYCH": "ortofotomapa", "KAT_ISTNIE": "eksploatowany", "UWAGI": null, "INFO_DODAT": null, "KOD10K": null, "SKROT_KART": null, "KAT_ZARZAD": "wewnętrzna", "KLASA_DROG": "droga wewnętrzna", "MATE_NAWIE": "grunt naturalny", "NAZWA_DROG": null, "LICZ_JEZDN": 1.0, "POLOZENIE": "na powierzchni gruntu", "SZER_NAWIE": null, "NUMER_DROG": null }, "geometry": { "type": "MultiLineString", "coordinates": [ [ [ 17.313561308699075, 52.947139861155776 ], [ 17.313587743655496, 52.947072696859728 ], [ 17.313745063295524, 52.946672210764028 ], [ 17.313801187727197, 52.946530733647172 ], [ 17.313837830145356, 52.946438443047754 ], [ 17.313943637849853, 52.946171765056221 ], [ 17.313945286684035, 52.946167651546837 ], [ 17.31395617037985, 52.946140466430705 ], [ 17.314019002526951, 52.945983436091183 ] ] ] } },
{ "type": "Feature", "properties": { "TERYT": "3028", "LOKALNYID": "AABFA512-B422-4F1B-A0AF-93D86947F56D", "PRZES_NAZW": "PL.PZGiK.308.BDOT10k", "WERSJA": "20240917000000", "POCZ_WERSJ": "20240917000000", "OZNA_ZMIAN": "GK-KARTO.600.48.2024", "ZRO_DANYCH": "ortofotomapa", "KAT_ISTNIE": "eksploatowany", "UWAGI": null, "INFO_DODAT": null, "KOD10K": null, "SKROT_KART": null, "KAT_ZARZAD": "wewnętrzna", "KLASA_DROG": "droga wewnętrzna", "MATE_NAWIE": "kostka prefabrykowana", "NAZWA_DROG": null, "LICZ_JEZDN": 1.0, "POLOZENIE": "na powierzchni gruntu", "SZER_NAWIE": 4.0, "NUMER_DROG": null }, "geometry": { "type": "MultiLineString", "coordinates": [ [ [ 17.317708959772563, 52.946858351236116 ], [ 17.317646919513539, 52.946807290402873 ], [ 17.317426107484568, 52.94660811051407 ], [ 17.317383567263839, 52.94654950152286 ], [ 17.317345270705406, 52.946465951320697 ], [ 17.317315751191323, 52.946401770998847 ], [ 17.317277446248749, 52.946356801781505 ], [ 17.317171666130715, 52.946281918604676 ], [ 17.317101705825223, 52.946231644630203 ], [ 17.31708278185496, 52.946182183411544 ], [ 17.317088586153908, 52.946059507475901 ], [ 17.317108449610163, 52.94602723317012 ], [ 17.317126888658745, 52.946012475564963 ] ] ] } },
{ "type": "Feature", "properties": { "TERYT": "3028", "LOKALNYID": "8F12F1B8-ABD6-4085-B342-013DD6650B48", "PRZES_NAZW": "PL.PZGiK.308.BDOT10k", "WERSJA": "20231231120000", "POCZ_WERSJ": "20231231120000", "OZNA_ZMIAN": "GI-TOPO.600.116.2023", "ZRO_DANYCH": "ortofotomapa", "KAT_ISTNIE": "eksploatowany", "UWAGI": null, "INFO_DODAT": null, "KOD10K": null, "SKROT_KART": null, "KAT_ZARZAD": "gminna", "KLASA_DROG": "droga lokalna", "MATE_NAWIE": "masa bitumiczna", "NAZWA_DROG": null, "LICZ_JEZDN": 1.0, "POLOZENIE": "na powierzchni gruntu", "SZER_NAWIE": 5.0, "NUMER_DROG": "207014P" }, "geometry": { "type": "MultiLineString", "coordinates": [ [ [ 17.317647038611604, 52.940009186522936 ], [ 17.317650884587405, 52.940243875611969 ], [ 17.31763803647555, 52.940509804782934 ], [ 17.317615475339469, 52.940753652811246 ] ] ] } },
{ "type": "Feature", "properties": { "TERYT": "3028", "LOKALNYID": "2EBDC9DC-41F8-7DB6-E053-CC2BA8C07DDB", "PRZES_NAZW": "PL.PZGiK.308.BDOT10k", "WERSJA": "20240917000000", "POCZ_WERSJ": "20240917000000", "OZNA_ZMIAN": "GK-KARTO.600.48.2024", "ZRO_DANYCH": "ortofotomapa", "KAT_ISTNIE": "eksploatowany", "UWAGI": null, "INFO_DODAT": null, "KOD10K": null, "SKROT_KART": null, "KAT_ZARZAD": "wojewódzka", "KLASA_DROG": "droga główna", "MATE_NAWIE": "masa bitumiczna", "NAZWA_DROG": null, "LICZ_JEZDN": 1.0, "POLOZENIE": "na powierzchni gruntu", "SZER_NAWIE": 6.0, "NUMER_DROG": "242" }, "geometry": { "type": "MultiLineString", "coordinates": [ [ [ 17.301586750618391, 52.945593418331455 ], [ 17.301816858019908, 52.945215032017693 ], [ 17.301988532335443, 52.944944808910719 ], [ 17.302022806010569, 52.944890799358525 ] ] ] } },
{ "type": "Feature", "properties": { "TERYT": "3028", "LOKALNYID": "053BFAB9-3A34-4AF7-B105-92BC57EC1EC7", "PRZES_NAZW": "PL.PZGiK.308.BDOT10k", "WERSJA": "20240917000000", "POCZ_WERSJ": "20240917000000", "OZNA_ZMIAN": "GK-KARTO.600.48.2024", "ZRO_DANYCH": "ortofotomapa", "KAT_ISTNIE": "eksploatowany", "UWAGI": null, "INFO_DODAT": null, "KOD10K": null, "SKROT_KART": null, "KAT_ZARZAD": "gminna", "KLASA_DROG": "droga lokalna", "MATE_NAWIE": "masa bitumiczna", "NAZWA_DROG": null, "LICZ_JEZDN": 1.0, "POLOZENIE": "na powierzchni gruntu", "SZER_NAWIE": 6.0, "NUMER_DROG": "207046P" }, "geometry": { "type": "MultiLineString", "coordinates": [ [ [ 17.304195369408141, 52.946814553833036 ], [ 17.303753254461725, 52.946717321032374 ], [ 17.303215285315495, 52.94660037148293 ], [ 17.302859787187714, 52.94652316817826 ] ] ] } },
{ "type": "Feature", "properties": { "TERYT": "3028", "LOKALNYID": "2EBDC9DC-3D34-7DB6-E053-CC2BA8C07DDB", "PRZES_NAZW": "PL.PZGiK.308.BDOT10k", "WERSJA": "20260330000000", "POCZ_WERSJ": "20260330000000", "OZNA_ZMIAN": "BGW-I-K.7520.3.2026", "ZRO_DANYCH": "ortofotomapa", "KAT_ISTNIE": "eksploatowany", "UWAGI": null, "INFO_DODAT": null, "KOD10K": null, "SKROT_KART": null, "KAT_ZARZAD": "wewnętrzna", "KLASA_DROG": "droga wewnętrzna", "MATE_NAWIE": "płyty betonowe", "NAZWA_DROG": null, "LICZ_JEZDN": 1.0, "POLOZENIE": "na powierzchni gruntu", "SZER_NAWIE": 4.0, "NUMER_DROG": null }, "geometry": { "type": "MultiLineString", "coordinates": [ [ [ 17.299023708123247, 52.954556157808575 ], [ 17.299146903469257, 52.954570242008245 ], [ 17.300774778935146, 52.954799657184147 ], [ 17.300837905679739, 52.954803797436462 ], [ 17.300890823959008, 52.954794841366414 ], [ 17.301241048152637, 52.954711894315089 ] ] ] } },
{ "type": "Feature", "properties": { "TERYT": "3028", "LOKALNYID": "2EBDC9DC-3799-7DB6-E053-CC2BA8C07DDB", "PRZES_NAZW": "PL.PZGiK.308.BDOT10k", "WERSJA": "20240917000000", "POCZ_WERSJ": "20240917000000", "OZNA_ZMIAN": "GK-KARTO.600.48.2024", "ZRO_DANYCH": "ortofotomapa", "KAT_ISTNIE": "eksploatowany", "UWAGI": null, "INFO_DODAT": null, "KOD10K": null, "SKROT_KART": null, "KAT_ZARZAD": "gminna", "KLASA_DROG": "droga lokalna", "MATE_NAWIE": "masa bitumiczna", "NAZWA_DROG": null, "LICZ_JEZDN": 1.0, "POLOZENIE": "na powierzchni gruntu", "SZER_NAWIE": 5.0, "NUMER_DROG": "207045P" }, "geometry": { "type": "MultiLineString", "coordinates": [ [ [ 17.297087831371613, 52.944174454534014 ], [ 17.297172679589902, 52.944273337787692 ], [ 17.297372214378214, 52.944496083385154 ], [ 17.297393825451191, 52.944522023963643 ] ] ] } },
{ "type": "Feature", "properties": { "TERYT": "3028", "LOKALNYID": "536132ec-db46-425b-99fb-a0191baa03c0", "PRZES_NAZW": "PL.PZGiK.308.BDOT10k", "WERSJA": "20240917000000", "POCZ_WERSJ": "20240917000000", "OZNA_ZMIAN": "GK-KARTO.600.48.2024", "ZRO_DANYCH": "ortofotomapa", "KAT_ISTNIE": "eksploatowany", "UWAGI": null, "INFO_DODAT": null, "KOD10K": null, "SKROT_KART": null, "KAT_ZARZAD": "gminna", "KLASA_DROG": "droga lokalna", "MATE_NAWIE": "grunt naturalny", "NAZWA_DROG": null, "LICZ_JEZDN": 1.0, "POLOZENIE": "na powierzchni gruntu", "SZER_NAWIE": null, "NUMER_DROG": "207017P" }, "geometry": { "type": "MultiLineString", "coordinates": [ [ [ 17.317126888658745, 52.946012475564963 ], [ 17.317637101886628, 52.946058911370322 ], [ 17.317969500721436, 52.946098870917581 ], [ 17.318366272750822, 52.946129758075855 ], [ 17.31864425773734, 52.946137019506544 ], [ 17.318990248241011, 52.946137508201176 ], [ 17.319009526501198, 52.946139489659267 ], [ 17.319062389418097, 52.946154626744786 ], [ 17.319158483192787, 52.946202930990538 ] ] ] } },
{ "type": "Feature", "properties": { "TERYT": "3028", "LOKALNYID": "2EBDC9DC-3897-7DB6-E053-CC2BA8C07DDB", "PRZES_NAZW": "PL.PZGiK.308.BDOT10k", "WERSJA": "20240917000000", "POCZ_WERSJ": "20240917000000", "OZNA_ZMIAN": "GK-KARTO.600.48.2024", "ZRO_DANYCH": "ortofotomapa", "KAT_ISTNIE": "eksploatowany", "UWAGI": null, "INFO_DODAT": null, "KOD10K": null, "SKROT_KART": null, "KAT_ZARZAD": "gminna", "KLASA_DROG": "droga lokalna", "MATE_NAWIE": "kostka prefabrykowana", "NAZWA_DROG": null, "LICZ_JEZDN": 1.0, "POLOZENIE": "na powierzchni gruntu", "SZER_NAWIE": 4.4, "NUMER_DROG": "207018P" }, "geometry": { "type": "MultiLineString", "coordinates": [ [ [ 17.305807207045724, 52.950720126367933 ], [ 17.305685277337915, 52.950692936873175 ], [ 17.305385884465267, 52.950626973598588 ], [ 17.304974311881271, 52.950535846994022 ], [ 17.304769560940787, 52.950490477789046 ], [ 17.304547060180532, 52.950438289871791 ], [ 17.304435220009221, 52.950412052440242 ], [ 17.304136208283708, 52.950351667262552 ], [ 17.303921255167122, 52.950308309365418 ], [ 17.303739086541619, 52.950271894252673 ], [ 17.303696388050152, 52.950263370622672 ], [ 17.303490135090271, 52.950222204594631 ], [ 17.303282754278062, 52.950175626131511 ], [ 17.302840383612459, 52.950076497940103 ], [ 17.302441489681375, 52.94998887108958 ], [ 17.302029536851602, 52.949900156952147 ], [ 17.301607097351631, 52.949809312962749 ], [ 17.301509052005802, 52.949788306165722 ], [ 17.301194102767766, 52.949720670947244 ], [ 17.300986834288956, 52.9496789464228 ], [ 17.30080498425313, 52.949649725959851 ], [ 17.300719527939336, 52.949641848862555 ], [ 17.30064763301587, 52.949641270348096 ] ] ] } },
{ "type": "Feature", "properties": { "TERYT": "3028", "LOKALNYID": "2EBDC9DC-3D48-7DB6-E053-CC2BA8C07DDB", "PRZES_NAZW": "PL.PZGiK.308.BDOT10k", "WERSJA": "20260330000000", "POCZ_WERSJ": "20260330000000", "OZNA_ZMIAN": "BGW-I-K.7520.3.2026", "ZRO_DANYCH": "ortofotomapa", "KAT_ISTNIE": "eksploatowany", "UWAGI": null, "INFO_DODAT": null, "KOD10K": null, "SKROT_KART": null, "KAT_ZARZAD": "wewnętrzna", "KLASA_DROG": "droga wewnętrzna", "MATE_NAWIE": "masa bitumiczna", "NAZWA_DROG": null, "LICZ_JEZDN": 1.0, "POLOZENIE": "na powierzchni gruntu", "SZER_NAWIE": 6.0, "NUMER_DROG": null }, "geometry": { "type": "MultiLineString", "coordinates": [ [ [ 17.301554804206216, 52.953803921173176 ], [ 17.300978601336602, 52.953721939093995 ], [ 17.299560135752277, 52.953526640036834 ], [ 17.29944133327816, 52.95351073052332 ] ] ] } },
{ "type": "Feature", "properties": { "TERYT": "3028", "LOKALNYID": "2EBDC9DC-55CC-7DB6-E053-CC2BA8C07DDB", "PRZES_NAZW": "PL.PZGiK.308.BDOT10k", "WERSJA": "20240917000000", "POCZ_WERSJ": "20240917000000", "OZNA_ZMIAN": "GK-KARTO.600.48.2024", "ZRO_DANYCH": "ortofotomapa", "KAT_ISTNIE": "eksploatowany", "UWAGI": null, "INFO_DODAT": null, "KOD10K": null, "SKROT_KART": null, "KAT_ZARZAD": "wojewódzka", "KLASA_DROG": "droga główna", "MATE_NAWIE": "masa bitumiczna", "NAZWA_DROG": null, "LICZ_JEZDN": 1.0, "POLOZENIE": "na powierzchni gruntu", "SZER_NAWIE": 6.0, "NUMER_DROG": "242" }, "geometry": { "type": "MultiLineString", "coordinates": [ [ [ 17.317890635665584, 52.933994061165727 ], [ 17.318548654831567, 52.933729620258205 ] ] ] } },
{ "type": "Feature", "properties": { "TERYT": "3028", "LOKALNYID": "2EBDC9DC-3187-7DB6-E053-CC2BA8C07DDB", "PRZES_NAZW": "PL.PZGiK.308.BDOT10k", "WERSJA": "20260330000000", "POCZ_WERSJ": "20260330000000", "OZNA_ZMIAN": "BGW-I-K.7520.3.2026", "ZRO_DANYCH": "ortofotomapa", "KAT_ISTNIE": "eksploatowany", "UWAGI": null, "INFO_DODAT": null, "KOD10K": null, "SKROT_KART": null, "KAT_ZARZAD": "wewnętrzna", "KLASA_DROG": "droga wewnętrzna", "MATE_NAWIE": "masa bitumiczna", "NAZWA_DROG": null, "LICZ_JEZDN": 1.0, "POLOZENIE": "na powierzchni gruntu", "SZER_NAWIE": 6.0, "NUMER_DROG": null }, "geometry": { "type": "MultiLineString", "coordinates": [ [ [ 17.302318442924424, 52.953921313974803 ], [ 17.303064223264901, 52.954027115285875 ] ] ] } },
{ "type": "Feature", "properties": { "TERYT": "3028", "LOKALNYID": "2EBDC9DC-437D-7DB6-E053-CC2BA8C07DDB", "PRZES_NAZW": "PL.PZGiK.308.BDOT10k", "WERSJA": "20240917000000", "POCZ_WERSJ": "20240917000000", "OZNA_ZMIAN": "GK-KARTO.600.48.2024", "ZRO_DANYCH": "ortofotomapa", "KAT_ISTNIE": "eksploatowany", "UWAGI": null, "INFO_DODAT": null, "KOD10K": null, "SKROT_KART": null, "KAT_ZARZAD": "gminna", "KLASA_DROG": "droga lokalna", "MATE_NAWIE": "masa bitumiczna", "NAZWA_DROG": null, "LICZ_JEZDN": 1.0, "POLOZENIE": "na powierzchni gruntu", "SZER_NAWIE": 5.0, "NUMER_DROG": "207013P" }, "geometry": { "type": "MultiLineString", "coordinates": [ [ [ 17.300565345022612, 52.944372003840115 ], [ 17.300630845608996, 52.944349378239174 ], [ 17.300725453962794, 52.944313409152322 ], [ 17.300769155351986, 52.94428858311997 ], [ 17.300801678544545, 52.94426026969515 ], [ 17.300831526180662, 52.944212852216246 ], [ 17.30085642839806, 52.944151064670805 ], [ 17.300877164275352, 52.944089217540167 ], [ 17.300918842811519, 52.943956442997177 ], [ 17.300931349393153, 52.943834852636179 ] ] ] } },
{ "type": "Feature", "properties": { "TERYT": "3028", "LOKALNYID": "DCF812B6-5677-45DD-9CC2-8A0C5FD9BBDE", "PRZES_NAZW": "PL.PZGiK.308.BDOT10k", "WERSJA": "20260330000000", "POCZ_WERSJ": "20260330000000", "OZNA_ZMIAN": "BGW-I-K.7520.3.2026", "ZRO_DANYCH": "ortofotomapa", "KAT_ISTNIE": "eksploatowany", "UWAGI": null, "INFO_DODAT": null, "KOD10K": null, "SKROT_KART": null, "KAT_ZARZAD": "wewnętrzna", "KLASA_DROG": "droga wewnętrzna", "MATE_NAWIE": "kostka kamienna", "NAZWA_DROG": null, "LICZ_JEZDN": 1.0, "POLOZENIE": "na powierzchni gruntu", "SZER_NAWIE": 4.0, "NUMER_DROG": null }, "geometry": { "type": "MultiLineString", "coordinates": [ [ [ 17.304999964201205, 52.943756535424534 ], [ 17.305349300120216, 52.943789037870658 ], [ 17.305492430219392, 52.943802770478598 ], [ 17.305654780784018, 52.943819924651841 ], [ 17.305911146848619, 52.943854247294077 ], [ 17.306006199813105, 52.943890586405246 ], [ 17.306052899344188, 52.943929923334757 ], [ 17.306078139936385, 52.94397740800769 ], [ 17.306097533622584, 52.944041177102434 ], [ 17.306107616284287, 52.944164169149488 ], [ 17.306125826332025, 52.944216320022292 ], [ 17.306148059215658, 52.944253149719806 ], [ 17.306157687052981, 52.944269654755324 ], [ 17.306196368359689, 52.944304650471437 ], [ 17.306271732245708, 52.944341967741551 ], [ 17.306353424768091, 52.944392595303675 ], [ 17.306432890517506, 52.944477365557447 ] ] ] } },
{ "type": "Feature", "properties": { "TERYT": "3028", "LOKALNYID": "58b28bec-3ec4-4634-b241-9cda8d95d8f5", "PRZES_NAZW": "PL.PZGiK.308.BDOT10k", "WERSJA": "20240917000000", "POCZ_WERSJ": "20240917000000", "OZNA_ZMIAN": "GK-KARTO.600.48.2024", "ZRO_DANYCH": "ortofotomapa", "KAT_ISTNIE": "eksploatowany", "UWAGI": null, "INFO_DODAT": null, "KOD10K": null, "SKROT_KART": null, "KAT_ZARZAD": "gminna", "KLASA_DROG": "droga lokalna", "MATE_NAWIE": "masa bitumiczna", "NAZWA_DROG": null, "LICZ_JEZDN": 1.0, "POLOZENIE": "na powierzchni gruntu", "SZER_NAWIE": 6.0, "NUMER_DROG": "207011P" }, "geometry": { "type": "MultiLineString", "coordinates": [ [ [ 17.299341868015983, 52.944200802860813 ], [ 17.299262960711289, 52.944314697671651 ], [ 17.299220694942111, 52.944386398775947 ], [ 17.299185402721488, 52.944447317800503 ], [ 17.299164743231081, 52.944514741584982 ] ] ] } },
{ "type": "Feature", "properties": { "TERYT": "3028", "LOKALNYID": "2EBDC9DC-31D0-7DB6-E053-CC2BA8C07DDB", "PRZES_NAZW": "PL.PZGiK.308.BDOT10k", "WERSJA": "20231231120000", "POCZ_WERSJ": "20231231120000", "OZNA_ZMIAN": "GI-TOPO.600.116.2023", "ZRO_DANYCH": "ortofotomapa", "KAT_ISTNIE": "eksploatowany", "UWAGI": null, "INFO_DODAT": null, "KOD10K": null, "SKROT_KART": null, "KAT_ZARZAD": "wewnętrzna", "KLASA_DROG": "droga wewnętrzna", "MATE_NAWIE": "kostka prefabrykowana", "NAZWA_DROG": null, "LICZ_JEZDN": 1.0, "POLOZENIE": "na powierzchni gruntu", "SZER_NAWIE": 5.0, "NUMER_DROG": null }, "geometry": { "type": "MultiLineString", "coordinates": [ [ [ 17.309191799049803, 52.950416877904942 ], [ 17.309353926115733, 52.950344990246222 ], [ 17.309399294851811, 52.950296532465735 ], [ 17.309448814166242, 52.95021800624955 ], [ 17.309461435627181, 52.950176906686792 ], [ 17.309473908246677, 52.950135805004983 ], [ 17.309504348477216, 52.950027239585367 ] ] ] } },
{ "type": "Feature", "properties": { "TERYT": "3028", "LOKALNYID": "19161e1f-f153-43e3-ba6c-09ecd4191767", "PRZES_NAZW": "PL.PZGiK.308.BDOT10k", "WERSJA": "20240917000000", "POCZ_WERSJ": "20240917000000", "OZNA_ZMIAN": "GK-KARTO.600.48.2024", "ZRO_DANYCH": "ortofotomapa", "KAT_ISTNIE": "eksploatowany", "UWAGI": null, "INFO_DODAT": null, "KOD10K": null, "SKROT_KART": null, "KAT_ZARZAD": "wojewódzka", "KLASA_DROG": "droga główna", "MATE_NAWIE": "masa bitumiczna", "NAZWA_DROG": null, "LICZ_JEZDN": 1.0, "POLOZENIE": "na powierzchni gruntu", "SZER_NAWIE": 7.0, "NUMER_DROG": "193" }, "geometry": { "type": "MultiLineString", "coordinates": [ [ [ 17.297969511311052, 52.9429831548088 ], [ 17.297647580810743, 52.942935464829915 ] ] ] } },
{ "type": "Feature", "properties": { "TERYT": "3028", "LOKALNYID": "2EBDC9DC-4448-7DB6-E053-CC2BA8C07DDB", "PRZES_NAZW": "PL.PZGiK.308.BDOT10k", "WERSJA": "20240917000000", "POCZ_WERSJ": "20240917000000", "OZNA_ZMIAN": "GK-KARTO.600.48.2024", "ZRO_DANYCH": "ortofotomapa", "KAT_ISTNIE": "eksploatowany", "UWAGI": null, "INFO_DODAT": null, "KOD10K": null, "SKROT_KART": null, "KAT_ZARZAD": "gminna", "KLASA_DROG": "droga lokalna", "MATE_NAWIE": "masa bitumiczna", "NAZWA_DROG": null, "LICZ_JEZDN": 1.0, "POLOZENIE": "na powierzchni gruntu", "SZER_NAWIE": 5.0, "NUMER_DROG": "207045P" }, "geometry": { "type": "MultiLineString", "coordinates": [ [ [ 17.297393825451191, 52.944522023963643 ], [ 17.29745492610736, 52.944584953248643 ], [ 17.297565796503989, 52.944699857412452 ] ] ] } },
{ "type": "Feature", "properties": { "TERYT": "3028", "LOKALNYID": "db57075b-8510-48bb-99b9-4f7b46b9d866", "PRZES_NAZW": "PL.PZGiK.308.BDOT10k", "WERSJA": "20260520000000", "POCZ_WERSJ": "20260520000000", "OZNA_ZMIAN": "BGW-I-K.7520.3.2026", "ZRO_DANYCH": "ortofotomapa", "KAT_ISTNIE": "eksploatowany", "UWAGI": null, "INFO_DODAT": null, "KOD10K": null, "SKROT_KART": null, "KAT_ZARZAD": "wojewódzka", "KLASA_DROG": "droga główna", "MATE_NAWIE": "masa bitumiczna", "NAZWA_DROG": null, "LICZ_JEZDN": 1.0, "POLOZENIE": "na powierzchni gruntu", "SZER_NAWIE": 7.0, "NUMER_DROG": "242" }, "geometry": { "type": "MultiLineString", "coordinates": [ [ [ 17.301207534793118, 52.946467541026742 ], [ 17.301194616122025, 52.946508455662212 ], [ 17.301142887393457, 52.94670008254851 ], [ 17.301089695661389, 52.946894836142704 ], [ 17.301062253431436, 52.946994808882231 ] ] ] } },
{ "type": "Feature", "properties": { "TERYT": "3028", "LOKALNYID": "85EAFA8B-7AB0-44B2-8AE7-32906CD6A2F0", "PRZES_NAZW": "PL.PZGiK.308.BDOT10k", "WERSJA": "20240917000000", "POCZ_WERSJ": "20240917000000", "OZNA_ZMIAN": "GK-KARTO.600.48.2024", "ZRO_DANYCH": "ortofotomapa", "KAT_ISTNIE": "eksploatowany", "UWAGI": null, "INFO_DODAT": "linia umowna", "KOD10K": null, "SKROT_KART": null, "KAT_ZARZAD": "wewnętrzna", "KLASA_DROG": "droga wewnętrzna", "MATE_NAWIE": "kostka prefabrykowana", "NAZWA_DROG": null, "LICZ_JEZDN": 1.0, "POLOZENIE": "na powierzchni gruntu", "SZER_NAWIE": null, "NUMER_DROG": null }, "geometry": { "type": "MultiLineString", "coordinates": [ [ [ 17.297780326255602, 52.944609040999097 ], [ 17.297831647057428, 52.94458738291533 ], [ 17.298331433279625, 52.944397858339023 ] ] ] } },
{ "type": "Feature", "properties": { "TERYT": "3028", "LOKALNYID": "2EBDC9DC-3D42-7DB6-E053-CC2BA8C07DDB", "PRZES_NAZW": "PL.PZGiK.308.BDOT10k", "WERSJA": "20240917000000", "POCZ_WERSJ": "20240917000000", "OZNA_ZMIAN": "GK-KARTO.600.48.2024", "ZRO_DANYCH": "ortofotomapa", "KAT_ISTNIE": "eksploatowany", "UWAGI": null, "INFO_DODAT": null, "KOD10K": null, "SKROT_KART": null, "KAT_ZARZAD": "wewnętrzna", "KLASA_DROG": "droga wewnętrzna", "MATE_NAWIE": "tłuczeń", "NAZWA_DROG": null, "LICZ_JEZDN": 1.0, "POLOZENIE": "na powierzchni gruntu", "SZER_NAWIE": 3.0, "NUMER_DROG": null }, "geometry": { "type": "MultiLineString", "coordinates": [ [ [ 17.298480995838837, 52.943553461163752 ], [ 17.29812791399721, 52.943510362658706 ], [ 17.297857028311455, 52.94347824335108 ], [ 17.297839987698435, 52.943476200569336 ], [ 17.297551909546367, 52.943442125536173 ], [ 17.297291901553145, 52.943390825199472 ], [ 17.297197065068705, 52.943371929164122 ] ] ] } },
{ "type": "Feature", "properties": { "TERYT": "3028", "LOKALNYID": "2EBDC9DC-3DD9-7DB6-E053-CC2BA8C07DDB", "PRZES_NAZW": "PL.PZGiK.308.BDOT10k", "WERSJA": "20240917000000", "POCZ_WERSJ": "20240917000000", "OZNA_ZMIAN": "GK-KARTO.600.48.2024", "ZRO_DANYCH": "ortofotomapa", "KAT_ISTNIE": "eksploatowany", "UWAGI": null, "INFO_DODAT": null, "KOD10K": null, "SKROT_KART": null, "KAT_ZARZAD": "wojewódzka", "KLASA_DROG": "droga główna", "MATE_NAWIE": "masa bitumiczna", "NAZWA_DROG": null, "LICZ_JEZDN": 1.0, "POLOZENIE": "na powierzchni gruntu", "SZER_NAWIE": 7.0, "NUMER_DROG": "193" }, "geometry": { "type": "MultiLineString", "coordinates": [ [ [ 17.29700294389113, 52.943576262673517 ], [ 17.29696638369272, 52.94360496687468 ], [ 17.29691085053107, 52.943646709195818 ], [ 17.296861548938562, 52.943688990480936 ], [ 17.296801572444487, 52.9437263522763 ], [ 17.296746944378391, 52.943756416206497 ], [ 17.296679988016248, 52.943789540965881 ] ] ] } },
{ "type": "Feature", "properties": { "TERYT": "3028", "LOKALNYID": "E5F92666-3504-47EC-B0F1-29B9F0CAC653", "PRZES_NAZW": "PL.PZGiK.308.BDOT10k", "WERSJA": "20231231120000", "POCZ_WERSJ": "20231231120000", "OZNA_ZMIAN": "GI-TOPO.600.116.2023", "ZRO_DANYCH": "ortofotomapa", "KAT_ISTNIE": "eksploatowany", "UWAGI": null, "INFO_DODAT": null, "KOD10K": null, "SKROT_KART": null, "KAT_ZARZAD": "wewnętrzna", "KLASA_DROG": "droga wewnętrzna", "MATE_NAWIE": "grunt naturalny", "NAZWA_DROG": null, "LICZ_JEZDN": 1.0, "POLOZENIE": "na powierzchni gruntu", "SZER_NAWIE": null, "NUMER_DROG": null }, "geometry": { "type": "MultiLineString", "coordinates": [ [ [ 17.300903396342285, 52.93867472807603 ], [ 17.301131511705563, 52.938882138036789 ], [ 17.301160960048506, 52.938947400811529 ] ] ] } },
{ "type": "Feature", "properties": { "TERYT": "3028", "LOKALNYID": "D780AA0A-6CAB-45DB-9325-678A097A67E7", "PRZES_NAZW": "PL.PZGiK.308.BDOT10k", "WERSJA": "20240917000000", "POCZ_WERSJ": "20240917000000", "OZNA_ZMIAN": "GK-KARTO.600.48.2024", "ZRO_DANYCH": "ortofotomapa", "KAT_ISTNIE": "eksploatowany", "UWAGI": null, "INFO_DODAT": null, "KOD10K": null, "SKROT_KART": null, "KAT_ZARZAD": "gminna", "KLASA_DROG": "droga lokalna", "MATE_NAWIE": "masa bitumiczna", "NAZWA_DROG": null, "LICZ_JEZDN": 1.0, "POLOZENIE": "na powierzchni gruntu", "SZER_NAWIE": 6.0, "NUMER_DROG": "207046P" }, "geometry": { "type": "MultiLineString", "coordinates": [ [ [ 17.301952668913007, 52.946324226886269 ], [ 17.301859159631288, 52.946305443533625 ], [ 17.301387792221451, 52.946198880427353 ], [ 17.301297496362125, 52.946177894244443 ] ] ] } },
{ "type": "Feature", "properties": { "TERYT": "3028", "LOKALNYID": "2EBDC9DC-5124-7DB6-E053-CC2BA8C07DDB", "PRZES_NAZW": "PL.PZGiK.308.BDOT10k", "WERSJA": "20231231120000", "POCZ_WERSJ": "20231231120000", "OZNA_ZMIAN": "GI-TOPO.600.116.2023", "ZRO_DANYCH": "ortofotomapa", "KAT_ISTNIE": "eksploatowany", "UWAGI": null, "INFO_DODAT": null, "KOD10K": null, "SKROT_KART": null, "KAT_ZARZAD": "wewnętrzna", "KLASA_DROG": "droga wewnętrzna", "MATE_NAWIE": "grunt naturalny", "NAZWA_DROG": null, "LICZ_JEZDN": 1.0, "POLOZENIE": "na powierzchni gruntu", "SZER_NAWIE": null, "NUMER_DROG": null }, "geometry": { "type": "MultiLineString", "coordinates": [ [ [ 17.319074838176043, 52.934681450975923 ], [ 17.319411376432065, 52.934839007861605 ], [ 17.319800926038631, 52.935011432939497 ], [ 17.320917562263034, 52.935453950597115 ], [ 17.321159575864993, 52.935565829631919 ] ] ] } },
{ "type": "Feature", "properties": { "TERYT": "3028", "LOKALNYID": "A565392F-134E-4622-B184-C3B9584B4C4A", "PRZES_NAZW": "PL.PZGiK.308.BDOT10k", "WERSJA": "20240917000000", "POCZ_WERSJ": "20240917000000", "OZNA_ZMIAN": "GK-KARTO.600.48.2024", "ZRO_DANYCH": "ortofotomapa", "KAT_ISTNIE": "eksploatowany", "UWAGI": null, "INFO_DODAT": null, "KOD10K": null, "SKROT_KART": null, "KAT_ZARZAD": "wewnętrzna", "KLASA_DROG": "droga wewnętrzna", "MATE_NAWIE": "żwir", "NAZWA_DROG": null, "LICZ_JEZDN": 1.0, "POLOZENIE": "na powierzchni gruntu", "SZER_NAWIE": 4.0, "NUMER_DROG": null }, "geometry": { "type": "MultiLineString", "coordinates": [ [ [ 17.304553146791999, 52.931169884727225 ], [ 17.304711958242653, 52.931188788668216 ], [ 17.304807639533603, 52.931208320467796 ], [ 17.304877091479916, 52.931228737003259 ], [ 17.30494544269931, 52.931262088154256 ], [ 17.305016494061931, 52.931310136878537 ], [ 17.30523902528688, 52.93156476442158 ] ] ] } },
{ "type": "Feature", "properties": { "TERYT": "3028", "LOKALNYID": "2EBDC9DC-3FA8-7DB6-E053-CC2BA8C07DDB", "PRZES_NAZW": "PL.PZGiK.308.BDOT10k", "WERSJA": "20260331000000", "POCZ_WERSJ": "20260331000000", "OZNA_ZMIAN": "BGW-I-K.7520.3.2026", "ZRO_DANYCH": "ortofotomapa", "KAT_ISTNIE": "eksploatowany", "UWAGI": null, "INFO_DODAT": null, "KOD10K": null, "SKROT_KART": null, "KAT_ZARZAD": "wewnętrzna", "KLASA_DROG": "droga wewnętrzna", "MATE_NAWIE": "płyty betonowe", "NAZWA_DROG": null, "LICZ_JEZDN": 1.0, "POLOZENIE": "na powierzchni gruntu", "SZER_NAWIE": 3.0, "NUMER_DROG": null }, "geometry": { "type": "MultiLineString", "coordinates": [ [ [ 17.30454470239188, 52.939933916147346 ], [ 17.304599362754686, 52.940005563303586 ], [ 17.304597531833036, 52.940052392243857 ], [ 17.304576984809966, 52.940082946046942 ], [ 17.304348176942639, 52.940162958716016 ] ] ] } },
{ "type": "Feature", "properties": { "TERYT": "3028", "LOKALNYID": "2EBDC9DC-3C4D-7DB6-E053-CC2BA8C07DDB", "PRZES_NAZW": "PL.PZGiK.308.BDOT10k", "WERSJA": "20260330000000", "POCZ_WERSJ": "20260330000000", "OZNA_ZMIAN": "BGW-I-K.7520.3.2026", "ZRO_DANYCH": "ortofotomapa", "KAT_ISTNIE": "eksploatowany", "UWAGI": null, "INFO_DODAT": null, "KOD10K": null, "SKROT_KART": null, "KAT_ZARZAD": "wewnętrzna", "KLASA_DROG": "droga wewnętrzna", "MATE_NAWIE": "masa bitumiczna", "NAZWA_DROG": null, "LICZ_JEZDN": 1.0, "POLOZENIE": "na powierzchni gruntu", "SZER_NAWIE": 6.0, "NUMER_DROG": null }, "geometry": { "type": "MultiLineString", "coordinates": [ [ [ 17.302605469641144, 52.953200825843474 ], [ 17.30320762953853, 52.953273907637161 ], [ 17.303270430606219, 52.953286315775465 ], [ 17.303304584070567, 52.953303980603174 ], [ 17.303328987437823, 52.953327261904178 ], [ 17.303333816679327, 52.953363663700898 ], [ 17.303319294467439, 52.953411300586851 ], [ 17.303064223264901, 52.954027115285875 ] ] ] } },
{ "type": "Feature", "properties": { "TERYT": "3028", "LOKALNYID": "2EBDC9DC-3B8F-7DB6-E053-CC2BA8C07DDB", "PRZES_NAZW": "PL.PZGiK.308.BDOT10k", "WERSJA": "20240917000000", "POCZ_WERSJ": "20240917000000", "OZNA_ZMIAN": "GK-KARTO.600.48.2024", "ZRO_DANYCH": "ortofotomapa", "KAT_ISTNIE": "eksploatowany", "UWAGI": null, "INFO_DODAT": null, "KOD10K": null, "SKROT_KART": null, "KAT_ZARZAD": "wojewódzka", "KLASA_DROG": "droga główna", "MATE_NAWIE": "masa bitumiczna", "NAZWA_DROG": null, "LICZ_JEZDN": 1.0, "POLOZENIE": "na powierzchni gruntu", "SZER_NAWIE": 6.0, "NUMER_DROG": "242" }, "geometry": { "type": "MultiLineString", "coordinates": [ [ [ 17.299538609289048, 52.953266875781196 ], [ 17.29944133327816, 52.95351073052332 ] ] ] } },
{ "type": "Feature", "properties": { "TERYT": "3028", "LOKALNYID": "2EBDC9DC-31AA-7DB6-E053-CC2BA8C07DDB", "PRZES_NAZW": "PL.PZGiK.308.BDOT10k", "WERSJA": "20240917000000", "POCZ_WERSJ": "20240917000000", "OZNA_ZMIAN": "GK-KARTO.600.48.2024", "ZRO_DANYCH": "ortofotomapa", "KAT_ISTNIE": "eksploatowany", "UWAGI": null, "INFO_DODAT": null, "KOD10K": null, "SKROT_KART": null, "KAT_ZARZAD": "wewnętrzna", "KLASA_DROG": "droga wewnętrzna", "MATE_NAWIE": "grunt naturalny", "NAZWA_DROG": null, "LICZ_JEZDN": 1.0, "POLOZENIE": "na powierzchni gruntu", "SZER_NAWIE": null, "NUMER_DROG": null }, "geometry": { "type": "MultiLineString", "coordinates": [ [ [ 17.298118700514113, 52.945292522312357 ], [ 17.29817977398562, 52.945284133979087 ], [ 17.298255042282573, 52.9452896187261 ], [ 17.29845782349101, 52.945312308077611 ], [ 17.299200723428147, 52.945388865298 ] ] ] } },
{ "type": "Feature", "properties": { "TERYT": "3028", "LOKALNYID": "2EBDC9DC-4E5B-7DB6-E053-CC2BA8C07DDB", "PRZES_NAZW": "PL.PZGiK.308.BDOT10k", "WERSJA": "20231231120000", "POCZ_WERSJ": "20231231120000", "OZNA_ZMIAN": "GI-TOPO.600.116.2023", "ZRO_DANYCH": "ortofotomapa", "KAT_ISTNIE": "eksploatowany", "UWAGI": null, "INFO_DODAT": null, "KOD10K": null, "SKROT_KART": null, "KAT_ZARZAD": "gminna", "KLASA_DROG": "droga lokalna", "MATE_NAWIE": "masa bitumiczna", "NAZWA_DROG": null, "LICZ_JEZDN": 1.0, "POLOZENIE": "na powierzchni gruntu", "SZER_NAWIE": 6.0, "NUMER_DROG": "207017P" }, "geometry": { "type": "MultiLineString", "coordinates": [ [ [ 17.311775170602658, 52.945226088601615 ], [ 17.311871216829967, 52.945240943140199 ], [ 17.312126843822018, 52.945279288752488 ], [ 17.312267756336595, 52.945300446068657 ], [ 17.312500290129844, 52.945335405135602 ], [ 17.312884246310972, 52.945393108492681 ] ] ] } },
{ "type": "Feature", "properties": { "TERYT": "3028", "LOKALNYID": "2EBDC9DC-3933-7DB6-E053-CC2BA8C07DDB", "PRZES_NAZW": "PL.PZGiK.308.BDOT10k", "WERSJA": "20240917000000", "POCZ_WERSJ": "20240917000000", "OZNA_ZMIAN": "GK-KARTO.600.48.2024", "ZRO_DANYCH": "ortofotomapa", "KAT_ISTNIE": "eksploatowany", "UWAGI": null, "INFO_DODAT": null, "KOD10K": null, "SKROT_KART": null, "KAT_ZARZAD": "gminna", "KLASA_DROG": "droga lokalna", "MATE_NAWIE": "masa bitumiczna", "NAZWA_DROG": null, "LICZ_JEZDN": 1.0, "POLOZENIE": "na powierzchni gruntu", "SZER_NAWIE": 3.0, "NUMER_DROG": "207011P" }, "geometry": { "type": "MultiLineString", "coordinates": [ [ [ 17.300449461957438, 52.945246922647428 ], [ 17.300697228482484, 52.945322232850621 ], [ 17.300779612072279, 52.945347513066004 ], [ 17.301373359964899, 52.94551464439725 ], [ 17.301517535271547, 52.945555016848395 ], [ 17.301586750618391, 52.945593418331455 ] ] ] } },
{ "type": "Feature", "properties": { "TERYT": "3028", "LOKALNYID": "2EBDC9DC-354A-7DB6-E053-CC2BA8C07DDB", "PRZES_NAZW": "PL.PZGiK.308.BDOT10k", "WERSJA": "20240917000000", "POCZ_WERSJ": "20240917000000", "OZNA_ZMIAN": "GK-KARTO.600.48.2024", "ZRO_DANYCH": "ortofotomapa", "KAT_ISTNIE": "eksploatowany", "UWAGI": null, "INFO_DODAT": null, "KOD10K": null, "SKROT_KART": null, "KAT_ZARZAD": "wewnętrzna", "KLASA_DROG": "droga wewnętrzna", "MATE_NAWIE": "masa bitumiczna", "NAZWA_DROG": null, "LICZ_JEZDN": 1.0, "POLOZENIE": "na powierzchni gruntu", "SZER_NAWIE": 6.0, "NUMER_DROG": null }, "geometry": { "type": "MultiLineString", "coordinates": [ [ [ 17.302006869199332, 52.940264510747859 ], [ 17.302318030900427, 52.940138194709029 ], [ 17.30234373651113, 52.940131817033588 ], [ 17.302380403691867, 52.94013063222102 ], [ 17.302412439507922, 52.940137475192422 ], [ 17.30245811347379, 52.940157193561141 ], [ 17.302546366260401, 52.94019964374634 ] ] ] } },
{ "type": "Feature", "properties": { "TERYT": "3028", "LOKALNYID": "e60800ad-3fa8-46d2-bd2a-8974b1afd6d4", "PRZES_NAZW": "PL.PZGiK.308.BDOT10k", "WERSJA": "20240917000000", "POCZ_WERSJ": "20240917000000", "OZNA_ZMIAN": "GK-KARTO.600.48.2024", "ZRO_DANYCH": "ortofotomapa", "KAT_ISTNIE": "eksploatowany", "UWAGI": null, "INFO_DODAT": null, "KOD10K": null, "SKROT_KART": null, "KAT_ZARZAD": "gminna", "KLASA_DROG": "droga lokalna", "MATE_NAWIE": "masa bitumiczna", "NAZWA_DROG": null, "LICZ_JEZDN": 1.0, "POLOZENIE": "na powierzchni gruntu", "SZER_NAWIE": 4.0, "NUMER_DROG": "207009P" }, "geometry": { "type": "MultiLineString", "coordinates": [ [ [ 17.308401129934644, 52.94865814090582 ], [ 17.308548804029193, 52.948403215255631 ], [ 17.308570996752863, 52.948364860071997 ] ] ] } },
{ "type": "Feature", "properties": { "TERYT": "3028", "LOKALNYID": "CB98FFA4-268F-4959-ADD0-675F71FF4BAF", "PRZES_NAZW": "PL.PZGiK.308.BDOT10k", "WERSJA": "20231231120000", "POCZ_WERSJ": "20231231120000", "OZNA_ZMIAN": "GI-TOPO.600.116.2023", "ZRO_DANYCH": "ortofotomapa", "KAT_ISTNIE": "eksploatowany", "UWAGI": null, "INFO_DODAT": null, "KOD10K": null, "SKROT_KART": null, "KAT_ZARZAD": "wewnętrzna", "KLASA_DROG": "droga wewnętrzna", "MATE_NAWIE": "grunt naturalny", "NAZWA_DROG": null, "LICZ_JEZDN": 1.0, "POLOZENIE": "na powierzchni gruntu", "SZER_NAWIE": null, "NUMER_DROG": null }, "geometry": { "type": "MultiLineString", "coordinates": [ [ [ 17.317615475339469, 52.940753652811246 ], [ 17.317343156681947, 52.94076238710521 ], [ 17.317247095031149, 52.940755810529446 ], [ 17.317192073946863, 52.940727421893889 ], [ 17.317143160395613, 52.940675917080618 ], [ 17.31712940199014, 52.940623830992934 ], [ 17.317136192114859, 52.940222557145617 ] ] ] } },
{ "type": "Feature", "properties": { "TERYT": "3028", "LOKALNYID": "2EBDC9DC-383C-7DB6-E053-CC2BA8C07DDB", "PRZES_NAZW": "PL.PZGiK.308.BDOT10k", "WERSJA": "20231231120000", "POCZ_WERSJ": "20231231120000", "OZNA_ZMIAN": "GI-TOPO.600.116.2023", "ZRO_DANYCH": "ortofotomapa", "KAT_ISTNIE": "eksploatowany", "UWAGI": null, "INFO_DODAT": null, "KOD10K": null, "SKROT_KART": null, "KAT_ZARZAD": "gminna", "KLASA_DROG": "droga lokalna", "MATE_NAWIE": "masa bitumiczna", "NAZWA_DROG": null, "LICZ_JEZDN": 1.0, "POLOZENIE": "na powierzchni gruntu", "SZER_NAWIE": 4.0, "NUMER_DROG": "207009P" }, "geometry": { "type": "MultiLineString", "coordinates": [ [ [ 17.308401129934644, 52.94865814090582 ], [ 17.308377206770373, 52.948702676784308 ], [ 17.308320215064178, 52.94880861562045 ] ] ] } },
{ "type": "Feature", "properties": { "TERYT": "3028", "LOKALNYID": "29E59FFA-B70A-40DB-BBCD-F1C9281E0410", "PRZES_NAZW": "PL.PZGiK.308.BDOT10k", "WERSJA": "20240917000000", "POCZ_WERSJ": "20240917000000", "OZNA_ZMIAN": "GK-KARTO.600.48.2024", "ZRO_DANYCH": "ortofotomapa", "KAT_ISTNIE": "eksploatowany", "UWAGI": null, "INFO_DODAT": null, "KOD10K": null, "SKROT_KART": null, "KAT_ZARZAD": "gminna", "KLASA_DROG": "droga lokalna", "MATE_NAWIE": "masa bitumiczna", "NAZWA_DROG": null, "LICZ_JEZDN": 1.0, "POLOZENIE": "na powierzchni gruntu", "SZER_NAWIE": 6.0, "NUMER_DROG": "207004P" }, "geometry": { "type": "MultiLineString", "coordinates": [ [ [ 17.298429346924539, 52.944034942127111 ], [ 17.298523933677508, 52.944052664459576 ] ] ] } },
{ "type": "Feature", "properties": { "TERYT": "3028", "LOKALNYID": "2EBDC9DC-43AB-7DB6-E053-CC2BA8C07DDB", "PRZES_NAZW": "PL.PZGiK.308.BDOT10k", "WERSJA": "20231231120000", "POCZ_WERSJ": "20231231120000", "OZNA_ZMIAN": "GI-TOPO.600.116.2023", "ZRO_DANYCH": "ortofotomapa", "KAT_ISTNIE": "eksploatowany", "UWAGI": null, "INFO_DODAT": null, "KOD10K": null, "SKROT_KART": null, "KAT_ZARZAD": "powiatowa", "KLASA_DROG": "droga lokalna", "MATE_NAWIE": "masa bitumiczna", "NAZWA_DROG": null, "LICZ_JEZDN": 1.0, "POLOZENIE": "na powierzchni gruntu", "SZER_NAWIE": 5.0, "NUMER_DROG": "1560P" }, "geometry": { "type": "MultiLineString", "coordinates": [ [ [ 17.340271258805561, 52.94371145103819 ], [ 17.340441378461719, 52.943743774757024 ], [ 17.340547202485499, 52.943767825816572 ], [ 17.3406343031284, 52.943794852868308 ], [ 17.340745075639873, 52.943833541913889 ], [ 17.340984580351616, 52.943924030794562 ], [ 17.341152869087491, 52.943992570692338 ], [ 17.3412581001467, 52.944036038238778 ], [ 17.341345016094881, 52.944067918535296 ], [ 17.341468309644029, 52.944106242089177 ], [ 17.341658521934374, 52.94416213700751 ], [ 17.341883463283914, 52.944216987414521 ], [ 17.342341180827173, 52.944308719828264 ], [ 17.342413365272439, 52.944320968410494 ] ] ] } },
{ "type": "Feature", "properties": { "TERYT": "3028", "LOKALNYID": "2EBDC9DC-3488-7DB6-E053-CC2BA8C07DDB", "PRZES_NAZW": "PL.PZGiK.308.BDOT10k", "WERSJA": "20231231120000", "POCZ_WERSJ": "20231231120000", "OZNA_ZMIAN": "GI-TOPO.600.116.2023", "ZRO_DANYCH": "ortofotomapa", "KAT_ISTNIE": "eksploatowany", "UWAGI": null, "INFO_DODAT": null, "KOD10K": null, "SKROT_KART": null, "KAT_ZARZAD": "wewnętrzna", "KLASA_DROG": "droga wewnętrzna", "MATE_NAWIE": "masa bitumiczna", "NAZWA_DROG": null, "LICZ_JEZDN": 1.0, "POLOZENIE": "na powierzchni gruntu", "SZER_NAWIE": 7.0, "NUMER_DROG": null }, "geometry": { "type": "MultiLineString", "coordinates": [ [ [ 17.289493602732033, 52.945621121915799 ], [ 17.289522638951805, 52.945647440638389 ], [ 17.289592678508896, 52.945721294666271 ] ] ] } },
{ "type": "Feature", "properties": { "TERYT": "3028", "LOKALNYID": "2EBDC9DC-3C7C-7DB6-E053-CC2BA8C07DDB", "PRZES_NAZW": "PL.PZGiK.308.BDOT10k", "WERSJA": "20240917000000", "POCZ_WERSJ": "20240917000000", "OZNA_ZMIAN": "GK-KARTO.600.48.2024", "ZRO_DANYCH": "ortofotomapa", "KAT_ISTNIE": "eksploatowany", "UWAGI": null, "INFO_DODAT": null, "KOD10K": null, "SKROT_KART": null, "KAT_ZARZAD": "wojewódzka", "KLASA_DROG": "droga główna", "MATE_NAWIE": "masa bitumiczna", "NAZWA_DROG": null, "LICZ_JEZDN": 1.0, "POLOZENIE": "na powierzchni gruntu", "SZER_NAWIE": 6.0, "NUMER_DROG": "242" }, "geometry": { "type": "MultiLineString", "coordinates": [ [ [ 17.301760531867025, 52.940518288260385 ], [ 17.30190433714904, 52.940461257669746 ], [ 17.302109432805803, 52.940374885309744 ] ] ] } },
{ "type": "Feature", "properties": { "TERYT": "3028", "LOKALNYID": "1AA5A42E-4D10-4AA9-853D-0B501B1B66CA", "PRZES_NAZW": "PL.PZGiK.308.BDOT10k", "WERSJA": "20231231120000", "POCZ_WERSJ": "20231231120000", "OZNA_ZMIAN": "GI-TOPO.600.116.2023", "ZRO_DANYCH": "ortofotomapa", "KAT_ISTNIE": "eksploatowany", "UWAGI": null, "INFO_DODAT": null, "KOD10K": null, "SKROT_KART": null, "KAT_ZARZAD": "wewnętrzna", "KLASA_DROG": "droga wewnętrzna", "MATE_NAWIE": "kostka prefabrykowana", "NAZWA_DROG": null, "LICZ_JEZDN": 1.0, "POLOZENIE": "na powierzchni gruntu", "SZER_NAWIE": 3.0, "NUMER_DROG": null }, "geometry": { "type": "MultiLineString", "coordinates": [ [ [ 17.30483587905205, 52.941342913309441 ], [ 17.304923461387244, 52.941345511839394 ], [ 17.305009082622174, 52.941352578974168 ], [ 17.305079860553327, 52.941369956456036 ] ] ] } },
{ "type": "Feature", "properties": { "TERYT": "3028", "LOKALNYID": "5424BF43-DA59-468B-9FBB-6F49524E491F", "PRZES_NAZW": "PL.PZGiK.308.BDOT10k", "WERSJA": "20231231120000", "POCZ_WERSJ": "20231231120000", "OZNA_ZMIAN": "GI-TOPO.600.116.2023", "ZRO_DANYCH": "ortofotomapa", "KAT_ISTNIE": "eksploatowany", "UWAGI": null, "INFO_DODAT": null, "KOD10K": null, "SKROT_KART": null, "KAT_ZARZAD": "gminna", "KLASA_DROG": "droga lokalna", "MATE_NAWIE": "masa bitumiczna", "NAZWA_DROG": null, "LICZ_JEZDN": 1.0, "POLOZENIE": "na powierzchni gruntu", "SZER_NAWIE": 6.0, "NUMER_DROG": "207014P" }, "geometry": { "type": "MultiLineString", "coordinates": [ [ [ 17.304685267339533, 52.942091884172648 ], [ 17.304834951181512, 52.942101574209836 ], [ 17.305056388867499, 52.942118942711836 ] ] ] } },
{ "type": "Feature", "properties": { "TERYT": "3028", "LOKALNYID": "2EBDC9DC-3E24-7DB6-E053-CC2BA8C07DDB", "PRZES_NAZW": "PL.PZGiK.308.BDOT10k", "WERSJA": "20240917000000", "POCZ_WERSJ": "20240917000000", "OZNA_ZMIAN": "GK-KARTO.600.48.2024", "ZRO_DANYCH": "ortofotomapa", "KAT_ISTNIE": "eksploatowany", "UWAGI": null, "INFO_DODAT": null, "KOD10K": null, "SKROT_KART": null, "KAT_ZARZAD": "gminna", "KLASA_DROG": "droga lokalna", "MATE_NAWIE": "masa bitumiczna", "NAZWA_DROG": null, "LICZ_JEZDN": 1.0, "POLOZENIE": "na powierzchni gruntu", "SZER_NAWIE": 6.0, "NUMER_DROG": "207007P" }, "geometry": { "type": "MultiLineString", "coordinates": [ [ [ 17.299696397831013, 52.943185947082284 ], [ 17.299830666486262, 52.943212959738439 ], [ 17.300116573088705, 52.943279643841301 ], [ 17.300435939424734, 52.943354899832805 ], [ 17.300578213011637, 52.943386612721007 ], [ 17.300707102490424, 52.943417954155024 ], [ 17.300847677210939, 52.943455038397744 ], [ 17.3011341636869, 52.943533599470541 ] ] ] } },
{ "type": "Feature", "properties": { "TERYT": "3028", "LOKALNYID": "2EBDC9DC-3E15-7DB6-E053-CC2BA8C07DDB", "PRZES_NAZW": "PL.PZGiK.308.BDOT10k", "WERSJA": "20240917000000", "POCZ_WERSJ": "20240917000000", "OZNA_ZMIAN": "GK-KARTO.600.48.2024", "ZRO_DANYCH": "ortofotomapa", "KAT_ISTNIE": "eksploatowany", "UWAGI": null, "INFO_DODAT": null, "KOD10K": null, "SKROT_KART": null, "KAT_ZARZAD": "gminna", "KLASA_DROG": "droga lokalna", "MATE_NAWIE": "tłuczeń", "NAZWA_DROG": null, "LICZ_JEZDN": 1.0, "POLOZENIE": "na powierzchni gruntu", "SZER_NAWIE": 3.0, "NUMER_DROG": "206015P" }, "geometry": { "type": "MultiLineString", "coordinates": [ [ [ 17.280682932317401, 52.927884117303428 ], [ 17.280725459505344, 52.927997689158033 ], [ 17.280748660184127, 52.928024375416264 ], [ 17.280754868975347, 52.928036696215798 ], [ 17.280761222946619, 52.928049109049454 ], [ 17.280808820600175, 52.928106096195137 ], [ 17.281027272173191, 52.928298207447291 ], [ 17.281148463773317, 52.928424698639233 ], [ 17.281247285873416, 52.928529821646542 ], [ 17.281290747875339, 52.928604825368105 ], [ 17.281346642367939, 52.928704111085835 ], [ 17.281398310488886, 52.928827437784761 ], [ 17.281476133677067, 52.929045662817202 ], [ 17.281633957691028, 52.929494824798788 ], [ 17.281747826541761, 52.929810069511724 ], [ 17.281898698653197, 52.930198155676969 ], [ 17.281986576123142, 52.930406902832829 ], [ 17.282033622831854, 52.930564337047542 ], [ 17.282121746917099, 52.930857085411681 ], [ 17.282182917257941, 52.931075069064001 ], [ 17.282225179489885, 52.931184229716258 ], [ 17.282262409677479, 52.931255095916086 ], [ 17.282336242435523, 52.931329998719832 ], [ 17.282562423355852, 52.931504142059623 ], [ 17.2828003830457, 52.931674048473674 ], [ 17.28300314308806, 52.931845873873904 ], [ 17.283185111626484, 52.932035385123179 ], [ 17.283398013972555, 52.932315815979479 ] ] ] } },
{ "type": "Feature", "properties": { "TERYT": "3028", "LOKALNYID": "2EBDC9DC-52DB-7DB6-E053-CC2BA8C07DDB", "PRZES_NAZW": "PL.PZGiK.308.BDOT10k", "WERSJA": "20240917000000", "POCZ_WERSJ": "20240917000000", "OZNA_ZMIAN": "GK-KARTO.600.48.2024", "ZRO_DANYCH": "ortofotomapa", "KAT_ISTNIE": "eksploatowany", "UWAGI": null, "INFO_DODAT": null, "KOD10K": null, "SKROT_KART": null, "KAT_ZARZAD": "wewnętrzna", "KLASA_DROG": "droga wewnętrzna", "MATE_NAWIE": "grunt naturalny", "NAZWA_DROG": null, "LICZ_JEZDN": 1.0, "POLOZENIE": "na powierzchni gruntu", "SZER_NAWIE": null, "NUMER_DROG": null }, "geometry": { "type": "MultiLineString", "coordinates": [ [ [ 17.321159575864993, 52.935565829631919 ], [ 17.321752862262329, 52.935804979254165 ], [ 17.322065406515396, 52.935936828501141 ], [ 17.322199561956513, 52.935989625061985 ], [ 17.322424832233029, 52.936088134837085 ], [ 17.32261601653979, 52.936175101212882 ], [ 17.322714920512684, 52.936215708222747 ], [ 17.322823869436732, 52.936250611319636 ], [ 17.323006828262749, 52.936296271730839 ], [ 17.323425268505272, 52.936376641625316 ], [ 17.323662121102373, 52.936425939377436 ], [ 17.324260752845902, 52.936535108949869 ], [ 17.324386283995356, 52.936564668650988 ], [ 17.324567576469786, 52.936622713855385 ], [ 17.324782289734532, 52.936717293048076 ], [ 17.325008740026924, 52.936835599693104 ], [ 17.325277308688413, 52.936977252578799 ], [ 17.325640165624886, 52.937159714128384 ], [ 17.326000440667464, 52.93737829111992 ], [ 17.326270917609492, 52.93753237930818 ], [ 17.326387869991091, 52.937587626698317 ], [ 17.32656966287427, 52.937659885211914 ], [ 17.327139210877579, 52.93785604504577 ], [ 17.327536651389863, 52.937987456185979 ], [ 17.327917477863661, 52.938148309948716 ], [ 17.328152467027579, 52.938250183034967 ], [ 17.328307189210761, 52.938302722395633 ], [ 17.328480201431013, 52.938348054458032 ], [ 17.328871323212248, 52.938458237997793 ], [ 17.329004761491433, 52.93850687976439 ], [ 17.329151648590607, 52.938565782968162 ], [ 17.32956222754996, 52.938750612135252 ], [ 17.330008388601257, 52.938970204331092 ], [ 17.33038527440219, 52.939172003942922 ], [ 17.330633042451097, 52.939274771072334 ] ] ] } },
{ "type": "Feature", "properties": { "TERYT": "3028", "LOKALNYID": "2EBDC9DC-3186-7DB6-E053-CC2BA8C07DDB", "PRZES_NAZW": "PL.PZGiK.308.BDOT10k", "WERSJA": "20260622000000", "POCZ_WERSJ": "20260622000000", "OZNA_ZMIAN": "BGW-I-K.7520.3.2026", "ZRO_DANYCH": "ortofotomapa", "KAT_ISTNIE": "eksploatowany", "UWAGI": null, "INFO_DODAT": null, "KOD10K": null, "SKROT_KART": null, "KAT_ZARZAD": "gminna", "KLASA_DROG": "droga lokalna", "MATE_NAWIE": "kostka prefabrykowana", "NAZWA_DROG": null, "LICZ_JEZDN": 1.0, "POLOZENIE": "na powierzchni gruntu", "SZER_NAWIE": 3.0, "NUMER_DROG": "207009P" }, "geometry": { "type": "MultiLineString", "coordinates": [ [ [ 17.309001823535251, 52.948946831615324 ], [ 17.308921117338389, 52.949118713691703 ], [ 17.308781500265873, 52.949426634920357 ], [ 17.308771719264595, 52.94944834936932 ], [ 17.308673956745821, 52.94965281397036 ], [ 17.308582788763097, 52.949852336126121 ] ] ] } },
{ "type": "Feature", "properties": { "TERYT": "3028", "LOKALNYID": "2EBDC9DC-3DDB-7DB6-E053-CC2BA8C07DDB", "PRZES_NAZW": "PL.PZGiK.308.BDOT10k", "WERSJA": "20240917000000", "POCZ_WERSJ": "20240917000000", "OZNA_ZMIAN": "GK-KARTO.600.48.2024", "ZRO_DANYCH": "ortofotomapa", "KAT_ISTNIE": "eksploatowany", "UWAGI": null, "INFO_DODAT": null, "KOD10K": null, "SKROT_KART": null, "KAT_ZARZAD": "wojewódzka", "KLASA_DROG": "droga główna", "MATE_NAWIE": "masa bitumiczna", "NAZWA_DROG": null, "LICZ_JEZDN": 1.0, "POLOZENIE": "na powierzchni gruntu", "SZER_NAWIE": 6.0, "NUMER_DROG": "242" }, "geometry": { "type": "MultiLineString", "coordinates": [ [ [ 17.302109432805803, 52.940374885309744 ], [ 17.302546366260401, 52.94019964374634 ] ] ] } },
{ "type": "Feature", "properties": { "TERYT": "3028", "LOKALNYID": "684E6124-220D-4943-B254-15916B8B9DAF", "PRZES_NAZW": "PL.PZGiK.308.BDOT10k", "WERSJA": "20231231120000", "POCZ_WERSJ": "20231231120000", "OZNA_ZMIAN": "GI-TOPO.600.116.2023", "ZRO_DANYCH": "ortofotomapa", "KAT_ISTNIE": "eksploatowany", "UWAGI": null, "INFO_DODAT": null, "KOD10K": null, "SKROT_KART": null, "KAT_ZARZAD": "gminna", "KLASA_DROG": "droga lokalna", "MATE_NAWIE": "masa bitumiczna", "NAZWA_DROG": null, "LICZ_JEZDN": 1.0, "POLOZENIE": "na powierzchni gruntu", "SZER_NAWIE": 7.0, "NUMER_DROG": "207009P" }, "geometry": { "type": "MultiLineString", "coordinates": [ [ [ 17.311984745240885, 52.948550282978132 ], [ 17.312223872341523, 52.948198355562987 ] ] ] } },
{ "type": "Feature", "properties": { "TERYT": "3028", "LOKALNYID": "2EBDC9DC-4390-7DB6-E053-CC2BA8C07DDB", "PRZES_NAZW": "PL.PZGiK.308.BDOT10k", "WERSJA": "20231231120000", "POCZ_WERSJ": "20231231120000", "OZNA_ZMIAN": "GI-TOPO.600.116.2023", "ZRO_DANYCH": "ortofotomapa", "KAT_ISTNIE": "eksploatowany", "UWAGI": null, "INFO_DODAT": null, "KOD10K": null, "SKROT_KART": null, "KAT_ZARZAD": "wewnętrzna", "KLASA_DROG": "droga wewnętrzna", "MATE_NAWIE": "płyty betonowe", "NAZWA_DROG": null, "LICZ_JEZDN": 1.0, "POLOZENIE": "na powierzchni gruntu", "SZER_NAWIE": 6.0, "NUMER_DROG": null }, "geometry": { "type": "MultiLineString", "coordinates": [ [ [ 17.316650319824355, 52.941199808786351 ], [ 17.316800458181557, 52.941205443212418 ], [ 17.317118098930639, 52.941214259455627 ], [ 17.317578944700696, 52.941227081247362 ] ] ] } },
{ "type": "Feature", "properties": { "TERYT": "3028", "LOKALNYID": "84263A6D-7C92-4CFD-9D21-D5512FE0BC4C", "PRZES_NAZW": "PL.PZGiK.308.BDOT10k", "WERSJA": "20240917000000", "POCZ_WERSJ": "20240917000000", "OZNA_ZMIAN": "GK-KARTO.600.48.2024", "ZRO_DANYCH": "ortofotomapa", "KAT_ISTNIE": "eksploatowany", "UWAGI": null, "INFO_DODAT": null, "KOD10K": null, "SKROT_KART": null, "KAT_ZARZAD": "powiatowa", "KLASA_DROG": "droga lokalna", "MATE_NAWIE": "kostka kamienna", "NAZWA_DROG": null, "LICZ_JEZDN": 1.0, "POLOZENIE": "na powierzchni gruntu", "SZER_NAWIE": 8.0, "NUMER_DROG": "1560P" }, "geometry": { "type": "MultiLineString", "coordinates": [ [ [ 17.309461301017411, 52.946526533548031 ], [ 17.31053242332111, 52.946716777477683 ], [ 17.310571165046106, 52.946723623619697 ], [ 17.310899682442653, 52.946779106138756 ] ] ] } },
{ "type": "Feature", "properties": { "TERYT": "3028", "LOKALNYID": "2EBDC9DC-3201-7DB6-E053-CC2BA8C07DDB", "PRZES_NAZW": "PL.PZGiK.308.BDOT10k", "WERSJA": "20231231120000", "POCZ_WERSJ": "20231231120000", "OZNA_ZMIAN": "GI-TOPO.600.116.2023", "ZRO_DANYCH": "ortofotomapa", "KAT_ISTNIE": "eksploatowany", "UWAGI": null, "INFO_DODAT": null, "KOD10K": null, "SKROT_KART": null, "KAT_ZARZAD": "gminna", "KLASA_DROG": "droga lokalna", "MATE_NAWIE": "tłuczeń", "NAZWA_DROG": null, "LICZ_JEZDN": 1.0, "POLOZENIE": "na powierzchni gruntu", "SZER_NAWIE": 6.0, "NUMER_DROG": "207009P" }, "geometry": { "type": "MultiLineString", "coordinates": [ [ [ 17.306160917187849, 52.952501610961185 ], [ 17.306122728920666, 52.952644329476733 ], [ 17.306075508052125, 52.952797171550344 ], [ 17.306058388159954, 52.952865636123697 ], [ 17.306043421089452, 52.952939977012676 ], [ 17.306019372819019, 52.953120938615143 ], [ 17.305996630577837, 52.953329438248119 ] ] ] } },
{ "type": "Feature", "properties": { "TERYT": "3028", "LOKALNYID": "2EBDC9DC-41EF-7DB6-E053-CC2BA8C07DDB", "PRZES_NAZW": "PL.PZGiK.308.BDOT10k", "WERSJA": "20231231120000", "POCZ_WERSJ": "20231231120000", "OZNA_ZMIAN": "GI-TOPO.600.116.2023", "ZRO_DANYCH": "ortofotomapa", "KAT_ISTNIE": "eksploatowany", "UWAGI": null, "INFO_DODAT": null, "KOD10K": null, "SKROT_KART": null, "KAT_ZARZAD": "wewnętrzna", "KLASA_DROG": "droga wewnętrzna", "MATE_NAWIE": "masa bitumiczna", "NAZWA_DROG": null, "LICZ_JEZDN": 1.0, "POLOZENIE": "na powierzchni gruntu", "SZER_NAWIE": 6.0, "NUMER_DROG": null }, "geometry": { "type": "MultiLineString", "coordinates": [ [ [ 17.301649168597553, 52.94040455002402 ], [ 17.301704851919954, 52.940461374213591 ], [ 17.301760531867025, 52.940518288260385 ] ] ] } },
{ "type": "Feature", "properties": { "TERYT": "3028", "LOKALNYID": "2EBDC9DC-3D1B-7DB6-E053-CC2BA8C07DDB", "PRZES_NAZW": "PL.PZGiK.308.BDOT10k", "WERSJA": "20240917000000", "POCZ_WERSJ": "20240917000000", "OZNA_ZMIAN": "GK-KARTO.600.48.2024", "ZRO_DANYCH": "ortofotomapa", "KAT_ISTNIE": "eksploatowany", "UWAGI": null, "INFO_DODAT": null, "KOD10K": null, "SKROT_KART": null, "KAT_ZARZAD": "wewnętrzna", "KLASA_DROG": "droga wewnętrzna", "MATE_NAWIE": "grunt naturalny", "NAZWA_DROG": null, "LICZ_JEZDN": 1.0, "POLOZENIE": "na powierzchni gruntu", "SZER_NAWIE": null, "NUMER_DROG": null }, "geometry": { "type": "MultiLineString", "coordinates": [ [ [ 17.293022154835448, 52.950396855453782 ], [ 17.293061795299923, 52.950619109627972 ], [ 17.29311351081758, 52.950822111717699 ], [ 17.293146018194868, 52.950934365322567 ], [ 17.293189839301661, 52.951122325097614 ], [ 17.293221759264743, 52.951321355521792 ], [ 17.293272842727017, 52.951616080023939 ], [ 17.293327971549601, 52.951872371295586 ], [ 17.293359875108212, 52.952075628264147 ], [ 17.29339855010592, 52.952273316694068 ], [ 17.2934520975734, 52.952550899262391 ], [ 17.293536012537551, 52.952957342095786 ], [ 17.293604108373639, 52.953383612707448 ], [ 17.293645502946219, 52.953705177659884 ], [ 17.293697267793842, 52.954050813638531 ], [ 17.293721423457633, 52.954231565876718 ], [ 17.293736645714432, 52.954279898549913 ], [ 17.293768071557771, 52.954370552475872 ] ] ] } },
{ "type": "Feature", "properties": { "TERYT": "3028", "LOKALNYID": "2EBDC9DC-3E11-7DB6-E053-CC2BA8C07DDB", "PRZES_NAZW": "PL.PZGiK.308.BDOT10k", "WERSJA": "20240917000000", "POCZ_WERSJ": "20240917000000", "OZNA_ZMIAN": "GK-KARTO.600.48.2024", "ZRO_DANYCH": "ortofotomapa", "KAT_ISTNIE": "eksploatowany", "UWAGI": null, "INFO_DODAT": null, "KOD10K": null, "SKROT_KART": null, "KAT_ZARZAD": "wewnętrzna", "KLASA_DROG": "droga wewnętrzna", "MATE_NAWIE": "grunt naturalny", "NAZWA_DROG": null, "LICZ_JEZDN": 1.0, "POLOZENIE": "na powierzchni gruntu", "SZER_NAWIE": null, "NUMER_DROG": null }, "geometry": { "type": "MultiLineString", "coordinates": [ [ [ 17.29362722167647, 52.943604903070387 ], [ 17.293907179253392, 52.943716663105754 ], [ 17.294659252314272, 52.944028465604561 ], [ 17.294881140227716, 52.944110251538397 ], [ 17.29498569658098, 52.94414700570055 ], [ 17.295025288363014, 52.94416618996619 ], [ 17.295105288786957, 52.944225434636913 ] ] ] } },
{ "type": "Feature", "properties": { "TERYT": "3028", "LOKALNYID": "32B378B6-3E28-42DE-900E-CA83CA6A2959", "PRZES_NAZW": "PL.PZGiK.308.BDOT10k", "WERSJA": "20231231120000", "POCZ_WERSJ": "20231231120000", "OZNA_ZMIAN": "GI-TOPO.600.116.2023", "ZRO_DANYCH": "ortofotomapa", "KAT_ISTNIE": "eksploatowany", "UWAGI": null, "INFO_DODAT": null, "KOD10K": null, "SKROT_KART": null, "KAT_ZARZAD": "wewnętrzna", "KLASA_DROG": "droga wewnętrzna", "MATE_NAWIE": "płyty betonowe", "NAZWA_DROG": null, "LICZ_JEZDN": 1.0, "POLOZENIE": "na powierzchni gruntu", "SZER_NAWIE": 5.0, "NUMER_DROG": null }, "geometry": { "type": "MultiLineString", "coordinates": [ [ [ 17.316518714885717, 52.940686136664269 ], [ 17.316486897478505, 52.940669767733255 ], [ 17.316363375470136, 52.940645804044735 ], [ 17.315161928959014, 52.940621398523938 ] ] ] } },
{ "type": "Feature", "properties": { "TERYT": "3028", "LOKALNYID": "518333C5-4856-4927-AA71-9FFB0270E0E4", "PRZES_NAZW": "PL.PZGiK.308.BDOT10k", "WERSJA": "20240917000000", "POCZ_WERSJ": "20240917000000", "OZNA_ZMIAN": "GK-KARTO.600.48.2024", "ZRO_DANYCH": "ortofotomapa", "KAT_ISTNIE": "eksploatowany", "UWAGI": null, "INFO_DODAT": null, "KOD10K": null, "SKROT_KART": null, "KAT_ZARZAD": "gminna", "KLASA_DROG": "droga lokalna", "MATE_NAWIE": "masa bitumiczna", "NAZWA_DROG": null, "LICZ_JEZDN": 1.0, "POLOZENIE": "na powierzchni gruntu", "SZER_NAWIE": 6.0, "NUMER_DROG": "207046P" }, "geometry": { "type": "MultiLineString", "coordinates": [ [ [ 17.30579571869109, 52.947135780331813 ], [ 17.305447053415445, 52.947081615132191 ], [ 17.305073443364794, 52.947006678324058 ], [ 17.304619512572227, 52.946910719151944 ], [ 17.304417315771296, 52.946865205784988 ], [ 17.304195369408141, 52.946814553833036 ] ] ] } },
{ "type": "Feature", "properties": { "TERYT": "3028", "LOKALNYID": "2EBDC9DC-5460-7DB6-E053-CC2BA8C07DDB", "PRZES_NAZW": "PL.PZGiK.308.BDOT10k", "WERSJA": "20240917000000", "POCZ_WERSJ": "20240917000000", "OZNA_ZMIAN": "GK-KARTO.600.48.2024", "ZRO_DANYCH": "ortofotomapa", "KAT_ISTNIE": "eksploatowany", "UWAGI": null, "INFO_DODAT": null, "KOD10K": null, "SKROT_KART": null, "KAT_ZARZAD": "wewnętrzna", "KLASA_DROG": "droga wewnętrzna", "MATE_NAWIE": "grunt naturalny", "NAZWA_DROG": null, "LICZ_JEZDN": 1.0, "POLOZENIE": "na powierzchni gruntu", "SZER_NAWIE": null, "NUMER_DROG": null }, "geometry": { "type": "MultiLineString", "coordinates": [ [ [ 17.304553146791999, 52.931169884727225 ], [ 17.304714511131401, 52.931142509565838 ], [ 17.304825877645445, 52.931137713447853 ], [ 17.304978321759165, 52.931136740902708 ], [ 17.30575122728407, 52.931151722961928 ], [ 17.306811989844679, 52.931174040513675 ], [ 17.309613892003625, 52.931228779575591 ], [ 17.310561982283485, 52.931239837560803 ], [ 17.310782747654972, 52.931250171405836 ], [ 17.310919562744228, 52.931272171718931 ], [ 17.31104008177855, 52.931307520082441 ], [ 17.311346073087449, 52.931411065907874 ], [ 17.312301795702975, 52.931727181162088 ], [ 17.312500490976383, 52.931792237243272 ], [ 17.312847330609735, 52.93190571238749 ], [ 17.312925231247078, 52.931919499194045 ], [ 17.312980053650943, 52.931925853534381 ], [ 17.313067734091888, 52.931948412684484 ], [ 17.31327104027725, 52.93202891146769 ], [ 17.314582604517295, 52.932472908114406 ], [ 17.315732136531864, 52.932862521942404 ], [ 17.317279618844253, 52.933353720001527 ], [ 17.31816877118392, 52.933626935811716 ], [ 17.318456443397313, 52.933704752747936 ], [ 17.318548654831567, 52.933729620258205 ] ] ] } },
{ "type": "Feature", "properties": { "TERYT": "3028", "LOKALNYID": "2EBDC9DC-3841-7DB6-E053-CC2BA8C07DDB", "PRZES_NAZW": "PL.PZGiK.308.BDOT10k", "WERSJA": "20240917000000", "POCZ_WERSJ": "20240917000000", "OZNA_ZMIAN": "GK-KARTO.600.48.2024", "ZRO_DANYCH": "ortofotomapa", "KAT_ISTNIE": "eksploatowany", "UWAGI": null, "INFO_DODAT": null, "KOD10K": null, "SKROT_KART": null, "KAT_ZARZAD": "powiatowa", "KLASA_DROG": "droga lokalna", "MATE_NAWIE": "masa bitumiczna", "NAZWA_DROG": null, "LICZ_JEZDN": 1.0, "POLOZENIE": "na powierzchni gruntu", "SZER_NAWIE": 9.0, "NUMER_DROG": "1600P" }, "geometry": { "type": "MultiLineString", "coordinates": [ [ [ 17.291296000670513, 52.940706222223426 ], [ 17.292454562494623, 52.941135221622389 ] ] ] } },
{ "type": "Feature", "properties": { "TERYT": "3028", "LOKALNYID": "2EBDC9DC-437F-7DB6-E053-CC2BA8C07DDB", "PRZES_NAZW": "PL.PZGiK.308.BDOT10k", "WERSJA": "20231231120000", "POCZ_WERSJ": "20231231120000", "OZNA_ZMIAN": "GI-TOPO.600.116.2023", "ZRO_DANYCH": "ortofotomapa", "KAT_ISTNIE": "eksploatowany", "UWAGI": null, "INFO_DODAT": null, "KOD10K": null, "SKROT_KART": null, "KAT_ZARZAD": "wewnętrzna", "KLASA_DROG": "droga wewnętrzna", "MATE_NAWIE": "masa bitumiczna", "NAZWA_DROG": null, "LICZ_JEZDN": 1.0, "POLOZENIE": "na powierzchni gruntu", "SZER_NAWIE": 4.0, "NUMER_DROG": null }, "geometry": { "type": "MultiLineString", "coordinates": [ [ [ 17.302605469641144, 52.953200825843474 ], [ 17.301868200318861, 52.953117626373661 ] ] ] } },
{ "type": "Feature", "properties": { "TERYT": "3028", "LOKALNYID": "2EBDC9DC-3EDE-7DB6-E053-CC2BA8C07DDB", "PRZES_NAZW": "PL.PZGiK.308.BDOT10k", "WERSJA": "20240917000000", "POCZ_WERSJ": "20240917000000", "OZNA_ZMIAN": "GK-KARTO.600.48.2024", "ZRO_DANYCH": "ortofotomapa", "KAT_ISTNIE": "eksploatowany", "UWAGI": null, "INFO_DODAT": null, "KOD10K": null, "SKROT_KART": null, "KAT_ZARZAD": "wewnętrzna", "KLASA_DROG": "droga wewnętrzna", "MATE_NAWIE": "grunt naturalny", "NAZWA_DROG": null, "LICZ_JEZDN": 1.0, "POLOZENIE": "na powierzchni gruntu", "SZER_NAWIE": null, "NUMER_DROG": null }, "geometry": { "type": "MultiLineString", "coordinates": [ [ [ 17.3094735916501, 52.93967823233141 ], [ 17.309395382603441, 52.940546410797076 ], [ 17.309296335255667, 52.941234966444291 ], [ 17.309304008380561, 52.941293981662781 ], [ 17.309307800346495, 52.941322724207623 ], [ 17.309292377427521, 52.94144337452208 ], [ 17.309187243941899, 52.942116105150255 ], [ 17.309112016937451, 52.942617399556134 ] ] ] } },
{ "type": "Feature", "properties": { "TERYT": "3028", "LOKALNYID": "2EBDC9DC-3C4E-7DB6-E053-CC2BA8C07DDB", "PRZES_NAZW": "PL.PZGiK.308.BDOT10k", "WERSJA": "20260330000000", "POCZ_WERSJ": "20260330000000", "OZNA_ZMIAN": "BGW-I-K.7520.3.2026", "ZRO_DANYCH": "ortofotomapa", "KAT_ISTNIE": "eksploatowany", "UWAGI": null, "INFO_DODAT": null, "KOD10K": null, "SKROT_KART": null, "KAT_ZARZAD": "wewnętrzna", "KLASA_DROG": "droga wewnętrzna", "MATE_NAWIE": "masa bitumiczna", "NAZWA_DROG": null, "LICZ_JEZDN": 1.0, "POLOZENIE": "na powierzchni gruntu", "SZER_NAWIE": 8.0, "NUMER_DROG": null }, "geometry": { "type": "MultiLineString", "coordinates": [ [ [ 17.302899009038107, 52.954200034815933 ], [ 17.302692358761075, 52.954712308152089 ] ] ] } },
{ "type": "Feature", "properties": { "TERYT": "3028", "LOKALNYID": "2EBDC9DC-55C2-7DB6-E053-CC2BA8C07DDB", "PRZES_NAZW": "PL.PZGiK.308.BDOT10k", "WERSJA": "20240917000000", "POCZ_WERSJ": "20240917000000", "OZNA_ZMIAN": "GK-KARTO.600.48.2024", "ZRO_DANYCH": "ortofotomapa", "KAT_ISTNIE": "eksploatowany", "UWAGI": null, "INFO_DODAT": null, "KOD10K": null, "SKROT_KART": null, "KAT_ZARZAD": "gminna", "KLASA_DROG": "droga dojazdowa", "MATE_NAWIE": "tłuczeń", "NAZWA_DROG": null, "LICZ_JEZDN": 1.0, "POLOZENIE": "na powierzchni gruntu", "SZER_NAWIE": 4.0, "NUMER_DROG": "207028P" }, "geometry": { "type": "MultiLineString", "coordinates": [ [ [ 17.277238511421551, 52.962523801591949 ], [ 17.277173358649403, 52.962596602125579 ], [ 17.27714929813223, 52.962624852002712 ], [ 17.277085776393957, 52.962705320438715 ], [ 17.276980850680069, 52.96283815906952 ], [ 17.276898046743277, 52.962983998916314 ], [ 17.276882008602389, 52.963016501977414 ] ] ] } },
{ "type": "Feature", "properties": { "TERYT": "3028", "LOKALNYID": "94EC039C-31F5-4DE3-BCFC-7F7B41B87904", "PRZES_NAZW": "PL.PZGiK.308.BDOT10k", "WERSJA": "20240917000000", "POCZ_WERSJ": "20240917000000", "OZNA_ZMIAN": "GK-KARTO.600.48.2024", "ZRO_DANYCH": "ortofotomapa", "KAT_ISTNIE": "eksploatowany", "UWAGI": null, "INFO_DODAT": null, "KOD10K": null, "SKROT_KART": null, "KAT_ZARZAD": "gminna", "KLASA_DROG": "droga lokalna", "MATE_NAWIE": "masa bitumiczna", "NAZWA_DROG": null, "LICZ_JEZDN": 1.0, "POLOZENIE": "na powierzchni gruntu", "SZER_NAWIE": 5.0, "NUMER_DROG": "207045P" }, "geometry": { "type": "MultiLineString", "coordinates": [ [ [ 17.297565796503989, 52.944699857412452 ], [ 17.297960785449291, 52.945109225280845 ], [ 17.298052432201104, 52.945205687132137 ], [ 17.298118700514113, 52.945292522312357 ] ] ] } },
{ "type": "Feature", "properties": { "TERYT": "3028", "LOKALNYID": "2EBDC9DC-3EE0-7DB6-E053-CC2BA8C07DDB", "PRZES_NAZW": "PL.PZGiK.308.BDOT10k", "WERSJA": "20240917000000", "POCZ_WERSJ": "20240917000000", "OZNA_ZMIAN": "GK-KARTO.600.48.2024", "ZRO_DANYCH": "ortofotomapa", "KAT_ISTNIE": "eksploatowany", "UWAGI": null, "INFO_DODAT": null, "KOD10K": null, "SKROT_KART": null, "KAT_ZARZAD": "wewnętrzna", "KLASA_DROG": "droga wewnętrzna", "MATE_NAWIE": "grunt naturalny", "NAZWA_DROG": null, "LICZ_JEZDN": 1.0, "POLOZENIE": "na powierzchni gruntu", "SZER_NAWIE": null, "NUMER_DROG": null }, "geometry": { "type": "MultiLineString", "coordinates": [ [ [ 17.296349076635163, 52.948804675041998 ], [ 17.296606582975389, 52.948689295625371 ], [ 17.297138224430675, 52.948444474111703 ], [ 17.297459671456892, 52.94830078099254 ], [ 17.297620936830548, 52.948220802944064 ], [ 17.297737475936486, 52.948153673870891 ], [ 17.297870688940279, 52.948067627827662 ], [ 17.297978455179731, 52.947981217136601 ], [ 17.298106020039015, 52.947875934215709 ], [ 17.298159240044345, 52.947809786384141 ], [ 17.29820923015313, 52.947731091593297 ], [ 17.298244228739357, 52.947647415629575 ], [ 17.29831639825429, 52.947420918915839 ], [ 17.298381216697869, 52.94713891819687 ], [ 17.298401111159109, 52.947015185590281 ], [ 17.298405630875312, 52.94698728117416 ], [ 17.298406301188745, 52.946970203516493 ], [ 17.298411183872432, 52.94684580626096 ], [ 17.298405275267481, 52.946745986021483 ], [ 17.298401711517581, 52.946685050388609 ], [ 17.298407561591656, 52.946604284456235 ] ] ] } },
{ "type": "Feature", "properties": { "TERYT": "3028", "LOKALNYID": "2EBDC9DC-3ABC-7DB6-E053-CC2BA8C07DDB", "PRZES_NAZW": "PL.PZGiK.308.BDOT10k", "WERSJA": "20240917000000", "POCZ_WERSJ": "20240917000000", "OZNA_ZMIAN": "GK-KARTO.600.48.2024", "ZRO_DANYCH": "ortofotomapa", "KAT_ISTNIE": "eksploatowany", "UWAGI": null, "INFO_DODAT": null, "KOD10K": null, "SKROT_KART": null, "KAT_ZARZAD": "wojewódzka", "KLASA_DROG": "droga główna", "MATE_NAWIE": "masa bitumiczna", "NAZWA_DROG": null, "LICZ_JEZDN": 1.0, "POLOZENIE": "na powierzchni gruntu", "SZER_NAWIE": 9.0, "NUMER_DROG": "242" }, "geometry": { "type": "MultiLineString", "coordinates": [ [ [ 17.300903052319114, 52.944534126251746 ], [ 17.300565345022612, 52.944372003840115 ] ] ] } },
{ "type": "Feature", "properties": { "TERYT": "3028", "LOKALNYID": "2EBDC9DC-354D-7DB6-E053-CC2BA8C07DDB", "PRZES_NAZW": "PL.PZGiK.308.BDOT10k", "WERSJA": "20240917000000", "POCZ_WERSJ": "20240917000000", "OZNA_ZMIAN": "GK-KARTO.600.48.2024", "ZRO_DANYCH": "ortofotomapa", "KAT_ISTNIE": "eksploatowany", "UWAGI": null, "INFO_DODAT": null, "KOD10K": null, "SKROT_KART": null, "KAT_ZARZAD": "wewnętrzna", "KLASA_DROG": "droga wewnętrzna", "MATE_NAWIE": "masa bitumiczna", "NAZWA_DROG": null, "LICZ_JEZDN": 1.0, "POLOZENIE": "na powierzchni gruntu", "SZER_NAWIE": 3.0, "NUMER_DROG": null }, "geometry": { "type": "MultiLineString", "coordinates": [ [ [ 17.306289807339851, 52.93910003638927 ], [ 17.306025960226808, 52.938853995484386 ], [ 17.305966312804614, 52.938807099365114 ] ] ] } },
{ "type": "Feature", "properties": { "TERYT": "3028", "LOKALNYID": "2EBDC9DC-3960-7DB6-E053-CC2BA8C07DDB", "PRZES_NAZW": "PL.PZGiK.308.BDOT10k", "WERSJA": "20240917000000", "POCZ_WERSJ": "20240917000000", "OZNA_ZMIAN": "GK-KARTO.600.48.2024", "ZRO_DANYCH": "ortofotomapa", "KAT_ISTNIE": "eksploatowany", "UWAGI": null, "INFO_DODAT": null, "KOD10K": null, "SKROT_KART": null, "KAT_ZARZAD": "gminna", "KLASA_DROG": "droga lokalna", "MATE_NAWIE": "masa bitumiczna", "NAZWA_DROG": null, "LICZ_JEZDN": 1.0, "POLOZENIE": "na powierzchni gruntu", "SZER_NAWIE": 6.0, "NUMER_DROG": "207010P" }, "geometry": { "type": "MultiLineString", "coordinates": [ [ [ 17.300816074897345, 52.947892955888179 ], [ 17.300898482856134, 52.947910142369324 ], [ 17.301386977020485, 52.948017042051049 ], [ 17.304140628602276, 52.948609731547997 ], [ 17.304301425104978, 52.948644222308452 ], [ 17.304542099507046, 52.948695950612901 ], [ 17.307978472012341, 52.94942734365074 ] ] ] } },
{ "type": "Feature", "properties": { "TERYT": "3028", "LOKALNYID": "2EBDC9DC-383F-7DB6-E053-CC2BA8C07DDB", "PRZES_NAZW": "PL.PZGiK.308.BDOT10k", "WERSJA": "20231231120000", "POCZ_WERSJ": "20231231120000", "OZNA_ZMIAN": "GI-TOPO.600.116.2023", "ZRO_DANYCH": "ortofotomapa", "KAT_ISTNIE": "eksploatowany", "UWAGI": null, "INFO_DODAT": null, "KOD10K": null, "SKROT_KART": null, "KAT_ZARZAD": "powiatowa", "KLASA_DROG": "droga lokalna", "MATE_NAWIE": "masa bitumiczna", "NAZWA_DROG": null, "LICZ_JEZDN": 1.0, "POLOZENIE": "na powierzchni gruntu", "SZER_NAWIE": 6.0, "NUMER_DROG": "1600P" }, "geometry": { "type": "MultiLineString", "coordinates": [ [ [ 17.289077047049602, 52.939889712913825 ], [ 17.289762540138991, 52.940147078224427 ] ] ] } },
{ "type": "Feature", "properties": { "TERYT": "3028", "LOKALNYID": "8dd975af-ce26-41e0-b331-3e0aad990581", "PRZES_NAZW": "PL.PZGiK.308.BDOT10k", "WERSJA": "20240917000000", "POCZ_WERSJ": "20240917000000", "OZNA_ZMIAN": "GK-KARTO.600.48.2024", "ZRO_DANYCH": "ortofotomapa", "KAT_ISTNIE": "eksploatowany", "UWAGI": null, "INFO_DODAT": "linia umowna", "KOD10K": null, "SKROT_KART": null, "KAT_ZARZAD": "wewnętrzna", "KLASA_DROG": "droga wewnętrzna", "MATE_NAWIE": "płyty betonowe", "NAZWA_DROG": null, "LICZ_JEZDN": 1.0, "POLOZENIE": "na powierzchni gruntu", "SZER_NAWIE": null, "NUMER_DROG": null }, "geometry": { "type": "MultiLineString", "coordinates": [ [ [ 17.300777774520288, 52.952774772938263 ], [ 17.300834154091532, 52.95267746243875 ], [ 17.300868358008859, 52.952625430762438 ], [ 17.300918741756547, 52.952544312328442 ], [ 17.301002660747216, 52.952481390132156 ], [ 17.30105936028481, 52.952455670628282 ], [ 17.3011208907708, 52.952435865799416 ], [ 17.301521591715108, 52.952424686594171 ], [ 17.301698091660676, 52.952434943517801 ], [ 17.301781118606378, 52.952425158322264 ], [ 17.301918658627795, 52.952377031318228 ] ] ] } },
{ "type": "Feature", "properties": { "TERYT": "3028", "LOKALNYID": "2EBDC9DC-3C7E-7DB6-E053-CC2BA8C07DDB", "PRZES_NAZW": "PL.PZGiK.308.BDOT10k", "WERSJA": "20231231120000", "POCZ_WERSJ": "20231231120000", "OZNA_ZMIAN": "GI-TOPO.600.116.2023", "ZRO_DANYCH": "ortofotomapa", "KAT_ISTNIE": "eksploatowany", "UWAGI": null, "INFO_DODAT": null, "KOD10K": null, "SKROT_KART": null, "KAT_ZARZAD": "wojewódzka", "KLASA_DROG": "droga główna", "MATE_NAWIE": "masa bitumiczna", "NAZWA_DROG": null, "LICZ_JEZDN": 1.0, "POLOZENIE": "na powierzchni gruntu", "SZER_NAWIE": 6.0, "NUMER_DROG": "193" }, "geometry": { "type": "MultiLineString", "coordinates": [ [ [ 17.277156452273552, 52.948895591452107 ], [ 17.277931476597765, 52.948707624309151 ], [ 17.278390985649736, 52.948594671910612 ], [ 17.279338632076545, 52.948367557594395 ], [ 17.280257411453938, 52.948150989815936 ], [ 17.280896150246054, 52.947997363872396 ], [ 17.281402300879634, 52.947875541796037 ], [ 17.282075581247643, 52.947714225235558 ], [ 17.282381928904652, 52.947640861892395 ], [ 17.282887908274233, 52.947519390787249 ], [ 17.283293338207201, 52.947417868938935 ], [ 17.283633101488796, 52.947331495204907 ], [ 17.285184778699513, 52.946911338334793 ], [ 17.286375225786514, 52.946585328280285 ], [ 17.287529271751922, 52.946275779119581 ], [ 17.288187410057279, 52.946097032718384 ], [ 17.288347080199095, 52.946053916756661 ] ] ] } },
{ "type": "Feature", "properties": { "TERYT": "3028", "LOKALNYID": "A73296D9-1DB7-4441-BF09-381B5DDE696D", "PRZES_NAZW": "PL.PZGiK.308.BDOT10k", "WERSJA": "20240917000000", "POCZ_WERSJ": "20240917000000", "OZNA_ZMIAN": "GK-KARTO.600.48.2024", "ZRO_DANYCH": "ortofotomapa", "KAT_ISTNIE": "eksploatowany", "UWAGI": null, "INFO_DODAT": null, "KOD10K": null, "SKROT_KART": null, "KAT_ZARZAD": "powiatowa", "KLASA_DROG": "droga lokalna", "MATE_NAWIE": "masa bitumiczna", "NAZWA_DROG": null, "LICZ_JEZDN": 1.0, "POLOZENIE": "na powierzchni gruntu", "SZER_NAWIE": 5.5, "NUMER_DROG": "1557P" }, "geometry": { "type": "MultiLineString", "coordinates": [ [ [ 17.31918427388111, 52.951036725865329 ], [ 17.319643740319357, 52.951233791385164 ], [ 17.319880322902915, 52.951338131031896 ], [ 17.319929972126157, 52.951359517521446 ], [ 17.320312100223639, 52.95152365077189 ], [ 17.320717859972078, 52.951700527435982 ], [ 17.321456728293317, 52.952023392679763 ], [ 17.322617175060003, 52.952526764094372 ], [ 17.323232025781259, 52.952792019283599 ], [ 17.323710231699366, 52.952998326476362 ], [ 17.323764570740927, 52.953021756008269 ], [ 17.324134071409993, 52.953182011384826 ], [ 17.324701875373911, 52.953428249079316 ], [ 17.325440195874407, 52.953735972718512 ], [ 17.325778733588287, 52.953876990660994 ], [ 17.326614859641563, 52.954212884721478 ], [ 17.32690851910673, 52.9543246688743 ], [ 17.327069374191048, 52.954381792351263 ], [ 17.327449202392398, 52.954506569377287 ], [ 17.327792694896672, 52.954608260811469 ], [ 17.328389998869046, 52.954774046440967 ] ] ] } },
{ "type": "Feature", "properties": { "TERYT": "3028", "LOKALNYID": "e28614bf-0e7c-4322-adbc-81e95ab1fb99", "PRZES_NAZW": "PL.PZGiK.308.BDOT10k", "WERSJA": "20240917000000", "POCZ_WERSJ": "20240917000000", "OZNA_ZMIAN": "GK-KARTO.600.48.2024", "ZRO_DANYCH": "ortofotomapa", "KAT_ISTNIE": "eksploatowany", "UWAGI": null, "INFO_DODAT": null, "KOD10K": null, "SKROT_KART": null, "KAT_ZARZAD": "gminna", "KLASA_DROG": "droga lokalna", "MATE_NAWIE": "płyty betonowe", "NAZWA_DROG": null, "LICZ_JEZDN": 1.0, "POLOZENIE": "na powierzchni gruntu", "SZER_NAWIE": 5.0, "NUMER_DROG": "207047P" }, "geometry": { "type": "MultiLineString", "coordinates": [ [ [ 17.30972018738704, 52.94809288865779 ], [ 17.309824357412193, 52.948101924810388 ], [ 17.310001291951298, 52.948112085747987 ], [ 17.310094639160372, 52.948123755646492 ], [ 17.310166671574233, 52.948136021672674 ], [ 17.31021607625955, 52.94814436855583 ], [ 17.310435767822181, 52.948192099252957 ], [ 17.311100246364056, 52.94834570796133 ], [ 17.311491575043178, 52.948432658641153 ], [ 17.311578669853901, 52.948451972733629 ], [ 17.311984745240885, 52.948550282978132 ] ] ] } },
{ "type": "Feature", "properties": { "TERYT": "3028", "LOKALNYID": "2EBDC9DC-56B2-7DB6-E053-CC2BA8C07DDB", "PRZES_NAZW": "PL.PZGiK.308.BDOT10k", "WERSJA": "20231231120000", "POCZ_WERSJ": "20231231120000", "OZNA_ZMIAN": "GI-TOPO.600.116.2023", "ZRO_DANYCH": "ortofotomapa", "KAT_ISTNIE": "eksploatowany", "UWAGI": null, "INFO_DODAT": null, "KOD10K": null, "SKROT_KART": null, "KAT_ZARZAD": "gminna", "KLASA_DROG": "droga lokalna", "MATE_NAWIE": "tłuczeń", "NAZWA_DROG": null, "LICZ_JEZDN": 1.0, "POLOZENIE": "na powierzchni gruntu", "SZER_NAWIE": 3.0, "NUMER_DROG": "207028P" }, "geometry": { "type": "MultiLineString", "coordinates": [ [ [ 17.295394679546877, 52.959397939947245 ], [ 17.295297264990118, 52.959424781466396 ], [ 17.295217496642234, 52.959461139133886 ], [ 17.29518922076657, 52.959479529447165 ], [ 17.295160796019154, 52.95949791761803 ], [ 17.294855306721367, 52.959710632393524 ], [ 17.294426666312841, 52.960021224497602 ], [ 17.294088063332001, 52.960269075455884 ], [ 17.293924692537328, 52.960382293786296 ], [ 17.293695133864251, 52.960534851457176 ], [ 17.293400116420958, 52.960734672647618 ] ] ] } },
{ "type": "Feature", "properties": { "TERYT": "3028", "LOKALNYID": "7d991ea4-2879-492b-998c-0a3a2b7bc055", "PRZES_NAZW": "PL.PZGiK.308.BDOT10k", "WERSJA": "20260204000000", "POCZ_WERSJ": "20260204000000", "OZNA_ZMIAN": "BGW-I-K.7520.3.2026", "ZRO_DANYCH": "ortofotomapa", "KAT_ISTNIE": "eksploatowany", "UWAGI": null, "INFO_DODAT": "linia umowna", "KOD10K": null, "SKROT_KART": null, "KAT_ZARZAD": "wewnętrzna", "KLASA_DROG": "droga wewnętrzna", "MATE_NAWIE": "kostka prefabrykowana", "NAZWA_DROG": null, "LICZ_JEZDN": 1.0, "POLOZENIE": "na powierzchni gruntu", "SZER_NAWIE": null, "NUMER_DROG": null }, "geometry": { "type": "MultiLineString", "coordinates": [ [ [ 17.303870147118186, 52.944726616683297 ], [ 17.303879258734028, 52.944664962853231 ], [ 17.303837591203493, 52.944637837840588 ], [ 17.303553730170368, 52.944491871186585 ], [ 17.303395772320371, 52.944404269481048 ] ] ] } },
{ "type": "Feature", "properties": { "TERYT": "3028", "LOKALNYID": "2EBDC9DC-3D33-7DB6-E053-CC2BA8C07DDB", "PRZES_NAZW": "PL.PZGiK.308.BDOT10k", "WERSJA": "20260330000000", "POCZ_WERSJ": "20260330000000", "OZNA_ZMIAN": "BGW-I-K.7520.3.2026", "ZRO_DANYCH": "ortofotomapa", "KAT_ISTNIE": "eksploatowany", "UWAGI": null, "INFO_DODAT": null, "KOD10K": null, "SKROT_KART": null, "KAT_ZARZAD": "wewnętrzna", "KLASA_DROG": "droga wewnętrzna", "MATE_NAWIE": "masa bitumiczna", "NAZWA_DROG": null, "LICZ_JEZDN": 1.0, "POLOZENIE": "na powierzchni gruntu", "SZER_NAWIE": 8.0, "NUMER_DROG": null }, "geometry": { "type": "MultiLineString", "coordinates": [ [ [ 17.301320801407233, 52.954515991677837 ], [ 17.301960377256652, 52.954607511160908 ] ] ] } },
{ "type": "Feature", "properties": { "TERYT": "3028", "LOKALNYID": "36399540-7D2C-4FEC-94EE-EA39DA6E8E9D", "PRZES_NAZW": "PL.PZGiK.308.BDOT10k", "WERSJA": "20240917000000", "POCZ_WERSJ": "20240917000000", "OZNA_ZMIAN": "GK-KARTO.600.48.2024", "ZRO_DANYCH": "ortofotomapa", "KAT_ISTNIE": "eksploatowany", "UWAGI": null, "INFO_DODAT": null, "KOD10K": null, "SKROT_KART": null, "KAT_ZARZAD": "powiatowa", "KLASA_DROG": "droga zbiorcza", "MATE_NAWIE": "masa bitumiczna", "NAZWA_DROG": null, "LICZ_JEZDN": 1.0, "POLOZENIE": "na powierzchni gruntu", "SZER_NAWIE": 6.0, "NUMER_DROG": "1562P" }, "geometry": { "type": "MultiLineString", "coordinates": [ [ [ 17.29657181646736, 52.930922072586142 ], [ 17.296639953749107, 52.931286649375132 ], [ 17.296771207257141, 52.932181657447195 ], [ 17.296881787802622, 52.932943717471915 ], [ 17.297025625846427, 52.933874788695732 ] ] ] } },
{ "type": "Feature", "properties": { "TERYT": "3028", "LOKALNYID": "fce1da07-cd1e-4c60-8db2-6ad8505c944f", "PRZES_NAZW": "PL.PZGiK.308.BDOT10k", "WERSJA": "20240917000000", "POCZ_WERSJ": "20240917000000", "OZNA_ZMIAN": "GK-KARTO.600.48.2024", "ZRO_DANYCH": "ortofotomapa", "KAT_ISTNIE": "eksploatowany", "UWAGI": null, "INFO_DODAT": null, "KOD10K": null, "SKROT_KART": null, "KAT_ZARZAD": "gminna", "KLASA_DROG": "droga dojazdowa", "MATE_NAWIE": "kostka prefabrykowana", "NAZWA_DROG": null, "LICZ_JEZDN": 1.0, "POLOZENIE": "na powierzchni gruntu", "SZER_NAWIE": 5.0, "NUMER_DROG": "207005P" }, "geometry": { "type": "MultiLineString", "coordinates": [ [ [ 17.303395772320371, 52.944404269481048 ], [ 17.303413959130637, 52.944373232519347 ], [ 17.303524399121514, 52.944168503346809 ], [ 17.303794322383663, 52.943726919323147 ] ] ] } },
{ "type": "Feature", "properties": { "TERYT": "3028", "LOKALNYID": "aba31a9c-2ab4-4d11-b295-f360c9a57966", "PRZES_NAZW": "PL.PZGiK.308.BDOT10k", "WERSJA": "20240917000000", "POCZ_WERSJ": "20240917000000", "OZNA_ZMIAN": "GK-KARTO.600.48.2024", "ZRO_DANYCH": "ortofotomapa", "KAT_ISTNIE": "eksploatowany", "UWAGI": null, "INFO_DODAT": null, "KOD10K": null, "SKROT_KART": null, "KAT_ZARZAD": "gminna", "KLASA_DROG": "droga dojazdowa", "MATE_NAWIE": "kostka prefabrykowana", "NAZWA_DROG": null, "LICZ_JEZDN": 1.0, "POLOZENIE": "na powierzchni gruntu", "SZER_NAWIE": 5.0, "NUMER_DROG": "207005P" }, "geometry": { "type": "MultiLineString", "coordinates": [ [ [ 17.303290511869019, 52.944575527524634 ], [ 17.303348070775364, 52.94448569708041 ], [ 17.303395772320371, 52.944404269481048 ] ] ] } },
{ "type": "Feature", "properties": { "TERYT": "3028", "LOKALNYID": "abacca09-baf8-4ae1-89e5-5acf75d55a39", "PRZES_NAZW": "PL.PZGiK.308.BDOT10k", "WERSJA": "20260204000000", "POCZ_WERSJ": "20260204000000", "OZNA_ZMIAN": "BGW-I-K.7520.3.2026", "ZRO_DANYCH": "ortofotomapa", "KAT_ISTNIE": "eksploatowany", "UWAGI": null, "INFO_DODAT": "linia umowna", "KOD10K": null, "SKROT_KART": null, "KAT_ZARZAD": "wewnętrzna", "KLASA_DROG": "droga wewnętrzna", "MATE_NAWIE": "kostka prefabrykowana", "NAZWA_DROG": null, "LICZ_JEZDN": 1.0, "POLOZENIE": "na powierzchni gruntu", "SZER_NAWIE": null, "NUMER_DROG": null }, "geometry": { "type": "MultiLineString", "coordinates": [ [ [ 17.303870147118186, 52.944726616683297 ], [ 17.30376863257252, 52.944691802415313 ], [ 17.303290511869019, 52.944575527524634 ] ] ] } },
{ "type": "Feature", "properties": { "TERYT": "3028", "LOKALNYID": "6c9b23e6-429e-463e-aaef-9f700a67acec", "PRZES_NAZW": "PL.PZGiK.308.BDOT10k", "WERSJA": "20260204000000", "POCZ_WERSJ": "20260204000000", "OZNA_ZMIAN": "BGW-I-K.7520.3.2026", "ZRO_DANYCH": "ortofotomapa", "KAT_ISTNIE": "eksploatowany", "UWAGI": null, "INFO_DODAT": "linia umowna", "KOD10K": null, "SKROT_KART": null, "KAT_ZARZAD": "wewnętrzna", "KLASA_DROG": "droga wewnętrzna", "MATE_NAWIE": "kostka prefabrykowana", "NAZWA_DROG": null, "LICZ_JEZDN": 1.0, "POLOZENIE": "na powierzchni gruntu", "SZER_NAWIE": null, "NUMER_DROG": null }, "geometry": { "type": "MultiLineString", "coordinates": [ [ [ 17.303216371807576, 52.94473904600045 ], [ 17.30366723372601, 52.944848097114644 ], [ 17.303744814675408, 52.944862964421525 ], [ 17.303779038246958, 52.94486345299363 ], [ 17.303805898170406, 52.94485808073108 ], [ 17.303844753553999, 52.944839119968158 ], [ 17.303881113933404, 52.944781182634401 ], [ 17.303890294224981, 52.944748218377278 ], [ 17.303883436755427, 52.944740835923525 ], [ 17.303870147118186, 52.944726616683297 ] ] ] } },
{ "type": "Feature", "properties": { "TERYT": "3028", "LOKALNYID": "2EBDC9DC-354E-7DB6-E053-CC2BA8C07DDB", "PRZES_NAZW": "PL.PZGiK.308.BDOT10k", "WERSJA": "20260331000000", "POCZ_WERSJ": "20260331000000", "OZNA_ZMIAN": "BGW-I-K.7520.3.2026", "ZRO_DANYCH": "ortofotomapa", "KAT_ISTNIE": "eksploatowany", "UWAGI": null, "INFO_DODAT": null, "KOD10K": null, "SKROT_KART": null, "KAT_ZARZAD": "wewnętrzna", "KLASA_DROG": "droga wewnętrzna", "MATE_NAWIE": "masa bitumiczna", "NAZWA_DROG": null, "LICZ_JEZDN": 1.0, "POLOZENIE": "na powierzchni gruntu", "SZER_NAWIE": 5.0, "NUMER_DROG": null }, "geometry": { "type": "MultiLineString", "coordinates": [ [ [ 17.299477788291853, 52.94012797462296 ], [ 17.299775278929996, 52.940001199734638 ], [ 17.299812654408377, 52.939981949315673 ], [ 17.299820986604363, 52.939966869869032 ], [ 17.299812045337134, 52.939948125787723 ], [ 17.29965362642584, 52.939808351149651 ], [ 17.299527043926307, 52.939741248161575 ], [ 17.299454894460737, 52.939713415475566 ], [ 17.299405076327009, 52.939704518518006 ] ] ] } },
{ "type": "Feature", "properties": { "TERYT": "3028", "LOKALNYID": "2EBDC9DC-543F-7DB6-E053-CC2BA8C07DDB", "PRZES_NAZW": "PL.PZGiK.308.BDOT10k", "WERSJA": "20240917000000", "POCZ_WERSJ": "20240917000000", "OZNA_ZMIAN": "GK-KARTO.600.48.2024", "ZRO_DANYCH": "ortofotomapa", "KAT_ISTNIE": "eksploatowany", "UWAGI": null, "INFO_DODAT": null, "KOD10K": null, "SKROT_KART": null, "KAT_ZARZAD": "gminna", "KLASA_DROG": "droga lokalna", "MATE_NAWIE": "tłuczeń", "NAZWA_DROG": null, "LICZ_JEZDN": 1.0, "POLOZENIE": "na powierzchni gruntu", "SZER_NAWIE": 3.0, "NUMER_DROG": "207028P" }, "geometry": { "type": "MultiLineString", "coordinates": [ [ [ 17.293400116420958, 52.960734672647618 ], [ 17.293140436145855, 52.960884278567335 ], [ 17.292744347120813, 52.961116551083698 ], [ 17.292450100597673, 52.961296595805727 ], [ 17.292341212038313, 52.961368776064376 ], [ 17.292260449266013, 52.961430208737163 ], [ 17.292181515267242, 52.961505697155495 ], [ 17.29209026174474, 52.961598995031459 ], [ 17.291888484154285, 52.961821016919252 ], [ 17.291677652762754, 52.962083737814822 ], [ 17.291262557022204, 52.962570871615604 ], [ 17.290976756157441, 52.962902660895317 ], [ 17.290913465158408, 52.962977923780365 ], [ 17.290884362624237, 52.963013388428912 ], [ 17.29066538463583, 52.96329730446579 ], [ 17.290538895385605, 52.963468066090435 ], [ 17.290414967889809, 52.963630500683792 ], [ 17.290384783454293, 52.963666938908659 ], [ 17.290382437033763, 52.963669783003134 ], [ 17.29035445010571, 52.963703374983723 ], [ 17.290280126853808, 52.963778838555932 ], [ 17.290170702924975, 52.963879427921832 ], [ 17.289948567903934, 52.964080828854023 ], [ 17.289750806530357, 52.964257129159741 ] ] ] } },
{ "type": "Feature", "properties": { "TERYT": "3028", "LOKALNYID": "d5887b8d-8956-4f3c-9430-20f7a6d48798", "PRZES_NAZW": "PL.PZGiK.308.BDOT10k", "WERSJA": "20240917000000", "POCZ_WERSJ": "20240917000000", "OZNA_ZMIAN": "GK-KARTO.600.48.2024", "ZRO_DANYCH": "ortofotomapa", "KAT_ISTNIE": "eksploatowany", "UWAGI": null, "INFO_DODAT": null, "KOD10K": null, "SKROT_KART": null, "KAT_ZARZAD": "wojewódzka", "KLASA_DROG": "droga główna", "MATE_NAWIE": "masa bitumiczna", "NAZWA_DROG": null, "LICZ_JEZDN": 1.0, "POLOZENIE": "na powierzchni gruntu", "SZER_NAWIE": 6.0, "NUMER_DROG": "242" }, "geometry": { "type": "MultiLineString", "coordinates": [ [ [ 17.300250238709697, 52.951376236865535 ], [ 17.300206187348781, 52.951527503301371 ], [ 17.30009973321771, 52.951815744066629 ], [ 17.299940703139818, 52.95222194388726 ], [ 17.299848189209722, 52.952458402679035 ], [ 17.299724390045725, 52.952790102283608 ] ] ] } },
{ "type": "Feature", "properties": { "TERYT": "3028", "LOKALNYID": "41c718ef-88db-46cd-a4e8-e71099e9b91a", "PRZES_NAZW": "PL.PZGiK.308.BDOT10k", "WERSJA": "20240917000000", "POCZ_WERSJ": "20240917000000", "OZNA_ZMIAN": "GK-KARTO.600.48.2024", "ZRO_DANYCH": "ortofotomapa", "KAT_ISTNIE": "eksploatowany", "UWAGI": null, "INFO_DODAT": null, "KOD10K": null, "SKROT_KART": null, "KAT_ZARZAD": "gminna", "KLASA_DROG": "droga lokalna", "MATE_NAWIE": "grunt naturalny", "NAZWA_DROG": null, "LICZ_JEZDN": 1.0, "POLOZENIE": "na powierzchni gruntu", "SZER_NAWIE": null, "NUMER_DROG": "207050P" }, "geometry": { "type": "MultiLineString", "coordinates": [ [ [ 17.334764147944536, 52.94364599790925 ], [ 17.334733785709517, 52.943789194611774 ], [ 17.334658176161753, 52.944610387871776 ], [ 17.334591703744607, 52.945364169758875 ], [ 17.334542137349896, 52.94624364431894 ], [ 17.334511861212139, 52.946868970161376 ], [ 17.334488619871124, 52.947163892712219 ], [ 17.334465315816797, 52.947289921186481 ], [ 17.334391000145658, 52.947488079906407 ], [ 17.334313745867266, 52.947689075222776 ], [ 17.33425719781221, 52.947820033572995 ], [ 17.334211533123757, 52.947993232864782 ], [ 17.334137735417727, 52.948301835745255 ], [ 17.334070120946798, 52.948561871800791 ], [ 17.333929724809121, 52.949115595999508 ], [ 17.333843674322591, 52.949309003262321 ], [ 17.33380054474306, 52.949454898457624 ], [ 17.333786071157579, 52.9495021798378 ], [ 17.333781415467847, 52.94954195462909 ], [ 17.333788765291974, 52.949579289725406 ], [ 17.333799864459007, 52.949635293412179 ], [ 17.333837639948591, 52.94979527333232 ], [ 17.333851105269726, 52.949936925876365 ], [ 17.333911661104988, 52.950406862566382 ], [ 17.333942813500578, 52.950820538885772 ], [ 17.333953168767707, 52.951124475816215 ], [ 17.333948017634032, 52.951258492838448 ], [ 17.333935940124416, 52.951328650656663 ], [ 17.333907728036394, 52.951407935221312 ], [ 17.333874063377181, 52.951466368937027 ], [ 17.333828114887837, 52.951515097566151 ], [ 17.33372355576239, 52.951589444448267 ], [ 17.333455414253724, 52.951774452251755 ], [ 17.33335746758868, 52.951843315744682 ], [ 17.333229156543197, 52.951904108992053 ], [ 17.332882229262822, 52.95205842261592 ], [ 17.3320534501458, 52.952460121700604 ], [ 17.331473349239189, 52.952768539825023 ], [ 17.33111653439213, 52.952974330733106 ], [ 17.331088537436276, 52.952989855570536 ] ] ] } },
{ "type": "Feature", "properties": { "TERYT": "3028", "LOKALNYID": "2EBDC9DC-3BA9-7DB6-E053-CC2BA8C07DDB", "PRZES_NAZW": "PL.PZGiK.308.BDOT10k", "WERSJA": "20240917000000", "POCZ_WERSJ": "20240917000000", "OZNA_ZMIAN": "GK-KARTO.600.48.2024", "ZRO_DANYCH": "ortofotomapa", "KAT_ISTNIE": "eksploatowany", "UWAGI": null, "INFO_DODAT": null, "KOD10K": null, "SKROT_KART": null, "KAT_ZARZAD": "gminna", "KLASA_DROG": "droga lokalna", "MATE_NAWIE": "masa bitumiczna", "NAZWA_DROG": null, "LICZ_JEZDN": 1.0, "POLOZENIE": "na powierzchni gruntu", "SZER_NAWIE": 5.0, "NUMER_DROG": "207019P" }, "geometry": { "type": "MultiLineString", "coordinates": [ [ [ 17.300294615587845, 52.951224255605204 ], [ 17.300421762543451, 52.951251255467113 ], [ 17.300827133536, 52.951337183000142 ], [ 17.301012908315986, 52.951376621905126 ], [ 17.301238845557247, 52.951424728649734 ], [ 17.301661910200401, 52.951519000216621 ], [ 17.302089746974822, 52.951616935765969 ], [ 17.302904057917562, 52.95180070006387 ], [ 17.30334178244556, 52.951897243425094 ], [ 17.30358316146155, 52.951950422528405 ], [ 17.303749771487102, 52.951988864050662 ], [ 17.304122099925948, 52.95207475822474 ], [ 17.304574061960601, 52.95217671630283 ], [ 17.304598708019956, 52.952182373984492 ], [ 17.304848459485228, 52.95223477062342 ], [ 17.305007671560823, 52.952268248459198 ], [ 17.305139711193799, 52.952295942550045 ], [ 17.305444876069906, 52.952370712150895 ], [ 17.305899458729318, 52.952470544128971 ], [ 17.306064076798332, 52.952495284199166 ], [ 17.306160917187849, 52.952501610961185 ] ] ] } },
{ "type": "Feature", "properties": { "TERYT": "3028", "LOKALNYID": "2f1005bf-6e3f-4381-87a2-fd5b2a67a69d", "PRZES_NAZW": "PL.PZGiK.308.BDOT10k", "WERSJA": "20240917000000", "POCZ_WERSJ": "20240917000000", "OZNA_ZMIAN": "GK-KARTO.600.48.2024", "ZRO_DANYCH": "ortofotomapa", "KAT_ISTNIE": "eksploatowany", "UWAGI": null, "INFO_DODAT": null, "KOD10K": null, "SKROT_KART": null, "KAT_ZARZAD": "gminna", "KLASA_DROG": "droga lokalna", "MATE_NAWIE": "masa bitumiczna", "NAZWA_DROG": null, "LICZ_JEZDN": 1.0, "POLOZENIE": "na powierzchni gruntu", "SZER_NAWIE": 6.0, "NUMER_DROG": "207011P" }, "geometry": { "type": "MultiLineString", "coordinates": [ [ [ 17.299703582930999, 52.943902455886288 ], [ 17.299626263961954, 52.943960705163121 ], [ 17.299548944784522, 52.94401895438736 ], [ 17.299455557709429, 52.944088305147758 ], [ 17.29944011059694, 52.944102563269816 ], [ 17.299397920643056, 52.944141979589538 ], [ 17.299363821257412, 52.944176295583716 ], [ 17.299341868015983, 52.944200802860813 ] ] ] } },
{ "type": "Feature", "properties": { "TERYT": "3028", "LOKALNYID": "8d1dd5ca-ba13-487f-a39d-3f1fc668ad49", "PRZES_NAZW": "PL.PZGiK.308.BDOT10k", "WERSJA": "20240917000000", "POCZ_WERSJ": "20240917000000", "OZNA_ZMIAN": "GK-KARTO.600.48.2024", "ZRO_DANYCH": "ortofotomapa", "KAT_ISTNIE": "eksploatowany", "UWAGI": null, "INFO_DODAT": null, "KOD10K": null, "SKROT_KART": null, "KAT_ZARZAD": "wewnętrzna", "KLASA_DROG": "droga wewnętrzna", "MATE_NAWIE": "kostka prefabrykowana", "NAZWA_DROG": null, "LICZ_JEZDN": 1.0, "POLOZENIE": "na powierzchni gruntu", "SZER_NAWIE": 5.0, "NUMER_DROG": null }, "geometry": { "type": "MultiLineString", "coordinates": [ [ [ 17.298429346924539, 52.944034942127111 ], [ 17.298452355311202, 52.943983560167013 ], [ 17.298483198751292, 52.943903242054041 ], [ 17.298529394149384, 52.943811092756945 ], [ 17.299063767327659, 52.943897075451439 ], [ 17.299099009676947, 52.943932294086203 ], [ 17.299172510576589, 52.944104218880511 ], [ 17.299172958331098, 52.944168707223341 ] ] ] } },
{ "type": "Feature", "properties": { "TERYT": "3028", "LOKALNYID": "2EBDC9DC-3DD1-7DB6-E053-CC2BA8C07DDB", "PRZES_NAZW": "PL.PZGiK.308.BDOT10k", "WERSJA": "20260526000000", "POCZ_WERSJ": "20260526000000", "OZNA_ZMIAN": "BGW-I-K.7520.3.2026", "ZRO_DANYCH": "ortofotomapa", "KAT_ISTNIE": "eksploatowany", "UWAGI": null, "INFO_DODAT": null, "KOD10K": null, "SKROT_KART": null, "KAT_ZARZAD": "wojewódzka", "KLASA_DROG": "droga główna", "MATE_NAWIE": "masa bitumiczna", "NAZWA_DROG": null, "LICZ_JEZDN": 1.0, "POLOZENIE": "na powierzchni gruntu", "SZER_NAWIE": 6.0, "NUMER_DROG": "242" }, "geometry": { "type": "MultiLineString", "coordinates": [ [ [ 17.300493800303041, 52.941685042737831 ], [ 17.300538136818574, 52.941579376132431 ], [ 17.300621190176116, 52.94139746051146 ], [ 17.300695186730664, 52.941256694538211 ], [ 17.300736134185048, 52.941191898893514 ], [ 17.300845838258088, 52.941066842181328 ] ] ] } },
{ "type": "Feature", "properties": { "TERYT": "3028", "LOKALNYID": "ad81bae1-1e75-473d-8782-c90b00f3212e", "PRZES_NAZW": "PL.PZGiK.308.BDOT10k", "WERSJA": "20240917000000", "POCZ_WERSJ": "20240917000000", "OZNA_ZMIAN": "GK-KARTO.600.48.2024", "ZRO_DANYCH": "ortofotomapa", "KAT_ISTNIE": "eksploatowany", "UWAGI": null, "INFO_DODAT": null, "KOD10K": null, "SKROT_KART": null, "KAT_ZARZAD": "powiatowa", "KLASA_DROG": "droga lokalna", "MATE_NAWIE": "masa bitumiczna", "NAZWA_DROG": null, "LICZ_JEZDN": 1.0, "POLOZENIE": "na powierzchni gruntu", "SZER_NAWIE": 6.0, "NUMER_DROG": "1560P" }, "geometry": { "type": "MultiLineString", "coordinates": [ [ [ 17.302976632395641, 52.945261190031957 ], [ 17.302991908031284, 52.945270311561309 ], [ 17.303046635844119, 52.945302299903886 ], [ 17.303528423672628, 52.945579967676082 ], [ 17.303635021247981, 52.945629513762917 ], [ 17.303755331172859, 52.945671071615969 ] ] ] } },
{ "type": "Feature", "properties": { "TERYT": "3028", "LOKALNYID": "7D3F45E0-39F4-4A6F-94BD-A5EFA75F06F8", "PRZES_NAZW": "PL.PZGiK.308.BDOT10k", "WERSJA": "20240917000000", "POCZ_WERSJ": "20240917000000", "OZNA_ZMIAN": "GK-KARTO.600.48.2024", "ZRO_DANYCH": "ortofotomapa", "KAT_ISTNIE": "eksploatowany", "UWAGI": null, "INFO_DODAT": null, "KOD10K": null, "SKROT_KART": null, "KAT_ZARZAD": "wewnętrzna", "KLASA_DROG": "droga wewnętrzna", "MATE_NAWIE": "grunt naturalny", "NAZWA_DROG": null, "LICZ_JEZDN": 1.0, "POLOZENIE": "na powierzchni gruntu", "SZER_NAWIE": null, "NUMER_DROG": null }, "geometry": { "type": "MultiLineString", "coordinates": [ [ [ 17.302307615880068, 52.931129813033422 ], [ 17.302242808272386, 52.931108651959484 ], [ 17.30215352468468, 52.931089209517197 ], [ 17.302075275320021, 52.931076849558934 ], [ 17.301996647574335, 52.931066552602161 ], [ 17.301893714659698, 52.931061214240408 ], [ 17.30163448006217, 52.931052742104555 ], [ 17.300428787574567, 52.931025876806295 ], [ 17.299118981542424, 52.930993461720043 ], [ 17.297605971792489, 52.930962257419608 ], [ 17.29657181646736, 52.930922072586142 ] ] ] } },
{ "type": "Feature", "properties": { "TERYT": "3028", "LOKALNYID": "2EBDC9DC-3525-7DB6-E053-CC2BA8C07DDB", "PRZES_NAZW": "PL.PZGiK.308.BDOT10k", "WERSJA": "20260622000000", "POCZ_WERSJ": "20260622000000", "OZNA_ZMIAN": "BGW-I-K.7520.3.2026", "ZRO_DANYCH": "ortofotomapa", "KAT_ISTNIE": "eksploatowany", "UWAGI": null, "INFO_DODAT": null, "KOD10K": null, "SKROT_KART": null, "KAT_ZARZAD": "gminna", "KLASA_DROG": "droga lokalna", "MATE_NAWIE": "masa bitumiczna", "NAZWA_DROG": null, "LICZ_JEZDN": 1.0, "POLOZENIE": "na powierzchni gruntu", "SZER_NAWIE": 4.0, "NUMER_DROG": "207009P" }, "geometry": { "type": "MultiLineString", "coordinates": [ [ [ 17.308320215064178, 52.94880861562045 ], [ 17.308180764627114, 52.949043513134093 ], [ 17.308039900855945, 52.949310766159691 ], [ 17.307978472012341, 52.94942734365074 ] ] ] } },
{ "type": "Feature", "properties": { "TERYT": "3028", "LOKALNYID": "2EBDC9DC-3C49-7DB6-E053-CC2BA8C07DDB", "PRZES_NAZW": "PL.PZGiK.308.BDOT10k", "WERSJA": "20260331000000", "POCZ_WERSJ": "20260331000000", "OZNA_ZMIAN": "BGW-I-K.7520.3.2026", "ZRO_DANYCH": "ortofotomapa", "KAT_ISTNIE": "eksploatowany", "UWAGI": null, "INFO_DODAT": null, "KOD10K": null, "SKROT_KART": null, "KAT_ZARZAD": "wewnętrzna", "KLASA_DROG": "droga wewnętrzna", "MATE_NAWIE": "kostka prefabrykowana", "NAZWA_DROG": null, "LICZ_JEZDN": 1.0, "POLOZENIE": "na powierzchni gruntu", "SZER_NAWIE": 4.0, "NUMER_DROG": null }, "geometry": { "type": "MultiLineString", "coordinates": [ [ [ 17.303508630200799, 52.940378504434008 ], [ 17.303678080514839, 52.940335597628334 ], [ 17.304174623258252, 52.940162370286778 ], [ 17.30423517870242, 52.940167011768871 ], [ 17.304348176942639, 52.940162958716016 ] ] ] } },
{ "type": "Feature", "properties": { "TERYT": "3028", "LOKALNYID": "2EBDC9DC-3C3D-7DB6-E053-CC2BA8C07DDB", "PRZES_NAZW": "PL.PZGiK.308.BDOT10k", "WERSJA": "20260331000000", "POCZ_WERSJ": "20260331000000", "OZNA_ZMIAN": "BGW-I-K.7520.3.2026", "ZRO_DANYCH": "ortofotomapa", "KAT_ISTNIE": "eksploatowany", "UWAGI": "droga nie ma nadanego numeru", "INFO_DODAT": null, "KOD10K": null, "SKROT_KART": null, "KAT_ZARZAD": "gminna", "KLASA_DROG": "droga lokalna", "MATE_NAWIE": "masa bitumiczna", "NAZWA_DROG": null, "LICZ_JEZDN": 1.0, "POLOZENIE": "na powierzchni gruntu", "SZER_NAWIE": 4.0, "NUMER_DROG": null }, "geometry": { "type": "MultiLineString", "coordinates": [ [ [ 17.299405076327009, 52.939704518518006 ], [ 17.299271920946495, 52.939698745426902 ] ] ] } },
{ "type": "Feature", "properties": { "TERYT": "3028", "LOKALNYID": "2EBDC9DC-4D53-7DB6-E053-CC2BA8C07DDB", "PRZES_NAZW": "PL.PZGiK.308.BDOT10k", "WERSJA": "20231231120000", "POCZ_WERSJ": "20231231120000", "OZNA_ZMIAN": "GI-TOPO.600.116.2023", "ZRO_DANYCH": "ortofotomapa", "KAT_ISTNIE": "eksploatowany", "UWAGI": null, "INFO_DODAT": null, "KOD10K": null, "SKROT_KART": null, "KAT_ZARZAD": "powiatowa", "KLASA_DROG": "droga lokalna", "MATE_NAWIE": "masa bitumiczna", "NAZWA_DROG": null, "LICZ_JEZDN": 1.0, "POLOZENIE": "na powierzchni gruntu", "SZER_NAWIE": 4.0, "NUMER_DROG": "1560P" }, "geometry": { "type": "MultiLineString", "coordinates": [ [ [ 17.334764147944536, 52.94364599790925 ], [ 17.335739999055669, 52.943654634228579 ], [ 17.336590771476875, 52.943659982688459 ], [ 17.338317701680253, 52.943664811000957 ], [ 17.339528621708233, 52.94367364570541 ], [ 17.339883588928792, 52.943680224580277 ], [ 17.340095826498501, 52.94368957495287 ], [ 17.340170274782007, 52.943697090115499 ], [ 17.340271258805561, 52.94371145103819 ] ] ] } },
{ "type": "Feature", "properties": { "TERYT": "3028", "LOKALNYID": "2EBDC9DC-42CB-7DB6-E053-CC2BA8C07DDB", "PRZES_NAZW": "PL.PZGiK.308.BDOT10k", "WERSJA": "20240917000000", "POCZ_WERSJ": "20240917000000", "OZNA_ZMIAN": "GK-KARTO.600.48.2024", "ZRO_DANYCH": "ortofotomapa", "KAT_ISTNIE": "eksploatowany", "UWAGI": null, "INFO_DODAT": null, "KOD10K": null, "SKROT_KART": null, "KAT_ZARZAD": "wewnętrzna", "KLASA_DROG": "droga wewnętrzna", "MATE_NAWIE": "tłuczeń", "NAZWA_DROG": null, "LICZ_JEZDN": 1.0, "POLOZENIE": "na powierzchni gruntu", "SZER_NAWIE": 4.0, "NUMER_DROG": null }, "geometry": { "type": "MultiLineString", "coordinates": [ [ [ 17.28942404856458, 52.959657487779026 ], [ 17.289473887918355, 52.959655057530455 ], [ 17.289529595691462, 52.959662424478765 ], [ 17.289570042947808, 52.959671550276262 ], [ 17.289869061677543, 52.95974420273204 ], [ 17.290257081616787, 52.959837290661333 ], [ 17.290665601839684, 52.959931751383664 ], [ 17.290824710078471, 52.959972081485184 ], [ 17.291052168487408, 52.96003911511044 ], [ 17.291503656810146, 52.960177088792925 ], [ 17.292583687025839, 52.960495595050503 ], [ 17.293400116420958, 52.960734672647618 ] ] ] } },
{ "type": "Feature", "properties": { "TERYT": "3028", "LOKALNYID": "2EBDC9DC-4211-7DB6-E053-CC2BA8C07DDB", "PRZES_NAZW": "PL.PZGiK.308.BDOT10k", "WERSJA": "20240917000000", "POCZ_WERSJ": "20240917000000", "OZNA_ZMIAN": "GK-KARTO.600.48.2024", "ZRO_DANYCH": "ortofotomapa", "KAT_ISTNIE": "eksploatowany", "UWAGI": null, "INFO_DODAT": null, "KOD10K": null, "SKROT_KART": null, "KAT_ZARZAD": "wewnętrzna", "KLASA_DROG": "droga wewnętrzna", "MATE_NAWIE": "grunt naturalny", "NAZWA_DROG": null, "LICZ_JEZDN": 1.0, "POLOZENIE": "na powierzchni gruntu", "SZER_NAWIE": null, "NUMER_DROG": null }, "geometry": { "type": "MultiLineString", "coordinates": [ [ [ 17.33547775096978, 52.940081088685105 ], [ 17.335308271391831, 52.940598704298367 ], [ 17.335141149812248, 52.941105201057013 ], [ 17.335087153466496, 52.941344474412823 ], [ 17.335040344098804, 52.941450838214301 ] ] ] } },
{ "type": "Feature", "properties": { "TERYT": "3028", "LOKALNYID": "2EBDC9DC-41F0-7DB6-E053-CC2BA8C07DDB", "PRZES_NAZW": "PL.PZGiK.308.BDOT10k", "WERSJA": "20231231120000", "POCZ_WERSJ": "20231231120000", "OZNA_ZMIAN": "GI-TOPO.600.116.2023", "ZRO_DANYCH": "ortofotomapa", "KAT_ISTNIE": "eksploatowany", "UWAGI": null, "INFO_DODAT": null, "KOD10K": null, "SKROT_KART": null, "KAT_ZARZAD": "wewnętrzna", "KLASA_DROG": "droga wewnętrzna", "MATE_NAWIE": "masa bitumiczna", "NAZWA_DROG": null, "LICZ_JEZDN": 1.0, "POLOZENIE": "na powierzchni gruntu", "SZER_NAWIE": 10.0, "NUMER_DROG": null }, "geometry": { "type": "MultiLineString", "coordinates": [ [ [ 17.302006869199332, 52.940264510747859 ], [ 17.302109432805803, 52.940374885309744 ] ] ] } },
{ "type": "Feature", "properties": { "TERYT": "3028", "LOKALNYID": "2EBDC9DC-3DD7-7DB6-E053-CC2BA8C07DDB", "PRZES_NAZW": "PL.PZGiK.308.BDOT10k", "WERSJA": "20240917000000", "POCZ_WERSJ": "20240917000000", "OZNA_ZMIAN": "GK-KARTO.600.48.2024", "ZRO_DANYCH": "ortofotomapa", "KAT_ISTNIE": "eksploatowany", "UWAGI": null, "INFO_DODAT": null, "KOD10K": null, "SKROT_KART": null, "KAT_ZARZAD": "wojewódzka", "KLASA_DROG": "droga główna", "MATE_NAWIE": "masa bitumiczna", "NAZWA_DROG": null, "LICZ_JEZDN": 1.0, "POLOZENIE": "na powierzchni gruntu", "SZER_NAWIE": 7.0, "NUMER_DROG": "242" }, "geometry": { "type": "MultiLineString", "coordinates": [ [ [ 17.301044355066228, 52.947060203979419 ], [ 17.300989792310453, 52.947259524497589 ], [ 17.300942549841299, 52.947431610063134 ], [ 17.300887649746016, 52.947631914966763 ] ] ] } },
{ "type": "Feature", "properties": { "TERYT": "3028", "LOKALNYID": "2EBDC9DC-39FF-7DB6-E053-CC2BA8C07DDB", "PRZES_NAZW": "PL.PZGiK.308.BDOT10k", "WERSJA": "20240917000000", "POCZ_WERSJ": "20240917000000", "OZNA_ZMIAN": "GK-KARTO.600.48.2024", "ZRO_DANYCH": "ortofotomapa", "KAT_ISTNIE": "eksploatowany", "UWAGI": null, "INFO_DODAT": null, "KOD10K": null, "SKROT_KART": null, "KAT_ZARZAD": "wewnętrzna", "KLASA_DROG": "droga wewnętrzna", "MATE_NAWIE": "masa bitumiczna", "NAZWA_DROG": null, "LICZ_JEZDN": 1.0, "POLOZENIE": "na powierzchni gruntu", "SZER_NAWIE": 4.0, "NUMER_DROG": null }, "geometry": { "type": "MultiLineString", "coordinates": [ [ [ 17.289530484915812, 52.944339117310847 ], [ 17.289619658193448, 52.944373226573902 ], [ 17.289701073710713, 52.944385100563743 ], [ 17.28979887107047, 52.944393073369874 ], [ 17.289898305535583, 52.944389738090059 ], [ 17.289940088898096, 52.944383504544859 ], [ 17.290001648244598, 52.944362806575164 ], [ 17.290036994934326, 52.944334806489174 ], [ 17.290053940606345, 52.944305282514541 ], [ 17.290067559862329, 52.944265728094678 ], [ 17.290048359137984, 52.944227859743663 ], [ 17.290018948137828, 52.944195959895374 ], [ 17.289988300445046, 52.944176542938777 ], [ 17.289927309101916, 52.944163973836339 ], [ 17.289858038149397, 52.944161268105368 ], [ 17.289796954114617, 52.944169921808559 ], [ 17.289754908451624, 52.944186583764342 ], [ 17.289711764219607, 52.944212223200381 ], [ 17.289595584616528, 52.944289062399264 ], [ 17.289530484915812, 52.944339117310847 ] ] ] } },
{ "type": "Feature", "properties": { "TERYT": "3028", "LOKALNYID": "2EBDC9DC-3491-7DB6-E053-CC2BA8C07DDB", "PRZES_NAZW": "PL.PZGiK.308.BDOT10k", "WERSJA": "20260330000000", "POCZ_WERSJ": "20260330000000", "OZNA_ZMIAN": "BGW-I-K.7520.3.2026", "ZRO_DANYCH": "ortofotomapa", "KAT_ISTNIE": "eksploatowany", "UWAGI": null, "INFO_DODAT": null, "KOD10K": null, "SKROT_KART": null, "KAT_ZARZAD": "wewnętrzna", "KLASA_DROG": "droga wewnętrzna", "MATE_NAWIE": "masa bitumiczna", "NAZWA_DROG": null, "LICZ_JEZDN": 1.0, "POLOZENIE": "na powierzchni gruntu", "SZER_NAWIE": 6.0, "NUMER_DROG": null }, "geometry": { "type": "MultiLineString", "coordinates": [ [ [ 17.301554804206216, 52.953803921173176 ], [ 17.302318442924424, 52.953921313974803 ] ] ] } },
{ "type": "Feature", "properties": { "TERYT": "3028", "LOKALNYID": "B2649546-B719-413A-8837-BB910752236B", "PRZES_NAZW": "PL.PZGiK.308.BDOT10k", "WERSJA": "20240917000000", "POCZ_WERSJ": "20240917000000", "OZNA_ZMIAN": "GK-KARTO.600.48.2024", "ZRO_DANYCH": "ortofotomapa", "KAT_ISTNIE": "eksploatowany", "UWAGI": null, "INFO_DODAT": null, "KOD10K": null, "SKROT_KART": null, "KAT_ZARZAD": "gminna", "KLASA_DROG": "droga lokalna", "MATE_NAWIE": "tłuczeń", "NAZWA_DROG": null, "LICZ_JEZDN": 1.0, "POLOZENIE": "na powierzchni gruntu", "SZER_NAWIE": 6.0, "NUMER_DROG": "207009P" }, "geometry": { "type": "MultiLineString", "coordinates": [ [ [ 17.304809434256544, 52.96077440465227 ], [ 17.304742981067836, 52.961129140351048 ], [ 17.304619157811619, 52.96208218884972 ] ] ] } },
{ "type": "Feature", "properties": { "TERYT": "3028", "LOKALNYID": "2EBDC9DC-3C48-7DB6-E053-CC2BA8C07DDB", "PRZES_NAZW": "PL.PZGiK.308.BDOT10k", "WERSJA": "20240917000000", "POCZ_WERSJ": "20240917000000", "OZNA_ZMIAN": "GK-KARTO.600.48.2024", "ZRO_DANYCH": "ortofotomapa", "KAT_ISTNIE": "eksploatowany", "UWAGI": "droga nie ma nadanego numeru", "INFO_DODAT": null, "KOD10K": null, "SKROT_KART": null, "KAT_ZARZAD": "gminna", "KLASA_DROG": "droga lokalna", "MATE_NAWIE": "masa bitumiczna", "NAZWA_DROG": null, "LICZ_JEZDN": 1.0, "POLOZENIE": "na powierzchni gruntu", "SZER_NAWIE": 4.0, "NUMER_DROG": null }, "geometry": { "type": "MultiLineString", "coordinates": [ [ [ 17.309582959397083, 52.945304188997632 ], [ 17.308180562800054, 52.945088535237524 ] ] ] } },
{ "type": "Feature", "properties": { "TERYT": "3028", "LOKALNYID": "2EBDC9DC-3840-7DB6-E053-CC2BA8C07DDB", "PRZES_NAZW": "PL.PZGiK.308.BDOT10k", "WERSJA": "20240917000000", "POCZ_WERSJ": "20240917000000", "OZNA_ZMIAN": "GK-KARTO.600.48.2024", "ZRO_DANYCH": "ortofotomapa", "KAT_ISTNIE": "eksploatowany", "UWAGI": null, "INFO_DODAT": null, "KOD10K": null, "SKROT_KART": null, "KAT_ZARZAD": "powiatowa", "KLASA_DROG": "droga lokalna", "MATE_NAWIE": "masa bitumiczna", "NAZWA_DROG": null, "LICZ_JEZDN": 1.0, "POLOZENIE": "na powierzchni gruntu", "SZER_NAWIE": 9.0, "NUMER_DROG": "1600P" }, "geometry": { "type": "MultiLineString", "coordinates": [ [ [ 17.294774000726878, 52.94202694411932 ], [ 17.294995480685838, 52.94213399525659 ], [ 17.29512251498474, 52.942185820915675 ], [ 17.295235843016499, 52.942234122256473 ], [ 17.295269222571317, 52.942248450871887 ], [ 17.295288696933383, 52.942256734324666 ], [ 17.295432276143799, 52.942311854749171 ], [ 17.295473523962848, 52.942326745852476 ] ] ] } },
{ "type": "Feature", "properties": { "TERYT": "3028", "LOKALNYID": "2EBDC9DC-3B85-7DB6-E053-CC2BA8C07DDB", "PRZES_NAZW": "PL.PZGiK.308.BDOT10k", "WERSJA": "20240917000000", "POCZ_WERSJ": "20240917000000", "OZNA_ZMIAN": "GK-KARTO.600.48.2024", "ZRO_DANYCH": "ortofotomapa", "KAT_ISTNIE": "eksploatowany", "UWAGI": null, "INFO_DODAT": null, "KOD10K": null, "SKROT_KART": null, "KAT_ZARZAD": "wojewódzka", "KLASA_DROG": "droga główna", "MATE_NAWIE": "masa bitumiczna", "NAZWA_DROG": null, "LICZ_JEZDN": 1.0, "POLOZENIE": "na powierzchni gruntu", "SZER_NAWIE": 6.0, "NUMER_DROG": "193" }, "geometry": { "type": "MultiLineString", "coordinates": [ [ [ 17.277156452273552, 52.948895591452107 ], [ 17.276005363322639, 52.94916830082775 ], [ 17.274591560096976, 52.949505713676047 ], [ 17.273935678288293, 52.949658697200711 ], [ 17.27378571454992, 52.949700406083963 ], [ 17.273694654190688, 52.949728671184616 ], [ 17.273613146357256, 52.949756355540075 ], [ 17.273533402693381, 52.949784605072352 ], [ 17.273436173128964, 52.949821953527263 ] ] ] } },
{ "type": "Feature", "properties": { "TERYT": "3028", "LOKALNYID": "2EBDC9DC-3FA2-7DB6-E053-CC2BA8C07DDB", "PRZES_NAZW": "PL.PZGiK.308.BDOT10k", "WERSJA": "20260330000000", "POCZ_WERSJ": "20260330000000", "OZNA_ZMIAN": "BGW-I-K.7520.3.2026", "ZRO_DANYCH": "ortofotomapa", "KAT_ISTNIE": "eksploatowany", "UWAGI": null, "INFO_DODAT": null, "KOD10K": null, "SKROT_KART": null, "KAT_ZARZAD": "wewnętrzna", "KLASA_DROG": "droga wewnętrzna", "MATE_NAWIE": "masa bitumiczna", "NAZWA_DROG": null, "LICZ_JEZDN": 1.0, "POLOZENIE": "na powierzchni gruntu", "SZER_NAWIE": 6.0, "NUMER_DROG": null }, "geometry": { "type": "MultiLineString", "coordinates": [ [ [ 17.303064223264901, 52.954027115285875 ], [ 17.303352518008964, 52.954061359394089 ], [ 17.303444697061956, 52.954076525139349 ], [ 17.303522524129587, 52.954089327529708 ], [ 17.303568592814461, 52.954110759693535 ], [ 17.303611378872663, 52.954139969127588 ], [ 17.303649167792788, 52.954178909880603 ], [ 17.303660079683041, 52.954208293801379 ], [ 17.303663992162772, 52.95427193211767 ], [ 17.303615536292856, 52.954418010651715 ], [ 17.303426796280842, 52.954830535655674 ], [ 17.303396972046777, 52.954877234608404 ], [ 17.303371379820696, 52.954914730903198 ], [ 17.303326893874399, 52.954955554737765 ], [ 17.303274838881517, 52.954984309424319 ], [ 17.30321473318234, 52.955001887402879 ], [ 17.303136130357121, 52.955008858951778 ], [ 17.303053144944698, 52.955006055125601 ], [ 17.30295681434411, 52.954990380137062 ], [ 17.302604608396503, 52.954930041031773 ] ] ] } },
{ "type": "Feature", "properties": { "TERYT": "3028", "LOKALNYID": "2EBDC9DC-31AB-7DB6-E053-CC2BA8C07DDB", "PRZES_NAZW": "PL.PZGiK.308.BDOT10k", "WERSJA": "20231231120000", "POCZ_WERSJ": "20231231120000", "OZNA_ZMIAN": "GI-TOPO.600.116.2023", "ZRO_DANYCH": "ortofotomapa", "KAT_ISTNIE": "eksploatowany", "UWAGI": null, "INFO_DODAT": null, "KOD10K": null, "SKROT_KART": null, "KAT_ZARZAD": "wewnętrzna", "KLASA_DROG": "droga wewnętrzna", "MATE_NAWIE": "grunt naturalny", "NAZWA_DROG": null, "LICZ_JEZDN": 1.0, "POLOZENIE": "na powierzchni gruntu", "SZER_NAWIE": null, "NUMER_DROG": null }, "geometry": { "type": "MultiLineString", "coordinates": [ [ [ 17.308734297551137, 52.951040975494735 ], [ 17.308544869489669, 52.951682647284073 ], [ 17.308385917607033, 52.952004951803445 ], [ 17.308259067218206, 52.952328792333191 ], [ 17.308216411507345, 52.952437363374628 ], [ 17.308124840653498, 52.952715660476471 ], [ 17.307984478640176, 52.953141381965878 ], [ 17.307904169359915, 52.953298969661034 ], [ 17.307794335732627, 52.953579614484312 ] ] ] } },
{ "type": "Feature", "properties": { "TERYT": "3028", "LOKALNYID": "2EBDC9DC-409C-7DB6-E053-CC2BA8C07DDB", "PRZES_NAZW": "PL.PZGiK.308.BDOT10k", "WERSJA": "20240917000000", "POCZ_WERSJ": "20240917000000", "OZNA_ZMIAN": "GK-KARTO.600.48.2024", "ZRO_DANYCH": "ortofotomapa", "KAT_ISTNIE": "eksploatowany", "UWAGI": null, "INFO_DODAT": null, "KOD10K": null, "SKROT_KART": null, "KAT_ZARZAD": "powiatowa", "KLASA_DROG": "droga lokalna", "MATE_NAWIE": "masa bitumiczna", "NAZWA_DROG": null, "LICZ_JEZDN": 1.0, "POLOZENIE": "na powierzchni gruntu", "SZER_NAWIE": 6.0, "NUMER_DROG": "1560P" }, "geometry": { "type": "MultiLineString", "coordinates": [ [ [ 17.313945255842729, 52.947194413187212 ], [ 17.313961987126579, 52.947196808985289 ], [ 17.314245065997987, 52.94723787772638 ], [ 17.314529732490538, 52.947291738756199 ], [ 17.314784986172917, 52.947340055784224 ], [ 17.315044054203305, 52.947397509553596 ] ] ] } },
{ "type": "Feature", "properties": { "TERYT": "3028", "LOKALNYID": "018F409A-A76D-45A3-8397-BAE4B0118659", "PRZES_NAZW": "PL.PZGiK.308.BDOT10k", "WERSJA": "20231231120000", "POCZ_WERSJ": "20231231120000", "OZNA_ZMIAN": "GI-TOPO.600.116.2023", "ZRO_DANYCH": "ortofotomapa", "KAT_ISTNIE": "eksploatowany", "UWAGI": null, "INFO_DODAT": null, "KOD10K": null, "SKROT_KART": null, "KAT_ZARZAD": "powiatowa", "KLASA_DROG": "droga lokalna", "MATE_NAWIE": "masa bitumiczna", "NAZWA_DROG": null, "LICZ_JEZDN": 1.0, "POLOZENIE": "na powierzchni gruntu", "SZER_NAWIE": 4.0, "NUMER_DROG": "1560P" }, "geometry": { "type": "MultiLineString", "coordinates": [ [ [ 17.317013029448511, 52.947181247074766 ], [ 17.317626602391073, 52.946897295157903 ], [ 17.317708959772563, 52.946858351236116 ] ] ] } },
{ "type": "Feature", "properties": { "TERYT": "3028", "LOKALNYID": "9858D786-1391-49AD-A296-3F6CEBF02A6E", "PRZES_NAZW": "PL.PZGiK.308.BDOT10k", "WERSJA": "20231231120000", "POCZ_WERSJ": "20231231120000", "OZNA_ZMIAN": "GI-TOPO.600.116.2023", "ZRO_DANYCH": "ortofotomapa", "KAT_ISTNIE": "eksploatowany", "UWAGI": null, "INFO_DODAT": null, "KOD10K": null, "SKROT_KART": null, "KAT_ZARZAD": "gminna", "KLASA_DROG": "droga lokalna", "MATE_NAWIE": "masa bitumiczna", "NAZWA_DROG": null, "LICZ_JEZDN": 1.0, "POLOZENIE": "na powierzchni gruntu", "SZER_NAWIE": 5.0, "NUMER_DROG": "207014P" }, "geometry": { "type": "MultiLineString", "coordinates": [ [ [ 17.317578944700696, 52.941227081247362 ], [ 17.317533014244592, 52.941873676969365 ], [ 17.317531658774996, 52.941893263117159 ], [ 17.317527048276876, 52.941966043366058 ] ] ] } },
{ "type": "Feature", "properties": { "TERYT": "3028", "LOKALNYID": "2EBDC9DC-3DD8-7DB6-E053-CC2BA8C07DDB", "PRZES_NAZW": "PL.PZGiK.308.BDOT10k", "WERSJA": "20231231120000", "POCZ_WERSJ": "20231231120000", "OZNA_ZMIAN": "GI-TOPO.600.116.2023", "ZRO_DANYCH": "ortofotomapa", "KAT_ISTNIE": "eksploatowany", "UWAGI": null, "INFO_DODAT": null, "KOD10K": null, "SKROT_KART": null, "KAT_ZARZAD": "wojewódzka", "KLASA_DROG": "droga główna", "MATE_NAWIE": "masa bitumiczna", "NAZWA_DROG": null, "LICZ_JEZDN": 1.0, "POLOZENIE": "na powierzchni gruntu", "SZER_NAWIE": 6.0, "NUMER_DROG": "193" }, "geometry": { "type": "MultiLineString", "coordinates": [ [ [ 17.29207271876583, 52.945050545187264 ], [ 17.290988488344126, 52.945346932932075 ], [ 17.290087087643435, 52.945590093661728 ], [ 17.289592678508896, 52.945721294666271 ] ] ] } },
{ "type": "Feature", "properties": { "TERYT": "3028", "LOKALNYID": "2EBDC9DC-4F12-7DB6-E053-CC2BA8C07DDB", "PRZES_NAZW": "PL.PZGiK.308.BDOT10k", "WERSJA": "20231231120000", "POCZ_WERSJ": "20231231120000", "OZNA_ZMIAN": "GI-TOPO.600.116.2023", "ZRO_DANYCH": "ortofotomapa", "KAT_ISTNIE": "eksploatowany", "UWAGI": null, "INFO_DODAT": null, "KOD10K": null, "SKROT_KART": null, "KAT_ZARZAD": "powiatowa", "KLASA_DROG": "droga lokalna", "MATE_NAWIE": "masa bitumiczna", "NAZWA_DROG": null, "LICZ_JEZDN": 1.0, "POLOZENIE": "na powierzchni gruntu", "SZER_NAWIE": 4.0, "NUMER_DROG": "1560P" }, "geometry": { "type": "MultiLineString", "coordinates": [ [ [ 17.319158483192787, 52.946202930990538 ], [ 17.3192486697715, 52.946161668583002 ], [ 17.319938601716292, 52.945850546094313 ], [ 17.320445759279348, 52.945614627973882 ], [ 17.320549008483773, 52.945566624417872 ], [ 17.320687735075694, 52.945502124915265 ], [ 17.321090645598801, 52.945320578864042 ], [ 17.321281424690518, 52.945234420927243 ], [ 17.321405232598398, 52.945178343355408 ], [ 17.321927004664829, 52.944945233491858 ], [ 17.322499917268971, 52.944690809879894 ], [ 17.323084047688408, 52.944423321755281 ], [ 17.32350212035989, 52.944234157461032 ], [ 17.323852343475625, 52.944074701622952 ], [ 17.324276493323641, 52.943882202922552 ], [ 17.324487448004479, 52.94379371638756 ], [ 17.324617683558973, 52.943740603988864 ], [ 17.324784827616067, 52.943683964859581 ] ] ] } },
{ "type": "Feature", "properties": { "TERYT": "3028", "LOKALNYID": "2EBDC9DC-3D15-7DB6-E053-CC2BA8C07DDB", "PRZES_NAZW": "PL.PZGiK.308.BDOT10k", "WERSJA": "20240917000000", "POCZ_WERSJ": "20240917000000", "OZNA_ZMIAN": "GK-KARTO.600.48.2024", "ZRO_DANYCH": "ortofotomapa", "KAT_ISTNIE": "eksploatowany", "UWAGI": null, "INFO_DODAT": null, "KOD10K": null, "SKROT_KART": null, "KAT_ZARZAD": "gminna", "KLASA_DROG": "droga lokalna", "MATE_NAWIE": "masa bitumiczna", "NAZWA_DROG": null, "LICZ_JEZDN": 1.0, "POLOZENIE": "na powierzchni gruntu", "SZER_NAWIE": 5.0, "NUMER_DROG": "207013P" }, "geometry": { "type": "MultiLineString", "coordinates": [ [ [ 17.300931349393153, 52.943834852636179 ], [ 17.300954846710912, 52.943812705406899 ], [ 17.300978198732494, 52.94379046616244 ], [ 17.301011342171712, 52.943750110535959 ], [ 17.30103978401705, 52.943708158812385 ], [ 17.3011341636869, 52.943533599470541 ] ] ] } },
{ "type": "Feature", "properties": { "TERYT": "3028", "LOKALNYID": "2EBDC9DC-3E9B-7DB6-E053-CC2BA8C07DDB", "PRZES_NAZW": "PL.PZGiK.308.BDOT10k", "WERSJA": "20240917000000", "POCZ_WERSJ": "20240917000000", "OZNA_ZMIAN": "GK-KARTO.600.48.2024", "ZRO_DANYCH": "ortofotomapa", "KAT_ISTNIE": "eksploatowany", "UWAGI": null, "INFO_DODAT": null, "KOD10K": null, "SKROT_KART": null, "KAT_ZARZAD": "wojewódzka", "KLASA_DROG": "droga główna", "MATE_NAWIE": "masa bitumiczna", "NAZWA_DROG": null, "LICZ_JEZDN": 1.0, "POLOZENIE": "na powierzchni gruntu", "SZER_NAWIE": 6.0, "NUMER_DROG": "242" }, "geometry": { "type": "MultiLineString", "coordinates": [ [ [ 17.303505111816982, 52.939810167805852 ], [ 17.303599837951712, 52.93977087064156 ], [ 17.304121216364234, 52.93956004643735 ] ] ] } },
{ "type": "Feature", "properties": { "TERYT": "3028", "LOKALNYID": "2EBDC9DC-345A-7DB6-E053-CC2BA8C07DDB", "PRZES_NAZW": "PL.PZGiK.308.BDOT10k", "WERSJA": "20231231120000", "POCZ_WERSJ": "20231231120000", "OZNA_ZMIAN": "GI-TOPO.600.116.2023", "ZRO_DANYCH": "ortofotomapa", "KAT_ISTNIE": "eksploatowany", "UWAGI": null, "INFO_DODAT": null, "KOD10K": null, "SKROT_KART": null, "KAT_ZARZAD": "gminna", "KLASA_DROG": "droga lokalna", "MATE_NAWIE": "masa bitumiczna", "NAZWA_DROG": null, "LICZ_JEZDN": 1.0, "POLOZENIE": "na powierzchni gruntu", "SZER_NAWIE": 4.0, "NUMER_DROG": "207009P" }, "geometry": { "type": "MultiLineString", "coordinates": [ [ [ 17.307822708309139, 52.949717676835192 ], [ 17.307768141154767, 52.949814836522478 ], [ 17.307731164621071, 52.949880950102312 ], [ 17.307591843526399, 52.950100919928204 ], [ 17.307450688111651, 52.950299189666055 ] ] ] } },
{ "type": "Feature", "properties": { "TERYT": "3028", "LOKALNYID": "AE44875C-9915-4A5A-8B98-5F41E3DFD017", "PRZES_NAZW": "PL.PZGiK.308.BDOT10k", "WERSJA": "20231231120000", "POCZ_WERSJ": "20231231120000", "OZNA_ZMIAN": "GI-TOPO.600.116.2023", "ZRO_DANYCH": "ortofotomapa", "KAT_ISTNIE": "eksploatowany", "UWAGI": null, "INFO_DODAT": null, "KOD10K": null, "SKROT_KART": null, "KAT_ZARZAD": "wewnętrzna", "KLASA_DROG": "droga wewnętrzna", "MATE_NAWIE": "masa bitumiczna", "NAZWA_DROG": null, "LICZ_JEZDN": 1.0, "POLOZENIE": "na powierzchni gruntu", "SZER_NAWIE": 3.0, "NUMER_DROG": null }, "geometry": { "type": "MultiLineString", "coordinates": [ [ [ 17.306196945638689, 52.939960629830018 ], [ 17.30612634113589, 52.939957914539036 ], [ 17.306102432960628, 52.939956404557165 ], [ 17.305806338642729, 52.939937433802847 ] ] ] } },
{ "type": "Feature", "properties": { "TERYT": "3028", "LOKALNYID": "cf897abc-d7b6-4ddb-87e0-c7b7bc4cfd40", "PRZES_NAZW": "PL.PZGiK.308.BDOT10k", "WERSJA": "20240917000000", "POCZ_WERSJ": "20240917000000", "OZNA_ZMIAN": "GK-KARTO.600.48.2024", "ZRO_DANYCH": "ortofotomapa", "KAT_ISTNIE": "eksploatowany", "UWAGI": null, "INFO_DODAT": null, "KOD10K": null, "SKROT_KART": null, "KAT_ZARZAD": "powiatowa", "KLASA_DROG": "droga lokalna", "MATE_NAWIE": "masa bitumiczna", "NAZWA_DROG": null, "LICZ_JEZDN": 1.0, "POLOZENIE": "na powierzchni gruntu", "SZER_NAWIE": 6.0, "NUMER_DROG": "1600P" }, "geometry": { "type": "MultiLineString", "coordinates": [ [ [ 17.289762540138991, 52.940147078224427 ], [ 17.289833979054269, 52.940173917338178 ], [ 17.290078516407718, 52.940265751259197 ], [ 17.290394490873901, 52.940384513347688 ], [ 17.290627149380928, 52.940468081214043 ], [ 17.291033749549854, 52.94061422599156 ] ] ] } },
{ "type": "Feature", "properties": { "TERYT": "3028", "LOKALNYID": "c9b7804a-6816-45dc-8b0f-1796d66a2ef0", "PRZES_NAZW": "PL.PZGiK.308.BDOT10k", "WERSJA": "20240917000000", "POCZ_WERSJ": "20240917000000", "OZNA_ZMIAN": "GK-KARTO.600.48.2024", "ZRO_DANYCH": "ortofotomapa", "KAT_ISTNIE": "eksploatowany", "UWAGI": "droga nie ma nadanego numeru", "INFO_DODAT": null, "KOD10K": null, "SKROT_KART": null, "KAT_ZARZAD": "gminna", "KLASA_DROG": "droga lokalna", "MATE_NAWIE": "kostka prefabrykowana", "NAZWA_DROG": null, "LICZ_JEZDN": 1.0, "POLOZENIE": "na powierzchni gruntu", "SZER_NAWIE": 5.0, "NUMER_DROG": null }, "geometry": { "type": "MultiLineString", "coordinates": [ [ [ 17.299405076327009, 52.939704518518006 ], [ 17.299606135799117, 52.939622409475625 ] ] ] } },
{ "type": "Feature", "properties": { "TERYT": "3028", "LOKALNYID": "ff0f5da9-7b89-47e5-bb17-40e8f4c2b91d", "PRZES_NAZW": "PL.PZGiK.308.BDOT10k", "WERSJA": "20240917000000", "POCZ_WERSJ": "20240917000000", "OZNA_ZMIAN": "GK-KARTO.600.48.2024", "ZRO_DANYCH": "ortofotomapa", "KAT_ISTNIE": "eksploatowany", "UWAGI": null, "INFO_DODAT": null, "KOD10K": null, "SKROT_KART": null, "KAT_ZARZAD": "gminna", "KLASA_DROG": "droga lokalna", "MATE_NAWIE": "masa bitumiczna", "NAZWA_DROG": null, "LICZ_JEZDN": 1.0, "POLOZENIE": "na powierzchni gruntu", "SZER_NAWIE": 3.0, "NUMER_DROG": "207011P" }, "geometry": { "type": "MultiLineString", "coordinates": [ [ [ 17.299164743231081, 52.944514741584982 ], [ 17.299165712162377, 52.944524198415294 ], [ 17.299167302366182, 52.944540588976515 ], [ 17.299169861503994, 52.944566436367886 ], [ 17.299196283136784, 52.94462158374975 ], [ 17.299247236625739, 52.944685176240718 ], [ 17.299264699516279, 52.94470683024489 ], [ 17.299275915040937, 52.944720750522706 ], [ 17.299297013986703, 52.944748392141946 ], [ 17.299325324373036, 52.944785759802386 ], [ 17.299414373527014, 52.944902957924036 ], [ 17.29946780071122, 52.944949048793831 ], [ 17.299507710457966, 52.944967786432265 ], [ 17.299588271834988, 52.944993940734193 ], [ 17.299725516410049, 52.945028730289152 ], [ 17.299881093149519, 52.945070616895457 ], [ 17.300076429201575, 52.945119907038006 ], [ 17.300199146729554, 52.945160693574863 ], [ 17.300449461957438, 52.945246922647428 ] ] ] } },
{ "type": "Feature", "properties": { "TERYT": "3028", "LOKALNYID": "c616bdd1-8131-47d3-8bb0-7887b21a19d2", "PRZES_NAZW": "PL.PZGiK.308.BDOT10k", "WERSJA": "20240917000000", "POCZ_WERSJ": "20240917000000", "OZNA_ZMIAN": "GK-KARTO.600.48.2024", "ZRO_DANYCH": "ortofotomapa", "KAT_ISTNIE": "eksploatowany", "UWAGI": "droga nie ma nadanego numeru", "INFO_DODAT": null, "KOD10K": null, "SKROT_KART": null, "KAT_ZARZAD": "gminna", "KLASA_DROG": "droga lokalna", "MATE_NAWIE": "kostka prefabrykowana", "NAZWA_DROG": null, "LICZ_JEZDN": 1.0, "POLOZENIE": "na powierzchni gruntu", "SZER_NAWIE": 5.0, "NUMER_DROG": null }, "geometry": { "type": "MultiLineString", "coordinates": [ [ [ 17.299606135799117, 52.939622409475625 ], [ 17.299868167590425, 52.939515271883735 ], [ 17.299928531383866, 52.939490594664733 ], [ 17.300392606391693, 52.939268534533923 ], [ 17.300469181241084, 52.939236624502335 ], [ 17.300900621576389, 52.939057083564485 ], [ 17.301160960048506, 52.938947400811529 ] ] ] } },
{ "type": "Feature", "properties": { "TERYT": "3028", "LOKALNYID": "EE4DC48D-3257-420C-867D-123642D23B21", "PRZES_NAZW": "PL.PZGiK.308.BDOT10k", "WERSJA": "20240917000000", "POCZ_WERSJ": "20240917000000", "OZNA_ZMIAN": "GK-KARTO.600.48.2024", "ZRO_DANYCH": "ortofotomapa", "KAT_ISTNIE": "eksploatowany", "UWAGI": null, "INFO_DODAT": null, "KOD10K": null, "SKROT_KART": null, "KAT_ZARZAD": "wewnętrzna", "KLASA_DROG": "droga wewnętrzna", "MATE_NAWIE": "płyty betonowe", "NAZWA_DROG": null, "LICZ_JEZDN": 1.0, "POLOZENIE": "na powierzchni gruntu", "SZER_NAWIE": 3.0, "NUMER_DROG": null }, "geometry": { "type": "MultiLineString", "coordinates": [ [ [ 17.315839547573546, 52.9484788965677 ], [ 17.31583439311618, 52.94854258578679 ], [ 17.315668686959704, 52.948783684790726 ] ] ] } },
{ "type": "Feature", "properties": { "TERYT": "3028", "LOKALNYID": "4ccdbae6-bdb7-4be1-b0d8-63b0733a0dd2", "PRZES_NAZW": "PL.PZGiK.308.BDOT10k", "WERSJA": "20260520000000", "POCZ_WERSJ": "20260520000000", "OZNA_ZMIAN": "BGW-I-K.7520.3.2026", "ZRO_DANYCH": "ortofotomapa", "KAT_ISTNIE": "eksploatowany", "UWAGI": null, "INFO_DODAT": null, "KOD10K": null, "SKROT_KART": null, "KAT_ZARZAD": "wojewódzka", "KLASA_DROG": "droga główna", "MATE_NAWIE": "masa bitumiczna", "NAZWA_DROG": null, "LICZ_JEZDN": 1.0, "POLOZENIE": "na powierzchni gruntu", "SZER_NAWIE": 6.0, "NUMER_DROG": "242" }, "geometry": { "type": "MultiLineString", "coordinates": [ [ [ 17.301238306356726, 52.946350978261613 ], [ 17.301236571784962, 52.946357248765871 ], [ 17.301220578479679, 52.946415836228653 ], [ 17.301207534793118, 52.946467541026742 ] ] ] } },
{ "type": "Feature", "properties": { "TERYT": "3028", "LOKALNYID": "2EBDC9DC-3188-7DB6-E053-CC2BA8C07DDB", "PRZES_NAZW": "PL.PZGiK.308.BDOT10k", "WERSJA": "20260330000000", "POCZ_WERSJ": "20260330000000", "OZNA_ZMIAN": "BGW-I-K.7520.3.2026", "ZRO_DANYCH": "ortofotomapa", "KAT_ISTNIE": "eksploatowany", "UWAGI": null, "INFO_DODAT": null, "KOD10K": null, "SKROT_KART": null, "KAT_ZARZAD": "wewnętrzna", "KLASA_DROG": "droga wewnętrzna", "MATE_NAWIE": "masa bitumiczna", "NAZWA_DROG": null, "LICZ_JEZDN": 1.0, "POLOZENIE": "na powierzchni gruntu", "SZER_NAWIE": 8.0, "NUMER_DROG": null }, "geometry": { "type": "MultiLineString", "coordinates": [ [ [ 17.30145337980726, 52.954039894033698 ], [ 17.301364389059771, 52.954292951907178 ], [ 17.301320801407233, 52.954515991677837 ] ] ] } },
{ "type": "Feature", "properties": { "TERYT": "3028", "LOKALNYID": "AB955741-B6A5-4787-BCDC-771AFCE70FB3", "PRZES_NAZW": "PL.PZGiK.308.BDOT10k", "WERSJA": "20240917000000", "POCZ_WERSJ": "20240917000000", "OZNA_ZMIAN": "GK-KARTO.600.48.2024", "ZRO_DANYCH": "ortofotomapa", "KAT_ISTNIE": "eksploatowany", "UWAGI": null, "INFO_DODAT": null, "KOD10K": null, "SKROT_KART": null, "KAT_ZARZAD": "wewnętrzna", "KLASA_DROG": "droga wewnętrzna", "MATE_NAWIE": "grunt naturalny", "NAZWA_DROG": null, "LICZ_JEZDN": 1.0, "POLOZENIE": "na powierzchni gruntu", "SZER_NAWIE": null, "NUMER_DROG": null }, "geometry": { "type": "MultiLineString", "coordinates": [ [ [ 17.317636561344599, 52.939814963214943 ], [ 17.317590178783085, 52.939736604509726 ], [ 17.317517537635347, 52.939659762533381 ], [ 17.317406934646193, 52.939533099739215 ], [ 17.317269702884378, 52.93940983687493 ], [ 17.317220790691774, 52.939358332093924 ], [ 17.317035288352216, 52.939205426902845 ], [ 17.31698967894755, 52.939149382232578 ], [ 17.316977024753836, 52.939065025874932 ], [ 17.317021322079992, 52.938947751447927 ], [ 17.317065835839486, 52.938878594121924 ], [ 17.317126083872168, 52.938814426082821 ], [ 17.317211280873636, 52.93877480330643 ], [ 17.317293706538049, 52.938756725093391 ], [ 17.317385721313588, 52.938744718190449 ], [ 17.317506981344017, 52.938750122662725 ], [ 17.317558337698369, 52.938761641846234 ], [ 17.317570665150679, 52.93885444719615 ], [ 17.317568350308782, 52.939105956459059 ], [ 17.317567031818164, 52.939255046366767 ], [ 17.317592362294356, 52.939473132350358 ], [ 17.317638455097594, 52.939604996967368 ], [ 17.317651591974219, 52.939642415157145 ], [ 17.317636561344599, 52.939814963214943 ] ] ] } },
{ "type": "Feature", "properties": { "TERYT": "3028", "LOKALNYID": "7295A2C4-A57D-4F18-AA0E-1C576CF5BE46", "PRZES_NAZW": "PL.PZGiK.308.BDOT10k", "WERSJA": "20240917000000", "POCZ_WERSJ": "20240917000000", "OZNA_ZMIAN": "GK-KARTO.600.48.2024", "ZRO_DANYCH": "ortofotomapa", "KAT_ISTNIE": "eksploatowany", "UWAGI": null, "INFO_DODAT": "linia umowna", "KOD10K": null, "SKROT_KART": null, "KAT_ZARZAD": "wewnętrzna", "KLASA_DROG": "droga wewnętrzna", "MATE_NAWIE": "kostka prefabrykowana", "NAZWA_DROG": null, "LICZ_JEZDN": 1.0, "POLOZENIE": "na powierzchni gruntu", "SZER_NAWIE": null, "NUMER_DROG": null }, "geometry": { "type": "MultiLineString", "coordinates": [ [ [ 17.297780326255602, 52.944609040999097 ], [ 17.298052052166206, 52.944889207591416 ], [ 17.298117677220169, 52.944878636165463 ], [ 17.298345193206249, 52.944460738682324 ], [ 17.298331433279625, 52.944397858339023 ] ] ] } },
{ "type": "Feature", "properties": { "TERYT": "3028", "LOKALNYID": "2EBDC9DC-3EE7-7DB6-E053-CC2BA8C07DDB", "PRZES_NAZW": "PL.PZGiK.308.BDOT10k", "WERSJA": "20240917000000", "POCZ_WERSJ": "20240917000000", "OZNA_ZMIAN": "GK-KARTO.600.48.2024", "ZRO_DANYCH": "ortofotomapa", "KAT_ISTNIE": "eksploatowany", "UWAGI": null, "INFO_DODAT": null, "KOD10K": null, "SKROT_KART": null, "KAT_ZARZAD": "gminna", "KLASA_DROG": "droga dojazdowa", "MATE_NAWIE": "masa bitumiczna", "NAZWA_DROG": null, "LICZ_JEZDN": 1.0, "POLOZENIE": "na powierzchni gruntu", "SZER_NAWIE": 5.0, "NUMER_DROG": "207028P" }, "geometry": { "type": "MultiLineString", "coordinates": [ [ [ 17.289871683639959, 52.955364328655889 ], [ 17.29081178798365, 52.955122984424591 ], [ 17.291577504785199, 52.954926880132405 ], [ 17.292570283317833, 52.954674767963397 ], [ 17.293343454283914, 52.954478040015857 ], [ 17.293768071557771, 52.954370552475872 ] ] ] } },
{ "type": "Feature", "properties": { "TERYT": "3028", "LOKALNYID": "2EBDC9DC-3200-7DB6-E053-CC2BA8C07DDB", "PRZES_NAZW": "PL.PZGiK.308.BDOT10k", "WERSJA": "20240917000000", "POCZ_WERSJ": "20240917000000", "OZNA_ZMIAN": "GK-KARTO.600.48.2024", "ZRO_DANYCH": "ortofotomapa", "KAT_ISTNIE": "eksploatowany", "UWAGI": null, "INFO_DODAT": null, "KOD10K": null, "SKROT_KART": null, "KAT_ZARZAD": "powiatowa", "KLASA_DROG": "droga lokalna", "MATE_NAWIE": "kostka kamienna", "NAZWA_DROG": null, "LICZ_JEZDN": 1.0, "POLOZENIE": "na powierzchni gruntu", "SZER_NAWIE": 8.0, "NUMER_DROG": "1560P" }, "geometry": { "type": "MultiLineString", "coordinates": [ [ [ 17.307428480801278, 52.946215564523406 ], [ 17.308239112649414, 52.946331341199254 ], [ 17.3083344019945, 52.946346547542468 ], [ 17.308872695641895, 52.946432541579284 ], [ 17.309461301017411, 52.946526533548031 ] ] ] } },
{ "type": "Feature", "properties": { "TERYT": "3028", "LOKALNYID": "2EBDC9DC-3EE8-7DB6-E053-CC2BA8C07DDB", "PRZES_NAZW": "PL.PZGiK.308.BDOT10k", "WERSJA": "20240917000000", "POCZ_WERSJ": "20240917000000", "OZNA_ZMIAN": "GK-KARTO.600.48.2024", "ZRO_DANYCH": "ortofotomapa", "KAT_ISTNIE": "eksploatowany", "UWAGI": null, "INFO_DODAT": null, "KOD10K": null, "SKROT_KART": null, "KAT_ZARZAD": "wewnętrzna", "KLASA_DROG": "droga wewnętrzna", "MATE_NAWIE": "grunt naturalny", "NAZWA_DROG": null, "LICZ_JEZDN": 1.0, "POLOZENIE": "na powierzchni gruntu", "SZER_NAWIE": null, "NUMER_DROG": null }, "geometry": { "type": "MultiLineString", "coordinates": [ [ [ 17.294226718715837, 52.95425725662566 ], [ 17.295455053643888, 52.954618336433668 ], [ 17.296595155232971, 52.954978048687359 ], [ 17.297485295404584, 52.9552568266352 ], [ 17.298127785598346, 52.955456237929234 ], [ 17.298405588856056, 52.95555302691465 ], [ 17.298497955241526, 52.955578631374784 ], [ 17.298590176431485, 52.955604143750605 ] ] ] } },
{ "type": "Feature", "properties": { "TERYT": "3028", "LOKALNYID": "D4E00EB7-BDE9-46BA-95D8-C6FF3590C57E", "PRZES_NAZW": "PL.PZGiK.308.BDOT10k", "WERSJA": "20231231120000", "POCZ_WERSJ": "20231231120000", "OZNA_ZMIAN": "GI-TOPO.600.116.2023", "ZRO_DANYCH": "ortofotomapa", "KAT_ISTNIE": "eksploatowany", "UWAGI": null, "INFO_DODAT": null, "KOD10K": null, "SKROT_KART": null, "KAT_ZARZAD": "wewnętrzna", "KLASA_DROG": "droga wewnętrzna", "MATE_NAWIE": "kostka prefabrykowana", "NAZWA_DROG": null, "LICZ_JEZDN": 1.0, "POLOZENIE": "na powierzchni gruntu", "SZER_NAWIE": 4.0, "NUMER_DROG": null }, "geometry": { "type": "MultiLineString", "coordinates": [ [ [ 17.304854131183287, 52.941279681070156 ], [ 17.30483587905205, 52.941342913309441 ] ] ] } },
{ "type": "Feature", "properties": { "TERYT": "3028", "LOKALNYID": "8e264f93-1109-429f-842c-2b7755e99ce2", "PRZES_NAZW": "PL.PZGiK.308.BDOT10k", "WERSJA": "20240917000000", "POCZ_WERSJ": "20240917000000", "OZNA_ZMIAN": "GK-KARTO.600.48.2024", "ZRO_DANYCH": "ortofotomapa", "KAT_ISTNIE": "eksploatowany", "UWAGI": null, "INFO_DODAT": null, "KOD10K": null, "SKROT_KART": null, "KAT_ZARZAD": "powiatowa", "KLASA_DROG": "droga lokalna", "MATE_NAWIE": "masa bitumiczna", "NAZWA_DROG": null, "LICZ_JEZDN": 1.0, "POLOZENIE": "na powierzchni gruntu", "SZER_NAWIE": 9.0, "NUMER_DROG": "1600P" }, "geometry": { "type": "MultiLineString", "coordinates": [ [ [ 17.291033749549854, 52.94061422599156 ], [ 17.291050930398313, 52.940620228833723 ], [ 17.291296000670513, 52.940706222223426 ] ] ] } },
{ "type": "Feature", "properties": { "TERYT": "3028", "LOKALNYID": "2EBDC9DC-3185-7DB6-E053-CC2BA8C07DDB", "PRZES_NAZW": "PL.PZGiK.308.BDOT10k", "WERSJA": "20240917000000", "POCZ_WERSJ": "20240917000000", "OZNA_ZMIAN": "GK-KARTO.600.48.2024", "ZRO_DANYCH": "ortofotomapa", "KAT_ISTNIE": "eksploatowany", "UWAGI": null, "INFO_DODAT": null, "KOD10K": null, "SKROT_KART": null, "KAT_ZARZAD": "wewnętrzna", "KLASA_DROG": "droga wewnętrzna", "MATE_NAWIE": "kostka prefabrykowana", "NAZWA_DROG": null, "LICZ_JEZDN": 1.0, "POLOZENIE": "na powierzchni gruntu", "SZER_NAWIE": 3.5, "NUMER_DROG": null }, "geometry": { "type": "MultiLineString", "coordinates": [ [ [ 17.301438764190266, 52.941800719470024 ], [ 17.301618458673826, 52.942028570295967 ] ] ] } },
{ "type": "Feature", "properties": { "TERYT": "3028", "LOKALNYID": "2EBDC9DC-45F9-7DB6-E053-CC2BA8C07DDB", "PRZES_NAZW": "PL.PZGiK.308.BDOT10k", "WERSJA": "20240917000000", "POCZ_WERSJ": "20240917000000", "OZNA_ZMIAN": "GK-KARTO.600.48.2024", "ZRO_DANYCH": "ortofotomapa", "KAT_ISTNIE": "eksploatowany", "UWAGI": null, "INFO_DODAT": null, "KOD10K": null, "SKROT_KART": null, "KAT_ZARZAD": "gminna", "KLASA_DROG": "droga dojazdowa", "MATE_NAWIE": "grunt naturalny", "NAZWA_DROG": null, "LICZ_JEZDN": 1.0, "POLOZENIE": "na powierzchni gruntu", "SZER_NAWIE": null, "NUMER_DROG": "207028P" }, "geometry": { "type": "MultiLineString", "coordinates": [ [ [ 17.273437149543224, 52.967514594544717 ], [ 17.273629629176149, 52.96752521489239 ], [ 17.273724972758419, 52.967524981053501 ], [ 17.273795443231776, 52.967517191223259 ], [ 17.273953958438465, 52.967449345831064 ], [ 17.27414881298246, 52.967362962166888 ], [ 17.274245948621925, 52.967321474707752 ], [ 17.274322170834367, 52.967288946592554 ], [ 17.274517851230865, 52.967207970299391 ], [ 17.274743121531571, 52.967117080958289 ], [ 17.274986918344506, 52.967017286946714 ], [ 17.275083468410408, 52.966964278892696 ], [ 17.275162623877623, 52.966914165959096 ], [ 17.275201008423039, 52.966885404904744 ], [ 17.275240581015606, 52.966845509393885 ], [ 17.275273895209835, 52.966801925726429 ], [ 17.275298358641098, 52.966748680711156 ], [ 17.275309174565322, 52.966697755757387 ], [ 17.275318175228175, 52.966591405757981 ], [ 17.275318370510277, 52.966552827353532 ], [ 17.275316573009334, 52.966440834735309 ], [ 17.27531395975749, 52.966386747102696 ], [ 17.275295616287252, 52.966275053957148 ], [ 17.275246731717456, 52.966073704069522 ], [ 17.275227294226976, 52.965978272895519 ], [ 17.275212131682029, 52.965779211047391 ], [ 17.27521800397539, 52.965669128385478 ], [ 17.275236864840586, 52.965535851653925 ], [ 17.275311970504472, 52.965370385781043 ], [ 17.275474950821884, 52.965115272816753 ], [ 17.275621455312521, 52.964926021305828 ], [ 17.275808704350787, 52.964689786217363 ], [ 17.275979304398081, 52.964490091899819 ], [ 17.276048649965567, 52.964401884362509 ], [ 17.276115615253115, 52.964298623449992 ], [ 17.276334492308653, 52.96397111469409 ], [ 17.276604361189825, 52.963552343586286 ], [ 17.276708637416945, 52.963368503865247 ], [ 17.276754290586361, 52.963287956390232 ], [ 17.276756585538536, 52.963282683622474 ], [ 17.276758884065089, 52.963277320973489 ], [ 17.276808799599422, 52.963179478218478 ], [ 17.276882008602389, 52.963016501977414 ] ] ] } },
{ "type": "Feature", "properties": { "TERYT": "3028", "LOKALNYID": "2EBDC9DC-3B74-7DB6-E053-CC2BA8C07DDB", "PRZES_NAZW": "PL.PZGiK.308.BDOT10k", "WERSJA": "20231231120000", "POCZ_WERSJ": "20231231120000", "OZNA_ZMIAN": "GI-TOPO.600.116.2023", "ZRO_DANYCH": "ortofotomapa", "KAT_ISTNIE": "eksploatowany", "UWAGI": null, "INFO_DODAT": null, "KOD10K": null, "SKROT_KART": null, "KAT_ZARZAD": "wewnętrzna", "KLASA_DROG": "droga wewnętrzna", "MATE_NAWIE": "masa bitumiczna", "NAZWA_DROG": null, "LICZ_JEZDN": 1.0, "POLOZENIE": "na powierzchni gruntu", "SZER_NAWIE": 3.0, "NUMER_DROG": null }, "geometry": { "type": "MultiLineString", "coordinates": [ [ [ 17.302291346741136, 52.952332084133047 ], [ 17.302488020843782, 52.95232149390565 ], [ 17.302733798027678, 52.952346048989703 ], [ 17.302859474667446, 52.952368888298054 ], [ 17.302881202456824, 52.952380620086984 ], [ 17.302899576198651, 52.95239814960108 ], [ 17.302898231808438, 52.952432484729641 ], [ 17.302869637552092, 52.952516253440152 ], [ 17.302605469641144, 52.953200825843474 ] ] ] } },
{ "type": "Feature", "properties": { "TERYT": "3028", "LOKALNYID": "2EBDC9DC-320C-7DB6-E053-CC2BA8C07DDB", "PRZES_NAZW": "PL.PZGiK.308.BDOT10k", "WERSJA": "20240917000000", "POCZ_WERSJ": "20240917000000", "OZNA_ZMIAN": "GK-KARTO.600.48.2024", "ZRO_DANYCH": "ortofotomapa", "KAT_ISTNIE": "eksploatowany", "UWAGI": null, "INFO_DODAT": null, "KOD10K": null, "SKROT_KART": null, "KAT_ZARZAD": "wewnętrzna", "KLASA_DROG": "droga wewnętrzna", "MATE_NAWIE": "grunt naturalny", "NAZWA_DROG": null, "LICZ_JEZDN": 1.0, "POLOZENIE": "na powierzchni gruntu", "SZER_NAWIE": null, "NUMER_DROG": null }, "geometry": { "type": "MultiLineString", "coordinates": [ [ [ 17.285704636247392, 52.938617829943539 ], [ 17.286045476158947, 52.93828765625382 ], [ 17.286263917857219, 52.938075057533389 ], [ 17.286286655458277, 52.93804211021579 ], [ 17.286292010599986, 52.938015837027685 ], [ 17.286286703791003, 52.93798815098625 ], [ 17.286255847496726, 52.937955329953027 ], [ 17.286021959005907, 52.937854468434239 ], [ 17.285683019768385, 52.937729967124895 ], [ 17.285380017749343, 52.937607692207429 ] ] ] } },
{ "type": "Feature", "properties": { "TERYT": "3028", "LOKALNYID": "2EBDC9DC-3934-7DB6-E053-CC2BA8C07DDB", "PRZES_NAZW": "PL.PZGiK.308.BDOT10k", "WERSJA": "20240917000000", "POCZ_WERSJ": "20240917000000", "OZNA_ZMIAN": "GK-KARTO.600.48.2024", "ZRO_DANYCH": "ortofotomapa", "KAT_ISTNIE": "eksploatowany", "UWAGI": "droga nie ma nadanego numeru", "INFO_DODAT": null, "KOD10K": null, "SKROT_KART": null, "KAT_ZARZAD": "gminna", "KLASA_DROG": "droga lokalna", "MATE_NAWIE": "masa bitumiczna", "NAZWA_DROG": null, "LICZ_JEZDN": 1.0, "POLOZENIE": "na powierzchni gruntu", "SZER_NAWIE": 6.0, "NUMER_DROG": null }, "geometry": { "type": "MultiLineString", "coordinates": [ [ [ 17.309582959397083, 52.945304188997632 ], [ 17.309405895084897, 52.945740541928615 ] ] ] } },
{ "type": "Feature", "properties": { "TERYT": "3028", "LOKALNYID": "3f6001ee-18a9-4421-a98f-319b83772f81", "PRZES_NAZW": "PL.PZGiK.308.BDOT10k", "WERSJA": "20260331000000", "POCZ_WERSJ": "20260331000000", "OZNA_ZMIAN": "BGW-I-K.7520.3.2026", "ZRO_DANYCH": "ortofotomapa", "KAT_ISTNIE": "eksploatowany", "UWAGI": null, "INFO_DODAT": null, "KOD10K": null, "SKROT_KART": null, "KAT_ZARZAD": "gminna", "KLASA_DROG": "droga lokalna", "MATE_NAWIE": "masa bitumiczna", "NAZWA_DROG": null, "LICZ_JEZDN": 1.0, "POLOZENIE": "na powierzchni gruntu", "SZER_NAWIE": 4.0, "NUMER_DROG": "207014P" }, "geometry": { "type": "MultiLineString", "coordinates": [ [ [ 17.311477760370575, 52.942640431191009 ], [ 17.311528342346481, 52.942641329878334 ] ] ] } },
{ "type": "Feature", "properties": { "TERYT": "3028", "LOKALNYID": "70741a13-c7ff-45d9-adc0-7a999a547eae", "PRZES_NAZW": "PL.PZGiK.308.BDOT10k", "WERSJA": "20240917000000", "POCZ_WERSJ": "20240917000000", "OZNA_ZMIAN": "GK-KARTO.600.48.2024", "ZRO_DANYCH": "ortofotomapa", "KAT_ISTNIE": "eksploatowany", "UWAGI": null, "INFO_DODAT": null, "KOD10K": null, "SKROT_KART": null, "KAT_ZARZAD": "wewnętrzna", "KLASA_DROG": "droga wewnętrzna", "MATE_NAWIE": "płyty betonowe", "NAZWA_DROG": null, "LICZ_JEZDN": 1.0, "POLOZENIE": "na powierzchni gruntu", "SZER_NAWIE": 3.0, "NUMER_DROG": null }, "geometry": { "type": "MultiLineString", "coordinates": [ [ [ 17.316295695028071, 52.948181478430314 ], [ 17.316221559882187, 52.948261637139225 ], [ 17.316025564583985, 52.948473798755245 ], [ 17.31597431788904, 52.948493667056034 ], [ 17.315839547573546, 52.9484788965677 ] ] ] } },
{ "type": "Feature", "properties": { "TERYT": "3028", "LOKALNYID": "f79d6bdc-0f48-4729-9b79-6171f602be36", "PRZES_NAZW": "PL.PZGiK.308.BDOT10k", "WERSJA": "20260331000000", "POCZ_WERSJ": "20260331000000", "OZNA_ZMIAN": "BGW-I-K.7520.3.2026", "ZRO_DANYCH": "ortofotomapa", "KAT_ISTNIE": "eksploatowany", "UWAGI": null, "INFO_DODAT": null, "KOD10K": null, "SKROT_KART": null, "KAT_ZARZAD": "gminna", "KLASA_DROG": "droga lokalna", "MATE_NAWIE": "masa bitumiczna", "NAZWA_DROG": null, "LICZ_JEZDN": 1.0, "POLOZENIE": "na powierzchni gruntu", "SZER_NAWIE": 4.0, "NUMER_DROG": "207014P" }, "geometry": { "type": "MultiLineString", "coordinates": [ [ [ 17.309112016937451, 52.942617399556134 ], [ 17.309555469802234, 52.942622270652201 ], [ 17.309924158038488, 52.94262409811676 ], [ 17.310698039212387, 52.942630786753732 ], [ 17.310855152025418, 52.942633290247556 ], [ 17.311477760370575, 52.942640431191009 ] ] ] } },
{ "type": "Feature", "properties": { "TERYT": "3028", "LOKALNYID": "2EBDC9DC-3C86-7DB6-E053-CC2BA8C07DDB", "PRZES_NAZW": "PL.PZGiK.308.BDOT10k", "WERSJA": "20260331000000", "POCZ_WERSJ": "20260331000000", "OZNA_ZMIAN": "BGW-I-K.7520.3.2026", "ZRO_DANYCH": "ortofotomapa", "KAT_ISTNIE": "eksploatowany", "UWAGI": null, "INFO_DODAT": null, "KOD10K": null, "SKROT_KART": null, "KAT_ZARZAD": "powiatowa", "KLASA_DROG": "droga zbiorcza", "MATE_NAWIE": "masa bitumiczna", "NAZWA_DROG": null, "LICZ_JEZDN": 1.0, "POLOZENIE": "na powierzchni gruntu", "SZER_NAWIE": 6.0, "NUMER_DROG": "1562P" }, "geometry": { "type": "MultiLineString", "coordinates": [ [ [ 17.299797165783374, 52.94079840929821 ], [ 17.30003453453994, 52.941305340606021 ], [ 17.300050188761162, 52.941338929721461 ], [ 17.300143865552652, 52.941535424561003 ], [ 17.300161234903936, 52.941570836857352 ], [ 17.30020650550836, 52.94165782018527 ] ] ] } },
{ "type": "Feature", "properties": { "TERYT": "3028", "LOKALNYID": "03560BE2-7EFA-482D-B280-8C514B39E344", "PRZES_NAZW": "PL.PZGiK.308.BDOT10k", "WERSJA": "20260303000000", "POCZ_WERSJ": "20260303000000", "OZNA_ZMIAN": "BGW-I-K.7520.3.2026", "ZRO_DANYCH": "ortofotomapa", "KAT_ISTNIE": "eksploatowany", "UWAGI": null, "INFO_DODAT": null, "KOD10K": null, "SKROT_KART": null, "KAT_ZARZAD": "wewnętrzna", "KLASA_DROG": "droga wewnętrzna", "MATE_NAWIE": "płyty betonowe", "NAZWA_DROG": null, "LICZ_JEZDN": 1.0, "POLOZENIE": "na powierzchni gruntu", "SZER_NAWIE": 4.0, "NUMER_DROG": null }, "geometry": { "type": "MultiLineString", "coordinates": [ [ [ 17.310767286017963, 52.947085693401426 ], [ 17.312104969006263, 52.947344014208738 ], [ 17.312176431821783, 52.947359418577051 ], [ 17.3122136061628, 52.947383598934344 ], [ 17.312223633089967, 52.947420523854966 ], [ 17.312214094737367, 52.947470480910951 ], [ 17.312038306973605, 52.947748304212027 ], [ 17.311903347691938, 52.947967891291228 ], [ 17.311856611841591, 52.948028651376923 ], [ 17.311752630634683, 52.94802240760594 ], [ 17.310785829609689, 52.947813423186659 ], [ 17.310438523444056, 52.947743194072004 ], [ 17.31029951061209, 52.947715136827725 ] ] ] } },
{ "type": "Feature", "properties": { "TERYT": "3028", "LOKALNYID": "2EBDC9DC-41EE-7DB6-E053-CC2BA8C07DDB", "PRZES_NAZW": "PL.PZGiK.308.BDOT10k", "WERSJA": "20240917000000", "POCZ_WERSJ": "20240917000000", "OZNA_ZMIAN": "GK-KARTO.600.48.2024", "ZRO_DANYCH": "ortofotomapa", "KAT_ISTNIE": "eksploatowany", "UWAGI": null, "INFO_DODAT": null, "KOD10K": null, "SKROT_KART": null, "KAT_ZARZAD": "gminna", "KLASA_DROG": "droga lokalna", "MATE_NAWIE": "masa bitumiczna", "NAZWA_DROG": null, "LICZ_JEZDN": 1.0, "POLOZENIE": "na powierzchni gruntu", "SZER_NAWIE": 4.0, "NUMER_DROG": "207004P" }, "geometry": { "type": "MultiLineString", "coordinates": [ [ [ 17.295473523962848, 52.942326745852476 ], [ 17.295464841806854, 52.942403693907018 ], [ 17.295462004419782, 52.942475869426453 ], [ 17.295469687144173, 52.942534166314879 ], [ 17.295520407292511, 52.942679236450402 ], [ 17.295581096734065, 52.942824449569677 ], [ 17.295622206928101, 52.942873153459814 ], [ 17.295666894860609, 52.942917951602134 ], [ 17.295741571133735, 52.942961111415116 ], [ 17.296033623617777, 52.94312502120971 ], [ 17.296221967001099, 52.943230695434771 ], [ 17.296358743336029, 52.943299926568478 ], [ 17.296400492690097, 52.943321029908645 ], [ 17.296511580044083, 52.943377211974152 ], [ 17.296533234067073, 52.943386875462075 ], [ 17.296662712030393, 52.943444849908886 ], [ 17.296713481537168, 52.943467521376306 ], [ 17.29681337289713, 52.943509333239369 ], [ 17.296892371373712, 52.94353726565879 ], [ 17.29700294389113, 52.943576262673517 ] ] ] } },
{ "type": "Feature", "properties": { "TERYT": "3028", "LOKALNYID": "7d909a64-3b8f-4463-8753-4fe528be7a1f", "PRZES_NAZW": "PL.PZGiK.308.BDOT10k", "WERSJA": "20240917000000", "POCZ_WERSJ": "20240917000000", "OZNA_ZMIAN": "GK-KARTO.600.48.2024", "ZRO_DANYCH": "ortofotomapa", "KAT_ISTNIE": "eksploatowany", "UWAGI": null, "INFO_DODAT": null, "KOD10K": null, "SKROT_KART": null, "KAT_ZARZAD": "wewnętrzna", "KLASA_DROG": "droga wewnętrzna", "MATE_NAWIE": "płyty betonowe", "NAZWA_DROG": null, "LICZ_JEZDN": 1.0, "POLOZENIE": "na powierzchni gruntu", "SZER_NAWIE": 3.0, "NUMER_DROG": null }, "geometry": { "type": "MultiLineString", "coordinates": [ [ [ 17.315839547573546, 52.9484788965677 ], [ 17.315865588236015, 52.948383487341729 ], [ 17.316044046109766, 52.948067025320512 ], [ 17.316097102620098, 52.947985219014051 ] ] ] } },
{ "type": "Feature", "properties": { "TERYT": "3028", "LOKALNYID": "2EBDC9DC-3B87-7DB6-E053-CC2BA8C07DDB", "PRZES_NAZW": "PL.PZGiK.308.BDOT10k", "WERSJA": "20240917000000", "POCZ_WERSJ": "20240917000000", "OZNA_ZMIAN": "GK-KARTO.600.48.2024", "ZRO_DANYCH": "ortofotomapa", "KAT_ISTNIE": "eksploatowany", "UWAGI": null, "INFO_DODAT": null, "KOD10K": null, "SKROT_KART": null, "KAT_ZARZAD": "wojewódzka", "KLASA_DROG": "droga główna", "MATE_NAWIE": "masa bitumiczna", "NAZWA_DROG": null, "LICZ_JEZDN": 1.0, "POLOZENIE": "na powierzchni gruntu", "SZER_NAWIE": 7.0, "NUMER_DROG": "242" }, "geometry": { "type": "MultiLineString", "coordinates": [ [ [ 17.301062253431436, 52.946994808882231 ], [ 17.301044355066228, 52.947060203979419 ] ] ] } },
{ "type": "Feature", "properties": { "TERYT": "3028", "LOKALNYID": "cM1ISsQr-ioPx-t8OO-YKFe-yONoNArj8JwL", "PRZES_NAZW": "PL.PZGiK.308.BDOT10k", "WERSJA": "20260623000000", "POCZ_WERSJ": "20260623000000", "OZNA_ZMIAN": "BGW-I-K.7520.3.2026", "ZRO_DANYCH": "ortofotomapa", "KAT_ISTNIE": "eksploatowany", "UWAGI": null, "INFO_DODAT": null, "KOD10K": null, "SKROT_KART": null, "KAT_ZARZAD": "wewnętrzna", "KLASA_DROG": "droga wewnętrzna", "MATE_NAWIE": "masa bitumiczna", "NAZWA_DROG": null, "LICZ_JEZDN": 1.0, "POLOZENIE": "na powierzchni gruntu", "SZER_NAWIE": 6.0, "NUMER_DROG": null }, "geometry": { "type": "MultiLineString", "coordinates": [ [ [ 17.301554804206216, 52.953803921173176 ], [ 17.301654203020274, 52.953593010524607 ], [ 17.301868200318861, 52.953117626373661 ] ] ] } },
{ "type": "Feature", "properties": { "TERYT": "3028", "LOKALNYID": "cd221c7f-539e-46d3-9f66-022af80c06a3", "PRZES_NAZW": "PL.PZGiK.308.BDOT10k", "WERSJA": "20240917000000", "POCZ_WERSJ": "20240917000000", "OZNA_ZMIAN": "GK-KARTO.600.48.2024", "ZRO_DANYCH": "ortofotomapa", "KAT_ISTNIE": "eksploatowany", "UWAGI": null, "INFO_DODAT": null, "KOD10K": null, "SKROT_KART": null, "KAT_ZARZAD": "wewnętrzna", "KLASA_DROG": "droga wewnętrzna", "MATE_NAWIE": "kostka prefabrykowana", "NAZWA_DROG": null, "LICZ_JEZDN": 1.0, "POLOZENIE": "na powierzchni gruntu", "SZER_NAWIE": 4.0, "NUMER_DROG": null }, "geometry": { "type": "MultiLineString", "coordinates": [ [ [ 17.311477760370575, 52.942640431191009 ], [ 17.311478552117176, 52.942960333497247 ], [ 17.311466896419965, 52.943087602662651 ] ] ] } },
{ "type": "Feature", "properties": { "TERYT": "3028", "LOKALNYID": "2EBDC9DC-385B-7DB6-E053-CC2BA8C07DDB", "PRZES_NAZW": "PL.PZGiK.308.BDOT10k", "WERSJA": "20240917000000", "POCZ_WERSJ": "20240917000000", "OZNA_ZMIAN": "GK-KARTO.600.48.2024", "ZRO_DANYCH": "ortofotomapa", "KAT_ISTNIE": "eksploatowany", "UWAGI": null, "INFO_DODAT": null, "KOD10K": null, "SKROT_KART": null, "KAT_ZARZAD": "gminna", "KLASA_DROG": "droga lokalna", "MATE_NAWIE": "masa bitumiczna", "NAZWA_DROG": null, "LICZ_JEZDN": 1.0, "POLOZENIE": "na powierzchni gruntu", "SZER_NAWIE": 5.0, "NUMER_DROG": "207046P" }, "geometry": { "type": "MultiLineString", "coordinates": [ [ [ 17.300163732919295, 52.946029748431286 ], [ 17.300265046989281, 52.946020315906544 ], [ 17.300373932290771, 52.946011441261369 ], [ 17.300480847619973, 52.946018636331907 ], [ 17.300566913927266, 52.946029759958996 ], [ 17.300642280633369, 52.946040370766561 ], [ 17.300816399740494, 52.94607271861728 ], [ 17.301044328210143, 52.946118696027973 ], [ 17.301203813357422, 52.946155960236368 ], [ 17.301262827149976, 52.946169754295333 ], [ 17.301297496362125, 52.946177894244443 ] ] ] } },
{ "type": "Feature", "properties": { "TERYT": "3028", "LOKALNYID": "2EBDC9DC-3C6B-7DB6-E053-CC2BA8C07DDB", "PRZES_NAZW": "PL.PZGiK.308.BDOT10k", "WERSJA": "20260618000000", "POCZ_WERSJ": "20260618000000", "OZNA_ZMIAN": "BGW-I-K.7520.3.2026", "ZRO_DANYCH": "ortofotomapa", "KAT_ISTNIE": "eksploatowany", "UWAGI": null, "INFO_DODAT": null, "KOD10K": null, "SKROT_KART": null, "KAT_ZARZAD": "wewnętrzna", "KLASA_DROG": "droga wewnętrzna", "MATE_NAWIE": "tłuczeń", "NAZWA_DROG": null, "LICZ_JEZDN": 1.0, "POLOZENIE": "na powierzchni gruntu", "SZER_NAWIE": 4.0, "NUMER_DROG": null }, "geometry": { "type": "MultiLineString", "coordinates": [ [ [ 17.300147111272462, 52.942485522982871 ], [ 17.300253235969993, 52.942497473451922 ], [ 17.300845187972293, 52.942595423610221 ], [ 17.301074612611224, 52.942633148663703 ] ] ] } },
{ "type": "Feature", "properties": { "TERYT": "3028", "LOKALNYID": "3CA6AF01-F8BD-414A-8070-03FB0EEBFB68", "PRZES_NAZW": "PL.PZGiK.308.BDOT10k", "WERSJA": "20260622000000", "POCZ_WERSJ": "20260622000000", "OZNA_ZMIAN": "BGW-I-K.7520.3.2026", "ZRO_DANYCH": "ortofotomapa", "KAT_ISTNIE": "eksploatowany", "UWAGI": null, "INFO_DODAT": null, "KOD10K": null, "SKROT_KART": null, "KAT_ZARZAD": "gminna", "KLASA_DROG": "droga dojazdowa", "MATE_NAWIE": "masa bitumiczna", "NAZWA_DROG": null, "LICZ_JEZDN": 1.0, "POLOZENIE": "na powierzchni gruntu", "SZER_NAWIE": 5.0, "NUMER_DROG": "207028P" }, "geometry": { "type": "MultiLineString", "coordinates": [ [ [ 17.287221995164447, 52.956046259663125 ], [ 17.28754020975239, 52.955956506182083 ], [ 17.287989264693294, 52.955845614127895 ], [ 17.28870698917876, 52.955662506566888 ], [ 17.289452029512987, 52.955473852339601 ], [ 17.289871683639959, 52.955364328655889 ] ] ] } },
{ "type": "Feature", "properties": { "TERYT": "3028", "LOKALNYID": "1f56beeb-959d-4ad7-8c5c-d670c014c151", "PRZES_NAZW": "PL.PZGiK.308.BDOT10k", "WERSJA": "20240917000000", "POCZ_WERSJ": "20240917000000", "OZNA_ZMIAN": "GK-KARTO.600.48.2024", "ZRO_DANYCH": "ortofotomapa", "KAT_ISTNIE": "eksploatowany", "UWAGI": null, "INFO_DODAT": null, "KOD10K": null, "SKROT_KART": null, "KAT_ZARZAD": "powiatowa", "KLASA_DROG": "droga lokalna", "MATE_NAWIE": "masa bitumiczna", "NAZWA_DROG": null, "LICZ_JEZDN": 1.0, "POLOZENIE": "na powierzchni gruntu", "SZER_NAWIE": 6.0, "NUMER_DROG": "1557P" }, "geometry": { "type": "MultiLineString", "coordinates": [ [ [ 17.316295695028071, 52.948181478430314 ], [ 17.316414486889947, 52.948308617733367 ], [ 17.316735494368803, 52.948699876124138 ], [ 17.317182806605594, 52.949209115419549 ], [ 17.317540085995383, 52.949625256932151 ], [ 17.317907220828104, 52.950079218592954 ], [ 17.317939903640141, 52.950119521407302 ] ] ] } },
{ "type": "Feature", "properties": { "TERYT": "3028", "LOKALNYID": "2EBDC9DC-45E1-7DB6-E053-CC2BA8C07DDB", "PRZES_NAZW": "PL.PZGiK.308.BDOT10k", "WERSJA": "20231231120000", "POCZ_WERSJ": "20231231120000", "OZNA_ZMIAN": "GI-TOPO.600.116.2023", "ZRO_DANYCH": "ortofotomapa", "KAT_ISTNIE": "eksploatowany", "UWAGI": null, "INFO_DODAT": null, "KOD10K": null, "SKROT_KART": null, "KAT_ZARZAD": "wewnętrzna", "KLASA_DROG": "droga wewnętrzna", "MATE_NAWIE": "masa bitumiczna", "NAZWA_DROG": null, "LICZ_JEZDN": 1.0, "POLOZENIE": "na powierzchni gruntu", "SZER_NAWIE": 4.0, "NUMER_DROG": null }, "geometry": { "type": "MultiLineString", "coordinates": [ [ [ 17.301868200318861, 52.953117626373661 ], [ 17.30197236243988, 52.95288007348352 ], [ 17.302095495491503, 52.952644770095603 ], [ 17.302291346741136, 52.952332084133047 ] ] ] } },
{ "type": "Feature", "properties": { "TERYT": "3028", "LOKALNYID": "2EBDC9DC-3951-7DB6-E053-CC2BA8C07DDB", "PRZES_NAZW": "PL.PZGiK.308.BDOT10k", "WERSJA": "20240917000000", "POCZ_WERSJ": "20240917000000", "OZNA_ZMIAN": "GK-KARTO.600.48.2024", "ZRO_DANYCH": "ortofotomapa", "KAT_ISTNIE": "eksploatowany", "UWAGI": null, "INFO_DODAT": null, "KOD10K": null, "SKROT_KART": null, "KAT_ZARZAD": "wewnętrzna", "KLASA_DROG": "droga wewnętrzna", "MATE_NAWIE": "grunt naturalny", "NAZWA_DROG": null, "LICZ_JEZDN": 1.0, "POLOZENIE": "na powierzchni gruntu", "SZER_NAWIE": null, "NUMER_DROG": null }, "geometry": { "type": "MultiLineString", "coordinates": [ [ [ 17.293022154835448, 52.950396855453782 ], [ 17.293405942338286, 52.950205954585797 ], [ 17.293902415825965, 52.949974132228071 ], [ 17.294467362881285, 52.949689690637562 ], [ 17.294860768866648, 52.949507556746894 ], [ 17.295366114338083, 52.949254181819889 ], [ 17.295728593108766, 52.949085900741686 ], [ 17.295885826272944, 52.949013961151429 ], [ 17.296186540777416, 52.948875190208639 ], [ 17.296349076635163, 52.948804675041998 ] ] ] } },
{ "type": "Feature", "properties": { "TERYT": "3028", "LOKALNYID": "dc533329-44d9-46ab-98a1-7f3d907d1a23", "PRZES_NAZW": "PL.PZGiK.308.BDOT10k", "WERSJA": "20240917000000", "POCZ_WERSJ": "20240917000000", "OZNA_ZMIAN": "GK-KARTO.600.48.2024", "ZRO_DANYCH": "ortofotomapa", "KAT_ISTNIE": "eksploatowany", "UWAGI": null, "INFO_DODAT": null, "KOD10K": null, "SKROT_KART": null, "KAT_ZARZAD": "powiatowa", "KLASA_DROG": "droga lokalna", "MATE_NAWIE": "masa bitumiczna", "NAZWA_DROG": null, "LICZ_JEZDN": 1.0, "POLOZENIE": "na powierzchni gruntu", "SZER_NAWIE": 6.0, "NUMER_DROG": "1557P" }, "geometry": { "type": "MultiLineString", "coordinates": [ [ [ 17.316097102620098, 52.947985219014051 ], [ 17.31618361862898, 52.94806162878092 ], [ 17.316295695028071, 52.948181478430314 ] ] ] } },
{ "type": "Feature", "properties": { "TERYT": "3028", "LOKALNYID": "2EBDC9DC-345D-7DB6-E053-CC2BA8C07DDB", "PRZES_NAZW": "PL.PZGiK.308.BDOT10k", "WERSJA": "20240917000000", "POCZ_WERSJ": "20240917000000", "OZNA_ZMIAN": "GK-KARTO.600.48.2024", "ZRO_DANYCH": "ortofotomapa", "KAT_ISTNIE": "eksploatowany", "UWAGI": null, "INFO_DODAT": null, "KOD10K": null, "SKROT_KART": null, "KAT_ZARZAD": "gminna", "KLASA_DROG": "droga lokalna", "MATE_NAWIE": "masa bitumiczna", "NAZWA_DROG": null, "LICZ_JEZDN": 1.0, "POLOZENIE": "na powierzchni gruntu", "SZER_NAWIE": 6.0, "NUMER_DROG": "207005P" }, "geometry": { "type": "MultiLineString", "coordinates": [ [ [ 17.302513247485862, 52.944019342308756 ], [ 17.302456126294835, 52.944120779962041 ], [ 17.30242940168144, 52.944168332390838 ], [ 17.302388278848642, 52.944241399914048 ], [ 17.30232667049286, 52.944350957290141 ], [ 17.302317074007188, 52.94436790742914 ], [ 17.302273553418122, 52.944445167500355 ], [ 17.302257388112626, 52.9444739848539 ], [ 17.302248432514538, 52.944489775016812 ], [ 17.302182659049077, 52.944606827169345 ], [ 17.302177063966198, 52.944616639840604 ], [ 17.30209993347653, 52.94475376456942 ], [ 17.302052084784581, 52.944838876807964 ], [ 17.302046163884068, 52.944849404280376 ], [ 17.302022806010569, 52.944890799358525 ] ] ] } },
{ "type": "Feature", "properties": { "TERYT": "3028", "LOKALNYID": "3E1E4B64-FA8E-4AC9-A1DC-884B762411BE", "PRZES_NAZW": "PL.PZGiK.308.BDOT10k", "WERSJA": "20240917000000", "POCZ_WERSJ": "20240917000000", "OZNA_ZMIAN": "GK-KARTO.600.48.2024", "ZRO_DANYCH": "ortofotomapa", "KAT_ISTNIE": "eksploatowany", "UWAGI": null, "INFO_DODAT": null, "KOD10K": null, "SKROT_KART": null, "KAT_ZARZAD": "wewnętrzna", "KLASA_DROG": "droga wewnętrzna", "MATE_NAWIE": "płyty betonowe", "NAZWA_DROG": null, "LICZ_JEZDN": 1.0, "POLOZENIE": "na powierzchni gruntu", "SZER_NAWIE": 4.0, "NUMER_DROG": null }, "geometry": { "type": "MultiLineString", "coordinates": [ [ [ 17.309331282599967, 52.946806263207023 ], [ 17.309030269671922, 52.947228980714129 ], [ 17.308974098226891, 52.947252912832539 ], [ 17.308884225552848, 52.947259098183054 ], [ 17.308107511502136, 52.947067276183972 ], [ 17.307925013065578, 52.947031941908413 ], [ 17.307874413499704, 52.947035178376794 ], [ 17.307840500032221, 52.947053401436541 ], [ 17.30772648296103, 52.947247111703092 ], [ 17.307731403052749, 52.947281266310448 ], [ 17.307772344108241, 52.947304242660159 ], [ 17.307850541012826, 52.947330177751788 ], [ 17.308052619455303, 52.94737505402086 ], [ 17.308921823035476, 52.947612079891101 ], [ 17.309270229294349, 52.947703643186415 ], [ 17.309588368597115, 52.947769593685237 ], [ 17.309687787786817, 52.947789714039907 ], [ 17.309754298239202, 52.947790840036213 ], [ 17.309832449700856, 52.947772166505565 ], [ 17.309931146028031, 52.947734449599594 ], [ 17.310057550427278, 52.94769254012153 ], [ 17.310120545405127, 52.947692176990458 ], [ 17.31029951061209, 52.947715136827725 ] ] ] } },
{ "type": "Feature", "properties": { "TERYT": "3028", "LOKALNYID": "dd4f8d2b-fc09-4bd0-b5a8-91a43f92644d", "PRZES_NAZW": "PL.PZGiK.308.BDOT10k", "WERSJA": "20240917000000", "POCZ_WERSJ": "20240917000000", "OZNA_ZMIAN": "GK-KARTO.600.48.2024", "ZRO_DANYCH": "ortofotomapa", "KAT_ISTNIE": "eksploatowany", "UWAGI": null, "INFO_DODAT": null, "KOD10K": null, "SKROT_KART": null, "KAT_ZARZAD": "gminna", "KLASA_DROG": "droga lokalna", "MATE_NAWIE": "masa bitumiczna", "NAZWA_DROG": null, "LICZ_JEZDN": 1.0, "POLOZENIE": "na powierzchni gruntu", "SZER_NAWIE": 6.0, "NUMER_DROG": "207004P" }, "geometry": { "type": "MultiLineString", "coordinates": [ [ [ 17.299172958331098, 52.944168707223341 ], [ 17.299341868015983, 52.944200802860813 ] ] ] } },
{ "type": "Feature", "properties": { "TERYT": "3028", "LOKALNYID": "2EBDC9DC-361D-7DB6-E053-CC2BA8C07DDB", "PRZES_NAZW": "PL.PZGiK.308.BDOT10k", "WERSJA": "20240917000000", "POCZ_WERSJ": "20240917000000", "OZNA_ZMIAN": "GK-KARTO.600.48.2024", "ZRO_DANYCH": "ortofotomapa", "KAT_ISTNIE": "eksploatowany", "UWAGI": null, "INFO_DODAT": null, "KOD10K": null, "SKROT_KART": null, "KAT_ZARZAD": "gminna", "KLASA_DROG": "droga lokalna", "MATE_NAWIE": "masa bitumiczna", "NAZWA_DROG": null, "LICZ_JEZDN": 1.0, "POLOZENIE": "na powierzchni gruntu", "SZER_NAWIE": 6.0, "NUMER_DROG": "207002P" }, "geometry": { "type": "MultiLineString", "coordinates": [ [ [ 17.308339070913558, 52.944693019146669 ], [ 17.308229708571002, 52.944962249835278 ], [ 17.308197105246904, 52.945046142615311 ], [ 17.308180562800054, 52.945088535237524 ] ] ] } },
{ "type": "Feature", "properties": { "TERYT": "3028", "LOKALNYID": "55cb91bd-c4d0-4858-a8b9-4e7a205db188", "PRZES_NAZW": "PL.PZGiK.308.BDOT10k", "WERSJA": "20240917000000", "POCZ_WERSJ": "20240917000000", "OZNA_ZMIAN": "GK-KARTO.600.48.2024", "ZRO_DANYCH": "ortofotomapa", "KAT_ISTNIE": "eksploatowany", "UWAGI": null, "INFO_DODAT": null, "KOD10K": null, "SKROT_KART": null, "KAT_ZARZAD": "gminna", "KLASA_DROG": "droga lokalna", "MATE_NAWIE": "masa bitumiczna", "NAZWA_DROG": null, "LICZ_JEZDN": 1.0, "POLOZENIE": "na powierzchni gruntu", "SZER_NAWIE": 6.0, "NUMER_DROG": "207004P" }, "geometry": { "type": "MultiLineString", "coordinates": [ [ [ 17.298523933677508, 52.944052664459576 ], [ 17.298703729140481, 52.944084287365193 ], [ 17.298759153447275, 52.944094613845436 ], [ 17.299172958331098, 52.944168707223341 ] ] ] } },
{ "type": "Feature", "properties": { "TERYT": "3028", "LOKALNYID": "2EBDC9DC-42B5-7DB6-E053-CC2BA8C07DDB", "PRZES_NAZW": "PL.PZGiK.308.BDOT10k", "WERSJA": "20240917000000", "POCZ_WERSJ": "20240917000000", "OZNA_ZMIAN": "GK-KARTO.600.48.2024", "ZRO_DANYCH": "ortofotomapa", "KAT_ISTNIE": "eksploatowany", "UWAGI": "droga nie ma nadanego numeru", "INFO_DODAT": null, "KOD10K": null, "SKROT_KART": null, "KAT_ZARZAD": "gminna", "KLASA_DROG": "droga lokalna", "MATE_NAWIE": "masa bitumiczna", "NAZWA_DROG": null, "LICZ_JEZDN": 1.0, "POLOZENIE": "na powierzchni gruntu", "SZER_NAWIE": 6.0, "NUMER_DROG": null }, "geometry": { "type": "MultiLineString", "coordinates": [ [ [ 17.309750799997097, 52.94491339045463 ], [ 17.309582959397083, 52.945304188997632 ] ] ] } },
{ "type": "Feature", "properties": { "TERYT": "3028", "LOKALNYID": "DFD7AAF8-2E72-4FA0-9158-D13A48725F8E", "PRZES_NAZW": "PL.PZGiK.308.BDOT10k", "WERSJA": "20240917000000", "POCZ_WERSJ": "20240917000000", "OZNA_ZMIAN": "GK-KARTO.600.48.2024", "ZRO_DANYCH": "ortofotomapa", "KAT_ISTNIE": "eksploatowany", "UWAGI": null, "INFO_DODAT": "linia umowna", "KOD10K": null, "SKROT_KART": null, "KAT_ZARZAD": "wewnętrzna", "KLASA_DROG": "droga wewnętrzna", "MATE_NAWIE": "kostka prefabrykowana", "NAZWA_DROG": null, "LICZ_JEZDN": 1.0, "POLOZENIE": "na powierzchni gruntu", "SZER_NAWIE": null, "NUMER_DROG": null }, "geometry": { "type": "MultiLineString", "coordinates": [ [ [ 17.301160960048506, 52.938947400811529 ], [ 17.301547732783373, 52.939303849077987 ], [ 17.301613579182746, 52.939367203856364 ], [ 17.3013806516337, 52.939468735857439 ] ] ] } },
{ "type": "Feature", "properties": { "TERYT": "3028", "LOKALNYID": "2EBDC9DC-4381-7DB6-E053-CC2BA8C07DDB", "PRZES_NAZW": "PL.PZGiK.308.BDOT10k", "WERSJA": "20240917000000", "POCZ_WERSJ": "20240917000000", "OZNA_ZMIAN": "GK-KARTO.600.48.2024", "ZRO_DANYCH": "ortofotomapa", "KAT_ISTNIE": "eksploatowany", "UWAGI": null, "INFO_DODAT": null, "KOD10K": null, "SKROT_KART": null, "KAT_ZARZAD": "gminna", "KLASA_DROG": "droga lokalna", "MATE_NAWIE": "masa bitumiczna", "NAZWA_DROG": null, "LICZ_JEZDN": 1.0, "POLOZENIE": "na powierzchni gruntu", "SZER_NAWIE": 4.0, "NUMER_DROG": "207047P" }, "geometry": { "type": "MultiLineString", "coordinates": [ [ [ 17.30579571869109, 52.947135780331813 ], [ 17.305842702090356, 52.946946961746562 ], [ 17.305877655562117, 52.946806895084592 ], [ 17.305889819817502, 52.946758504786267 ], [ 17.305933991357545, 52.946565419224562 ], [ 17.305988710002303, 52.946300537737478 ], [ 17.30601584650395, 52.946169982395013 ], [ 17.306030089381295, 52.946098868703686 ], [ 17.306039418221154, 52.946027774885877 ] ] ] } },
{ "type": "Feature", "properties": { "TERYT": "3028", "LOKALNYID": "2EBDC9DC-3AD3-7DB6-E053-CC2BA8C07DDB", "PRZES_NAZW": "PL.PZGiK.308.BDOT10k", "WERSJA": "20260622000000", "POCZ_WERSJ": "20260622000000", "OZNA_ZMIAN": "BGW-I-K.7520.3.2026", "ZRO_DANYCH": "ortofotomapa", "KAT_ISTNIE": "eksploatowany", "UWAGI": null, "INFO_DODAT": null, "KOD10K": null, "SKROT_KART": null, "KAT_ZARZAD": "wewnętrzna", "KLASA_DROG": "droga wewnętrzna", "MATE_NAWIE": "masa bitumiczna", "NAZWA_DROG": null, "LICZ_JEZDN": 1.0, "POLOZENIE": "na powierzchni gruntu", "SZER_NAWIE": 4.0, "NUMER_DROG": null }, "geometry": { "type": "MultiLineString", "coordinates": [ [ [ 17.287808639467606, 52.944577911375191 ], [ 17.28778269575665, 52.944394163920791 ], [ 17.287852017611691, 52.944335267418502 ], [ 17.287930186946888, 52.944304917223242 ], [ 17.287992263127727, 52.944301315026152 ], [ 17.288095237810481, 52.944332746443152 ], [ 17.28842950860248, 52.944411037453243 ], [ 17.288512176340671, 52.944391183915705 ], [ 17.288902196546569, 52.94406413877126 ] ] ] } },
{ "type": "Feature", "properties": { "TERYT": "3028", "LOKALNYID": "2EBDC9DC-5396-7DB6-E053-CC2BA8C07DDB", "PRZES_NAZW": "PL.PZGiK.308.BDOT10k", "WERSJA": "20240917000000", "POCZ_WERSJ": "20240917000000", "OZNA_ZMIAN": "GK-KARTO.600.48.2024", "ZRO_DANYCH": "ortofotomapa", "KAT_ISTNIE": "eksploatowany", "UWAGI": null, "INFO_DODAT": null, "KOD10K": null, "SKROT_KART": null, "KAT_ZARZAD": "gminna", "KLASA_DROG": "droga lokalna", "MATE_NAWIE": "masa bitumiczna", "NAZWA_DROG": null, "LICZ_JEZDN": 1.0, "POLOZENIE": "na powierzchni gruntu", "SZER_NAWIE": 5.0, "NUMER_DROG": "207014P" }, "geometry": { "type": "MultiLineString", "coordinates": [ [ [ 17.317274476238456, 52.943007844924253 ], [ 17.317437263309795, 52.94306366024675 ], [ 17.31757760990358, 52.943087771065329 ], [ 17.318464564468631, 52.943154106629073 ], [ 17.319071997465077, 52.943203441188523 ] ] ] } },
{ "type": "Feature", "properties": { "TERYT": "3028", "LOKALNYID": "2EBDC9DC-3D13-7DB6-E053-CC2BA8C07DDB", "PRZES_NAZW": "PL.PZGiK.308.BDOT10k", "WERSJA": "20260622000000", "POCZ_WERSJ": "20260622000000", "OZNA_ZMIAN": "BGW-I-K.7520.3.2026", "ZRO_DANYCH": "ortofotomapa", "KAT_ISTNIE": "eksploatowany", "UWAGI": null, "INFO_DODAT": null, "KOD10K": null, "SKROT_KART": null, "KAT_ZARZAD": "wewnętrzna", "KLASA_DROG": "droga wewnętrzna", "MATE_NAWIE": "masa bitumiczna", "NAZWA_DROG": null, "LICZ_JEZDN": 1.0, "POLOZENIE": "na powierzchni gruntu", "SZER_NAWIE": 7.0, "NUMER_DROG": null }, "geometry": { "type": "MultiLineString", "coordinates": [ [ [ 17.287808639467606, 52.944577911375191 ], [ 17.287900872301051, 52.944666475546391 ] ] ] } },
{ "type": "Feature", "properties": { "TERYT": "3028", "LOKALNYID": "2EBDC9DC-3D20-7DB6-E053-CC2BA8C07DDB", "PRZES_NAZW": "PL.PZGiK.308.BDOT10k", "WERSJA": "20231231120000", "POCZ_WERSJ": "20231231120000", "OZNA_ZMIAN": "GI-TOPO.600.116.2023", "ZRO_DANYCH": "ortofotomapa", "KAT_ISTNIE": "eksploatowany", "UWAGI": null, "INFO_DODAT": null, "KOD10K": null, "SKROT_KART": null, "KAT_ZARZAD": "wewnętrzna", "KLASA_DROG": "droga wewnętrzna", "MATE_NAWIE": "grunt naturalny", "NAZWA_DROG": null, "LICZ_JEZDN": 1.0, "POLOZENIE": "na powierzchni gruntu", "SZER_NAWIE": null, "NUMER_DROG": null }, "geometry": { "type": "MultiLineString", "coordinates": [ [ [ 17.295176839230137, 52.941428914501671 ], [ 17.295231550324917, 52.941434555906099 ], [ 17.295292390659355, 52.941447120137624 ], [ 17.29541286424238, 52.941480235229925 ], [ 17.295656128951684, 52.941548117083101 ], [ 17.295845652196125, 52.941597061155591 ], [ 17.296004911302504, 52.941639545374443 ], [ 17.296273781693838, 52.941752939557233 ], [ 17.296560017146358, 52.941879082775117 ], [ 17.296732036303329, 52.941960600012152 ], [ 17.296819963223786, 52.941992347751423 ], [ 17.296943447044605, 52.942024695025758 ], [ 17.297052557584969, 52.942047752927188 ], [ 17.297392501618777, 52.942118006091029 ] ] ] } },
{ "type": "Feature", "properties": { "TERYT": "3028", "LOKALNYID": "2EBDC9DC-345B-7DB6-E053-CC2BA8C07DDB", "PRZES_NAZW": "PL.PZGiK.308.BDOT10k", "WERSJA": "20240917000000", "POCZ_WERSJ": "20240917000000", "OZNA_ZMIAN": "GK-KARTO.600.48.2024", "ZRO_DANYCH": "ortofotomapa", "KAT_ISTNIE": "eksploatowany", "UWAGI": null, "INFO_DODAT": null, "KOD10K": null, "SKROT_KART": null, "KAT_ZARZAD": "gminna", "KLASA_DROG": "droga lokalna", "MATE_NAWIE": "masa bitumiczna", "NAZWA_DROG": null, "LICZ_JEZDN": 1.0, "POLOZENIE": "na powierzchni gruntu", "SZER_NAWIE": 6.0, "NUMER_DROG": "207017P" }, "geometry": { "type": "MultiLineString", "coordinates": [ [ [ 17.306432890517506, 52.944477365557447 ], [ 17.306450633311222, 52.944469074830174 ], [ 17.306505882125411, 52.944457271694858 ], [ 17.306533070662997, 52.944451094106753 ], [ 17.30659482139318, 52.944451974200298 ], [ 17.306663702493939, 52.944449448498929 ], [ 17.30673850523301, 52.944451593722277 ], [ 17.306816606679323, 52.944464577849068 ], [ 17.307162170153973, 52.94451761578209 ], [ 17.307527643849866, 52.944567878594597 ], [ 17.30766824006491, 52.94458939662352 ], [ 17.30778366362215, 52.944607408327535 ], [ 17.308339070913558, 52.944693019146669 ] ] ] } },
{ "type": "Feature", "properties": { "TERYT": "3028", "LOKALNYID": "2EBDC9DC-3B76-7DB6-E053-CC2BA8C07DDB", "PRZES_NAZW": "PL.PZGiK.308.BDOT10k", "WERSJA": "20260331000000", "POCZ_WERSJ": "20260331000000", "OZNA_ZMIAN": "BGW-I-K.7520.3.2026", "ZRO_DANYCH": "ortofotomapa", "KAT_ISTNIE": "eksploatowany", "UWAGI": null, "INFO_DODAT": null, "KOD10K": null, "SKROT_KART": null, "KAT_ZARZAD": "wewnętrzna", "KLASA_DROG": "droga wewnętrzna", "MATE_NAWIE": "masa bitumiczna", "NAZWA_DROG": null, "LICZ_JEZDN": 1.0, "POLOZENIE": "na powierzchni gruntu", "SZER_NAWIE": 3.0, "NUMER_DROG": null }, "geometry": { "type": "MultiLineString", "coordinates": [ [ [ 17.30454470239188, 52.939933916147346 ], [ 17.305071555057747, 52.939723885374072 ], [ 17.305236827805334, 52.939646832182973 ] ] ] } },
{ "type": "Feature", "properties": { "TERYT": "3028", "LOKALNYID": "giGK5Q6r-xkFF-kLMK-qSVH-7e52ZXYn0SxL", "PRZES_NAZW": "PL.PZGiK.308.BDOT10k", "WERSJA": "20260519000000", "POCZ_WERSJ": "20260519000000", "OZNA_ZMIAN": "BGW-I-K.7520.3.2026", "ZRO_DANYCH": "ortofotomapa", "KAT_ISTNIE": "eksploatowany", "UWAGI": null, "INFO_DODAT": null, "KOD10K": null, "SKROT_KART": null, "KAT_ZARZAD": "wewnętrzna", "KLASA_DROG": "droga wewnętrzna", "MATE_NAWIE": "grunt naturalny", "NAZWA_DROG": null, "LICZ_JEZDN": 1.0, "POLOZENIE": "na powierzchni gruntu", "SZER_NAWIE": null, "NUMER_DROG": null }, "geometry": { "type": "MultiLineString", "coordinates": [ [ [ 17.314188953335243, 52.95961478091666 ], [ 17.314184765261437, 52.959684149437294 ], [ 17.314149680366622, 52.95973994949685 ], [ 17.314038159631355, 52.959880820545301 ], [ 17.313924059569253, 52.960038202484299 ], [ 17.313894523508182, 52.960093002006133 ], [ 17.313896999671158, 52.960125053127577 ], [ 17.313912428992037, 52.960149553832501 ], [ 17.313948315473532, 52.96016885889609 ], [ 17.313978601159466, 52.960179001298869 ], [ 17.31410968123469, 52.960205322601105 ], [ 17.314959788744737, 52.960351019413956 ], [ 17.316649671795322, 52.960628938310613 ], [ 17.318868950681974, 52.960978355171228 ], [ 17.320440889421484, 52.961230269508228 ], [ 17.320715328016583, 52.961273898005977 ], [ 17.320797603459901, 52.96127613978441 ], [ 17.320871245481634, 52.961262881071654 ], [ 17.320919841574515, 52.9612348792486 ], [ 17.320988289786637, 52.96116731781391 ], [ 17.321111060975081, 52.961020034258972 ], [ 17.321194566442138, 52.960940544547078 ], [ 17.321226188983516, 52.960927771198499 ], [ 17.321259385337651, 52.960920505953119 ], [ 17.321308805065115, 52.960921204059041 ], [ 17.321351969387258, 52.960937282164807 ], [ 17.321398343245139, 52.960966625659218 ], [ 17.321808578803747, 52.961234122961514 ], [ 17.322809267432849, 52.961888748760266 ], [ 17.324006150347717, 52.962666372558012 ], [ 17.32560380503832, 52.963700452567728 ], [ 17.325750130505551, 52.963795234355274 ], [ 17.326069563401951, 52.964001002702467 ] ] ] } },
{ "type": "Feature", "properties": { "TERYT": "3028", "LOKALNYID": "C7E0D661-70DB-476E-8776-795574131E82", "PRZES_NAZW": "PL.PZGiK.308.BDOT10k", "WERSJA": "20240917000000", "POCZ_WERSJ": "20240917000000", "OZNA_ZMIAN": "GK-KARTO.600.48.2024", "ZRO_DANYCH": "ortofotomapa", "KAT_ISTNIE": "eksploatowany", "UWAGI": null, "INFO_DODAT": null, "KOD10K": null, "SKROT_KART": null, "KAT_ZARZAD": "wewnętrzna", "KLASA_DROG": "droga wewnętrzna", "MATE_NAWIE": "płyty betonowe", "NAZWA_DROG": null, "LICZ_JEZDN": 1.0, "POLOZENIE": "na powierzchni gruntu", "SZER_NAWIE": 3.0, "NUMER_DROG": null }, "geometry": { "type": "MultiLineString", "coordinates": [ [ [ 17.315668686959704, 52.948783684790726 ], [ 17.315248367191899, 52.948702991916647 ], [ 17.315118161496329, 52.948678033005351 ], [ 17.314937512964104, 52.948640757300659 ], [ 17.314827066305181, 52.948593954829612 ], [ 17.314711048791253, 52.948498959245477 ], [ 17.314499497875278, 52.948440829844365 ], [ 17.314153177674772, 52.948360283389007 ], [ 17.313972660197585, 52.948312036270082 ], [ 17.31390808847021, 52.948280183162765 ], [ 17.313866057762016, 52.948227695562792 ], [ 17.313869606117578, 52.948163264155831 ], [ 17.313899847985752, 52.948078616940954 ], [ 17.313923603278749, 52.948049725893789 ] ] ] } },
{ "type": "Feature", "properties": { "TERYT": "3028", "LOKALNYID": "3pRQxnpY-Ma3a-rnQw-QZtV-9OA2Oe5CNbbc", "PRZES_NAZW": "PL.PZGiK.308.BDOT10k", "WERSJA": "20260326000000", "POCZ_WERSJ": "20260326000000", "OZNA_ZMIAN": "BGW-I-K.7520.3.2026", "ZRO_DANYCH": "ortofotomapa", "KAT_ISTNIE": "eksploatowany", "UWAGI": null, "INFO_DODAT": null, "KOD10K": null, "SKROT_KART": null, "KAT_ZARZAD": "wewnętrzna", "KLASA_DROG": "droga wewnętrzna", "MATE_NAWIE": "tłuczeń", "NAZWA_DROG": null, "LICZ_JEZDN": 1.0, "POLOZENIE": "na powierzchni gruntu", "SZER_NAWIE": 6.0, "NUMER_DROG": null }, "geometry": { "type": "MultiLineString", "coordinates": [ [ [ 17.314188953335243, 52.95961478091666 ], [ 17.314368383513802, 52.959642417356932 ], [ 17.315094117954004, 52.959749926375409 ] ] ] } },
{ "type": "Feature", "properties": { "TERYT": "3028", "LOKALNYID": "8B37FB3F-9E77-4452-833F-12C1511E1B9F", "PRZES_NAZW": "PL.PZGiK.308.BDOT10k", "WERSJA": "20240917000000", "POCZ_WERSJ": "20240917000000", "OZNA_ZMIAN": "GK-KARTO.600.48.2024", "ZRO_DANYCH": "ortofotomapa", "KAT_ISTNIE": "eksploatowany", "UWAGI": null, "INFO_DODAT": null, "KOD10K": null, "SKROT_KART": null, "KAT_ZARZAD": "wewnętrzna", "KLASA_DROG": "droga wewnętrzna", "MATE_NAWIE": "kostka prefabrykowana", "NAZWA_DROG": null, "LICZ_JEZDN": 1.0, "POLOZENIE": "na powierzchni gruntu", "SZER_NAWIE": 6.0, "NUMER_DROG": null }, "geometry": { "type": "MultiLineString", "coordinates": [ [ [ 17.30367640571901, 52.945838928747698 ], [ 17.303595156071861, 52.945860701646048 ], [ 17.303509367641809, 52.945869099618605 ], [ 17.303438667169466, 52.945860985447069 ], [ 17.303366559289799, 52.945862204156768 ], [ 17.303318865800719, 52.94589012178524 ], [ 17.302991565222204, 52.946336461072832 ], [ 17.302859787187714, 52.94652316817826 ] ] ] } },
{ "type": "Feature", "properties": { "TERYT": "3028", "LOKALNYID": "PvBZt812-O8dm-rBoq-TG66-qKnOjGcqSELO", "PRZES_NAZW": "PL.PZGiK.308.BDOT10k", "WERSJA": "20260326000000", "POCZ_WERSJ": "20260326000000", "OZNA_ZMIAN": "BGW-I-K.7520.3.2026", "ZRO_DANYCH": "ortofotomapa", "KAT_ISTNIE": "eksploatowany", "UWAGI": null, "INFO_DODAT": null, "KOD10K": null, "SKROT_KART": null, "KAT_ZARZAD": "wewnętrzna", "KLASA_DROG": "droga wewnętrzna", "MATE_NAWIE": "tłuczeń", "NAZWA_DROG": null, "LICZ_JEZDN": 1.0, "POLOZENIE": "na powierzchni gruntu", "SZER_NAWIE": 6.0, "NUMER_DROG": null }, "geometry": { "type": "MultiLineString", "coordinates": [ [ [ 17.304809434256544, 52.96077440465227 ], [ 17.307823904730665, 52.961235643778323 ], [ 17.308728192541501, 52.961370735204781 ], [ 17.308946227411784, 52.96139389298294 ], [ 17.309096275518424, 52.961392160951753 ], [ 17.309196853855752, 52.961371918243643 ], [ 17.309334823993936, 52.961328555143169 ], [ 17.309929805049467, 52.961103912948751 ], [ 17.310120120370584, 52.961035842444616 ], [ 17.310359994586001, 52.960972523244919 ], [ 17.310641608402502, 52.960912045242694 ], [ 17.3107870076878, 52.960876700147594 ], [ 17.310890281189135, 52.960840756124966 ], [ 17.310965055249842, 52.960802338506156 ], [ 17.311029679222091, 52.960756851775365 ], [ 17.311077934602036, 52.960699531077438 ], [ 17.311115321802312, 52.960645923006183 ], [ 17.311145986014459, 52.960592848908028 ], [ 17.311197288877604, 52.960449685856211 ], [ 17.311235422606892, 52.960277557211796 ], [ 17.311260416713079, 52.960125386730823 ], [ 17.311268654895677, 52.960036290674275 ], [ 17.311272105303996, 52.959947756107724 ], [ 17.311203978146544, 52.959395321309103 ], [ 17.311198394400506, 52.959305489225457 ], [ 17.311202931866482, 52.959276955142087 ], [ 17.311220165172763, 52.959251299458074 ], [ 17.31126369388458, 52.959208210795332 ], [ 17.311345241649693, 52.959186976399046 ], [ 17.311419639336393, 52.959184885925076 ], [ 17.311516562074139, 52.959197144939807 ], [ 17.311707644407843, 52.959223781857474 ], [ 17.313677462506693, 52.959535937494742 ], [ 17.314188953335243, 52.95961478091666 ] ] ] } },
{ "type": "Feature", "properties": { "TERYT": "3028", "LOKALNYID": "2EBDC9DC-31CB-7DB6-E053-CC2BA8C07DDB", "PRZES_NAZW": "PL.PZGiK.308.BDOT10k", "WERSJA": "20260330000000", "POCZ_WERSJ": "20260330000000", "OZNA_ZMIAN": "BGW-I-K.7520.3.2026", "ZRO_DANYCH": "ortofotomapa", "KAT_ISTNIE": "eksploatowany", "UWAGI": null, "INFO_DODAT": null, "KOD10K": null, "SKROT_KART": null, "KAT_ZARZAD": "wewnętrzna", "KLASA_DROG": "droga wewnętrzna", "MATE_NAWIE": "masa bitumiczna", "NAZWA_DROG": null, "LICZ_JEZDN": 1.0, "POLOZENIE": "na powierzchni gruntu", "SZER_NAWIE": 5.0, "NUMER_DROG": null }, "geometry": { "type": "MultiLineString", "coordinates": [ [ [ 17.300515604476022, 52.95341889968131 ], [ 17.300777774520288, 52.952774772938263 ] ] ] } },
{ "type": "Feature", "properties": { "TERYT": "3028", "LOKALNYID": "2EBDC9DC-3B90-7DB6-E053-CC2BA8C07DDB", "PRZES_NAZW": "PL.PZGiK.308.BDOT10k", "WERSJA": "20240917000000", "POCZ_WERSJ": "20240917000000", "OZNA_ZMIAN": "GK-KARTO.600.48.2024", "ZRO_DANYCH": "ortofotomapa", "KAT_ISTNIE": "eksploatowany", "UWAGI": null, "INFO_DODAT": null, "KOD10K": null, "SKROT_KART": null, "KAT_ZARZAD": "wojewódzka", "KLASA_DROG": "droga główna", "MATE_NAWIE": "masa bitumiczna", "NAZWA_DROG": null, "LICZ_JEZDN": 1.0, "POLOZENIE": "na powierzchni gruntu", "SZER_NAWIE": 6.0, "NUMER_DROG": "242" }, "geometry": { "type": "MultiLineString", "coordinates": [ [ [ 17.299023708123247, 52.954556157808575 ], [ 17.298967067555925, 52.954697890536401 ], [ 17.298770139464107, 52.955196446827259 ], [ 17.298668010087056, 52.955438522710338 ], [ 17.298590176431485, 52.955604143750605 ] ] ] } },
{ "type": "Feature", "properties": { "TERYT": "3028", "LOKALNYID": "2EBDC9DC-3C47-7DB6-E053-CC2BA8C07DDB", "PRZES_NAZW": "PL.PZGiK.308.BDOT10k", "WERSJA": "20240917000000", "POCZ_WERSJ": "20240917000000", "OZNA_ZMIAN": "GK-KARTO.600.48.2024", "ZRO_DANYCH": "ortofotomapa", "KAT_ISTNIE": "eksploatowany", "UWAGI": null, "INFO_DODAT": null, "KOD10K": null, "SKROT_KART": null, "KAT_ZARZAD": "gminna", "KLASA_DROG": "droga lokalna", "MATE_NAWIE": "masa bitumiczna", "NAZWA_DROG": null, "LICZ_JEZDN": 1.0, "POLOZENIE": "na powierzchni gruntu", "SZER_NAWIE": 6.0, "NUMER_DROG": "207017P" }, "geometry": { "type": "MultiLineString", "coordinates": [ [ [ 17.308339070913558, 52.944693019146669 ], [ 17.309011791904631, 52.944801700998163 ], [ 17.309185708048755, 52.944827828325145 ], [ 17.309352368329652, 52.944852952825698 ], [ 17.309494606709251, 52.944874402113861 ], [ 17.309646765684509, 52.944897251424301 ], [ 17.309750799997097, 52.94491339045463 ] ] ] } },
{ "type": "Feature", "properties": { "TERYT": "3028", "LOKALNYID": "6994EDE5-6090-4000-801F-6C0CDC4370D8", "PRZES_NAZW": "PL.PZGiK.308.BDOT10k", "WERSJA": "20240917000000", "POCZ_WERSJ": "20240917000000", "OZNA_ZMIAN": "GK-KARTO.600.48.2024", "ZRO_DANYCH": "ortofotomapa", "KAT_ISTNIE": "eksploatowany", "UWAGI": null, "INFO_DODAT": null, "KOD10K": null, "SKROT_KART": null, "KAT_ZARZAD": "wojewódzka", "KLASA_DROG": "droga główna", "MATE_NAWIE": "masa bitumiczna", "NAZWA_DROG": null, "LICZ_JEZDN": 1.0, "POLOZENIE": "na powierzchni gruntu", "SZER_NAWIE": 6.0, "NUMER_DROG": "242" }, "geometry": { "type": "MultiLineString", "coordinates": [ [ [ 17.300371932282594, 52.941976031334725 ], [ 17.300493800303041, 52.941685042737831 ] ] ] } },
{ "type": "Feature", "properties": { "TERYT": "3028", "LOKALNYID": "2EBDC9DC-354B-7DB6-E053-CC2BA8C07DDB", "PRZES_NAZW": "PL.PZGiK.308.BDOT10k", "WERSJA": "20260331000000", "POCZ_WERSJ": "20260331000000", "OZNA_ZMIAN": "BGW-I-K.7520.3.2026", "ZRO_DANYCH": "ortofotomapa", "KAT_ISTNIE": "eksploatowany", "UWAGI": null, "INFO_DODAT": null, "KOD10K": null, "SKROT_KART": null, "KAT_ZARZAD": "wewnętrzna", "KLASA_DROG": "droga wewnętrzna", "MATE_NAWIE": "kostka prefabrykowana", "NAZWA_DROG": null, "LICZ_JEZDN": 1.0, "POLOZENIE": "na powierzchni gruntu", "SZER_NAWIE": 4.0, "NUMER_DROG": null }, "geometry": { "type": "MultiLineString", "coordinates": [ [ [ 17.303505111816982, 52.939810167805852 ], [ 17.303525322585738, 52.939864326235856 ], [ 17.303536769867407, 52.939895156827625 ], [ 17.303547919973056, 52.939964024818622 ], [ 17.303508630200799, 52.940378504434008 ] ] ] } },
{ "type": "Feature", "properties": { "TERYT": "3028", "LOKALNYID": "2EBDC9DC-3D01-7DB6-E053-CC2BA8C07DDB", "PRZES_NAZW": "PL.PZGiK.308.BDOT10k", "WERSJA": "20240917000000", "POCZ_WERSJ": "20240917000000", "OZNA_ZMIAN": "GK-KARTO.600.48.2024", "ZRO_DANYCH": "ortofotomapa", "KAT_ISTNIE": "eksploatowany", "UWAGI": null, "INFO_DODAT": null, "KOD10K": null, "SKROT_KART": null, "KAT_ZARZAD": "wojewódzka", "KLASA_DROG": "droga główna", "MATE_NAWIE": "masa bitumiczna", "NAZWA_DROG": null, "LICZ_JEZDN": 1.0, "POLOZENIE": "na powierzchni gruntu", "SZER_NAWIE": 7.0, "NUMER_DROG": "242" }, "geometry": { "type": "MultiLineString", "coordinates": [ [ [ 17.299678231688134, 52.943546678041066 ], [ 17.299674734670219, 52.943419462785727 ], [ 17.299674174533255, 52.943399579584586 ], [ 17.299671181908103, 52.943350613225142 ], [ 17.299668943612247, 52.94328241200521 ], [ 17.299671653169952, 52.94324368967164 ] ] ] } },
{ "type": "Feature", "properties": { "TERYT": "3028", "LOKALNYID": "1Bgws0WR-G3Mb-SVxv-447F-KCUwESxzYPsA", "PRZES_NAZW": "PL.PZGiK.308.BDOT10k", "WERSJA": "20260331000000", "POCZ_WERSJ": "20260331000000", "OZNA_ZMIAN": "BGW-I-K.7520.3.2026", "ZRO_DANYCH": "ortofotomapa", "KAT_ISTNIE": "eksploatowany", "UWAGI": null, "INFO_DODAT": null, "KOD10K": null, "SKROT_KART": null, "KAT_ZARZAD": "wewnętrzna", "KLASA_DROG": "droga wewnętrzna", "MATE_NAWIE": "masa bitumiczna", "NAZWA_DROG": null, "LICZ_JEZDN": 1.0, "POLOZENIE": "na powierzchni gruntu", "SZER_NAWIE": 3.0, "NUMER_DROG": null }, "geometry": { "type": "MultiLineString", "coordinates": [ [ [ 17.302546366260401, 52.94019964374634 ], [ 17.302614859857428, 52.94025629079065 ], [ 17.30266254012961, 52.940293214938961 ], [ 17.302958447150218, 52.940568050132491 ] ] ] } },
{ "type": "Feature", "properties": { "TERYT": "3028", "LOKALNYID": "nSEDypGv-qfpR-bPOK-Nj8E-xLhHMdKcVZnp", "PRZES_NAZW": "PL.PZGiK.308.BDOT10k", "WERSJA": "20260520000000", "POCZ_WERSJ": "20260520000000", "OZNA_ZMIAN": "BGW-I-K.7520.3.2026", "ZRO_DANYCH": "ortofotomapa", "KAT_ISTNIE": "eksploatowany", "UWAGI": null, "INFO_DODAT": null, "KOD10K": null, "SKROT_KART": null, "KAT_ZARZAD": "wewnętrzna", "KLASA_DROG": "droga wewnętrzna", "MATE_NAWIE": "grunt naturalny", "NAZWA_DROG": null, "LICZ_JEZDN": 1.0, "POLOZENIE": "na powierzchni gruntu", "SZER_NAWIE": null, "NUMER_DROG": null }, "geometry": { "type": "MultiLineString", "coordinates": [ [ [ 17.304964951692352, 52.941137189566618 ], [ 17.304815289652421, 52.94109656305416 ], [ 17.304570277753157, 52.94107687914984 ], [ 17.304235422182813, 52.94104772858546 ], [ 17.304083673089853, 52.941049070041068 ], [ 17.30401986941936, 52.941108414378753 ], [ 17.303988711087619, 52.941219936124682 ] ] ] } },
{ "type": "Feature", "properties": { "TERYT": "3028", "LOKALNYID": "C52CB74A-3588-43C4-BFCF-C7C6BCCE81D4", "PRZES_NAZW": "PL.PZGiK.308.BDOT10k", "WERSJA": "20240917000000", "POCZ_WERSJ": "20240917000000", "OZNA_ZMIAN": "GK-KARTO.600.48.2024", "ZRO_DANYCH": "ortofotomapa", "KAT_ISTNIE": "eksploatowany", "UWAGI": null, "INFO_DODAT": "linia umowna", "KOD10K": null, "SKROT_KART": null, "KAT_ZARZAD": "wewnętrzna", "KLASA_DROG": "droga wewnętrzna", "MATE_NAWIE": "płyty betonowe", "NAZWA_DROG": null, "LICZ_JEZDN": 1.0, "POLOZENIE": "na powierzchni gruntu", "SZER_NAWIE": null, "NUMER_DROG": null }, "geometry": { "type": "MultiLineString", "coordinates": [ [ [ 17.315668686959704, 52.948783684790726 ], [ 17.31560394029971, 52.948878905028025 ], [ 17.315593724747938, 52.948896566888067 ], [ 17.315608827735918, 52.94892555944206 ], [ 17.315694579905024, 52.948952675608815 ], [ 17.315816029886719, 52.948980747355336 ], [ 17.315976504455531, 52.949077451095746 ], [ 17.316048554202347, 52.949169843795246 ], [ 17.316056341952642, 52.94923767346733 ], [ 17.316030751752461, 52.949290820749397 ], [ 17.315936263367156, 52.949354413020004 ], [ 17.315758280329455, 52.949394068806441 ], [ 17.315512549449149, 52.949341752060676 ] ] ] } },
{ "type": "Feature", "properties": { "TERYT": "3028", "LOKALNYID": "2EBDC9DC-3E9D-7DB6-E053-CC2BA8C07DDB", "PRZES_NAZW": "PL.PZGiK.308.BDOT10k", "WERSJA": "20240917000000", "POCZ_WERSJ": "20240917000000", "OZNA_ZMIAN": "GK-KARTO.600.48.2024", "ZRO_DANYCH": "ortofotomapa", "KAT_ISTNIE": "eksploatowany", "UWAGI": null, "INFO_DODAT": null, "KOD10K": null, "SKROT_KART": null, "KAT_ZARZAD": "wojewódzka", "KLASA_DROG": "droga główna", "MATE_NAWIE": "masa bitumiczna", "NAZWA_DROG": null, "LICZ_JEZDN": 1.0, "POLOZENIE": "na powierzchni gruntu", "SZER_NAWIE": 6.0, "NUMER_DROG": "242" }, "geometry": { "type": "MultiLineString", "coordinates": [ [ [ 17.299724390045725, 52.952790102283608 ], [ 17.299658501834912, 52.952966507035391 ], [ 17.299538609289048, 52.953266875781196 ] ] ] } },
{ "type": "Feature", "properties": { "TERYT": "3028", "LOKALNYID": "XMGy35Hj-iAFm-qTuE-7hCL-OKK1YSQRGT4o", "PRZES_NAZW": "PL.PZGiK.308.BDOT10k", "WERSJA": "20260330000000", "POCZ_WERSJ": "20260330000000", "OZNA_ZMIAN": "BGW-I-K.7520.3.2026", "ZRO_DANYCH": "ortofotomapa", "KAT_ISTNIE": "eksploatowany", "UWAGI": null, "INFO_DODAT": null, "KOD10K": null, "SKROT_KART": null, "KAT_ZARZAD": "wewnętrzna", "KLASA_DROG": "droga wewnętrzna", "MATE_NAWIE": "płyty betonowe", "NAZWA_DROG": null, "LICZ_JEZDN": 1.0, "POLOZENIE": "na powierzchni gruntu", "SZER_NAWIE": 6.0, "NUMER_DROG": null }, "geometry": { "type": "MultiLineString", "coordinates": [ [ [ 17.286956646631239, 52.944437206375589 ], [ 17.287225754528706, 52.944747937691659 ], [ 17.287742774651544, 52.944594499181072 ], [ 17.287808639467606, 52.944577911375191 ] ] ] } },
{ "type": "Feature", "properties": { "TERYT": "3028", "LOKALNYID": "9D30BD7D-7DC5-48F6-977F-C8DCEF826E24", "PRZES_NAZW": "PL.PZGiK.308.BDOT10k", "WERSJA": "20231231120000", "POCZ_WERSJ": "20231231120000", "OZNA_ZMIAN": "GI-TOPO.600.116.2023", "ZRO_DANYCH": "ortofotomapa", "KAT_ISTNIE": "eksploatowany", "UWAGI": null, "INFO_DODAT": null, "KOD10K": null, "SKROT_KART": null, "KAT_ZARZAD": "powiatowa", "KLASA_DROG": "droga zbiorcza", "MATE_NAWIE": "masa bitumiczna", "NAZWA_DROG": null, "LICZ_JEZDN": 1.0, "POLOZENIE": "na powierzchni gruntu", "SZER_NAWIE": 6.0, "NUMER_DROG": "1562P" }, "geometry": { "type": "MultiLineString", "coordinates": [ [ [ 17.30020650550836, 52.94165782018527 ], [ 17.3003383279651, 52.94166357312146 ], [ 17.300493800303041, 52.941685042737831 ] ] ] } },
{ "type": "Feature", "properties": { "TERYT": "3028", "LOKALNYID": "9F4B215C-51F1-47BE-9717-8FEE37D8EBF7", "PRZES_NAZW": "PL.PZGiK.308.BDOT10k", "WERSJA": "20240917000000", "POCZ_WERSJ": "20240917000000", "OZNA_ZMIAN": "GK-KARTO.600.48.2024", "ZRO_DANYCH": "ortofotomapa", "KAT_ISTNIE": "eksploatowany", "UWAGI": null, "INFO_DODAT": null, "KOD10K": null, "SKROT_KART": null, "KAT_ZARZAD": "wojewódzka", "KLASA_DROG": "droga główna", "MATE_NAWIE": "masa bitumiczna", "NAZWA_DROG": null, "LICZ_JEZDN": 1.0, "POLOZENIE": "na powierzchni gruntu", "SZER_NAWIE": 6.0, "NUMER_DROG": "242" }, "geometry": { "type": "MultiLineString", "coordinates": [ [ [ 17.302689010873035, 52.940141786236644 ], [ 17.302815163505311, 52.940090707749761 ], [ 17.303505111816982, 52.939810167805852 ] ] ] } },
{ "type": "Feature", "properties": { "TERYT": "3028", "LOKALNYID": "zs0Dl5zQ-OdGU-cPbs-ubpe-W6L9ETMTyWnB", "PRZES_NAZW": "PL.PZGiK.308.BDOT10k", "WERSJA": "20260331000000", "POCZ_WERSJ": "20260331000000", "OZNA_ZMIAN": "BGW-I-K.7520.3.2026", "ZRO_DANYCH": "ortofotomapa", "KAT_ISTNIE": "eksploatowany", "UWAGI": null, "INFO_DODAT": null, "KOD10K": null, "SKROT_KART": null, "KAT_ZARZAD": "wewnętrzna", "KLASA_DROG": "droga wewnętrzna", "MATE_NAWIE": "grunt naturalny", "NAZWA_DROG": null, "LICZ_JEZDN": 1.0, "POLOZENIE": "na powierzchni gruntu", "SZER_NAWIE": null, "NUMER_DROG": null }, "geometry": { "type": "MultiLineString", "coordinates": [ [ [ 17.303149251109808, 52.941204442893316 ], [ 17.303787630986214, 52.941097095087315 ] ] ] } },
{ "type": "Feature", "properties": { "TERYT": "3028", "LOKALNYID": "2EBDC9DC-3D11-7DB6-E053-CC2BA8C07DDB", "PRZES_NAZW": "PL.PZGiK.308.BDOT10k", "WERSJA": "20240917000000", "POCZ_WERSJ": "20240917000000", "OZNA_ZMIAN": "GK-KARTO.600.48.2024", "ZRO_DANYCH": "ortofotomapa", "KAT_ISTNIE": "eksploatowany", "UWAGI": null, "INFO_DODAT": null, "KOD10K": null, "SKROT_KART": null, "KAT_ZARZAD": "wewnętrzna", "KLASA_DROG": "droga wewnętrzna", "MATE_NAWIE": "masa bitumiczna", "NAZWA_DROG": null, "LICZ_JEZDN": 1.0, "POLOZENIE": "na powierzchni gruntu", "SZER_NAWIE": 4.0, "NUMER_DROG": null }, "geometry": { "type": "MultiLineString", "coordinates": [ [ [ 17.289530484915812, 52.944339117310847 ], [ 17.288902196546569, 52.94406413877126 ] ] ] } },
{ "type": "Feature", "properties": { "TERYT": "3028", "LOKALNYID": "2EBDC9DC-336C-7DB6-E053-CC2BA8C07DDB", "PRZES_NAZW": "PL.PZGiK.308.BDOT10k", "WERSJA": "20260331000000", "POCZ_WERSJ": "20260331000000", "OZNA_ZMIAN": "BGW-I-K.7520.3.2026", "ZRO_DANYCH": "ortofotomapa", "KAT_ISTNIE": "eksploatowany", "UWAGI": null, "INFO_DODAT": null, "KOD10K": null, "SKROT_KART": null, "KAT_ZARZAD": "powiatowa", "KLASA_DROG": "droga zbiorcza", "MATE_NAWIE": "masa bitumiczna", "NAZWA_DROG": null, "LICZ_JEZDN": 1.0, "POLOZENIE": "na powierzchni gruntu", "SZER_NAWIE": 6.0, "NUMER_DROG": "1562P" }, "geometry": { "type": "MultiLineString", "coordinates": [ [ [ 17.299477788291853, 52.94012797462296 ], [ 17.299569936916601, 52.940325347441913 ], [ 17.29967041971204, 52.940530393821057 ] ] ] } },
{ "type": "Feature", "properties": { "TERYT": "3028", "LOKALNYID": "CqHO3lCb-7ehQ-MOjM-2pxe-YbSnGxxBaGQo", "PRZES_NAZW": "PL.PZGiK.308.BDOT10k", "WERSJA": "20260331000000", "POCZ_WERSJ": "20260331000000", "OZNA_ZMIAN": "BGW-I-K.7520.3.2026", "ZRO_DANYCH": "ortofotomapa", "KAT_ISTNIE": "eksploatowany", "UWAGI": null, "INFO_DODAT": null, "KOD10K": null, "SKROT_KART": null, "KAT_ZARZAD": "wewnętrzna", "KLASA_DROG": "droga wewnętrzna", "MATE_NAWIE": "masa bitumiczna", "NAZWA_DROG": null, "LICZ_JEZDN": 1.0, "POLOZENIE": "na powierzchni gruntu", "SZER_NAWIE": 3.0, "NUMER_DROG": null }, "geometry": { "type": "MultiLineString", "coordinates": [ [ [ 17.302958447150218, 52.940568050132491 ], [ 17.302758051453509, 52.940648465581404 ], [ 17.302726518963112, 52.94067058831115 ], [ 17.302715227048772, 52.940689043126788 ], [ 17.302705373240148, 52.940720199033237 ], [ 17.302722220627263, 52.940757582017426 ], [ 17.302757040277211, 52.94079980831399 ], [ 17.302896260580336, 52.940947398447484 ], [ 17.303149251109808, 52.941204442893316 ] ] ] } },
{ "type": "Feature", "properties": { "TERYT": "3028", "LOKALNYID": "2EBDC9DC-31D2-7DB6-E053-CC2BA8C07DDB", "PRZES_NAZW": "PL.PZGiK.308.BDOT10k", "WERSJA": "20240917000000", "POCZ_WERSJ": "20240917000000", "OZNA_ZMIAN": "GK-KARTO.600.48.2024", "ZRO_DANYCH": "ortofotomapa", "KAT_ISTNIE": "eksploatowany", "UWAGI": null, "INFO_DODAT": null, "KOD10K": null, "SKROT_KART": null, "KAT_ZARZAD": "wewnętrzna", "KLASA_DROG": "droga wewnętrzna", "MATE_NAWIE": "tłuczeń", "NAZWA_DROG": null, "LICZ_JEZDN": 1.0, "POLOZENIE": "na powierzchni gruntu", "SZER_NAWIE": 3.0, "NUMER_DROG": null }, "geometry": { "type": "MultiLineString", "coordinates": [ [ [ 17.282298648132723, 52.953808168373584 ], [ 17.282448456247167, 52.953830658674015 ], [ 17.282737085401859, 52.95387107320537 ], [ 17.2830074513857, 52.953895125129243 ], [ 17.283536086696266, 52.953962927589174 ], [ 17.284039711572049, 52.954041877947539 ], [ 17.284728272956443, 52.954162616689132 ], [ 17.285017097777608, 52.954228299649714 ], [ 17.285320359384002, 52.954297967409033 ], [ 17.285825874363272, 52.954423432775727 ], [ 17.286632248214332, 52.954623022348557 ], [ 17.287445554981264, 52.954809396233124 ], [ 17.28837843293368, 52.955011246602254 ], [ 17.288879968585814, 52.955128547569011 ], [ 17.289550193455039, 52.9552769632486 ], [ 17.289871683639959, 52.955364328655889 ] ] ] } },
{ "type": "Feature", "properties": { "TERYT": "3028", "LOKALNYID": "df2H3hc5-depz-LN1i-R5hO-JIdiWp7aySSQ", "PRZES_NAZW": "PL.PZGiK.308.BDOT10k", "WERSJA": "20260330000000", "POCZ_WERSJ": "20260330000000", "OZNA_ZMIAN": "BGW-I-K.7520.3.2026", "ZRO_DANYCH": "ortofotomapa", "KAT_ISTNIE": "eksploatowany", "UWAGI": null, "INFO_DODAT": null, "KOD10K": null, "SKROT_KART": null, "KAT_ZARZAD": "wewnętrzna", "KLASA_DROG": "droga wewnętrzna", "MATE_NAWIE": "masa bitumiczna", "NAZWA_DROG": null, "LICZ_JEZDN": 1.0, "POLOZENIE": "na powierzchni gruntu", "SZER_NAWIE": 3.0, "NUMER_DROG": null }, "geometry": { "type": "MultiLineString", "coordinates": [ [ [ 17.287207551420728, 52.943806795066877 ], [ 17.28688791385288, 52.943889601910236 ], [ 17.286772949545536, 52.943924277265324 ], [ 17.28673331412676, 52.943955272277925 ], [ 17.286708489398638, 52.943999521145955 ], [ 17.28669412205317, 52.944050395986871 ], [ 17.286712963429284, 52.944108584603477 ], [ 17.286956646631239, 52.944437206375589 ] ] ] } },
{ "type": "Feature", "properties": { "TERYT": "3028", "LOKALNYID": "Fz1D3RSF-zZSg-KjvI-NeuX-HS34AgcKHyBP", "PRZES_NAZW": "PL.PZGiK.308.BDOT10k", "WERSJA": "20260331000000", "POCZ_WERSJ": "20260331000000", "OZNA_ZMIAN": "BGW-I-K.7520.3.2026", "ZRO_DANYCH": "ortofotomapa", "KAT_ISTNIE": "eksploatowany", "UWAGI": null, "INFO_DODAT": null, "KOD10K": null, "SKROT_KART": null, "KAT_ZARZAD": "wewnętrzna", "KLASA_DROG": "droga wewnętrzna", "MATE_NAWIE": "masa bitumiczna", "NAZWA_DROG": null, "LICZ_JEZDN": 1.0, "POLOZENIE": "na powierzchni gruntu", "SZER_NAWIE": 3.0, "NUMER_DROG": null }, "geometry": { "type": "MultiLineString", "coordinates": [ [ [ 17.302958447150218, 52.940568050132491 ], [ 17.303382492165024, 52.94040638116018 ], [ 17.303508630200799, 52.940378504434008 ] ] ] } },
{ "type": "Feature", "properties": { "TERYT": "3028", "LOKALNYID": "2EBDC9DC-3EE1-7DB6-E053-CC2BA8C07DDB", "PRZES_NAZW": "PL.PZGiK.308.BDOT10k", "WERSJA": "20240917000000", "POCZ_WERSJ": "20240917000000", "OZNA_ZMIAN": "GK-KARTO.600.48.2024", "ZRO_DANYCH": "ortofotomapa", "KAT_ISTNIE": "eksploatowany", "UWAGI": null, "INFO_DODAT": null, "KOD10K": null, "SKROT_KART": null, "KAT_ZARZAD": "wewnętrzna", "KLASA_DROG": "droga wewnętrzna", "MATE_NAWIE": "grunt naturalny", "NAZWA_DROG": null, "LICZ_JEZDN": 1.0, "POLOZENIE": "na powierzchni gruntu", "SZER_NAWIE": null, "NUMER_DROG": null }, "geometry": { "type": "MultiLineString", "coordinates": [ [ [ 17.298762240366003, 52.951524286007654 ], [ 17.298826388684365, 52.951502271524184 ], [ 17.298903092100311, 52.951486642111604 ], [ 17.298934169556066, 52.951480162177624 ], [ 17.299145479357904, 52.951438040720042 ], [ 17.299184192430388, 52.951430500888478 ], [ 17.299371330819461, 52.951397206203211 ], [ 17.299465651061968, 52.95138038963325 ], [ 17.299493663800536, 52.951376114015559 ], [ 17.299514483799513, 52.951372994518152 ], [ 17.299576292080822, 52.951365065603632 ], [ 17.299622312033136, 52.951361047641299 ], [ 17.29966085644406, 52.951361599198677 ], [ 17.299744904558391, 52.951363701183659 ], [ 17.299909322102646, 52.95138197180033 ], [ 17.300044825588948, 52.951397130554639 ], [ 17.300111358828037, 52.951397812579103 ], [ 17.300162013347961, 52.951393321111368 ], [ 17.300250238709697, 52.951376236865535 ] ] ] } },
{ "type": "Feature", "properties": { "TERYT": "3028", "LOKALNYID": "2EBDC9DC-3AC6-7DB6-E053-CC2BA8C07DDB", "PRZES_NAZW": "PL.PZGiK.308.BDOT10k", "WERSJA": "20240917000000", "POCZ_WERSJ": "20240917000000", "OZNA_ZMIAN": "GK-KARTO.600.48.2024", "ZRO_DANYCH": "ortofotomapa", "KAT_ISTNIE": "eksploatowany", "UWAGI": null, "INFO_DODAT": null, "KOD10K": null, "SKROT_KART": null, "KAT_ZARZAD": "wojewódzka", "KLASA_DROG": "droga główna", "MATE_NAWIE": "masa bitumiczna", "NAZWA_DROG": null, "LICZ_JEZDN": 1.0, "POLOZENIE": "na powierzchni gruntu", "SZER_NAWIE": 7.0, "NUMER_DROG": "242" }, "geometry": { "type": "MultiLineString", "coordinates": [ [ [ 17.300644997914631, 52.948831117352476 ], [ 17.300644238817718, 52.948892260852624 ], [ 17.30065038552171, 52.949312784944368 ], [ 17.300650505612765, 52.949571793324409 ], [ 17.30064763301587, 52.949641270348096 ] ] ] } },
{ "type": "Feature", "properties": { "TERYT": "3028", "LOKALNYID": "2EBDC9DC-409B-7DB6-E053-CC2BA8C07DDB", "PRZES_NAZW": "PL.PZGiK.308.BDOT10k", "WERSJA": "20240917000000", "POCZ_WERSJ": "20240917000000", "OZNA_ZMIAN": "GK-KARTO.600.48.2024", "ZRO_DANYCH": "ortofotomapa", "KAT_ISTNIE": "eksploatowany", "UWAGI": null, "INFO_DODAT": null, "KOD10K": null, "SKROT_KART": null, "KAT_ZARZAD": "gminna", "KLASA_DROG": "droga lokalna", "MATE_NAWIE": "masa bitumiczna", "NAZWA_DROG": null, "LICZ_JEZDN": 1.0, "POLOZENIE": "na powierzchni gruntu", "SZER_NAWIE": 5.0, "NUMER_DROG": "207014P" }, "geometry": { "type": "MultiLineString", "coordinates": [ [ [ 17.313917145872541, 52.942787308941455 ], [ 17.314730829356222, 52.942846337378661 ], [ 17.3153568440489, 52.942900001524627 ], [ 17.31597689035986, 52.942946383148573 ], [ 17.316689075364813, 52.943004678984757 ], [ 17.316891106552625, 52.943023639011862 ], [ 17.31696046720317, 52.943027859105577 ], [ 17.317093248520596, 52.943032078131601 ], [ 17.317189552554712, 52.943021031413153 ], [ 17.317274476238456, 52.943007844924253 ] ] ] } },
{ "type": "Feature", "properties": { "TERYT": "3028", "LOKALNYID": "2EBDC9DC-45F4-7DB6-E053-CC2BA8C07DDB", "PRZES_NAZW": "PL.PZGiK.308.BDOT10k", "WERSJA": "20260326000000", "POCZ_WERSJ": "20260326000000", "OZNA_ZMIAN": "BGW-I-K.7520.3.2026", "ZRO_DANYCH": "ortofotomapa", "KAT_ISTNIE": "eksploatowany", "UWAGI": null, "INFO_DODAT": null, "KOD10K": null, "SKROT_KART": null, "KAT_ZARZAD": "wewnętrzna", "KLASA_DROG": "droga wewnętrzna", "MATE_NAWIE": "grunt naturalny", "NAZWA_DROG": null, "LICZ_JEZDN": 1.0, "POLOZENIE": "na powierzchni gruntu", "SZER_NAWIE": null, "NUMER_DROG": null }, "geometry": { "type": "MultiLineString", "coordinates": [ [ [ 17.284592650116398, 52.963390117331016 ], [ 17.285076751198332, 52.963513567237371 ], [ 17.285693229735518, 52.963679394602224 ], [ 17.286110871189578, 52.963796215760603 ], [ 17.286366168125099, 52.963867706695623 ], [ 17.286579471573138, 52.963916378215266 ], [ 17.286602158627268, 52.963918953632351 ], [ 17.286624842129626, 52.963921618926726 ], [ 17.286646192983667, 52.96392408513789 ], [ 17.286721652349911, 52.963921755583492 ], [ 17.286786557953011, 52.963907582567785 ], [ 17.286877343096823, 52.963871749034652 ], [ 17.287235823155743, 52.963710630276978 ], [ 17.287354662075035, 52.963662160437949 ], [ 17.287436590934188, 52.963643106225014 ], [ 17.287503316698217, 52.963639391260301 ], [ 17.287564824158821, 52.963647112468202 ], [ 17.287640671049108, 52.963665112738674 ], [ 17.287670251171182, 52.963674172505307 ], [ 17.28781814486484, 52.963719650992587 ], [ 17.288107772728303, 52.963815734784589 ], [ 17.288697985770771, 52.96398701372798 ], [ 17.288951458131066, 52.964078437882968 ], [ 17.289223900279165, 52.964183624492399 ], [ 17.289331537379397, 52.964218898739396 ], [ 17.2894503218666, 52.964251005825389 ], [ 17.289530902672468, 52.9642623280536 ], [ 17.289625678965734, 52.964268728361191 ], [ 17.289673233893076, 52.964267704045042 ], [ 17.289750806530357, 52.964257129159741 ] ] ] } },
{ "type": "Feature", "properties": { "TERYT": "3028", "LOKALNYID": "B79DF895-1BFC-4224-BF94-1B3EA7B92570", "PRZES_NAZW": "PL.PZGiK.308.BDOT10k", "WERSJA": "20231231120000", "POCZ_WERSJ": "20231231120000", "OZNA_ZMIAN": "GI-TOPO.600.116.2023", "ZRO_DANYCH": "ortofotomapa", "KAT_ISTNIE": "eksploatowany", "UWAGI": null, "INFO_DODAT": null, "KOD10K": null, "SKROT_KART": null, "KAT_ZARZAD": "wewnętrzna", "KLASA_DROG": "droga wewnętrzna", "MATE_NAWIE": "płyty betonowe", "NAZWA_DROG": null, "LICZ_JEZDN": 1.0, "POLOZENIE": "na powierzchni gruntu", "SZER_NAWIE": 5.0, "NUMER_DROG": null }, "geometry": { "type": "MultiLineString", "coordinates": [ [ [ 17.316562814184316, 52.941045683253272 ], [ 17.316561975077946, 52.94104045526278 ], [ 17.316578971323288, 52.940828904365638 ], [ 17.316581682674677, 52.940759065005693 ], [ 17.316550532317002, 52.94070250558692 ], [ 17.316518714885717, 52.940686136664269 ] ] ] } },
{ "type": "Feature", "properties": { "TERYT": "3028", "LOKALNYID": "2EBDC9DC-3905-7DB6-E053-CC2BA8C07DDB", "PRZES_NAZW": "PL.PZGiK.308.BDOT10k", "WERSJA": "20231231120000", "POCZ_WERSJ": "20231231120000", "OZNA_ZMIAN": "GI-TOPO.600.116.2023", "ZRO_DANYCH": "ortofotomapa", "KAT_ISTNIE": "eksploatowany", "UWAGI": null, "INFO_DODAT": null, "KOD10K": null, "SKROT_KART": null, "KAT_ZARZAD": "gminna", "KLASA_DROG": "droga lokalna", "MATE_NAWIE": "masa bitumiczna", "NAZWA_DROG": null, "LICZ_JEZDN": 1.0, "POLOZENIE": "na powierzchni gruntu", "SZER_NAWIE": 5.0, "NUMER_DROG": "207015P" }, "geometry": { "type": "MultiLineString", "coordinates": [ [ [ 17.311543808118955, 52.94577274007753 ], [ 17.311568846645798, 52.945714729502825 ], [ 17.31160435701695, 52.945632495941268 ], [ 17.311655048088419, 52.945512166711509 ], [ 17.311697705598622, 52.945410789061512 ], [ 17.311775170602658, 52.945226088601615 ] ] ] } },
{ "type": "Feature", "properties": { "TERYT": "3028", "LOKALNYID": "2EBDC9DC-3B8B-7DB6-E053-CC2BA8C07DDB", "PRZES_NAZW": "PL.PZGiK.308.BDOT10k", "WERSJA": "20240917000000", "POCZ_WERSJ": "20240917000000", "OZNA_ZMIAN": "GK-KARTO.600.48.2024", "ZRO_DANYCH": "ortofotomapa", "KAT_ISTNIE": "eksploatowany", "UWAGI": null, "INFO_DODAT": null, "KOD10K": null, "SKROT_KART": null, "KAT_ZARZAD": "wojewódzka", "KLASA_DROG": "droga główna", "MATE_NAWIE": "masa bitumiczna", "NAZWA_DROG": null, "LICZ_JEZDN": 1.0, "POLOZENIE": "na powierzchni gruntu", "SZER_NAWIE": 6.0, "NUMER_DROG": "242" }, "geometry": { "type": "MultiLineString", "coordinates": [ [ [ 17.301294033524062, 52.940722242555864 ], [ 17.301431167663214, 52.940656933251347 ], [ 17.301493061360677, 52.940627420727999 ], [ 17.301760531867025, 52.940518288260385 ] ] ] } },
{ "type": "Feature", "properties": { "TERYT": "3028", "LOKALNYID": "2EBDC9DC-5141-7DB6-E053-CC2BA8C07DDB", "PRZES_NAZW": "PL.PZGiK.308.BDOT10k", "WERSJA": "20231231120000", "POCZ_WERSJ": "20231231120000", "OZNA_ZMIAN": "GI-TOPO.600.116.2023", "ZRO_DANYCH": "ortofotomapa", "KAT_ISTNIE": "eksploatowany", "UWAGI": null, "INFO_DODAT": null, "KOD10K": null, "SKROT_KART": null, "KAT_ZARZAD": "wewnętrzna", "KLASA_DROG": "droga wewnętrzna", "MATE_NAWIE": "masa bitumiczna", "NAZWA_DROG": null, "LICZ_JEZDN": 1.0, "POLOZENIE": "na powierzchni gruntu", "SZER_NAWIE": 5.0, "NUMER_DROG": null }, "geometry": { "type": "MultiLineString", "coordinates": [ [ [ 17.317636561344599, 52.939814963214943 ], [ 17.317647038611604, 52.940009186522936 ] ] ] } },
{ "type": "Feature", "properties": { "TERYT": "3028", "LOKALNYID": "8f3b4429-6fe0-4cab-aa2c-ba1c5513a401", "PRZES_NAZW": "PL.PZGiK.308.BDOT10k", "WERSJA": "20240917000000", "POCZ_WERSJ": "20240917000000", "OZNA_ZMIAN": "GK-KARTO.600.48.2024", "ZRO_DANYCH": "ortofotomapa", "KAT_ISTNIE": "eksploatowany", "UWAGI": null, "INFO_DODAT": null, "KOD10K": null, "SKROT_KART": null, "KAT_ZARZAD": "wewnętrzna", "KLASA_DROG": "droga wewnętrzna", "MATE_NAWIE": "kostka prefabrykowana", "NAZWA_DROG": null, "LICZ_JEZDN": 1.0, "POLOZENIE": "na powierzchni gruntu", "SZER_NAWIE": 2.5, "NUMER_DROG": null }, "geometry": { "type": "MultiLineString", "coordinates": [ [ [ 17.312604958891509, 52.945970288119263 ], [ 17.313125571799713, 52.946051605069258 ] ] ] } },
{ "type": "Feature", "properties": { "TERYT": "3028", "LOKALNYID": "2EBDC9DC-3865-7DB6-E053-CC2BA8C07DDB", "PRZES_NAZW": "PL.PZGiK.308.BDOT10k", "WERSJA": "20260331000000", "POCZ_WERSJ": "20260331000000", "OZNA_ZMIAN": "BGW-I-K.7520.3.2026", "ZRO_DANYCH": "ortofotomapa", "KAT_ISTNIE": "eksploatowany", "UWAGI": null, "INFO_DODAT": null, "KOD10K": null, "SKROT_KART": null, "KAT_ZARZAD": "wewnętrzna", "KLASA_DROG": "droga wewnętrzna", "MATE_NAWIE": "kostka prefabrykowana", "NAZWA_DROG": null, "LICZ_JEZDN": 1.0, "POLOZENIE": "na powierzchni gruntu", "SZER_NAWIE": 3.0, "NUMER_DROG": null }, "geometry": { "type": "MultiLineString", "coordinates": [ [ [ 17.305341673549432, 52.940521756386737 ], [ 17.305343557178702, 52.940454513418885 ], [ 17.305324744904233, 52.940394979289941 ], [ 17.305248247139819, 52.94033354314849 ], [ 17.3051991282336, 52.94029147335339 ], [ 17.305166042608313, 52.940239110094758 ], [ 17.305170261146682, 52.940161648076796 ], [ 17.305222107734394, 52.939901582111332 ], [ 17.305245958389794, 52.939771249754408 ], [ 17.305253528416294, 52.939695634193995 ], [ 17.305236827805334, 52.939646832182973 ] ] ] } },
{ "type": "Feature", "properties": { "TERYT": "3028", "LOKALNYID": "FAF2CB0E-E9BA-4C2C-9AEF-6127987BB284", "PRZES_NAZW": "PL.PZGiK.308.BDOT10k", "WERSJA": "20240917000000", "POCZ_WERSJ": "20240917000000", "OZNA_ZMIAN": "GK-KARTO.600.48.2024", "ZRO_DANYCH": "ortofotomapa", "KAT_ISTNIE": "eksploatowany", "UWAGI": null, "INFO_DODAT": null, "KOD10K": null, "SKROT_KART": null, "KAT_ZARZAD": "gminna", "KLASA_DROG": "droga lokalna", "MATE_NAWIE": "grunt naturalny", "NAZWA_DROG": null, "LICZ_JEZDN": 1.0, "POLOZENIE": "na powierzchni gruntu", "SZER_NAWIE": null, "NUMER_DROG": "207022P" }, "geometry": { "type": "MultiLineString", "coordinates": [ [ [ 17.342413365272439, 52.944320968410494 ], [ 17.342301880106874, 52.944581206344893 ], [ 17.34222252692831, 52.944865454774188 ], [ 17.342203378956082, 52.944953501245934 ], [ 17.342208564403293, 52.945012569253976 ], [ 17.342225393192557, 52.945066943359286 ], [ 17.342268616490923, 52.945178612922561 ], [ 17.342354875488372, 52.945344572502982 ], [ 17.342407437551792, 52.945449537428011 ], [ 17.342449794283347, 52.945552741179348 ], [ 17.342470512755149, 52.945618321120477 ], [ 17.342509788223811, 52.945728136859941 ], [ 17.34251633410144, 52.945825624953564 ], [ 17.342520815504688, 52.945864178530414 ], [ 17.342541318044169, 52.945923729972186 ], [ 17.342592385112223, 52.945986045992484 ], [ 17.342673083562932, 52.946067751027137 ], [ 17.34287040817367, 52.946265026903944 ], [ 17.343099813810916, 52.946546207036512 ], [ 17.343268132641089, 52.946781838594191 ], [ 17.343327114618724, 52.946874751707711 ], [ 17.3433394815459, 52.946893989794177 ], [ 17.343351696240926, 52.946913315689109 ], [ 17.343375149358035, 52.946938553941017 ], [ 17.34339860593694, 52.946963702303933 ], [ 17.343483549964894, 52.947031796227229 ], [ 17.343542491716299, 52.94707902302455 ], [ 17.343568348884222, 52.947099798132214 ], [ 17.343600347253911, 52.947139094977238 ], [ 17.343608300359335, 52.947199820255058 ], [ 17.343608881733182, 52.947246952915968 ], [ 17.343597545811967, 52.947274763856321 ], [ 17.343513981954217, 52.947373154060209 ], [ 17.343423484429067, 52.947454270459758 ], [ 17.343299267228783, 52.94754112198968 ], [ 17.343117196219673, 52.947649649776473 ], [ 17.343059605936403, 52.947683920338683 ], [ 17.343030201584593, 52.9477130980504 ], [ 17.343026486527375, 52.947744072908748 ], [ 17.343029046661776, 52.947778372838343 ], [ 17.343031610235204, 52.947812582883294 ], [ 17.343078048224502, 52.9479064902971 ], [ 17.343086472991086, 52.9479236949228 ], [ 17.343093393556941, 52.94794519532595 ], [ 17.343096853842358, 52.947955945527355 ], [ 17.343114009917848, 52.948009604573365 ], [ 17.343114607753357, 52.94806797900771 ], [ 17.343101881233743, 52.948198383324829 ], [ 17.343104390699388, 52.948335295356152 ], [ 17.343126057485101, 52.948442347177036 ], [ 17.343165057504137, 52.948567267419861 ], [ 17.343188902556271, 52.948617332489718 ], [ 17.34321259884814, 52.94866739547993 ], [ 17.343264166637574, 52.948747884474678 ], [ 17.343282998217951, 52.948777195182906 ], [ 17.343342918179559, 52.948861218019545 ], [ 17.343402689555404, 52.948945238752032 ], [ 17.343505260148447, 52.949085973885168 ], [ 17.343551694902793, 52.94914885438083 ], [ 17.343590216189618, 52.949216211093216 ], [ 17.343587327842169, 52.94925673031166 ], [ 17.343566565476038, 52.949301317117794 ], [ 17.343536673799605, 52.949335434436954 ], [ 17.343474827719966, 52.949368027093712 ], [ 17.343288181489072, 52.949405175032673 ], [ 17.342742559887174, 52.949496492072747 ], [ 17.342447765397797, 52.949550476503731 ], [ 17.342285825650638, 52.949591744674606 ] ] ] } },
{ "type": "Feature", "properties": { "TERYT": "3028", "LOKALNYID": "034e8adc-d29d-46e6-bcc0-e52b6ba37e06", "PRZES_NAZW": "PL.PZGiK.308.BDOT10k", "WERSJA": "20260525000000", "POCZ_WERSJ": "20260525000000", "OZNA_ZMIAN": "BGW-I-K.7520.3.2026", "ZRO_DANYCH": "ortofotomapa", "KAT_ISTNIE": "eksploatowany", "UWAGI": null, "INFO_DODAT": null, "KOD10K": null, "SKROT_KART": null, "KAT_ZARZAD": "wewnętrzna", "KLASA_DROG": "droga wewnętrzna", "MATE_NAWIE": "kostka prefabrykowana", "NAZWA_DROG": null, "LICZ_JEZDN": 1.0, "POLOZENIE": "na powierzchni gruntu", "SZER_NAWIE": 2.5, "NUMER_DROG": null }, "geometry": { "type": "MultiLineString", "coordinates": [ [ [ 17.312752287287406, 52.945665979345023 ], [ 17.31359326874917, 52.945809220187883 ], [ 17.313617501542154, 52.945856059354874 ] ] ] } },
{ "type": "Feature", "properties": { "TERYT": "3028", "LOKALNYID": "c35db198-1663-42e4-9cd1-a07a44414bc2", "PRZES_NAZW": "PL.PZGiK.308.BDOT10k", "WERSJA": "20240917000000", "POCZ_WERSJ": "20240917000000", "OZNA_ZMIAN": "GK-KARTO.600.48.2024", "ZRO_DANYCH": "ortofotomapa", "KAT_ISTNIE": "eksploatowany", "UWAGI": null, "INFO_DODAT": null, "KOD10K": null, "SKROT_KART": null, "KAT_ZARZAD": "wewnętrzna", "KLASA_DROG": "droga wewnętrzna", "MATE_NAWIE": "kostka prefabrykowana", "NAZWA_DROG": null, "LICZ_JEZDN": 1.0, "POLOZENIE": "na powierzchni gruntu", "SZER_NAWIE": 2.5, "NUMER_DROG": null }, "geometry": { "type": "MultiLineString", "coordinates": [ [ [ 17.312312217885115, 52.946575424947817 ], [ 17.312905274298892, 52.946666225432566 ] ] ] } },
{ "type": "Feature", "properties": { "TERYT": "3028", "LOKALNYID": "2EBDC9DC-3179-7DB6-E053-CC2BA8C07DDB", "PRZES_NAZW": "PL.PZGiK.308.BDOT10k", "WERSJA": "20260330000000", "POCZ_WERSJ": "20260330000000", "OZNA_ZMIAN": "BGW-I-K.7520.3.2026", "ZRO_DANYCH": "ortofotomapa", "KAT_ISTNIE": "eksploatowany", "UWAGI": null, "INFO_DODAT": null, "KOD10K": null, "SKROT_KART": null, "KAT_ZARZAD": "wewnętrzna", "KLASA_DROG": "droga wewnętrzna", "MATE_NAWIE": "masa bitumiczna", "NAZWA_DROG": null, "LICZ_JEZDN": 1.0, "POLOZENIE": "na powierzchni gruntu", "SZER_NAWIE": 6.0, "NUMER_DROG": null }, "geometry": { "type": "MultiLineString", "coordinates": [ [ [ 17.301241048152637, 52.954711894315089 ], [ 17.301324313687676, 52.954749327538835 ], [ 17.301412195818404, 52.954767760943483 ], [ 17.301893420452974, 52.954837951394012 ] ] ] } },
{ "type": "Feature", "properties": { "TERYT": "3028", "LOKALNYID": "6EB3E773-599F-451C-A2D5-DD3449DC32CB", "PRZES_NAZW": "PL.PZGiK.308.BDOT10k", "WERSJA": "20231231120000", "POCZ_WERSJ": "20231231120000", "OZNA_ZMIAN": "GI-TOPO.600.116.2023", "ZRO_DANYCH": "ortofotomapa", "KAT_ISTNIE": "eksploatowany", "UWAGI": null, "INFO_DODAT": null, "KOD10K": null, "SKROT_KART": null, "KAT_ZARZAD": "wewnętrzna", "KLASA_DROG": "droga wewnętrzna", "MATE_NAWIE": "kostka prefabrykowana", "NAZWA_DROG": null, "LICZ_JEZDN": 1.0, "POLOZENIE": "na powierzchni gruntu", "SZER_NAWIE": 6.0, "NUMER_DROG": null }, "geometry": { "type": "MultiLineString", "coordinates": [ [ [ 17.30367640571901, 52.945838928747698 ], [ 17.303665636474218, 52.945805949498826 ], [ 17.3037151397094, 52.945727964954067 ], [ 17.303755331172859, 52.945671071615969 ] ] ] } },
{ "type": "Feature", "properties": { "TERYT": "3028", "LOKALNYID": "b6f7959f-4301-4feb-90fd-9ddd3b1db1e9", "PRZES_NAZW": "PL.PZGiK.308.BDOT10k", "WERSJA": "20240917000000", "POCZ_WERSJ": "20240917000000", "OZNA_ZMIAN": "GK-KARTO.600.48.2024", "ZRO_DANYCH": "ortofotomapa", "KAT_ISTNIE": "eksploatowany", "UWAGI": null, "INFO_DODAT": null, "KOD10K": null, "SKROT_KART": null, "KAT_ZARZAD": "wewnętrzna", "KLASA_DROG": "droga wewnętrzna", "MATE_NAWIE": "kostka prefabrykowana", "NAZWA_DROG": null, "LICZ_JEZDN": 1.0, "POLOZENIE": "na powierzchni gruntu", "SZER_NAWIE": 2.5, "NUMER_DROG": null }, "geometry": { "type": "MultiLineString", "coordinates": [ [ [ 17.312460360973091, 52.94626941938823 ], [ 17.313015671386612, 52.94635446715899 ] ] ] } },
{ "type": "Feature", "properties": { "TERYT": "3028", "LOKALNYID": "2EBDC9DC-4CD1-7DB6-E053-CC2BA8C07DDB", "PRZES_NAZW": "PL.PZGiK.308.BDOT10k", "WERSJA": "20240917000000", "POCZ_WERSJ": "20240917000000", "OZNA_ZMIAN": "GK-KARTO.600.48.2024", "ZRO_DANYCH": "ortofotomapa", "KAT_ISTNIE": "eksploatowany", "UWAGI": null, "INFO_DODAT": null, "KOD10K": null, "SKROT_KART": null, "KAT_ZARZAD": "wewnętrzna", "KLASA_DROG": "droga wewnętrzna", "MATE_NAWIE": "grunt naturalny", "NAZWA_DROG": null, "LICZ_JEZDN": 1.0, "POLOZENIE": "na powierzchni gruntu", "SZER_NAWIE": null, "NUMER_DROG": null }, "geometry": { "type": "MultiLineString", "coordinates": [ [ [ 17.311332132572911, 52.949441146879138 ], [ 17.311648242990518, 52.94951371793465 ], [ 17.312296812229878, 52.949659719232201 ], [ 17.31250024558851, 52.949704607068533 ], [ 17.313205322077817, 52.949860309183677 ], [ 17.313481468213098, 52.949926912030584 ], [ 17.313611096188701, 52.949966793342639 ], [ 17.313718170724862, 52.950004645729472 ], [ 17.313798954507071, 52.950021710217293 ], [ 17.314439850349103, 52.950181620320002 ], [ 17.314735857303869, 52.950262171718776 ], [ 17.314870765962791, 52.950300327881735 ], [ 17.315012954380563, 52.950335079745386 ], [ 17.315117828913419, 52.950356801710079 ], [ 17.315354574456624, 52.950406743526251 ], [ 17.315443048568628, 52.950417530696257 ], [ 17.315518348411484, 52.950414821006355 ], [ 17.315574190750819, 52.950403201911996 ], [ 17.315613894968269, 52.95038155136929 ], [ 17.315824553650607, 52.949884241906716 ], [ 17.315884876105159, 52.949845436570271 ], [ 17.315957925750585, 52.949831632997082 ], [ 17.31604139197756, 52.949829488382761 ], [ 17.316352150720999, 52.949886772387529 ], [ 17.317489078985567, 52.950141467572195 ], [ 17.317719789720055, 52.950204988977895 ], [ 17.317803044869887, 52.950250504433235 ], [ 17.317927589012807, 52.950329429728924 ], [ 17.317977109377455, 52.950346408527629 ], [ 17.318034908917351, 52.950349564938136 ], [ 17.318116888987497, 52.950332019343129 ] ] ] } },
{ "type": "Feature", "properties": { "TERYT": "3028", "LOKALNYID": "81A51DCB-8608-4ADC-85CE-39D82406D38F", "PRZES_NAZW": "PL.PZGiK.308.BDOT10k", "WERSJA": "20240917000000", "POCZ_WERSJ": "20240917000000", "OZNA_ZMIAN": "GK-KARTO.600.48.2024", "ZRO_DANYCH": "ortofotomapa", "KAT_ISTNIE": "eksploatowany", "UWAGI": null, "INFO_DODAT": null, "KOD10K": null, "SKROT_KART": null, "KAT_ZARZAD": "wewnętrzna", "KLASA_DROG": "droga wewnętrzna", "MATE_NAWIE": "płyty betonowe", "NAZWA_DROG": null, "LICZ_JEZDN": 1.0, "POLOZENIE": "na powierzchni gruntu", "SZER_NAWIE": 5.0, "NUMER_DROG": null }, "geometry": { "type": "MultiLineString", "coordinates": [ [ [ 17.315161928959014, 52.940621398523938 ], [ 17.315238574949831, 52.940522300230178 ], [ 17.315444329565629, 52.940456598894194 ], [ 17.315936379492889, 52.940451523234223 ], [ 17.316093499259498, 52.940442148815066 ], [ 17.316140666314169, 52.94040441598446 ], [ 17.316179246284772, 52.940250458196061 ], [ 17.316223249707875, 52.940194514072637 ], [ 17.316400346949411, 52.940195854569346 ], [ 17.31662418595732, 52.940220250325915 ], [ 17.316662645444282, 52.940261085114741 ], [ 17.316677408520295, 52.940317951935498 ], [ 17.316632541437642, 52.94062623539795 ], [ 17.316518714885717, 52.940686136664269 ] ] ] } },
{ "type": "Feature", "properties": { "TERYT": "3028", "LOKALNYID": "2EBDC9DC-3559-7DB6-E053-CC2BA8C07DDB", "PRZES_NAZW": "PL.PZGiK.308.BDOT10k", "WERSJA": "20240917000000", "POCZ_WERSJ": "20240917000000", "OZNA_ZMIAN": "GK-KARTO.600.48.2024", "ZRO_DANYCH": "ortofotomapa", "KAT_ISTNIE": "eksploatowany", "UWAGI": null, "INFO_DODAT": null, "KOD10K": null, "SKROT_KART": null, "KAT_ZARZAD": "gminna", "KLASA_DROG": "droga dojazdowa", "MATE_NAWIE": "masa bitumiczna", "NAZWA_DROG": null, "LICZ_JEZDN": 1.0, "POLOZENIE": "na powierzchni gruntu", "SZER_NAWIE": 5.0, "NUMER_DROG": "207028P" }, "geometry": { "type": "MultiLineString", "coordinates": [ [ [ 17.294226718715837, 52.95425725662566 ], [ 17.29520897464209, 52.954006860106382 ], [ 17.296471738951848, 52.953670094698708 ], [ 17.299577421610504, 52.95282415225725 ], [ 17.299659289426788, 52.952805988197056 ], [ 17.299724390045725, 52.952790102283608 ] ] ] } },
{ "type": "Feature", "properties": { "TERYT": "3028", "LOKALNYID": "2EBDC9DC-39FB-7DB6-E053-CC2BA8C07DDB", "PRZES_NAZW": "PL.PZGiK.308.BDOT10k", "WERSJA": "20231231120000", "POCZ_WERSJ": "20231231120000", "OZNA_ZMIAN": "GI-TOPO.600.116.2023", "ZRO_DANYCH": "ortofotomapa", "KAT_ISTNIE": "eksploatowany", "UWAGI": null, "INFO_DODAT": null, "KOD10K": null, "SKROT_KART": null, "KAT_ZARZAD": "powiatowa", "KLASA_DROG": "droga lokalna", "MATE_NAWIE": "masa bitumiczna", "NAZWA_DROG": null, "LICZ_JEZDN": 1.0, "POLOZENIE": "na powierzchni gruntu", "SZER_NAWIE": 6.0, "NUMER_DROG": "1600P" }, "geometry": { "type": "MultiLineString", "coordinates": [ [ [ 17.289077047049602, 52.939889712913825 ], [ 17.288785174645096, 52.939779028656659 ], [ 17.288481716925794, 52.939663949922917 ], [ 17.287490955857407, 52.939285084458994 ], [ 17.287069291225901, 52.939125220206606 ], [ 17.286690801470336, 52.938984143550464 ], [ 17.285950494943595, 52.938709691559588 ], [ 17.285704636247392, 52.938617829943539 ] ] ] } },
{ "type": "Feature", "properties": { "TERYT": "3028", "LOKALNYID": "2EBDC9DC-348E-7DB6-E053-CC2BA8C07DDB", "PRZES_NAZW": "PL.PZGiK.308.BDOT10k", "WERSJA": "20260331000000", "POCZ_WERSJ": "20260331000000", "OZNA_ZMIAN": "BGW-I-K.7520.3.2026", "ZRO_DANYCH": "ortofotomapa", "KAT_ISTNIE": "eksploatowany", "UWAGI": null, "INFO_DODAT": null, "KOD10K": null, "SKROT_KART": null, "KAT_ZARZAD": "wewnętrzna", "KLASA_DROG": "droga wewnętrzna", "MATE_NAWIE": "masa bitumiczna", "NAZWA_DROG": null, "LICZ_JEZDN": 1.0, "POLOZENIE": "na powierzchni gruntu", "SZER_NAWIE": 5.0, "NUMER_DROG": null }, "geometry": { "type": "MultiLineString", "coordinates": [ [ [ 17.300520764273561, 52.940203242837967 ], [ 17.300412714594909, 52.940289921534131 ], [ 17.3003813958296, 52.94032175946942 ], [ 17.300341842762986, 52.940362382969255 ], [ 17.300333632887995, 52.940385738036603 ], [ 17.300331906552962, 52.940429780509938 ], [ 17.300353986532784, 52.940610861694523 ], [ 17.300354527999513, 52.940657814463741 ], [ 17.300353604941545, 52.940681363703796 ], [ 17.300343243475577, 52.940698842347444 ], [ 17.300318530211946, 52.940710270036917 ], [ 17.300247432470226, 52.940723912005851 ], [ 17.300141658304359, 52.940741104807607 ], [ 17.299797165783374, 52.94079840929821 ] ] ] } },
{ "type": "Feature", "properties": { "TERYT": "3028", "LOKALNYID": "e42223dd-0da6-4c69-8c32-509365941530", "PRZES_NAZW": "PL.PZGiK.308.BDOT10k", "WERSJA": "20240917000000", "POCZ_WERSJ": "20240917000000", "OZNA_ZMIAN": "GK-KARTO.600.48.2024", "ZRO_DANYCH": "ortofotomapa", "KAT_ISTNIE": "eksploatowany", "UWAGI": null, "INFO_DODAT": null, "KOD10K": null, "SKROT_KART": null, "KAT_ZARZAD": "gminna", "KLASA_DROG": "droga lokalna", "MATE_NAWIE": "masa bitumiczna", "NAZWA_DROG": null, "LICZ_JEZDN": 1.0, "POLOZENIE": "na powierzchni gruntu", "SZER_NAWIE": 6.0, "NUMER_DROG": "207003P" }, "geometry": { "type": "MultiLineString", "coordinates": [ [ [ 17.312604958891509, 52.945970288119263 ], [ 17.312460360973091, 52.94626941938823 ] ] ] } },
{ "type": "Feature", "properties": { "TERYT": "3028", "LOKALNYID": "2EBDC9DC-3D02-7DB6-E053-CC2BA8C07DDB", "PRZES_NAZW": "PL.PZGiK.308.BDOT10k", "WERSJA": "20240917000000", "POCZ_WERSJ": "20240917000000", "OZNA_ZMIAN": "GK-KARTO.600.48.2024", "ZRO_DANYCH": "ortofotomapa", "KAT_ISTNIE": "eksploatowany", "UWAGI": null, "INFO_DODAT": null, "KOD10K": null, "SKROT_KART": null, "KAT_ZARZAD": "wojewódzka", "KLASA_DROG": "droga główna", "MATE_NAWIE": "masa bitumiczna", "NAZWA_DROG": null, "LICZ_JEZDN": 1.0, "POLOZENIE": "na powierzchni gruntu", "SZER_NAWIE": 9.0, "NUMER_DROG": "242" }, "geometry": { "type": "MultiLineString", "coordinates": [ [ [ 17.302022806010569, 52.944890799358525 ], [ 17.301707250050477, 52.944793928366835 ], [ 17.301235705667093, 52.944646712316164 ], [ 17.301089509480377, 52.944601004558784 ], [ 17.300903052319114, 52.944534126251746 ] ] ] } },
{ "type": "Feature", "properties": { "TERYT": "3028", "LOKALNYID": "9A86A21E-2AF3-4289-BC17-3ACB9A8CAAA9", "PRZES_NAZW": "PL.PZGiK.308.BDOT10k", "WERSJA": "20231231120000", "POCZ_WERSJ": "20231231120000", "OZNA_ZMIAN": "GI-TOPO.600.116.2023", "ZRO_DANYCH": "ortofotomapa", "KAT_ISTNIE": "eksploatowany", "UWAGI": null, "INFO_DODAT": null, "KOD10K": null, "SKROT_KART": null, "KAT_ZARZAD": "powiatowa", "KLASA_DROG": "droga zbiorcza", "MATE_NAWIE": "masa bitumiczna", "NAZWA_DROG": null, "LICZ_JEZDN": 1.0, "POLOZENIE": "na powierzchni gruntu", "SZER_NAWIE": 6.0, "NUMER_DROG": "1562P" }, "geometry": { "type": "MultiLineString", "coordinates": [ [ [ 17.30020650550836, 52.94165782018527 ], [ 17.300234743931426, 52.941712183958359 ], [ 17.300312410522974, 52.9418614146526 ], [ 17.300371932282594, 52.941976031334725 ] ] ] } },
{ "type": "Feature", "properties": { "TERYT": "3028", "LOKALNYID": "2EBDC9DC-3B86-7DB6-E053-CC2BA8C07DDB", "PRZES_NAZW": "PL.PZGiK.308.BDOT10k", "WERSJA": "20240917000000", "POCZ_WERSJ": "20240917000000", "OZNA_ZMIAN": "GK-KARTO.600.48.2024", "ZRO_DANYCH": "ortofotomapa", "KAT_ISTNIE": "eksploatowany", "UWAGI": null, "INFO_DODAT": null, "KOD10K": null, "SKROT_KART": null, "KAT_ZARZAD": "wojewódzka", "KLASA_DROG": "droga główna", "MATE_NAWIE": "masa bitumiczna", "NAZWA_DROG": null, "LICZ_JEZDN": 1.0, "POLOZENIE": "na powierzchni gruntu", "SZER_NAWIE": 7.0, "NUMER_DROG": "242" }, "geometry": { "type": "MultiLineString", "coordinates": [ [ [ 17.300887649746016, 52.947631914966763 ], [ 17.300816074897345, 52.947892955888179 ] ] ] } },
{ "type": "Feature", "properties": { "TERYT": "3028", "LOKALNYID": "77e9a537-3a26-4573-b8a9-5ce74fe759b4", "PRZES_NAZW": "PL.PZGiK.308.BDOT10k", "WERSJA": "20240917000000", "POCZ_WERSJ": "20240917000000", "OZNA_ZMIAN": "GK-KARTO.600.48.2024", "ZRO_DANYCH": "ortofotomapa", "KAT_ISTNIE": "eksploatowany", "UWAGI": null, "INFO_DODAT": null, "KOD10K": null, "SKROT_KART": null, "KAT_ZARZAD": "gminna", "KLASA_DROG": "droga lokalna", "MATE_NAWIE": "masa bitumiczna", "NAZWA_DROG": null, "LICZ_JEZDN": 1.0, "POLOZENIE": "na powierzchni gruntu", "SZER_NAWIE": 6.0, "NUMER_DROG": "207003P" }, "geometry": { "type": "MultiLineString", "coordinates": [ [ [ 17.312884246310972, 52.945393108492681 ], [ 17.312752287287406, 52.945665979345023 ] ] ] } },
{ "type": "Feature", "properties": { "TERYT": "3028", "LOKALNYID": "89e2e01f-6f04-4904-b654-1568404d5514", "PRZES_NAZW": "PL.PZGiK.308.BDOT10k", "WERSJA": "20240917000000", "POCZ_WERSJ": "20240917000000", "OZNA_ZMIAN": "GK-KARTO.600.48.2024", "ZRO_DANYCH": "ortofotomapa", "KAT_ISTNIE": "eksploatowany", "UWAGI": null, "INFO_DODAT": null, "KOD10K": null, "SKROT_KART": null, "KAT_ZARZAD": "gminna", "KLASA_DROG": "droga lokalna", "MATE_NAWIE": "masa bitumiczna", "NAZWA_DROG": null, "LICZ_JEZDN": 1.0, "POLOZENIE": "na powierzchni gruntu", "SZER_NAWIE": 6.0, "NUMER_DROG": "207003P" }, "geometry": { "type": "MultiLineString", "coordinates": [ [ [ 17.312752287287406, 52.945665979345023 ], [ 17.312604958891509, 52.945970288119263 ] ] ] } },
{ "type": "Feature", "properties": { "TERYT": "3028", "LOKALNYID": "2EBDC9DC-3490-7DB6-E053-CC2BA8C07DDB", "PRZES_NAZW": "PL.PZGiK.308.BDOT10k", "WERSJA": "20260330000000", "POCZ_WERSJ": "20260330000000", "OZNA_ZMIAN": "BGW-I-K.7520.3.2026", "ZRO_DANYCH": "ortofotomapa", "KAT_ISTNIE": "eksploatowany", "UWAGI": null, "INFO_DODAT": null, "KOD10K": null, "SKROT_KART": null, "KAT_ZARZAD": "wewnętrzna", "KLASA_DROG": "droga wewnętrzna", "MATE_NAWIE": "kostka prefabrykowana", "NAZWA_DROG": null, "LICZ_JEZDN": 1.0, "POLOZENIE": "na powierzchni gruntu", "SZER_NAWIE": 4.0, "NUMER_DROG": null }, "geometry": { "type": "MultiLineString", "coordinates": [ [ [ 17.300887649746016, 52.947631914966763 ], [ 17.300773111335673, 52.947617776374301 ], [ 17.300696952022466, 52.947608323461637 ], [ 17.300626576964866, 52.947591848527246 ], [ 17.300601521211046, 52.947577730446554 ], [ 17.300574177240058, 52.947549819900502 ], [ 17.30056096997027, 52.947522111538362 ], [ 17.300551478807979, 52.947475570415982 ], [ 17.300546208738261, 52.947435295035049 ], [ 17.300544583770904, 52.947408381857151 ], [ 17.300543872785887, 52.947380942154084 ], [ 17.300553700759615, 52.947346728352152 ], [ 17.300577951538401, 52.947309213447205 ], [ 17.300617279612531, 52.947247902090012 ], [ 17.300699486871693, 52.947163821403969 ], [ 17.300714998104606, 52.947147945245504 ], [ 17.300791783562133, 52.947076827228535 ], [ 17.300862375165831, 52.947019380324392 ], [ 17.30088864253927, 52.947002578761186 ], [ 17.300928641271661, 52.946996315827334 ], [ 17.301062253431436, 52.946994808882231 ] ] ] } },
{ "type": "Feature", "properties": { "TERYT": "3028", "LOKALNYID": "eaf154d1-abf6-42e8-bca2-e3bbb200c3ee", "PRZES_NAZW": "PL.PZGiK.308.BDOT10k", "WERSJA": "20240917000000", "POCZ_WERSJ": "20240917000000", "OZNA_ZMIAN": "GK-KARTO.600.48.2024", "ZRO_DANYCH": "ortofotomapa", "KAT_ISTNIE": "eksploatowany", "UWAGI": null, "INFO_DODAT": null, "KOD10K": null, "SKROT_KART": null, "KAT_ZARZAD": "gminna", "KLASA_DROG": "droga lokalna", "MATE_NAWIE": "masa bitumiczna", "NAZWA_DROG": null, "LICZ_JEZDN": 1.0, "POLOZENIE": "na powierzchni gruntu", "SZER_NAWIE": 6.0, "NUMER_DROG": "207003P" }, "geometry": { "type": "MultiLineString", "coordinates": [ [ [ 17.312312217885115, 52.946575424947817 ], [ 17.312172641750884, 52.946864015124973 ], [ 17.31213724870365, 52.946947059901767 ] ] ] } },
{ "type": "Feature", "properties": { "TERYT": "3028", "LOKALNYID": "efe57f35-2ba7-48da-9f9d-ab0c48145051", "PRZES_NAZW": "PL.PZGiK.308.BDOT10k", "WERSJA": "20240917000000", "POCZ_WERSJ": "20240917000000", "OZNA_ZMIAN": "GK-KARTO.600.48.2024", "ZRO_DANYCH": "ortofotomapa", "KAT_ISTNIE": "eksploatowany", "UWAGI": null, "INFO_DODAT": null, "KOD10K": null, "SKROT_KART": null, "KAT_ZARZAD": "wojewódzka", "KLASA_DROG": "droga główna", "MATE_NAWIE": "masa bitumiczna", "NAZWA_DROG": null, "LICZ_JEZDN": 1.0, "POLOZENIE": "na powierzchni gruntu", "SZER_NAWIE": 6.0, "NUMER_DROG": "193" }, "geometry": { "type": "MultiLineString", "coordinates": [ [ [ 17.297969511311052, 52.9429831548088 ], [ 17.298345048155277, 52.943041953954051 ], [ 17.298683295094559, 52.943095001847027 ], [ 17.298849460679239, 52.943121033415778 ], [ 17.299031115621322, 52.943150703950252 ], [ 17.299285992736397, 52.943192394140205 ], [ 17.299583482070393, 52.943237031881836 ], [ 17.299671653169952, 52.94324368967164 ] ] ] } },
{ "type": "Feature", "properties": { "TERYT": "3028", "LOKALNYID": "2EBDC9DC-5868-7DB6-E053-CC2BA8C07DDB", "PRZES_NAZW": "PL.PZGiK.308.BDOT10k", "WERSJA": "20240917000000", "POCZ_WERSJ": "20240917000000", "OZNA_ZMIAN": "GK-KARTO.600.48.2024", "ZRO_DANYCH": "ortofotomapa", "KAT_ISTNIE": "eksploatowany", "UWAGI": null, "INFO_DODAT": null, "KOD10K": null, "SKROT_KART": null, "KAT_ZARZAD": "wewnętrzna", "KLASA_DROG": "droga wewnętrzna", "MATE_NAWIE": "grunt naturalny", "NAZWA_DROG": null, "LICZ_JEZDN": 1.0, "POLOZENIE": "na powierzchni gruntu", "SZER_NAWIE": null, "NUMER_DROG": null }, "geometry": { "type": "MultiLineString", "coordinates": [ [ [ 17.271863855368608, 52.959272836265342 ], [ 17.272050930300509, 52.959272408979842 ], [ 17.272172648106018, 52.959278855317073 ], [ 17.272242949850764, 52.959286172787046 ], [ 17.272361201797114, 52.959308576630761 ], [ 17.272412277495139, 52.959316244017671 ], [ 17.272514989864039, 52.959321244574284 ], [ 17.273891033623947, 52.959368219961455 ], [ 17.274110742567633, 52.959374828559106 ], [ 17.274176107855162, 52.959382702718791 ], [ 17.274194441503489, 52.959389803888932 ], [ 17.274212771578139, 52.959396994937357 ], [ 17.274246043169864, 52.959421670118957 ], [ 17.274281361349491, 52.95945105153109 ], [ 17.274313384670222, 52.95949585357284 ], [ 17.274341092411063, 52.95952935130326 ], [ 17.274391513435617, 52.959572172156989 ], [ 17.27447834616428, 52.959613183444887 ], [ 17.274588904407921, 52.95964932303324 ], [ 17.274867126357108, 52.959738708797495 ], [ 17.275176289652958, 52.959825305412139 ], [ 17.276129832374973, 52.960104264314793 ], [ 17.276776385739037, 52.960305738639015 ], [ 17.277189428025846, 52.96045067391649 ], [ 17.277248529405092, 52.960470056919249 ], [ 17.277531099011476, 52.96057397860816 ], [ 17.277823745368369, 52.960667973151075 ] ] ] } },
{ "type": "Feature", "properties": { "TERYT": "3028", "LOKALNYID": "3fe45532-c07d-44f1-8770-1402394ea12a", "PRZES_NAZW": "PL.PZGiK.308.BDOT10k", "WERSJA": "20240917000000", "POCZ_WERSJ": "20240917000000", "OZNA_ZMIAN": "GK-KARTO.600.48.2024", "ZRO_DANYCH": "ortofotomapa", "KAT_ISTNIE": "eksploatowany", "UWAGI": null, "INFO_DODAT": null, "KOD10K": null, "SKROT_KART": null, "KAT_ZARZAD": "gminna", "KLASA_DROG": "droga lokalna", "MATE_NAWIE": "masa bitumiczna", "NAZWA_DROG": null, "LICZ_JEZDN": 1.0, "POLOZENIE": "na powierzchni gruntu", "SZER_NAWIE": 6.0, "NUMER_DROG": "207003P" }, "geometry": { "type": "MultiLineString", "coordinates": [ [ [ 17.312460360973091, 52.94626941938823 ], [ 17.312312217885115, 52.946575424947817 ] ] ] } },
{ "type": "Feature", "properties": { "TERYT": "3028", "LOKALNYID": "9D0C20FF-710C-451B-9A85-9B1871E2EE65", "PRZES_NAZW": "PL.PZGiK.308.BDOT10k", "WERSJA": "20231231120000", "POCZ_WERSJ": "20231231120000", "OZNA_ZMIAN": "GI-TOPO.600.116.2023", "ZRO_DANYCH": "ortofotomapa", "KAT_ISTNIE": "eksploatowany", "UWAGI": null, "INFO_DODAT": null, "KOD10K": null, "SKROT_KART": null, "KAT_ZARZAD": "wewnętrzna", "KLASA_DROG": "droga wewnętrzna", "MATE_NAWIE": "masa bitumiczna", "NAZWA_DROG": null, "LICZ_JEZDN": 1.0, "POLOZENIE": "na powierzchni gruntu", "SZER_NAWIE": 5.0, "NUMER_DROG": null }, "geometry": { "type": "MultiLineString", "coordinates": [ [ [ 17.306196945638689, 52.939960629830018 ], [ 17.306094900763398, 52.9405341162309 ] ] ] } },
{ "type": "Feature", "properties": { "TERYT": "3028", "LOKALNYID": "2EBDC9DC-3EDF-7DB6-E053-CC2BA8C07DDB", "PRZES_NAZW": "PL.PZGiK.308.BDOT10k", "WERSJA": "20260520000000", "POCZ_WERSJ": "20260520000000", "OZNA_ZMIAN": "BGW-I-K.7520.3.2026", "ZRO_DANYCH": "ortofotomapa", "KAT_ISTNIE": "eksploatowany", "UWAGI": null, "INFO_DODAT": null, "KOD10K": null, "SKROT_KART": null, "KAT_ZARZAD": "gminna", "KLASA_DROG": "droga lokalna", "MATE_NAWIE": "żwir", "NAZWA_DROG": null, "LICZ_JEZDN": 1.0, "POLOZENIE": "na powierzchni gruntu", "SZER_NAWIE": 3.0, "NUMER_DROG": "207045P" }, "geometry": { "type": "MultiLineString", "coordinates": [ [ [ 17.295940774619112, 52.944938177896383 ], [ 17.295918278533264, 52.944976436514438 ], [ 17.295903942818242, 52.945026773252742 ], [ 17.295906723865038, 52.945122681706032 ], [ 17.295888483143706, 52.945230699414694 ], [ 17.295874938466795, 52.945291209921045 ], [ 17.295868606592371, 52.945315940612026 ], [ 17.295863758344808, 52.945333228143447 ], [ 17.295854609216985, 52.945384178859697 ] ] ] } },
{ "type": "Feature", "properties": { "TERYT": "3028", "LOKALNYID": "F9BDE04F-9F04-4B8F-8264-1081C814FE1F", "PRZES_NAZW": "PL.PZGiK.308.BDOT10k", "WERSJA": "20231231120000", "POCZ_WERSJ": "20231231120000", "OZNA_ZMIAN": "GI-TOPO.600.116.2023", "ZRO_DANYCH": "ortofotomapa", "KAT_ISTNIE": "eksploatowany", "UWAGI": null, "INFO_DODAT": null, "KOD10K": null, "SKROT_KART": null, "KAT_ZARZAD": "wewnętrzna", "KLASA_DROG": "droga wewnętrzna", "MATE_NAWIE": "płyty betonowe", "NAZWA_DROG": null, "LICZ_JEZDN": 1.0, "POLOZENIE": "na powierzchni gruntu", "SZER_NAWIE": 5.0, "NUMER_DROG": null }, "geometry": { "type": "MultiLineString", "coordinates": [ [ [ 17.316650319824355, 52.941199808786351 ], [ 17.316571875908458, 52.941099861248198 ], [ 17.316562814184316, 52.941045683253272 ] ] ] } },
{ "type": "Feature", "properties": { "TERYT": "3028", "LOKALNYID": "2EBDC9DC-31D1-7DB6-E053-CC2BA8C07DDB", "PRZES_NAZW": "PL.PZGiK.308.BDOT10k", "WERSJA": "20240917000000", "POCZ_WERSJ": "20240917000000", "OZNA_ZMIAN": "GK-KARTO.600.48.2024", "ZRO_DANYCH": "ortofotomapa", "KAT_ISTNIE": "eksploatowany", "UWAGI": null, "INFO_DODAT": null, "KOD10K": null, "SKROT_KART": null, "KAT_ZARZAD": "gminna", "KLASA_DROG": "droga dojazdowa", "MATE_NAWIE": "masa bitumiczna", "NAZWA_DROG": null, "LICZ_JEZDN": 1.0, "POLOZENIE": "na powierzchni gruntu", "SZER_NAWIE": 5.0, "NUMER_DROG": "207028P" }, "geometry": { "type": "MultiLineString", "coordinates": [ [ [ 17.293768071557771, 52.954370552475872 ], [ 17.29392684238427, 52.954332002579115 ], [ 17.294226718715837, 52.95425725662566 ] ] ] } },
{ "type": "Feature", "properties": { "TERYT": "3028", "LOKALNYID": "2EBDC9DC-37B5-7DB6-E053-CC2BA8C07DDB", "PRZES_NAZW": "PL.PZGiK.308.BDOT10k", "WERSJA": "20240917000000", "POCZ_WERSJ": "20240917000000", "OZNA_ZMIAN": "GK-KARTO.600.48.2024", "ZRO_DANYCH": "ortofotomapa", "KAT_ISTNIE": "eksploatowany", "UWAGI": null, "INFO_DODAT": null, "KOD10K": null, "SKROT_KART": null, "KAT_ZARZAD": "gminna", "KLASA_DROG": "droga lokalna", "MATE_NAWIE": "masa bitumiczna", "NAZWA_DROG": null, "LICZ_JEZDN": 1.0, "POLOZENIE": "na powierzchni gruntu", "SZER_NAWIE": 5.0, "NUMER_DROG": "207001P" }, "geometry": { "type": "MultiLineString", "coordinates": [ [ [ 17.309405895084897, 52.945740541928615 ], [ 17.309622150402479, 52.945761515292979 ], [ 17.30968420582025, 52.945766085348041 ] ] ] } },
{ "type": "Feature", "properties": { "TERYT": "3028", "LOKALNYID": "736D7E25-2D74-4B96-B450-0E5FA9D2B253", "PRZES_NAZW": "PL.PZGiK.308.BDOT10k", "WERSJA": "20240917000000", "POCZ_WERSJ": "20240917000000", "OZNA_ZMIAN": "GK-KARTO.600.48.2024", "ZRO_DANYCH": "ortofotomapa", "KAT_ISTNIE": "eksploatowany", "UWAGI": null, "INFO_DODAT": null, "KOD10K": null, "SKROT_KART": null, "KAT_ZARZAD": "wojewódzka", "KLASA_DROG": "droga główna", "MATE_NAWIE": "masa bitumiczna", "NAZWA_DROG": null, "LICZ_JEZDN": 1.0, "POLOZENIE": "na powierzchni gruntu", "SZER_NAWIE": 6.0, "NUMER_DROG": "242" }, "geometry": { "type": "MultiLineString", "coordinates": [ [ [ 17.301297496362125, 52.946177894244443 ], [ 17.30124578614134, 52.946323475797691 ], [ 17.301238306356726, 52.946350978261613 ] ] ] } },
{ "type": "Feature", "properties": { "TERYT": "3028", "LOKALNYID": "2EBDC9DC-578F-7DB6-E053-CC2BA8C07DDB", "PRZES_NAZW": "PL.PZGiK.308.BDOT10k", "WERSJA": "20260622000000", "POCZ_WERSJ": "20260622000000", "OZNA_ZMIAN": "BGW-I-K.7520.3.2026", "ZRO_DANYCH": "ortofotomapa", "KAT_ISTNIE": "eksploatowany", "UWAGI": null, "INFO_DODAT": null, "KOD10K": null, "SKROT_KART": null, "KAT_ZARZAD": "gminna", "KLASA_DROG": "droga lokalna", "MATE_NAWIE": "tłuczeń", "NAZWA_DROG": null, "LICZ_JEZDN": 1.0, "POLOZENIE": "na powierzchni gruntu", "SZER_NAWIE": 3.0, "NUMER_DROG": "207050P" }, "geometry": { "type": "MultiLineString", "coordinates": [ [ [ 17.335040344098804, 52.941450838214301 ], [ 17.335080119839873, 52.941597446037996 ], [ 17.335085710604954, 52.941727117174167 ], [ 17.33506896520657, 52.941957739360092 ], [ 17.335004696610461, 52.942332666843136 ], [ 17.334981435961687, 52.942504201958499 ], [ 17.334973331855881, 52.942610568511014 ], [ 17.334976222813356, 52.942806661938796 ], [ 17.334960591190292, 52.943008251478595 ], [ 17.334935390086958, 52.943121752899486 ], [ 17.334892355815796, 52.943288694118124 ], [ 17.334764147944536, 52.94364599790925 ] ] ] } },
{ "type": "Feature", "properties": { "TERYT": "3028", "LOKALNYID": "92498C22-732F-4F18-A328-96ABBFC7BF8E", "PRZES_NAZW": "PL.PZGiK.308.BDOT10k", "WERSJA": "20231231120000", "POCZ_WERSJ": "20231231120000", "OZNA_ZMIAN": "GI-TOPO.600.116.2023", "ZRO_DANYCH": "ortofotomapa", "KAT_ISTNIE": "eksploatowany", "UWAGI": null, "INFO_DODAT": null, "KOD10K": null, "SKROT_KART": null, "KAT_ZARZAD": "powiatowa", "KLASA_DROG": "droga lokalna", "MATE_NAWIE": "kostka kamienna", "NAZWA_DROG": null, "LICZ_JEZDN": 1.0, "POLOZENIE": "na powierzchni gruntu", "SZER_NAWIE": 8.0, "NUMER_DROG": "1560P" }, "geometry": { "type": "MultiLineString", "coordinates": [ [ [ 17.310899682442653, 52.946779106138756 ], [ 17.310902198123909, 52.946779501631546 ], [ 17.310965062155351, 52.946790107997778 ], [ 17.311220156453096, 52.946830876113935 ], [ 17.311583545067801, 52.946885593284414 ] ] ] } },
{ "type": "Feature", "properties": { "TERYT": "3028", "LOKALNYID": "2EBDC9DC-4E5C-7DB6-E053-CC2BA8C07DDB", "PRZES_NAZW": "PL.PZGiK.308.BDOT10k", "WERSJA": "20260331000000", "POCZ_WERSJ": "20260331000000", "OZNA_ZMIAN": "BGW-I-K.7520.3.2026", "ZRO_DANYCH": "ortofotomapa", "KAT_ISTNIE": "eksploatowany", "UWAGI": null, "INFO_DODAT": null, "KOD10K": null, "SKROT_KART": null, "KAT_ZARZAD": "gminna", "KLASA_DROG": "droga lokalna", "MATE_NAWIE": "masa bitumiczna", "NAZWA_DROG": null, "LICZ_JEZDN": 1.0, "POLOZENIE": "na powierzchni gruntu", "SZER_NAWIE": 4.0, "NUMER_DROG": "207014P" }, "geometry": { "type": "MultiLineString", "coordinates": [ [ [ 17.311528342346481, 52.942641329878334 ], [ 17.312061392861885, 52.942654479596392 ], [ 17.312162746000688, 52.942659067056859 ], [ 17.313327585571933, 52.942741888905893 ], [ 17.313917145872541, 52.942787308941455 ] ] ] } },
{ "type": "Feature", "properties": { "TERYT": "3028", "LOKALNYID": "2EBDC9DC-3E12-7DB6-E053-CC2BA8C07DDB", "PRZES_NAZW": "PL.PZGiK.308.BDOT10k", "WERSJA": "20231231120000", "POCZ_WERSJ": "20231231120000", "OZNA_ZMIAN": "GI-TOPO.600.116.2023", "ZRO_DANYCH": "ortofotomapa", "KAT_ISTNIE": "eksploatowany", "UWAGI": null, "INFO_DODAT": null, "KOD10K": null, "SKROT_KART": null, "KAT_ZARZAD": "gminna", "KLASA_DROG": "droga lokalna", "MATE_NAWIE": "grunt naturalny", "NAZWA_DROG": null, "LICZ_JEZDN": 1.0, "POLOZENIE": "na powierzchni gruntu", "SZER_NAWIE": null, "NUMER_DROG": "207050P" }, "geometry": { "type": "MultiLineString", "coordinates": [ [ [ 17.305996630577837, 52.953329438248119 ], [ 17.306125866508758, 52.953364195932224 ], [ 17.306223346693518, 52.953380874016155 ], [ 17.307038839023676, 52.953486115173909 ], [ 17.307580339467499, 52.953560828610421 ], [ 17.307794335732627, 52.953579614484312 ] ] ] } },
{ "type": "Feature", "properties": { "TERYT": "3028", "LOKALNYID": "2EBDC9DC-3FB4-7DB6-E053-CC2BA8C07DDB", "PRZES_NAZW": "PL.PZGiK.308.BDOT10k", "WERSJA": "20240917000000", "POCZ_WERSJ": "20240917000000", "OZNA_ZMIAN": "GK-KARTO.600.48.2024", "ZRO_DANYCH": "ortofotomapa", "KAT_ISTNIE": "eksploatowany", "UWAGI": null, "INFO_DODAT": null, "KOD10K": null, "SKROT_KART": null, "KAT_ZARZAD": "gminna", "KLASA_DROG": "droga lokalna", "MATE_NAWIE": "masa bitumiczna", "NAZWA_DROG": null, "LICZ_JEZDN": 1.0, "POLOZENIE": "na powierzchni gruntu", "SZER_NAWIE": 6.0, "NUMER_DROG": "207016P" }, "geometry": { "type": "MultiLineString", "coordinates": [ [ [ 17.300449461957438, 52.945246922647428 ], [ 17.300627855109145, 52.94496123916278 ], [ 17.300695052499655, 52.944853561238119 ], [ 17.300721982759683, 52.944812217503724 ], [ 17.300767924152542, 52.944741647643426 ], [ 17.300879132722827, 52.944570836567479 ], [ 17.300903052319114, 52.944534126251746 ] ] ] } },
{ "type": "Feature", "properties": { "TERYT": "3028", "LOKALNYID": "2EBDC9DC-348F-7DB6-E053-CC2BA8C07DDB", "PRZES_NAZW": "PL.PZGiK.308.BDOT10k", "WERSJA": "20240917000000", "POCZ_WERSJ": "20240917000000", "OZNA_ZMIAN": "GK-KARTO.600.48.2024", "ZRO_DANYCH": "ortofotomapa", "KAT_ISTNIE": "eksploatowany", "UWAGI": null, "INFO_DODAT": null, "KOD10K": null, "SKROT_KART": null, "KAT_ZARZAD": "gminna", "KLASA_DROG": "droga lokalna", "MATE_NAWIE": "kostka prefabrykowana", "NAZWA_DROG": null, "LICZ_JEZDN": 1.0, "POLOZENIE": "na powierzchni gruntu", "SZER_NAWIE": 3.0, "NUMER_DROG": "207009P" }, "geometry": { "type": "MultiLineString", "coordinates": [ [ [ 17.308320215064178, 52.94880861562045 ], [ 17.30834296375156, 52.94881325626352 ], [ 17.308510634386725, 52.948847209635396 ], [ 17.309001823535251, 52.948946831615324 ] ] ] } },
{ "type": "Feature", "properties": { "TERYT": "3028", "LOKALNYID": "2EBDC9DC-5230-7DB6-E053-CC2BA8C07DDB", "PRZES_NAZW": "PL.PZGiK.308.BDOT10k", "WERSJA": "20231231120000", "POCZ_WERSJ": "20231231120000", "OZNA_ZMIAN": "GI-TOPO.600.116.2023", "ZRO_DANYCH": "ortofotomapa", "KAT_ISTNIE": "eksploatowany", "UWAGI": null, "INFO_DODAT": null, "KOD10K": null, "SKROT_KART": null, "KAT_ZARZAD": "wewnętrzna", "KLASA_DROG": "droga wewnętrzna", "MATE_NAWIE": "masa bitumiczna", "NAZWA_DROG": null, "LICZ_JEZDN": 1.0, "POLOZENIE": "na powierzchni gruntu", "SZER_NAWIE": 6.0, "NUMER_DROG": null }, "geometry": { "type": "MultiLineString", "coordinates": [ [ [ 17.313945255842729, 52.947194413187212 ], [ 17.313904743060348, 52.94727136032629 ], [ 17.313754742620027, 52.947556386914478 ], [ 17.313729958252797, 52.94765001488939 ], [ 17.313674523836394, 52.947922983396111 ], [ 17.313683477454077, 52.947964569451351 ], [ 17.313719329819222, 52.947992148008986 ], [ 17.313815625428195, 52.948023731952944 ], [ 17.313923603278749, 52.948049725893789 ] ] ] } },
{ "type": "Feature", "properties": { "TERYT": "3028", "LOKALNYID": "E23AB1FF-0F74-413C-904B-15ADE470440F", "PRZES_NAZW": "PL.PZGiK.308.BDOT10k", "WERSJA": "20240917000000", "POCZ_WERSJ": "20240917000000", "OZNA_ZMIAN": "GK-KARTO.600.48.2024", "ZRO_DANYCH": "ortofotomapa", "KAT_ISTNIE": "eksploatowany", "UWAGI": null, "INFO_DODAT": null, "KOD10K": null, "SKROT_KART": null, "KAT_ZARZAD": "wewnętrzna", "KLASA_DROG": "droga wewnętrzna", "MATE_NAWIE": "kostka prefabrykowana", "NAZWA_DROG": null, "LICZ_JEZDN": 1.0, "POLOZENIE": "na powierzchni gruntu", "SZER_NAWIE": 7.0, "NUMER_DROG": null }, "geometry": { "type": "MultiLineString", "coordinates": [ [ [ 17.301586750618391, 52.945593418331455 ], [ 17.301662061704469, 52.9456396411328 ], [ 17.302195714118728, 52.9457447549417 ], [ 17.302235800196499, 52.945766641820505 ], [ 17.302255630169388, 52.945796333219853 ], [ 17.302221551907294, 52.945868152340417 ], [ 17.302025894503053, 52.946199457203896 ], [ 17.302014094544695, 52.946219433546901 ], [ 17.301989209120418, 52.946261796046926 ], [ 17.301952668913007, 52.946324226886269 ] ] ] } },
{ "type": "Feature", "properties": { "TERYT": "3028", "LOKALNYID": "E2346163-76B8-4A81-BD75-6CE292513E62", "PRZES_NAZW": "PL.PZGiK.308.BDOT10k", "WERSJA": "20240917000000", "POCZ_WERSJ": "20240917000000", "OZNA_ZMIAN": "GK-KARTO.600.48.2024", "ZRO_DANYCH": "ortofotomapa", "KAT_ISTNIE": "eksploatowany", "UWAGI": null, "INFO_DODAT": null, "KOD10K": null, "SKROT_KART": null, "KAT_ZARZAD": "gminna", "KLASA_DROG": "droga lokalna", "MATE_NAWIE": "masa bitumiczna", "NAZWA_DROG": null, "LICZ_JEZDN": 1.0, "POLOZENIE": "na powierzchni gruntu", "SZER_NAWIE": 6.0, "NUMER_DROG": "207004P" }, "geometry": { "type": "MultiLineString", "coordinates": [ [ [ 17.297087831371613, 52.944174454534014 ], [ 17.297537377173263, 52.944107961013884 ], [ 17.297706013284362, 52.944074943589079 ], [ 17.297902837825031, 52.944036843827114 ], [ 17.298031608795117, 52.944014316610186 ], [ 17.298172502118891, 52.944009140082976 ], [ 17.298289341928076, 52.944013691387532 ], [ 17.298330502274258, 52.944019496995594 ], [ 17.298373735176671, 52.94402560207017 ], [ 17.298429346924539, 52.944034942127111 ] ] ] } },
{ "type": "Feature", "properties": { "TERYT": "3028", "LOKALNYID": "2EBDC9DC-3C4A-7DB6-E053-CC2BA8C07DDB", "PRZES_NAZW": "PL.PZGiK.308.BDOT10k", "WERSJA": "20240917000000", "POCZ_WERSJ": "20240917000000", "OZNA_ZMIAN": "GK-KARTO.600.48.2024", "ZRO_DANYCH": "ortofotomapa", "KAT_ISTNIE": "eksploatowany", "UWAGI": null, "INFO_DODAT": null, "KOD10K": null, "SKROT_KART": null, "KAT_ZARZAD": "wewnętrzna", "KLASA_DROG": "droga wewnętrzna", "MATE_NAWIE": "masa bitumiczna", "NAZWA_DROG": null, "LICZ_JEZDN": 1.0, "POLOZENIE": "na powierzchni gruntu", "SZER_NAWIE": 3.0, "NUMER_DROG": null }, "geometry": { "type": "MultiLineString", "coordinates": [ [ [ 17.306289807339851, 52.93910003638927 ], [ 17.306334101565024, 52.939082681226253 ], [ 17.306448995074213, 52.939037643789206 ], [ 17.306505901578316, 52.939025144851634 ], [ 17.306550497264094, 52.939019125455914 ], [ 17.306556185940238, 52.939018307208514 ], [ 17.306621872242815, 52.939021132022155 ], [ 17.306681011531726, 52.939031507790176 ], [ 17.306730633912853, 52.939045435146994 ], [ 17.306764810681766, 52.939066067197686 ], [ 17.30679796709072, 52.939086145099353 ], [ 17.307183608699383, 52.939396512936433 ], [ 17.30722021838325, 52.939423474820472 ], [ 17.307219035938434, 52.939453765369088 ], [ 17.307201894829785, 52.939530593664792 ], [ 17.30714610385246, 52.939781431076177 ], [ 17.307118480408018, 52.939905594585149 ], [ 17.307116503438632, 52.939914289909787 ], [ 17.307114393125726, 52.939926400785353 ], [ 17.307059947048121, 52.940234274778319 ] ] ] } },
{ "type": "Feature", "properties": { "TERYT": "3028", "LOKALNYID": "2EBDC9DC-55FC-7DB6-E053-CC2BA8C07DDB", "PRZES_NAZW": "PL.PZGiK.308.BDOT10k", "WERSJA": "20231231120000", "POCZ_WERSJ": "20231231120000", "OZNA_ZMIAN": "GI-TOPO.600.116.2023", "ZRO_DANYCH": "ortofotomapa", "KAT_ISTNIE": "eksploatowany", "UWAGI": null, "INFO_DODAT": null, "KOD10K": null, "SKROT_KART": null, "KAT_ZARZAD": "powiatowa", "KLASA_DROG": "droga lokalna", "MATE_NAWIE": "masa bitumiczna", "NAZWA_DROG": null, "LICZ_JEZDN": 1.0, "POLOZENIE": "na powierzchni gruntu", "SZER_NAWIE": 5.0, "NUMER_DROG": "1557P" }, "geometry": { "type": "MultiLineString", "coordinates": [ [ [ 17.328389998869046, 52.954774046440967 ], [ 17.328466761410159, 52.95479536104218 ], [ 17.329005053809297, 52.954931445135159 ], [ 17.329362173923219, 52.955023610908796 ], [ 17.329371155841923, 52.955026255292175 ], [ 17.329675891465129, 52.955102125328601 ], [ 17.32984996464354, 52.955168064302086 ], [ 17.3299958219087, 52.955231987703733 ], [ 17.330124296883863, 52.955298724363182 ], [ 17.330209890344225, 52.955353706711215 ], [ 17.330313198604149, 52.955432050534228 ], [ 17.330372237065262, 52.955503746796808 ], [ 17.330417049937463, 52.9555581560031 ], [ 17.330456840494037, 52.955615372467044 ], [ 17.330499985006011, 52.955686035965364 ], [ 17.330510229883128, 52.955737081638333 ], [ 17.330528362438717, 52.955846244523656 ], [ 17.330545666389469, 52.956069699843361 ], [ 17.330554734063579, 52.956159040171933 ], [ 17.330584881733994, 52.956528456319347 ], [ 17.330600476835617, 52.956699636879286 ], [ 17.330635872053222, 52.957130010920245 ], [ 17.330646828903582, 52.957324958379019 ] ] ] } },
{ "type": "Feature", "properties": { "TERYT": "3028", "LOKALNYID": "2EBDC9DC-4147-7DB6-E053-CC2BA8C07DDB", "PRZES_NAZW": "PL.PZGiK.308.BDOT10k", "WERSJA": "20231231120000", "POCZ_WERSJ": "20231231120000", "OZNA_ZMIAN": "GI-TOPO.600.116.2023", "ZRO_DANYCH": "ortofotomapa", "KAT_ISTNIE": "eksploatowany", "UWAGI": null, "INFO_DODAT": null, "KOD10K": null, "SKROT_KART": null, "KAT_ZARZAD": "wewnętrzna", "KLASA_DROG": "droga wewnętrzna", "MATE_NAWIE": "grunt naturalny", "NAZWA_DROG": null, "LICZ_JEZDN": 1.0, "POLOZENIE": "na powierzchni gruntu", "SZER_NAWIE": null, "NUMER_DROG": null }, "geometry": { "type": "MultiLineString", "coordinates": [ [ [ 17.320885925075327, 52.936859332967231 ], [ 17.320936015039344, 52.936726670544523 ], [ 17.321157345133599, 52.93568882618289 ], [ 17.321159575864993, 52.935565829631919 ] ] ] } },
{ "type": "Feature", "properties": { "TERYT": "3028", "LOKALNYID": "FABE9A4F-6E2F-4284-8EB1-7AD74C9C45B2", "PRZES_NAZW": "PL.PZGiK.308.BDOT10k", "WERSJA": "20260525000000", "POCZ_WERSJ": "20260525000000", "OZNA_ZMIAN": "BGW-I-K.7520.3.2026", "ZRO_DANYCH": "ortofotomapa", "KAT_ISTNIE": "eksploatowany", "UWAGI": null, "INFO_DODAT": "linia umowna", "KOD10K": null, "SKROT_KART": null, "KAT_ZARZAD": "wewnętrzna", "KLASA_DROG": "droga wewnętrzna", "MATE_NAWIE": "kostka kamienna", "NAZWA_DROG": null, "LICZ_JEZDN": 1.0, "POLOZENIE": "na powierzchni gruntu", "SZER_NAWIE": null, "NUMER_DROG": null }, "geometry": { "type": "MultiLineString", "coordinates": [ [ [ 17.301238306356726, 52.946350978261613 ], [ 17.301527216278053, 52.946421388983467 ], [ 17.301923304687605, 52.946507540144879 ], [ 17.302056693154793, 52.946538314801728 ], [ 17.302276722190765, 52.946588403783693 ], [ 17.302408080302996, 52.946602601381464 ], [ 17.3025135657366, 52.946608335255476 ], [ 17.302698598532402, 52.946632022813318 ], [ 17.303204168766129, 52.946732234195821 ], [ 17.303923579036876, 52.946888646331651 ], [ 17.304109894311662, 52.946929077496328 ], [ 17.304139414260678, 52.946905216948998 ], [ 17.304195369408141, 52.946814553833036 ] ] ] } },
{ "type": "Feature", "properties": { "TERYT": "3028", "LOKALNYID": "2EBDC9DC-5853-7DB6-E053-CC2BA8C07DDB", "PRZES_NAZW": "PL.PZGiK.308.BDOT10k", "WERSJA": "20240917000000", "POCZ_WERSJ": "20240917000000", "OZNA_ZMIAN": "GK-KARTO.600.48.2024", "ZRO_DANYCH": "ortofotomapa", "KAT_ISTNIE": "eksploatowany", "UWAGI": null, "INFO_DODAT": null, "KOD10K": null, "SKROT_KART": null, "KAT_ZARZAD": "wewnętrzna", "KLASA_DROG": "droga wewnętrzna", "MATE_NAWIE": "grunt naturalny", "NAZWA_DROG": null, "LICZ_JEZDN": 1.0, "POLOZENIE": "na powierzchni gruntu", "SZER_NAWIE": null, "NUMER_DROG": null }, "geometry": { "type": "MultiLineString", "coordinates": [ [ [ 17.323095813910498, 52.949196122113833 ], [ 17.3224913646287, 52.949078951726435 ], [ 17.322229431885891, 52.94903730202455 ], [ 17.322102773561753, 52.949020584756276 ], [ 17.321957835604046, 52.949002979679065 ], [ 17.321901192181777, 52.948989229447399 ], [ 17.321870998539215, 52.948980709097505 ], [ 17.321855010985288, 52.948974457822501 ], [ 17.321839459437893, 52.948968482500909 ], [ 17.321813818848678, 52.948950043919858 ], [ 17.321751864518397, 52.948881179851575 ], [ 17.321679989632397, 52.948822427944812 ], [ 17.321639547769166, 52.948786333337281 ], [ 17.321620620522744, 52.948771406976512 ], [ 17.321563548335359, 52.948741822384484 ], [ 17.32136357229146, 52.948657518516129 ], [ 17.321025289756715, 52.948519009261865 ], [ 17.32093868837849, 52.948471470250716 ], [ 17.320768532198368, 52.948359257957222 ], [ 17.320495227432072, 52.948127056290311 ], [ 17.320308265112178, 52.947972157561921 ], [ 17.320173964241015, 52.947864588137804 ], [ 17.320104198957026, 52.947812969748099 ], [ 17.320080314151848, 52.947795364997745 ], [ 17.320018875041399, 52.947759422619704 ], [ 17.319952388499949, 52.94773078331999 ], [ 17.319882340629373, 52.947717202311303 ], [ 17.319775912712444, 52.947708772586545 ], [ 17.319634833693783, 52.947710824525053 ], [ 17.319517997630932, 52.947709711788477 ], [ 17.31935239361556, 52.947695318591286 ], [ 17.319236755728067, 52.947678664175186 ], [ 17.319073532236917, 52.947641281499692 ], [ 17.318661139488512, 52.94754443498605 ], [ 17.318297584328164, 52.94743991450374 ], [ 17.31780834661765, 52.9472899063596 ], [ 17.317527829910677, 52.947209581829014 ], [ 17.317395060421475, 52.947181711240077 ], [ 17.317270973934448, 52.947175637247206 ], [ 17.317013029448511, 52.947181247074766 ] ] ] } },
{ "type": "Feature", "properties": { "TERYT": "3028", "LOKALNYID": "BE5F9701-0DBB-47F3-B2E5-A7C9A0FE8FE0", "PRZES_NAZW": "PL.PZGiK.308.BDOT10k", "WERSJA": "20260331000000", "POCZ_WERSJ": "20260331000000", "OZNA_ZMIAN": "BGW-I-K.7520.3.2026", "ZRO_DANYCH": "ortofotomapa", "KAT_ISTNIE": "eksploatowany", "UWAGI": null, "INFO_DODAT": null, "KOD10K": null, "SKROT_KART": null, "KAT_ZARZAD": "powiatowa", "KLASA_DROG": "droga zbiorcza", "MATE_NAWIE": "masa bitumiczna", "NAZWA_DROG": null, "LICZ_JEZDN": 1.0, "POLOZENIE": "na powierzchni gruntu", "SZER_NAWIE": 6.0, "NUMER_DROG": "1562P" }, "geometry": { "type": "MultiLineString", "coordinates": [ [ [ 17.297025625846427, 52.933874788695732 ], [ 17.297082970378618, 52.934230127061291 ], [ 17.297223471928394, 52.935034074496933 ], [ 17.29723847503907, 52.935125841434086 ], [ 17.297291572089534, 52.935407463519681 ], [ 17.297304579475828, 52.935462868864661 ], [ 17.297317590422551, 52.935518184325481 ], [ 17.297357298879987, 52.935629011385892 ], [ 17.297394876820036, 52.935703115192609 ], [ 17.297554806144817, 52.936019992978437 ], [ 17.297814467067546, 52.936458270173212 ], [ 17.298069850754388, 52.936918429137698 ], [ 17.298230063792921, 52.937224517992767 ], [ 17.298326627781289, 52.937438053199898 ], [ 17.298460212096209, 52.937732428733625 ], [ 17.298497326600906, 52.937829818169583 ], [ 17.29862175581157, 52.938160305396664 ], [ 17.298702077632537, 52.938366772740629 ], [ 17.298797397457694, 52.938608348791256 ], [ 17.298973093436526, 52.939043712092804 ] ] ] } },
{ "type": "Feature", "properties": { "TERYT": "3028", "LOKALNYID": "2EBDC9DC-3B6F-7DB6-E053-CC2BA8C07DDB", "PRZES_NAZW": "PL.PZGiK.308.BDOT10k", "WERSJA": "20240917000000", "POCZ_WERSJ": "20240917000000", "OZNA_ZMIAN": "GK-KARTO.600.48.2024", "ZRO_DANYCH": "ortofotomapa", "KAT_ISTNIE": "eksploatowany", "UWAGI": null, "INFO_DODAT": null, "KOD10K": null, "SKROT_KART": null, "KAT_ZARZAD": "gminna", "KLASA_DROG": "droga lokalna", "MATE_NAWIE": "masa bitumiczna", "NAZWA_DROG": null, "LICZ_JEZDN": 1.0, "POLOZENIE": "na powierzchni gruntu", "SZER_NAWIE": 3.0, "NUMER_DROG": "207045P" }, "geometry": { "type": "MultiLineString", "coordinates": [ [ [ 17.295940774619112, 52.944938177896383 ], [ 17.29597345107479, 52.944917422343416 ], [ 17.296175387285217, 52.94485925373526 ], [ 17.296284703515976, 52.944827995715208 ], [ 17.296980715775575, 52.944638682216507 ], [ 17.297041535800762, 52.944621567340029 ], [ 17.297162580521984, 52.944587328962442 ], [ 17.297393825451191, 52.944522023963643 ] ] ] } },
{ "type": "Feature", "properties": { "TERYT": "3028", "LOKALNYID": "B789F22D-F39E-46EA-AA12-3FC67CB596D6", "PRZES_NAZW": "PL.PZGiK.308.BDOT10k", "WERSJA": "20240917000000", "POCZ_WERSJ": "20240917000000", "OZNA_ZMIAN": "GK-KARTO.600.48.2024", "ZRO_DANYCH": "ortofotomapa", "KAT_ISTNIE": "eksploatowany", "UWAGI": null, "INFO_DODAT": "linia umowna", "KOD10K": null, "SKROT_KART": null, "KAT_ZARZAD": "wewnętrzna", "KLASA_DROG": "droga wewnętrzna", "MATE_NAWIE": "kostka prefabrykowana", "NAZWA_DROG": null, "LICZ_JEZDN": 1.0, "POLOZENIE": "na powierzchni gruntu", "SZER_NAWIE": null, "NUMER_DROG": null }, "geometry": { "type": "MultiLineString", "coordinates": [ [ [ 17.297565796503989, 52.944699857412452 ], [ 17.297780326255602, 52.944609040999097 ] ] ] } },
{ "type": "Feature", "properties": { "TERYT": "3028", "LOKALNYID": "2EBDC9DC-31C9-7DB6-E053-CC2BA8C07DDB", "PRZES_NAZW": "PL.PZGiK.308.BDOT10k", "WERSJA": "20260330000000", "POCZ_WERSJ": "20260330000000", "OZNA_ZMIAN": "BGW-I-K.7520.3.2026", "ZRO_DANYCH": "ortofotomapa", "KAT_ISTNIE": "eksploatowany", "UWAGI": null, "INFO_DODAT": null, "KOD10K": null, "SKROT_KART": null, "KAT_ZARZAD": "wewnętrzna", "KLASA_DROG": "droga wewnętrzna", "MATE_NAWIE": "masa bitumiczna", "NAZWA_DROG": null, "LICZ_JEZDN": 1.0, "POLOZENIE": "na powierzchni gruntu", "SZER_NAWIE": 8.0, "NUMER_DROG": null }, "geometry": { "type": "MultiLineString", "coordinates": [ [ [ 17.302692358761075, 52.954712308152089 ], [ 17.302604608396503, 52.954930041031773 ] ] ] } },
{ "type": "Feature", "properties": { "TERYT": "3028", "LOKALNYID": "3C823D3C-527C-4E52-9156-A5492055230A", "PRZES_NAZW": "PL.PZGiK.308.BDOT10k", "WERSJA": "20240917000000", "POCZ_WERSJ": "20240917000000", "OZNA_ZMIAN": "GK-KARTO.600.48.2024", "ZRO_DANYCH": "ortofotomapa", "KAT_ISTNIE": "eksploatowany", "UWAGI": null, "INFO_DODAT": null, "KOD10K": null, "SKROT_KART": null, "KAT_ZARZAD": "wewnętrzna", "KLASA_DROG": "droga wewnętrzna", "MATE_NAWIE": "masa bitumiczna", "NAZWA_DROG": null, "LICZ_JEZDN": 1.0, "POLOZENIE": "na powierzchni gruntu", "SZER_NAWIE": 6.0, "NUMER_DROG": null }, "geometry": { "type": "MultiLineString", "coordinates": [ [ [ 17.313923603278749, 52.948049725893789 ], [ 17.314005178496775, 52.948069319614724 ], [ 17.314322258323479, 52.94813596179911 ], [ 17.314780362102745, 52.948244173695933 ], [ 17.315180488529744, 52.948338611440796 ], [ 17.31551196084342, 52.94841813500711 ], [ 17.315637521414743, 52.948443837039036 ], [ 17.315839547573546, 52.9484788965677 ] ] ] } },
{ "type": "Feature", "properties": { "TERYT": "3028", "LOKALNYID": "13E39414-2F84-4BAD-B030-9B3491DE68E9", "PRZES_NAZW": "PL.PZGiK.308.BDOT10k", "WERSJA": "20240917000000", "POCZ_WERSJ": "20240917000000", "OZNA_ZMIAN": "GK-KARTO.600.48.2024", "ZRO_DANYCH": "ortofotomapa", "KAT_ISTNIE": "eksploatowany", "UWAGI": null, "INFO_DODAT": null, "KOD10K": null, "SKROT_KART": null, "KAT_ZARZAD": "powiatowa", "KLASA_DROG": "droga lokalna", "MATE_NAWIE": "masa bitumiczna", "NAZWA_DROG": null, "LICZ_JEZDN": 1.0, "POLOZENIE": "na powierzchni gruntu", "SZER_NAWIE": 9.0, "NUMER_DROG": "1600P" }, "geometry": { "type": "MultiLineString", "coordinates": [ [ [ 17.292454562494623, 52.941135221622389 ], [ 17.292730182883268, 52.941247012191987 ], [ 17.292962861368075, 52.941334083092741 ], [ 17.293264932804419, 52.941447151760791 ], [ 17.293359998011983, 52.941482781814742 ], [ 17.293618940342274, 52.941579671633704 ] ] ] } },
{ "type": "Feature", "properties": { "TERYT": "3028", "LOKALNYID": "2EBDC9DC-3C58-7DB6-E053-CC2BA8C07DDB", "PRZES_NAZW": "PL.PZGiK.308.BDOT10k", "WERSJA": "20240917000000", "POCZ_WERSJ": "20240917000000", "OZNA_ZMIAN": "GK-KARTO.600.48.2024", "ZRO_DANYCH": "ortofotomapa", "KAT_ISTNIE": "eksploatowany", "UWAGI": null, "INFO_DODAT": null, "KOD10K": null, "SKROT_KART": null, "KAT_ZARZAD": "wojewódzka", "KLASA_DROG": "droga główna", "MATE_NAWIE": "masa bitumiczna", "NAZWA_DROG": null, "LICZ_JEZDN": 1.0, "POLOZENIE": "na powierzchni gruntu", "SZER_NAWIE": 6.0, "NUMER_DROG": "193" }, "geometry": { "type": "MultiLineString", "coordinates": [ [ [ 17.296679988016248, 52.943789540965881 ], [ 17.296459288700198, 52.943851758175462 ], [ 17.296232421082138, 52.943915595255497 ], [ 17.295518931359531, 52.944114186517737 ], [ 17.295105288786957, 52.944225434636913 ] ] ] } },
{ "type": "Feature", "properties": { "TERYT": "3028", "LOKALNYID": "6494af12-42f4-4494-9428-790a77bede73", "PRZES_NAZW": "PL.PZGiK.308.BDOT10k", "WERSJA": "20240917000000", "POCZ_WERSJ": "20240917000000", "OZNA_ZMIAN": "GK-KARTO.600.48.2024", "ZRO_DANYCH": "ortofotomapa", "KAT_ISTNIE": "eksploatowany", "UWAGI": null, "INFO_DODAT": null, "KOD10K": null, "SKROT_KART": null, "KAT_ZARZAD": "wewnętrzna", "KLASA_DROG": "droga wewnętrzna", "MATE_NAWIE": "tłuczeń", "NAZWA_DROG": null, "LICZ_JEZDN": 1.0, "POLOZENIE": "na powierzchni gruntu", "SZER_NAWIE": 3.0, "NUMER_DROG": null }, "geometry": { "type": "MultiLineString", "coordinates": [ [ [ 17.331370828621793, 52.939626069536295 ], [ 17.331519577527011, 52.939694798561717 ], [ 17.332053337025066, 52.939940254558451 ], [ 17.332304417947892, 52.940046122354396 ], [ 17.332433031486296, 52.940100448169993 ], [ 17.332582375724684, 52.940177008330757 ], [ 17.332759824930008, 52.940285349156369 ], [ 17.332895020266019, 52.940396963946249 ], [ 17.332984795932692, 52.940454791169287 ], [ 17.333138923126448, 52.940573506168548 ], [ 17.333228755426262, 52.940641496377587 ], [ 17.333298957918899, 52.940697340055443 ], [ 17.333479165680998, 52.940811474155133 ], [ 17.333676791779588, 52.940910114059079 ], [ 17.333715716010836, 52.94092379010246 ], [ 17.333924678058104, 52.941014134901629 ], [ 17.334106605043704, 52.941083595649623 ], [ 17.334745268970678, 52.941303980006268 ], [ 17.334953113365515, 52.941388641551889 ], [ 17.335040344098804, 52.941450838214301 ] ] ] } },
{ "type": "Feature", "properties": { "TERYT": "3028", "LOKALNYID": "2EBDC9DC-361B-7DB6-E053-CC2BA8C07DDB", "PRZES_NAZW": "PL.PZGiK.308.BDOT10k", "WERSJA": "20240917000000", "POCZ_WERSJ": "20240917000000", "OZNA_ZMIAN": "GK-KARTO.600.48.2024", "ZRO_DANYCH": "ortofotomapa", "KAT_ISTNIE": "eksploatowany", "UWAGI": null, "INFO_DODAT": null, "KOD10K": null, "SKROT_KART": null, "KAT_ZARZAD": "wojewódzka", "KLASA_DROG": "droga główna", "MATE_NAWIE": "masa bitumiczna", "NAZWA_DROG": null, "LICZ_JEZDN": 1.0, "POLOZENIE": "na powierzchni gruntu", "SZER_NAWIE": 6.0, "NUMER_DROG": "242" }, "geometry": { "type": "MultiLineString", "coordinates": [ [ [ 17.301297496362125, 52.946177894244443 ], [ 17.301322036339531, 52.94611016586672 ], [ 17.301325371608023, 52.946101040392037 ], [ 17.301384387588179, 52.945974179355979 ], [ 17.301485577867592, 52.945774086257984 ], [ 17.301586750618391, 52.945593418331455 ] ] ] } },
{ "type": "Feature", "properties": { "TERYT": "3028", "LOKALNYID": "29feebe8-91f7-4a9d-a07d-f6b92de480dd", "PRZES_NAZW": "PL.PZGiK.308.BDOT10k", "WERSJA": "20240917000000", "POCZ_WERSJ": "20240917000000", "OZNA_ZMIAN": "GK-KARTO.600.48.2024", "ZRO_DANYCH": "ortofotomapa", "KAT_ISTNIE": "eksploatowany", "UWAGI": null, "INFO_DODAT": null, "KOD10K": null, "SKROT_KART": null, "KAT_ZARZAD": "wewnętrzna", "KLASA_DROG": "droga wewnętrzna", "MATE_NAWIE": "grunt naturalny", "NAZWA_DROG": null, "LICZ_JEZDN": 1.0, "POLOZENIE": "na powierzchni gruntu", "SZER_NAWIE": null, "NUMER_DROG": null }, "geometry": { "type": "MultiLineString", "coordinates": [ [ [ 17.331370828621793, 52.939626069536295 ], [ 17.331384262932406, 52.939555481238123 ], [ 17.331458279624311, 52.939314781826397 ], [ 17.331622077390854, 52.938822092842948 ], [ 17.331651524524791, 52.93878410510866 ], [ 17.331741629434134, 52.938782942137159 ], [ 17.331912902642458, 52.938800095834054 ] ] ] } },
{ "type": "Feature", "properties": { "TERYT": "3028", "LOKALNYID": "2EBDC9DC-3B82-7DB6-E053-CC2BA8C07DDB", "PRZES_NAZW": "PL.PZGiK.308.BDOT10k", "WERSJA": "20240917000000", "POCZ_WERSJ": "20240917000000", "OZNA_ZMIAN": "GK-KARTO.600.48.2024", "ZRO_DANYCH": "ortofotomapa", "KAT_ISTNIE": "eksploatowany", "UWAGI": null, "INFO_DODAT": null, "KOD10K": null, "SKROT_KART": null, "KAT_ZARZAD": "wojewódzka", "KLASA_DROG": "droga główna", "MATE_NAWIE": "masa bitumiczna", "NAZWA_DROG": null, "LICZ_JEZDN": 1.0, "POLOZENIE": "na powierzchni gruntu", "SZER_NAWIE": 7.0, "NUMER_DROG": "242" }, "geometry": { "type": "MultiLineString", "coordinates": [ [ [ 17.299671653169952, 52.94324368967164 ], [ 17.299696397831013, 52.943185947082284 ] ] ] } },
{ "type": "Feature", "properties": { "TERYT": "3028", "LOKALNYID": "2b66557f-1008-4083-a92b-6a982b136ead", "PRZES_NAZW": "PL.PZGiK.308.BDOT10k", "WERSJA": "20240917000000", "POCZ_WERSJ": "20240917000000", "OZNA_ZMIAN": "GK-KARTO.600.48.2024", "ZRO_DANYCH": "ortofotomapa", "KAT_ISTNIE": "eksploatowany", "UWAGI": null, "INFO_DODAT": null, "KOD10K": null, "SKROT_KART": null, "KAT_ZARZAD": "wewnętrzna", "KLASA_DROG": "droga wewnętrzna", "MATE_NAWIE": "tłuczeń", "NAZWA_DROG": null, "LICZ_JEZDN": 1.0, "POLOZENIE": "na powierzchni gruntu", "SZER_NAWIE": 3.0, "NUMER_DROG": null }, "geometry": { "type": "MultiLineString", "coordinates": [ [ [ 17.330633042451097, 52.939274771072334 ], [ 17.331060761854815, 52.939482588742756 ], [ 17.331370828621793, 52.939626069536295 ] ] ] } },
{ "type": "Feature", "properties": { "TERYT": "3028", "LOKALNYID": "9CAD6998-B0F8-4DC2-85E3-1A6821705176", "PRZES_NAZW": "PL.PZGiK.308.BDOT10k", "WERSJA": "20240917000000", "POCZ_WERSJ": "20240917000000", "OZNA_ZMIAN": "GK-KARTO.600.48.2024", "ZRO_DANYCH": "ortofotomapa", "KAT_ISTNIE": "eksploatowany", "UWAGI": null, "INFO_DODAT": null, "KOD10K": null, "SKROT_KART": null, "KAT_ZARZAD": "wewnętrzna", "KLASA_DROG": "droga wewnętrzna", "MATE_NAWIE": "żwir", "NAZWA_DROG": null, "LICZ_JEZDN": 1.0, "POLOZENIE": "na powierzchni gruntu", "SZER_NAWIE": 4.0, "NUMER_DROG": null }, "geometry": { "type": "MultiLineString", "coordinates": [ [ [ 17.297025625846427, 52.933874788695732 ], [ 17.298876755140245, 52.933815062877741 ], [ 17.300634435145572, 52.933743179621253 ], [ 17.301298371018241, 52.933721737611066 ], [ 17.302282987633046, 52.933683200969192 ], [ 17.304223346209497, 52.933628803877639 ], [ 17.304262635159233, 52.933625137813657 ], [ 17.304294728591632, 52.93361516365524 ], [ 17.304311606365481, 52.933606051514452 ], [ 17.304324028372761, 52.933585274412707 ], [ 17.304319545674748, 52.933566684225262 ], [ 17.304291163101933, 52.933527428047753 ], [ 17.302363300515669, 52.931604646121308 ], [ 17.302223170545947, 52.931462078208916 ], [ 17.302153497690878, 52.931378883655654 ], [ 17.302135955251359, 52.931336544257348 ], [ 17.302132246732295, 52.93129440256515 ], [ 17.30213894574818, 52.931260143859291 ], [ 17.302152902887254, 52.931230575470138 ], [ 17.302193988016576, 52.93119617865019 ], [ 17.302244462980568, 52.931165243528135 ], [ 17.302307615880068, 52.931129813033422 ] ] ] } },
{ "type": "Feature", "properties": { "TERYT": "3028", "LOKALNYID": "4fb02f86-71b1-4a4d-917b-98e6f9725fda", "PRZES_NAZW": "PL.PZGiK.308.BDOT10k", "WERSJA": "20240917000000", "POCZ_WERSJ": "20240917000000", "OZNA_ZMIAN": "GK-KARTO.600.48.2024", "ZRO_DANYCH": "ortofotomapa", "KAT_ISTNIE": "eksploatowany", "UWAGI": null, "INFO_DODAT": null, "KOD10K": null, "SKROT_KART": null, "KAT_ZARZAD": "gminna", "KLASA_DROG": "droga lokalna", "MATE_NAWIE": "kostka prefabrykowana", "NAZWA_DROG": null, "LICZ_JEZDN": 1.0, "POLOZENIE": "na powierzchni gruntu", "SZER_NAWIE": 3.0, "NUMER_DROG": "207009P" }, "geometry": { "type": "MultiLineString", "coordinates": [ [ [ 17.308956580952966, 52.948721086023085 ], [ 17.308965708282781, 52.948739022608322 ], [ 17.308993498183945, 52.948793827424872 ], [ 17.309001044304534, 52.948817946865603 ], [ 17.309008735739198, 52.948842158306469 ], [ 17.309011007637046, 52.948852622839595 ], [ 17.309011629722669, 52.948874845086948 ], [ 17.309010652226863, 52.948918988166305 ], [ 17.309001823535251, 52.948946831615324 ] ] ] } },
{ "type": "Feature", "properties": { "TERYT": "3028", "LOKALNYID": "2EBDC9DC-4B4A-7DB6-E053-CC2BA8C07DDB", "PRZES_NAZW": "PL.PZGiK.308.BDOT10k", "WERSJA": "20231231120000", "POCZ_WERSJ": "20231231120000", "OZNA_ZMIAN": "GI-TOPO.600.116.2023", "ZRO_DANYCH": "ortofotomapa", "KAT_ISTNIE": "eksploatowany", "UWAGI": null, "INFO_DODAT": null, "KOD10K": null, "SKROT_KART": null, "KAT_ZARZAD": "wewnętrzna", "KLASA_DROG": "droga wewnętrzna", "MATE_NAWIE": "kostka prefabrykowana", "NAZWA_DROG": null, "LICZ_JEZDN": 1.0, "POLOZENIE": "na powierzchni gruntu", "SZER_NAWIE": 3.0, "NUMER_DROG": null }, "geometry": { "type": "MultiLineString", "coordinates": [ [ [ 17.305806338642729, 52.939937433802847 ], [ 17.305755260488301, 52.940196971360848 ], [ 17.305740751128205, 52.940271138994639 ], [ 17.305718195073826, 52.940444567767948 ], [ 17.305704195448648, 52.940528545353445 ] ] ] } },
{ "type": "Feature", "properties": { "TERYT": "3028", "LOKALNYID": "629AF864-9677-425E-86F8-3526DD6212AF", "PRZES_NAZW": "PL.PZGiK.308.BDOT10k", "WERSJA": "20231231120000", "POCZ_WERSJ": "20231231120000", "OZNA_ZMIAN": "GI-TOPO.600.116.2023", "ZRO_DANYCH": "ortofotomapa", "KAT_ISTNIE": "eksploatowany", "UWAGI": null, "INFO_DODAT": null, "KOD10K": null, "SKROT_KART": null, "KAT_ZARZAD": "wewnętrzna", "KLASA_DROG": "droga wewnętrzna", "MATE_NAWIE": "kostka prefabrykowana", "NAZWA_DROG": null, "LICZ_JEZDN": 1.0, "POLOZENIE": "na powierzchni gruntu", "SZER_NAWIE": 4.0, "NUMER_DROG": null }, "geometry": { "type": "MultiLineString", "coordinates": [ [ [ 17.304685267339533, 52.942091884172648 ], [ 17.30483587905205, 52.941342913309441 ] ] ] } },
{ "type": "Feature", "properties": { "TERYT": "3028", "LOKALNYID": "584f49f6-4ff5-4c8b-b082-18814b1cce47", "PRZES_NAZW": "PL.PZGiK.308.BDOT10k", "WERSJA": "20240917000000", "POCZ_WERSJ": "20240917000000", "OZNA_ZMIAN": "GK-KARTO.600.48.2024", "ZRO_DANYCH": "ortofotomapa", "KAT_ISTNIE": "eksploatowany", "UWAGI": null, "INFO_DODAT": null, "KOD10K": null, "SKROT_KART": null, "KAT_ZARZAD": "gminna", "KLASA_DROG": "droga lokalna", "MATE_NAWIE": "grunt naturalny", "NAZWA_DROG": null, "LICZ_JEZDN": 1.0, "POLOZENIE": "na powierzchni gruntu", "SZER_NAWIE": null, "NUMER_DROG": "207009P" }, "geometry": { "type": "MultiLineString", "coordinates": [ [ [ 17.308570996752863, 52.948364860071997 ], [ 17.308620680415768, 52.948362239790455 ], [ 17.308756736398987, 52.948374518668274 ], [ 17.308841471868607, 52.948389394488544 ], [ 17.308880667822429, 52.948403712058173 ], [ 17.308916648735647, 52.948431743573408 ], [ 17.308918403193886, 52.948459287972796 ], [ 17.308919018084687, 52.948516044306281 ], [ 17.308919100006065, 52.948586462836033 ], [ 17.308928400520927, 52.948638126680223 ], [ 17.308956580952966, 52.948721086023085 ] ] ] } },
{ "type": "Feature", "properties": { "TERYT": "3028", "LOKALNYID": "2EBDC9DC-5461-7DB6-E053-CC2BA8C07DDB", "PRZES_NAZW": "PL.PZGiK.308.BDOT10k", "WERSJA": "20240917000000", "POCZ_WERSJ": "20240917000000", "OZNA_ZMIAN": "GK-KARTO.600.48.2024", "ZRO_DANYCH": "ortofotomapa", "KAT_ISTNIE": "eksploatowany", "UWAGI": null, "INFO_DODAT": null, "KOD10K": null, "SKROT_KART": null, "KAT_ZARZAD": "wewnętrzna", "KLASA_DROG": "droga wewnętrzna", "MATE_NAWIE": "grunt naturalny", "NAZWA_DROG": null, "LICZ_JEZDN": 1.0, "POLOZENIE": "na powierzchni gruntu", "SZER_NAWIE": null, "NUMER_DROG": null }, "geometry": { "type": "MultiLineString", "coordinates": [ [ [ 17.317872183829685, 52.950820936653741 ], [ 17.317958477047487, 52.950607848746557 ], [ 17.318015173297454, 52.950459093328398 ], [ 17.318116888987497, 52.950332019343129 ] ] ] } },
{ "type": "Feature", "properties": { "TERYT": "3028", "LOKALNYID": "4C02BA99-6DD1-4AD6-A10F-201698A4606F", "PRZES_NAZW": "PL.PZGiK.308.BDOT10k", "WERSJA": "20231231120000", "POCZ_WERSJ": "20231231120000", "OZNA_ZMIAN": "GI-TOPO.600.116.2023", "ZRO_DANYCH": "ortofotomapa", "KAT_ISTNIE": "eksploatowany", "UWAGI": null, "INFO_DODAT": null, "KOD10K": null, "SKROT_KART": null, "KAT_ZARZAD": "gminna", "KLASA_DROG": "droga lokalna", "MATE_NAWIE": "masa bitumiczna", "NAZWA_DROG": null, "LICZ_JEZDN": 1.0, "POLOZENIE": "na powierzchni gruntu", "SZER_NAWIE": 6.0, "NUMER_DROG": "207014P" }, "geometry": { "type": "MultiLineString", "coordinates": [ [ [ 17.30387529184355, 52.942037696051209 ], [ 17.303936242372412, 52.942039915119388 ], [ 17.304050707542142, 52.942044157090251 ], [ 17.304685267339533, 52.942091884172648 ] ] ] } },
{ "type": "Feature", "properties": { "TERYT": "3028", "LOKALNYID": "2EBDC9DC-53C3-7DB6-E053-CC2BA8C07DDB", "PRZES_NAZW": "PL.PZGiK.308.BDOT10k", "WERSJA": "20231231120000", "POCZ_WERSJ": "20231231120000", "OZNA_ZMIAN": "GI-TOPO.600.116.2023", "ZRO_DANYCH": "ortofotomapa", "KAT_ISTNIE": "eksploatowany", "UWAGI": null, "INFO_DODAT": null, "KOD10K": null, "SKROT_KART": null, "KAT_ZARZAD": "gminna", "KLASA_DROG": "droga lokalna", "MATE_NAWIE": "masa bitumiczna", "NAZWA_DROG": null, "LICZ_JEZDN": 1.0, "POLOZENIE": "na powierzchni gruntu", "SZER_NAWIE": 6.0, "NUMER_DROG": "207003P" }, "geometry": { "type": "MultiLineString", "coordinates": [ [ [ 17.313917145872541, 52.942787308941455 ], [ 17.313871517701006, 52.942957623677053 ], [ 17.31382244431531, 52.943159096178292 ], [ 17.313796349664447, 52.943248208980386 ], [ 17.313716841703492, 52.943520206482212 ], [ 17.31367351200063, 52.943658177950049 ], [ 17.313607051126514, 52.943870285443104 ], [ 17.313560775830158, 52.943999761378024 ], [ 17.313521803208459, 52.944090759784466 ], [ 17.313490187072986, 52.944164865301246 ], [ 17.313481484257565, 52.944181918933388 ], [ 17.313381021613989, 52.944380143679702 ], [ 17.313128866747491, 52.944899343318845 ], [ 17.313087670544675, 52.944982395928371 ], [ 17.313039194136788, 52.945080363934302 ], [ 17.313026261927369, 52.945106620560558 ], [ 17.312884246310972, 52.945393108492681 ] ] ] } },
{ "type": "Feature", "properties": { "TERYT": "3028", "LOKALNYID": "2EBDC9DC-3A19-7DB6-E053-CC2BA8C07DDB", "PRZES_NAZW": "PL.PZGiK.308.BDOT10k", "WERSJA": "20260331000000", "POCZ_WERSJ": "20260331000000", "OZNA_ZMIAN": "BGW-I-K.7520.3.2026", "ZRO_DANYCH": "ortofotomapa", "KAT_ISTNIE": "eksploatowany", "UWAGI": null, "INFO_DODAT": null, "KOD10K": null, "SKROT_KART": null, "KAT_ZARZAD": "wewnętrzna", "KLASA_DROG": "droga wewnętrzna", "MATE_NAWIE": "kostka prefabrykowana", "NAZWA_DROG": null, "LICZ_JEZDN": 1.0, "POLOZENIE": "na powierzchni gruntu", "SZER_NAWIE": 4.0, "NUMER_DROG": null }, "geometry": { "type": "MultiLineString", "coordinates": [ [ [ 17.303988711087619, 52.941219936124682 ], [ 17.30394636668187, 52.941609820490868 ], [ 17.30387529184355, 52.942037696051209 ] ] ] } },
{ "type": "Feature", "properties": { "TERYT": "3028", "LOKALNYID": "DA0568B4-126C-4737-8BEF-585F23DB38E2", "PRZES_NAZW": "PL.PZGiK.308.BDOT10k", "WERSJA": "20240917000000", "POCZ_WERSJ": "20240917000000", "OZNA_ZMIAN": "GK-KARTO.600.48.2024", "ZRO_DANYCH": "ortofotomapa", "KAT_ISTNIE": "eksploatowany", "UWAGI": null, "INFO_DODAT": null, "KOD10K": null, "SKROT_KART": null, "KAT_ZARZAD": "wojewódzka", "KLASA_DROG": "droga główna", "MATE_NAWIE": "masa bitumiczna", "NAZWA_DROG": null, "LICZ_JEZDN": 1.0, "POLOZENIE": "na powierzchni gruntu", "SZER_NAWIE": 7.0, "NUMER_DROG": "242" }, "geometry": { "type": "MultiLineString", "coordinates": [ [ [ 17.300147111272462, 52.942485522982871 ], [ 17.300091382545894, 52.942570341866293 ], [ 17.300041819393186, 52.942645985842155 ] ] ] } },
{ "type": "Feature", "properties": { "TERYT": "3028", "LOKALNYID": "2EBDC9DC-3D1D-7DB6-E053-CC2BA8C07DDB", "PRZES_NAZW": "PL.PZGiK.308.BDOT10k", "WERSJA": "20231231120000", "POCZ_WERSJ": "20231231120000", "OZNA_ZMIAN": "GI-TOPO.600.116.2023", "ZRO_DANYCH": "ortofotomapa", "KAT_ISTNIE": "eksploatowany", "UWAGI": null, "INFO_DODAT": null, "KOD10K": null, "SKROT_KART": null, "KAT_ZARZAD": "wewnętrzna", "KLASA_DROG": "droga wewnętrzna", "MATE_NAWIE": "płyty betonowe", "NAZWA_DROG": null, "LICZ_JEZDN": 1.0, "POLOZENIE": "na powierzchni gruntu", "SZER_NAWIE": 3.0, "NUMER_DROG": null }, "geometry": { "type": "MultiLineString", "coordinates": [ [ [ 17.301918658627795, 52.952377031318228 ], [ 17.302076878027169, 52.952344578156783 ], [ 17.302291346741136, 52.952332084133047 ] ] ] } },
{ "type": "Feature", "properties": { "TERYT": "3028", "LOKALNYID": "64893329-86AA-454C-97E0-BE25EB57FD25", "PRZES_NAZW": "PL.PZGiK.308.BDOT10k", "WERSJA": "20240917000000", "POCZ_WERSJ": "20240917000000", "OZNA_ZMIAN": "GK-KARTO.600.48.2024", "ZRO_DANYCH": "ortofotomapa", "KAT_ISTNIE": "eksploatowany", "UWAGI": null, "INFO_DODAT": null, "KOD10K": null, "SKROT_KART": null, "KAT_ZARZAD": "wewnętrzna", "KLASA_DROG": "droga wewnętrzna", "MATE_NAWIE": "płyty betonowe", "NAZWA_DROG": null, "LICZ_JEZDN": 1.0, "POLOZENIE": "na powierzchni gruntu", "SZER_NAWIE": 4.0, "NUMER_DROG": null }, "geometry": { "type": "MultiLineString", "coordinates": [ [ [ 17.309331282599967, 52.946806263207023 ], [ 17.310322150394015, 52.947000583143669 ], [ 17.310767286017963, 52.947085693401426 ] ] ] } },
{ "type": "Feature", "properties": { "TERYT": "3028", "LOKALNYID": "2EBDC9DC-350A-7DB6-E053-CC2BA8C07DDB", "PRZES_NAZW": "PL.PZGiK.308.BDOT10k", "WERSJA": "20240917000000", "POCZ_WERSJ": "20240917000000", "OZNA_ZMIAN": "GK-KARTO.600.48.2024", "ZRO_DANYCH": "ortofotomapa", "KAT_ISTNIE": "eksploatowany", "UWAGI": null, "INFO_DODAT": null, "KOD10K": null, "SKROT_KART": null, "KAT_ZARZAD": "gminna", "KLASA_DROG": "droga lokalna", "MATE_NAWIE": "masa bitumiczna", "NAZWA_DROG": null, "LICZ_JEZDN": 1.0, "POLOZENIE": "na powierzchni gruntu", "SZER_NAWIE": 6.0, "NUMER_DROG": "207016P" }, "geometry": { "type": "MultiLineString", "coordinates": [ [ [ 17.300163732919295, 52.946029748431286 ], [ 17.300066360696832, 52.945912072110033 ], [ 17.300058916383119, 52.945874103843245 ], [ 17.30006727278807, 52.945850840836684 ], [ 17.300159504020549, 52.945712314640801 ], [ 17.300236740711146, 52.945587873206328 ], [ 17.300262006883919, 52.945547225233248 ], [ 17.300269316851267, 52.945535458657616 ], [ 17.300333813788129, 52.945432149018814 ], [ 17.300336994163029, 52.945426978403191 ], [ 17.300449461957438, 52.945246922647428 ] ] ] } },
{ "type": "Feature", "properties": { "TERYT": "3028", "LOKALNYID": "2EBDC9DC-52DC-7DB6-E053-CC2BA8C07DDB", "PRZES_NAZW": "PL.PZGiK.308.BDOT10k", "WERSJA": "20240917000000", "POCZ_WERSJ": "20240917000000", "OZNA_ZMIAN": "GK-KARTO.600.48.2024", "ZRO_DANYCH": "ortofotomapa", "KAT_ISTNIE": "eksploatowany", "UWAGI": null, "INFO_DODAT": null, "KOD10K": null, "SKROT_KART": null, "KAT_ZARZAD": "wewnętrzna", "KLASA_DROG": "droga wewnętrzna", "MATE_NAWIE": "grunt naturalny", "NAZWA_DROG": null, "LICZ_JEZDN": 1.0, "POLOZENIE": "na powierzchni gruntu", "SZER_NAWIE": null, "NUMER_DROG": null }, "geometry": { "type": "MultiLineString", "coordinates": [ [ [ 17.317890635665584, 52.933994061165727 ], [ 17.317972056552286, 52.934043867611834 ], [ 17.318186953245039, 52.934163732660558 ], [ 17.318512441921964, 52.934368080681757 ], [ 17.318651045994951, 52.934451791248932 ], [ 17.318861826487858, 52.934570427665875 ], [ 17.319074838176043, 52.934681450975923 ] ] ] } },
{ "type": "Feature", "properties": { "TERYT": "3028", "LOKALNYID": "2EBDC9DC-3DD0-7DB6-E053-CC2BA8C07DDB", "PRZES_NAZW": "PL.PZGiK.308.BDOT10k", "WERSJA": "20240917000000", "POCZ_WERSJ": "20240917000000", "OZNA_ZMIAN": "GK-KARTO.600.48.2024", "ZRO_DANYCH": "ortofotomapa", "KAT_ISTNIE": "eksploatowany", "UWAGI": null, "INFO_DODAT": null, "KOD10K": null, "SKROT_KART": null, "KAT_ZARZAD": "wojewódzka", "KLASA_DROG": "droga główna", "MATE_NAWIE": "masa bitumiczna", "NAZWA_DROG": null, "LICZ_JEZDN": 1.0, "POLOZENIE": "na powierzchni gruntu", "SZER_NAWIE": 6.0, "NUMER_DROG": "242" }, "geometry": { "type": "MultiLineString", "coordinates": [ [ [ 17.30064763301587, 52.949641270348096 ], [ 17.300646946575501, 52.949727146417693 ], [ 17.300644081824416, 52.949800220866543 ], [ 17.300629669707028, 52.949905775799081 ], [ 17.300597955361738, 52.950057668499063 ], [ 17.300511330224886, 52.950436575769999 ], [ 17.300334006733451, 52.951089290253002 ], [ 17.300294615587845, 52.951224255605204 ] ] ] } },
{ "type": "Feature", "properties": { "TERYT": "3028", "LOKALNYID": "D3FA30B8-4FEA-4133-88C5-2FF56686B9B2", "PRZES_NAZW": "PL.PZGiK.308.BDOT10k", "WERSJA": "20260622000000", "POCZ_WERSJ": "20260622000000", "OZNA_ZMIAN": "BGW-I-K.7520.3.2026", "ZRO_DANYCH": "ortofotomapa", "KAT_ISTNIE": "eksploatowany", "UWAGI": null, "INFO_DODAT": null, "KOD10K": null, "SKROT_KART": null, "KAT_ZARZAD": "wewnętrzna", "KLASA_DROG": "droga wewnętrzna", "MATE_NAWIE": "żwir", "NAZWA_DROG": null, "LICZ_JEZDN": 1.0, "POLOZENIE": "na powierzchni gruntu", "SZER_NAWIE": 4.0, "NUMER_DROG": null }, "geometry": { "type": "MultiLineString", "coordinates": [ [ [ 17.284601263004884, 52.932070230864547 ], [ 17.284262539361674, 52.932178565562978 ], [ 17.284131624889415, 52.932229645556504 ], [ 17.283940131945517, 52.932258176457843 ], [ 17.283630871008739, 52.932291390952898 ], [ 17.283398013972555, 52.932315815979479 ] ] ] } },
{ "type": "Feature", "properties": { "TERYT": "3028", "LOKALNYID": "2EBDC9DC-3D03-7DB6-E053-CC2BA8C07DDB", "PRZES_NAZW": "PL.PZGiK.308.BDOT10k", "WERSJA": "20240917000000", "POCZ_WERSJ": "20240917000000", "OZNA_ZMIAN": "GK-KARTO.600.48.2024", "ZRO_DANYCH": "ortofotomapa", "KAT_ISTNIE": "eksploatowany", "UWAGI": null, "INFO_DODAT": null, "KOD10K": null, "SKROT_KART": null, "KAT_ZARZAD": "wojewódzka", "KLASA_DROG": "droga główna", "MATE_NAWIE": "masa bitumiczna", "NAZWA_DROG": null, "LICZ_JEZDN": 1.0, "POLOZENIE": "na powierzchni gruntu", "SZER_NAWIE": 9.0, "NUMER_DROG": "242" }, "geometry": { "type": "MultiLineString", "coordinates": [ [ [ 17.300565345022612, 52.944372003840115 ], [ 17.300504109248273, 52.944342799099552 ], [ 17.300366792787987, 52.944279500659498 ], [ 17.300151822982578, 52.944180466958969 ], [ 17.29992029407078, 52.94407472075676 ], [ 17.29982130447468, 52.94402878752431 ], [ 17.299775834896096, 52.94399998786723 ], [ 17.299747247664008, 52.943977275419158 ], [ 17.299726156594662, 52.943953231307042 ], [ 17.299712356484893, 52.943929291525777 ], [ 17.299703582930999, 52.943902455886288 ] ] ] } },
{ "type": "Feature", "properties": { "TERYT": "3028", "LOKALNYID": "AFA9A97F-7FC8-428F-B570-6A0F46480BA5", "PRZES_NAZW": "PL.PZGiK.308.BDOT10k", "WERSJA": "20231231120000", "POCZ_WERSJ": "20231231120000", "OZNA_ZMIAN": "GI-TOPO.600.116.2023", "ZRO_DANYCH": "ortofotomapa", "KAT_ISTNIE": "eksploatowany", "UWAGI": null, "INFO_DODAT": null, "KOD10K": null, "SKROT_KART": null, "KAT_ZARZAD": "powiatowa", "KLASA_DROG": "droga lokalna", "MATE_NAWIE": "masa bitumiczna", "NAZWA_DROG": null, "LICZ_JEZDN": 1.0, "POLOZENIE": "na powierzchni gruntu", "SZER_NAWIE": 4.0, "NUMER_DROG": "1560P" }, "geometry": { "type": "MultiLineString", "coordinates": [ [ [ 17.317708959772563, 52.946858351236116 ], [ 17.317788243230492, 52.946821881854099 ], [ 17.318548097872569, 52.946481989541333 ], [ 17.319158483192787, 52.946202930990538 ] ] ] } },
{ "type": "Feature", "properties": { "TERYT": "3028", "LOKALNYID": "2EBDC9DC-3D45-7DB6-E053-CC2BA8C07DDB", "PRZES_NAZW": "PL.PZGiK.308.BDOT10k", "WERSJA": "20260330000000", "POCZ_WERSJ": "20260330000000", "OZNA_ZMIAN": "BGW-I-K.7520.3.2026", "ZRO_DANYCH": "ortofotomapa", "KAT_ISTNIE": "eksploatowany", "UWAGI": null, "INFO_DODAT": null, "KOD10K": null, "SKROT_KART": null, "KAT_ZARZAD": "wewnętrzna", "KLASA_DROG": "droga wewnętrzna", "MATE_NAWIE": "masa bitumiczna", "NAZWA_DROG": null, "LICZ_JEZDN": 1.0, "POLOZENIE": "na powierzchni gruntu", "SZER_NAWIE": 6.0, "NUMER_DROG": null }, "geometry": { "type": "MultiLineString", "coordinates": [ [ [ 17.302318442924424, 52.953921313974803 ], [ 17.302605469641144, 52.953200825843474 ] ] ] } },
{ "type": "Feature", "properties": { "TERYT": "3028", "LOKALNYID": "2EBDC9DC-3487-7DB6-E053-CC2BA8C07DDB", "PRZES_NAZW": "PL.PZGiK.308.BDOT10k", "WERSJA": "20231231120000", "POCZ_WERSJ": "20231231120000", "OZNA_ZMIAN": "GI-TOPO.600.116.2023", "ZRO_DANYCH": "ortofotomapa", "KAT_ISTNIE": "eksploatowany", "UWAGI": null, "INFO_DODAT": null, "KOD10K": null, "SKROT_KART": null, "KAT_ZARZAD": "wewnętrzna", "KLASA_DROG": "droga wewnętrzna", "MATE_NAWIE": "masa bitumiczna", "NAZWA_DROG": null, "LICZ_JEZDN": 1.0, "POLOZENIE": "na powierzchni gruntu", "SZER_NAWIE": 4.0, "NUMER_DROG": null }, "geometry": { "type": "MultiLineString", "coordinates": [ [ [ 17.287900872301051, 52.944666475546391 ], [ 17.287897743370198, 52.944723088311669 ], [ 17.287914262962222, 52.944776027144513 ], [ 17.287974388250603, 52.944814305664188 ], [ 17.288081624148077, 52.944873587807962 ], [ 17.2886075828938, 52.945180102196872 ], [ 17.28916641206704, 52.945495181469177 ], [ 17.28927817894219, 52.94555668613971 ], [ 17.289315016241588, 52.945585275625866 ], [ 17.289329140765567, 52.945604634725413 ], [ 17.28933443631405, 52.945628902961985 ], [ 17.289327183038097, 52.945654249592081 ], [ 17.289311295817051, 52.945679561848124 ], [ 17.289278948697444, 52.945699421000057 ], [ 17.289202003787821, 52.945725113196396 ], [ 17.288950850478983, 52.945796410976179 ], [ 17.288607077523952, 52.945886878970619 ], [ 17.288498731193943, 52.945915985546982 ], [ 17.288449005555254, 52.94593856194075 ], [ 17.288420568775603, 52.945964952370197 ], [ 17.288398583864669, 52.945986309547848 ], [ 17.288347080199095, 52.946053916756661 ] ] ] } },
{ "type": "Feature", "properties": { "TERYT": "3028", "LOKALNYID": "2EBDC9DC-3A1E-7DB6-E053-CC2BA8C07DDB", "PRZES_NAZW": "PL.PZGiK.308.BDOT10k", "WERSJA": "20260330000000", "POCZ_WERSJ": "20260330000000", "OZNA_ZMIAN": "BGW-I-K.7520.3.2026", "ZRO_DANYCH": "ortofotomapa", "KAT_ISTNIE": "eksploatowany", "UWAGI": null, "INFO_DODAT": null, "KOD10K": null, "SKROT_KART": null, "KAT_ZARZAD": "wewnętrzna", "KLASA_DROG": "droga wewnętrzna", "MATE_NAWIE": "masa bitumiczna", "NAZWA_DROG": null, "LICZ_JEZDN": 1.0, "POLOZENIE": "na powierzchni gruntu", "SZER_NAWIE": 8.0, "NUMER_DROG": null }, "geometry": { "type": "MultiLineString", "coordinates": [ [ [ 17.301960377256652, 52.954607511160908 ], [ 17.302287345825413, 52.954654361454359 ], [ 17.302497329432093, 52.954684431049415 ], [ 17.302692358761075, 52.954712308152089 ] ] ] } },
{ "type": "Feature", "properties": { "TERYT": "3028", "LOKALNYID": "2EBDC9DC-3D41-7DB6-E053-CC2BA8C07DDB", "PRZES_NAZW": "PL.PZGiK.308.BDOT10k", "WERSJA": "20240917000000", "POCZ_WERSJ": "20240917000000", "OZNA_ZMIAN": "GK-KARTO.600.48.2024", "ZRO_DANYCH": "ortofotomapa", "KAT_ISTNIE": "eksploatowany", "UWAGI": null, "INFO_DODAT": null, "KOD10K": null, "SKROT_KART": null, "KAT_ZARZAD": "wewnętrzna", "KLASA_DROG": "droga wewnętrzna", "MATE_NAWIE": "kostka prefabrykowana", "NAZWA_DROG": null, "LICZ_JEZDN": 1.0, "POLOZENIE": "na powierzchni gruntu", "SZER_NAWIE": 3.5, "NUMER_DROG": null }, "geometry": { "type": "MultiLineString", "coordinates": [ [ [ 17.300845838258088, 52.941066842181328 ], [ 17.300891377593405, 52.941116596838633 ], [ 17.301134888490925, 52.941421534279137 ], [ 17.301438764190266, 52.941800719470024 ] ] ] } },
{ "type": "Feature", "properties": { "TERYT": "3028", "LOKALNYID": "fMtMnwbl-W8Lh-jgn7-k4t4-KD3ufzC3IdtE", "PRZES_NAZW": "PL.PZGiK.308.BDOT10k", "WERSJA": "20260623000000", "POCZ_WERSJ": "20260623000000", "OZNA_ZMIAN": "BGW-I-K.7520.3.2026", "ZRO_DANYCH": "ortofotomapa", "KAT_ISTNIE": "eksploatowany", "UWAGI": null, "INFO_DODAT": null, "KOD10K": null, "SKROT_KART": null, "KAT_ZARZAD": "wewnętrzna", "KLASA_DROG": "droga wewnętrzna", "MATE_NAWIE": "kostka prefabrykowana", "NAZWA_DROG": null, "LICZ_JEZDN": 1.0, "POLOZENIE": "na powierzchni gruntu", "SZER_NAWIE": 4.0, "NUMER_DROG": null }, "geometry": { "type": "MultiLineString", "coordinates": [ [ [ 17.303508630200799, 52.940378504434008 ], [ 17.303553772854453, 52.940518365219958 ], [ 17.303588083179076, 52.940634508887001 ], [ 17.30363569588976, 52.940775933760605 ], [ 17.303675919575351, 52.940942614207401 ], [ 17.303696535214101, 52.940997857570018 ], [ 17.303743466977092, 52.941061570601057 ], [ 17.303787630986214, 52.941097095087315 ] ] ] } },
{ "type": "Feature", "properties": { "TERYT": "3028", "LOKALNYID": "2EBDC9DC-3861-7DB6-E053-CC2BA8C07DDB", "PRZES_NAZW": "PL.PZGiK.308.BDOT10k", "WERSJA": "20231231120000", "POCZ_WERSJ": "20231231120000", "OZNA_ZMIAN": "GI-TOPO.600.116.2023", "ZRO_DANYCH": "ortofotomapa", "KAT_ISTNIE": "eksploatowany", "UWAGI": null, "INFO_DODAT": null, "KOD10K": null, "SKROT_KART": null, "KAT_ZARZAD": "gminna", "KLASA_DROG": "droga lokalna", "MATE_NAWIE": "masa bitumiczna", "NAZWA_DROG": null, "LICZ_JEZDN": 1.0, "POLOZENIE": "na powierzchni gruntu", "SZER_NAWIE": 6.0, "NUMER_DROG": "207047P" }, "geometry": { "type": "MultiLineString", "coordinates": [ [ [ 17.307241080414975, 52.947548936875386 ], [ 17.307179658018409, 52.947528096738651 ], [ 17.307072379893587, 52.947491944193949 ], [ 17.306961962340338, 52.947444685082324 ], [ 17.306800934649765, 52.94738186577036 ], [ 17.306655246129825, 52.947341837977191 ], [ 17.306558333224306, 52.94731860313879 ], [ 17.305946322049198, 52.947171922216668 ], [ 17.30579571869109, 52.947135780331813 ] ] ] } },
{ "type": "Feature", "properties": { "TERYT": "3028", "LOKALNYID": "2EBDC9DC-45E2-7DB6-E053-CC2BA8C07DDB", "PRZES_NAZW": "PL.PZGiK.308.BDOT10k", "WERSJA": "20231231120000", "POCZ_WERSJ": "20231231120000", "OZNA_ZMIAN": "GI-TOPO.600.116.2023", "ZRO_DANYCH": "ortofotomapa", "KAT_ISTNIE": "eksploatowany", "UWAGI": null, "INFO_DODAT": null, "KOD10K": null, "SKROT_KART": null, "KAT_ZARZAD": "wewnętrzna", "KLASA_DROG": "droga wewnętrzna", "MATE_NAWIE": "masa bitumiczna", "NAZWA_DROG": null, "LICZ_JEZDN": 1.0, "POLOZENIE": "na powierzchni gruntu", "SZER_NAWIE": 6.0, "NUMER_DROG": null }, "geometry": { "type": "MultiLineString", "coordinates": [ [ [ 17.301893420452974, 52.954837951394012 ], [ 17.301960377256652, 52.954607511160908 ] ] ] } },
{ "type": "Feature", "properties": { "TERYT": "3028", "LOKALNYID": "NVwrx4cx-p0NZ-YP8U-UD3x-HKv8XEjMhDLx", "PRZES_NAZW": "PL.PZGiK.308.BDOT10k", "WERSJA": "20260618000000", "POCZ_WERSJ": "20260618000000", "OZNA_ZMIAN": "BGW-I-K.7520.3.2026", "ZRO_DANYCH": "ortofotomapa", "KAT_ISTNIE": "eksploatowany", "UWAGI": null, "INFO_DODAT": null, "KOD10K": null, "SKROT_KART": null, "KAT_ZARZAD": "wewnętrzna", "KLASA_DROG": "droga wewnętrzna", "MATE_NAWIE": "kostka prefabrykowana", "NAZWA_DROG": null, "LICZ_JEZDN": 1.0, "POLOZENIE": "na powierzchni gruntu", "SZER_NAWIE": 4.0, "NUMER_DROG": null }, "geometry": { "type": "MultiLineString", "coordinates": [ [ [ 17.301074612611224, 52.942633148663703 ], [ 17.301330424808288, 52.942723141843381 ], [ 17.301557723160965, 52.942826576543638 ], [ 17.301699017887326, 52.942871853979952 ], [ 17.301866713979667, 52.942908245487573 ], [ 17.302015939472678, 52.942918292243732 ] ] ] } },
{ "type": "Feature", "properties": { "TERYT": "3028", "LOKALNYID": "2EBDC9DC-4933-7DB6-E053-CC2BA8C07DDB", "PRZES_NAZW": "PL.PZGiK.308.BDOT10k", "WERSJA": "20240917000000", "POCZ_WERSJ": "20240917000000", "OZNA_ZMIAN": "GK-KARTO.600.48.2024", "ZRO_DANYCH": "ortofotomapa", "KAT_ISTNIE": "eksploatowany", "UWAGI": null, "INFO_DODAT": null, "KOD10K": null, "SKROT_KART": null, "KAT_ZARZAD": "wojewódzka", "KLASA_DROG": "droga główna", "MATE_NAWIE": "masa bitumiczna", "NAZWA_DROG": null, "LICZ_JEZDN": 1.0, "POLOZENIE": "na powierzchni gruntu", "SZER_NAWIE": 6.0, "NUMER_DROG": "242" }, "geometry": { "type": "MultiLineString", "coordinates": [ [ [ 17.31411921477288, 52.935514789269249 ], [ 17.314330591503094, 52.935426416702455 ], [ 17.315627023229144, 52.93490619570413 ], [ 17.316737033884117, 52.934459762554212 ], [ 17.317127010878632, 52.934302418723938 ], [ 17.317670558878703, 52.934080698014974 ], [ 17.317890635665584, 52.933994061165727 ] ] ] } },
{ "type": "Feature", "properties": { "TERYT": "3028", "LOKALNYID": "919AFD60-CCB6-4E0F-9311-7E6163F37080", "PRZES_NAZW": "PL.PZGiK.308.BDOT10k", "WERSJA": "20231231120000", "POCZ_WERSJ": "20231231120000", "OZNA_ZMIAN": "GI-TOPO.600.116.2023", "ZRO_DANYCH": "ortofotomapa", "KAT_ISTNIE": "eksploatowany", "UWAGI": null, "INFO_DODAT": null, "KOD10K": null, "SKROT_KART": null, "KAT_ZARZAD": "wewnętrzna", "KLASA_DROG": "droga wewnętrzna", "MATE_NAWIE": "żwir", "NAZWA_DROG": null, "LICZ_JEZDN": 1.0, "POLOZENIE": "na powierzchni gruntu", "SZER_NAWIE": 4.0, "NUMER_DROG": null }, "geometry": { "type": "MultiLineString", "coordinates": [ [ [ 17.302307615880068, 52.931129813033422 ], [ 17.302485829036648, 52.931128312596243 ], [ 17.303785201785061, 52.931161261010821 ], [ 17.304553146791999, 52.931169884727225 ] ] ] } },
{ "type": "Feature", "properties": { "TERYT": "3028", "LOKALNYID": "FB1EAB6C-F11C-4495-A95E-7FA55E74C49F", "PRZES_NAZW": "PL.PZGiK.308.BDOT10k", "WERSJA": "20231231120000", "POCZ_WERSJ": "20231231120000", "OZNA_ZMIAN": "GI-TOPO.600.116.2023", "ZRO_DANYCH": "ortofotomapa", "KAT_ISTNIE": "eksploatowany", "UWAGI": null, "INFO_DODAT": null, "KOD10K": null, "SKROT_KART": null, "KAT_ZARZAD": "wewnętrzna", "KLASA_DROG": "droga wewnętrzna", "MATE_NAWIE": "kostka prefabrykowana", "NAZWA_DROG": null, "LICZ_JEZDN": 1.0, "POLOZENIE": "na powierzchni gruntu", "SZER_NAWIE": 5.0, "NUMER_DROG": null }, "geometry": { "type": "MultiLineString", "coordinates": [ [ [ 17.305704195448648, 52.940528545353445 ], [ 17.305845590157368, 52.940533079702384 ], [ 17.306094900763398, 52.9405341162309 ] ] ] } },
{ "type": "Feature", "properties": { "TERYT": "3028", "LOKALNYID": "07o2coZc-yA7u-w0M2-hJ7T-vMVizkkSUm9y", "PRZES_NAZW": "PL.PZGiK.308.BDOT10k", "WERSJA": "20260623000000", "POCZ_WERSJ": "20260623000000", "OZNA_ZMIAN": "BGW-I-K.7520.3.2026", "ZRO_DANYCH": "ortofotomapa", "KAT_ISTNIE": "eksploatowany", "UWAGI": null, "INFO_DODAT": null, "KOD10K": null, "SKROT_KART": null, "KAT_ZARZAD": "wewnętrzna", "KLASA_DROG": "droga wewnętrzna", "MATE_NAWIE": "kostka prefabrykowana", "NAZWA_DROG": null, "LICZ_JEZDN": 1.0, "POLOZENIE": "na powierzchni gruntu", "SZER_NAWIE": 4.0, "NUMER_DROG": null }, "geometry": { "type": "MultiLineString", "coordinates": [ [ [ 17.303787630986214, 52.941097095087315 ], [ 17.303988711087619, 52.941219936124682 ] ] ] } },
{ "type": "Feature", "properties": { "TERYT": "3028", "LOKALNYID": "2EBDC9DC-45DE-7DB6-E053-CC2BA8C07DDB", "PRZES_NAZW": "PL.PZGiK.308.BDOT10k", "WERSJA": "20260331000000", "POCZ_WERSJ": "20260331000000", "OZNA_ZMIAN": "BGW-I-K.7520.3.2026", "ZRO_DANYCH": "ortofotomapa", "KAT_ISTNIE": "eksploatowany", "UWAGI": null, "INFO_DODAT": null, "KOD10K": null, "SKROT_KART": null, "KAT_ZARZAD": "wewnętrzna", "KLASA_DROG": "droga wewnętrzna", "MATE_NAWIE": "grunt naturalny", "NAZWA_DROG": null, "LICZ_JEZDN": 1.0, "POLOZENIE": "na powierzchni gruntu", "SZER_NAWIE": null, "NUMER_DROG": null }, "geometry": { "type": "MultiLineString", "coordinates": [ [ [ 17.303988711087619, 52.941219936124682 ], [ 17.304633290678428, 52.941266187799421 ], [ 17.304854131183287, 52.941279681070156 ] ] ] } },
{ "type": "Feature", "properties": { "TERYT": "3028", "LOKALNYID": "2EBDC9DC-3DF7-7DB6-E053-CC2BA8C07DDB", "PRZES_NAZW": "PL.PZGiK.308.BDOT10k", "WERSJA": "20260331000000", "POCZ_WERSJ": "20260331000000", "OZNA_ZMIAN": "BGW-I-K.7520.3.2026", "ZRO_DANYCH": "ortofotomapa", "KAT_ISTNIE": "eksploatowany", "UWAGI": null, "INFO_DODAT": null, "KOD10K": null, "SKROT_KART": null, "KAT_ZARZAD": "powiatowa", "KLASA_DROG": "droga zbiorcza", "MATE_NAWIE": "masa bitumiczna", "NAZWA_DROG": null, "LICZ_JEZDN": 1.0, "POLOZENIE": "na powierzchni gruntu", "SZER_NAWIE": 6.0, "NUMER_DROG": "1562P" }, "geometry": { "type": "MultiLineString", "coordinates": [ [ [ 17.299271920946495, 52.939698745426902 ], [ 17.299291341519794, 52.939742551002432 ], [ 17.299435936336671, 52.940044996961859 ], [ 17.299477788291853, 52.94012797462296 ] ] ] } },
{ "type": "Feature", "properties": { "TERYT": "3028", "LOKALNYID": "2EBDC9DC-3C3C-7DB6-E053-CC2BA8C07DDB", "PRZES_NAZW": "PL.PZGiK.308.BDOT10k", "WERSJA": "20231231120000", "POCZ_WERSJ": "20231231120000", "OZNA_ZMIAN": "GI-TOPO.600.116.2023", "ZRO_DANYCH": "ortofotomapa", "KAT_ISTNIE": "eksploatowany", "UWAGI": null, "INFO_DODAT": null, "KOD10K": null, "SKROT_KART": null, "KAT_ZARZAD": "wewnętrzna", "KLASA_DROG": "droga wewnętrzna", "MATE_NAWIE": "masa bitumiczna", "NAZWA_DROG": null, "LICZ_JEZDN": 1.0, "POLOZENIE": "na powierzchni gruntu", "SZER_NAWIE": 3.0, "NUMER_DROG": null }, "geometry": { "type": "MultiLineString", "coordinates": [ [ [ 17.306084617956753, 52.939212045449409 ], [ 17.306289807339851, 52.93910003638927 ] ] ] } },
{ "type": "Feature", "properties": { "TERYT": "3028", "LOKALNYID": "12BFD2B8-3F04-4F49-9547-04A2E94B3FA7", "PRZES_NAZW": "PL.PZGiK.308.BDOT10k", "WERSJA": "20231231120000", "POCZ_WERSJ": "20231231120000", "OZNA_ZMIAN": "GI-TOPO.600.116.2023", "ZRO_DANYCH": "ortofotomapa", "KAT_ISTNIE": "eksploatowany", "UWAGI": null, "INFO_DODAT": null, "KOD10K": null, "SKROT_KART": null, "KAT_ZARZAD": "wewnętrzna", "KLASA_DROG": "droga wewnętrzna", "MATE_NAWIE": "kostka prefabrykowana", "NAZWA_DROG": null, "LICZ_JEZDN": 1.0, "POLOZENIE": "na powierzchni gruntu", "SZER_NAWIE": 4.0, "NUMER_DROG": null }, "geometry": { "type": "MultiLineString", "coordinates": [ [ [ 17.313028596917839, 52.948662324749286 ], [ 17.313241741636531, 52.948365694811223 ], [ 17.313241767553713, 52.948319110027846 ], [ 17.313222229678107, 52.948281690459353 ], [ 17.313174314837195, 52.948250343203291 ], [ 17.313018455976358, 52.948203613804502 ], [ 17.312915361631681, 52.948193696404346 ], [ 17.312807896670428, 52.948208088625407 ], [ 17.312694252317929, 52.94824352719349 ], [ 17.312614476639709, 52.948265686914695 ], [ 17.312547793907182, 52.948268966782223 ], [ 17.312462021020121, 52.948257766120634 ], [ 17.312223872341523, 52.948198355562987 ] ] ] } },
{ "type": "Feature", "properties": { "TERYT": "3028", "LOKALNYID": "5E6E9401-B2F9-4CF3-8D0F-34CA8450CE8C", "PRZES_NAZW": "PL.PZGiK.308.BDOT10k", "WERSJA": "20231231120000", "POCZ_WERSJ": "20231231120000", "OZNA_ZMIAN": "GI-TOPO.600.116.2023", "ZRO_DANYCH": "ortofotomapa", "KAT_ISTNIE": "eksploatowany", "UWAGI": null, "INFO_DODAT": null, "KOD10K": null, "SKROT_KART": null, "KAT_ZARZAD": "wewnętrzna", "KLASA_DROG": "droga wewnętrzna", "MATE_NAWIE": "masa bitumiczna", "NAZWA_DROG": null, "LICZ_JEZDN": 1.0, "POLOZENIE": "na powierzchni gruntu", "SZER_NAWIE": 3.0, "NUMER_DROG": null }, "geometry": { "type": "MultiLineString", "coordinates": [ [ [ 17.305079860553327, 52.941369956456036 ], [ 17.305081766089749, 52.941587801179239 ], [ 17.305079868216843, 52.94176584128828 ], [ 17.305056388867499, 52.942118942711836 ] ] ] } },
{ "type": "Feature", "properties": { "TERYT": "3028", "LOKALNYID": "CEDE7DC2-C4BE-42F2-B626-26D03902D53D", "PRZES_NAZW": "PL.PZGiK.308.BDOT10k", "WERSJA": "20240917000000", "POCZ_WERSJ": "20240917000000", "OZNA_ZMIAN": "GK-KARTO.600.48.2024", "ZRO_DANYCH": "ortofotomapa", "KAT_ISTNIE": "eksploatowany", "UWAGI": null, "INFO_DODAT": null, "KOD10K": null, "SKROT_KART": null, "KAT_ZARZAD": "wewnętrzna", "KLASA_DROG": "droga wewnętrzna", "MATE_NAWIE": "grunt naturalny", "NAZWA_DROG": null, "LICZ_JEZDN": 1.0, "POLOZENIE": "na powierzchni gruntu", "SZER_NAWIE": null, "NUMER_DROG": null }, "geometry": { "type": "MultiLineString", "coordinates": [ [ [ 17.317507965600495, 52.942258324406133 ], [ 17.317122714194451, 52.942238389250427 ], [ 17.316881962518632, 52.942231381747632 ], [ 17.316732586468671, 52.942232862935256 ], [ 17.316623076954592, 52.942231311458791 ], [ 17.316525749841635, 52.942222737870303 ], [ 17.316466737646881, 52.942205084296639 ], [ 17.316452405047514, 52.942163961802883 ], [ 17.316461019459364, 52.942095465159987 ], [ 17.316520595018712, 52.941998912101262 ], [ 17.316684256700583, 52.941936209495594 ], [ 17.316782235693619, 52.941927974765491 ], [ 17.317131632952965, 52.941947223355875 ], [ 17.317339941173252, 52.94196159505379 ], [ 17.317527048276876, 52.941966043366058 ] ] ] } },
{ "type": "Feature", "properties": { "TERYT": "3028", "LOKALNYID": "2EBDC9DC-5615-7DB6-E053-CC2BA8C07DDB", "PRZES_NAZW": "PL.PZGiK.308.BDOT10k", "WERSJA": "20240917000000", "POCZ_WERSJ": "20240917000000", "OZNA_ZMIAN": "GK-KARTO.600.48.2024", "ZRO_DANYCH": "ortofotomapa", "KAT_ISTNIE": "eksploatowany", "UWAGI": null, "INFO_DODAT": null, "KOD10K": null, "SKROT_KART": null, "KAT_ZARZAD": "gminna", "KLASA_DROG": "droga lokalna", "MATE_NAWIE": "grunt naturalny", "NAZWA_DROG": null, "LICZ_JEZDN": 1.0, "POLOZENIE": "na powierzchni gruntu", "SZER_NAWIE": null, "NUMER_DROG": "207050P" }, "geometry": { "type": "MultiLineString", "coordinates": [ [ [ 17.331088537436276, 52.952989855570536 ], [ 17.330996540863843, 52.953050976587761 ], [ 17.330854655325265, 52.953112206167695 ], [ 17.330702867013688, 52.953183099103406 ], [ 17.330175244902641, 52.953531908376597 ], [ 17.329941484368096, 52.953693469451075 ], [ 17.329594355212492, 52.953933476366274 ], [ 17.329452650335561, 52.954032388525221 ], [ 17.32932073006479, 52.954120826055018 ], [ 17.328642616117914, 52.954575611498385 ], [ 17.328389998869046, 52.954774046440967 ] ] ] } },
{ "type": "Feature", "properties": { "TERYT": "3028", "LOKALNYID": "ECDF4A94-4DB7-4955-A14B-F42A69605799", "PRZES_NAZW": "PL.PZGiK.308.BDOT10k", "WERSJA": "20240917000000", "POCZ_WERSJ": "20240917000000", "OZNA_ZMIAN": "GK-KARTO.600.48.2024", "ZRO_DANYCH": "ortofotomapa", "KAT_ISTNIE": "eksploatowany", "UWAGI": null, "INFO_DODAT": null, "KOD10K": null, "SKROT_KART": null, "KAT_ZARZAD": "wojewódzka", "KLASA_DROG": "droga główna", "MATE_NAWIE": "masa bitumiczna", "NAZWA_DROG": null, "LICZ_JEZDN": 1.0, "POLOZENIE": "na powierzchni gruntu", "SZER_NAWIE": 6.0, "NUMER_DROG": "242" }, "geometry": { "type": "MultiLineString", "coordinates": [ [ [ 17.302546366260401, 52.94019964374634 ], [ 17.302689010873035, 52.940141786236644 ] ] ] } },
{ "type": "Feature", "properties": { "TERYT": "3028", "LOKALNYID": "2EBDC9DC-3DDA-7DB6-E053-CC2BA8C07DDB", "PRZES_NAZW": "PL.PZGiK.308.BDOT10k", "WERSJA": "20240917000000", "POCZ_WERSJ": "20240917000000", "OZNA_ZMIAN": "GK-KARTO.600.48.2024", "ZRO_DANYCH": "ortofotomapa", "KAT_ISTNIE": "eksploatowany", "UWAGI": null, "INFO_DODAT": null, "KOD10K": null, "SKROT_KART": null, "KAT_ZARZAD": "wojewódzka", "KLASA_DROG": "droga główna", "MATE_NAWIE": "masa bitumiczna", "NAZWA_DROG": null, "LICZ_JEZDN": 1.0, "POLOZENIE": "na powierzchni gruntu", "SZER_NAWIE": 6.0, "NUMER_DROG": "242" }, "geometry": { "type": "MultiLineString", "coordinates": [ [ [ 17.300960372305543, 52.940951477267433 ], [ 17.301021720081533, 52.94090172225868 ], [ 17.301151295370044, 52.940805188372821 ], [ 17.301257313044083, 52.940739973942861 ], [ 17.301294033524062, 52.940722242555864 ] ] ] } },
{ "type": "Feature", "properties": { "TERYT": "3028", "LOKALNYID": "2EBDC9DC-4B4B-7DB6-E053-CC2BA8C07DDB", "PRZES_NAZW": "PL.PZGiK.308.BDOT10k", "WERSJA": "20231231120000", "POCZ_WERSJ": "20231231120000", "OZNA_ZMIAN": "GI-TOPO.600.116.2023", "ZRO_DANYCH": "ortofotomapa", "KAT_ISTNIE": "eksploatowany", "UWAGI": null, "INFO_DODAT": null, "KOD10K": null, "SKROT_KART": null, "KAT_ZARZAD": "wewnętrzna", "KLASA_DROG": "droga wewnętrzna", "MATE_NAWIE": "kostka prefabrykowana", "NAZWA_DROG": null, "LICZ_JEZDN": 1.0, "POLOZENIE": "na powierzchni gruntu", "SZER_NAWIE": 4.0, "NUMER_DROG": null }, "geometry": { "type": "MultiLineString", "coordinates": [ [ [ 17.305341673549432, 52.940521756386737 ], [ 17.305274699846265, 52.940833677777867 ], [ 17.305258135785582, 52.940910873763656 ], [ 17.304964951692352, 52.941137189566618 ], [ 17.30491739592641, 52.941188402412813 ], [ 17.304854131183287, 52.941279681070156 ] ] ] } },
{ "type": "Feature", "properties": { "TERYT": "3028", "LOKALNYID": "2EBDC9DC-56B9-7DB6-E053-CC2BA8C07DDB", "PRZES_NAZW": "PL.PZGiK.308.BDOT10k", "WERSJA": "20240917000000", "POCZ_WERSJ": "20240917000000", "OZNA_ZMIAN": "GK-KARTO.600.48.2024", "ZRO_DANYCH": "ortofotomapa", "KAT_ISTNIE": "eksploatowany", "UWAGI": null, "INFO_DODAT": null, "KOD10K": null, "SKROT_KART": null, "KAT_ZARZAD": "powiatowa", "KLASA_DROG": "droga lokalna", "MATE_NAWIE": "masa bitumiczna", "NAZWA_DROG": null, "LICZ_JEZDN": 1.0, "POLOZENIE": "na powierzchni gruntu", "SZER_NAWIE": 6.0, "NUMER_DROG": "1557P" }, "geometry": { "type": "MultiLineString", "coordinates": [ [ [ 17.315044054203305, 52.947397509553596 ], [ 17.315282435865782, 52.947481559333745 ], [ 17.315427732118401, 52.947539557473419 ], [ 17.315539708141614, 52.947581434787942 ], [ 17.315625271935364, 52.947624826175854 ], [ 17.315712266757561, 52.947673543814894 ], [ 17.315730960210963, 52.947686759099668 ], [ 17.315898156647414, 52.947805771652277 ], [ 17.316097102620098, 52.947985219014051 ] ] ] } },
{ "type": "Feature", "properties": { "TERYT": "3028", "LOKALNYID": "2EBDC9DC-348A-7DB6-E053-CC2BA8C07DDB", "PRZES_NAZW": "PL.PZGiK.308.BDOT10k", "WERSJA": "20240917000000", "POCZ_WERSJ": "20240917000000", "OZNA_ZMIAN": "GK-KARTO.600.48.2024", "ZRO_DANYCH": "ortofotomapa", "KAT_ISTNIE": "eksploatowany", "UWAGI": null, "INFO_DODAT": null, "KOD10K": null, "SKROT_KART": null, "KAT_ZARZAD": "gminna", "KLASA_DROG": "droga lokalna", "MATE_NAWIE": "masa bitumiczna", "NAZWA_DROG": null, "LICZ_JEZDN": 1.0, "POLOZENIE": "na powierzchni gruntu", "SZER_NAWIE": 5.0, "NUMER_DROG": "207045P" }, "geometry": { "type": "MultiLineString", "coordinates": [ [ [ 17.298118700514113, 52.945292522312357 ], [ 17.298218101711555, 52.945422819956413 ], [ 17.29826359556295, 52.945488942724417 ], [ 17.298377689055147, 52.945635638580114 ], [ 17.298433897646152, 52.945705691908287 ], [ 17.298481331994736, 52.945741355106009 ], [ 17.298548151272392, 52.945787638160326 ], [ 17.298632783188079, 52.94582770106345 ], [ 17.298730741896964, 52.945858241962533 ], [ 17.298990812925627, 52.945912147986256 ], [ 17.299143110005389, 52.945946614086168 ], [ 17.299237237180964, 52.945964778903978 ], [ 17.299307130215158, 52.945978279998968 ], [ 17.299569983375914, 52.946029616511069 ], [ 17.299652801233222, 52.946043841965626 ], [ 17.299764067764105, 52.946053977802258 ], [ 17.299989656227037, 52.946045694207058 ], [ 17.300163732919295, 52.946029748431286 ] ] ] } },
{ "type": "Feature", "properties": { "TERYT": "3028", "LOKALNYID": "F4514AC9-A569-40C9-A751-288A02A70D37", "PRZES_NAZW": "PL.PZGiK.308.BDOT10k", "WERSJA": "20240917000000", "POCZ_WERSJ": "20240917000000", "OZNA_ZMIAN": "GK-KARTO.600.48.2024", "ZRO_DANYCH": "ortofotomapa", "KAT_ISTNIE": "eksploatowany", "UWAGI": null, "INFO_DODAT": null, "KOD10K": null, "SKROT_KART": null, "KAT_ZARZAD": "wewnętrzna", "KLASA_DROG": "droga wewnętrzna", "MATE_NAWIE": "grunt naturalny", "NAZWA_DROG": null, "LICZ_JEZDN": 1.0, "POLOZENIE": "na powierzchni gruntu", "SZER_NAWIE": null, "NUMER_DROG": null }, "geometry": { "type": "MultiLineString", "coordinates": [ [ [ 17.295176839230137, 52.941428914501671 ], [ 17.295206108594897, 52.941256213352133 ], [ 17.295226635834631, 52.941203627250083 ], [ 17.295401955500409, 52.940973845586896 ], [ 17.295532904820718, 52.940819960178281 ], [ 17.295588309218537, 52.940789008616569 ], [ 17.295681584453583, 52.940711115622776 ], [ 17.295770283003243, 52.94067011939476 ], [ 17.295822355849037, 52.940659534741144 ], [ 17.295870943497714, 52.940654296060011 ], [ 17.295920902825962, 52.940655822011266 ], [ 17.29600018519259, 52.94067638463352 ], [ 17.296115961485246, 52.940722921615638 ], [ 17.296648162626994, 52.940863113956368 ] ] ] } },
{ "type": "Feature", "properties": { "TERYT": "3028", "LOKALNYID": "2EBDC9DC-4CD4-7DB6-E053-CC2BA8C07DDB", "PRZES_NAZW": "PL.PZGiK.308.BDOT10k", "WERSJA": "20240917000000", "POCZ_WERSJ": "20240917000000", "OZNA_ZMIAN": "GK-KARTO.600.48.2024", "ZRO_DANYCH": "ortofotomapa", "KAT_ISTNIE": "eksploatowany", "UWAGI": null, "INFO_DODAT": null, "KOD10K": null, "SKROT_KART": null, "KAT_ZARZAD": "wojewódzka", "KLASA_DROG": "droga główna", "MATE_NAWIE": "masa bitumiczna", "NAZWA_DROG": null, "LICZ_JEZDN": 1.0, "POLOZENIE": "na powierzchni gruntu", "SZER_NAWIE": 6.0, "NUMER_DROG": "242" }, "geometry": { "type": "MultiLineString", "coordinates": [ [ [ 17.295394679546877, 52.959397939947245 ], [ 17.295416677561349, 52.959364980355311 ], [ 17.295467056233395, 52.95929960237396 ], [ 17.29551205647023, 52.959249795534078 ], [ 17.295583831984107, 52.959170515021086 ], [ 17.296093053507448, 52.9586774314674 ], [ 17.296432922326318, 52.958336152849576 ], [ 17.296548273045143, 52.958220444121444 ], [ 17.296935984473876, 52.957828768057219 ], [ 17.297049872810739, 52.957716095606564 ], [ 17.297146979297757, 52.957621169129666 ], [ 17.297305686751791, 52.95746696019328 ], [ 17.297479028157301, 52.957281394296942 ], [ 17.297626061196734, 52.957136190824698 ], [ 17.297699315796439, 52.957068351707768 ], [ 17.297751635463786, 52.95701406231165 ], [ 17.297801577102387, 52.956959648896365 ], [ 17.297847318223592, 52.956898430332309 ], [ 17.297999761292552, 52.956668497265518 ], [ 17.298252058485218, 52.95621660093579 ], [ 17.298393307706558, 52.955975805059524 ], [ 17.298590176431485, 52.955604143750605 ] ] ] } },
{ "type": "Feature", "properties": { "TERYT": "3028", "LOKALNYID": "E2784250-829E-4022-8425-7FFF3C59D13F", "PRZES_NAZW": "PL.PZGiK.308.BDOT10k", "WERSJA": "20231231120000", "POCZ_WERSJ": "20231231120000", "OZNA_ZMIAN": "GI-TOPO.600.116.2023", "ZRO_DANYCH": "ortofotomapa", "KAT_ISTNIE": "eksploatowany", "UWAGI": null, "INFO_DODAT": null, "KOD10K": null, "SKROT_KART": null, "KAT_ZARZAD": "wewnętrzna", "KLASA_DROG": "droga wewnętrzna", "MATE_NAWIE": "kostka prefabrykowana", "NAZWA_DROG": null, "LICZ_JEZDN": 1.0, "POLOZENIE": "na powierzchni gruntu", "SZER_NAWIE": 5.0, "NUMER_DROG": null }, "geometry": { "type": "MultiLineString", "coordinates": [ [ [ 17.302689010873035, 52.940141786236644 ], [ 17.302501084558298, 52.939949342866875 ] ] ] } },
{ "type": "Feature", "properties": { "TERYT": "3028", "LOKALNYID": "2EBDC9DC-3EF0-7DB6-E053-CC2BA8C07DDB", "PRZES_NAZW": "PL.PZGiK.308.BDOT10k", "WERSJA": "20260330000000", "POCZ_WERSJ": "20260330000000", "OZNA_ZMIAN": "BGW-I-K.7520.3.2026", "ZRO_DANYCH": "ortofotomapa", "KAT_ISTNIE": "eksploatowany", "UWAGI": null, "INFO_DODAT": null, "KOD10K": null, "SKROT_KART": null, "KAT_ZARZAD": "gminna", "KLASA_DROG": "droga lokalna", "MATE_NAWIE": "masa bitumiczna", "NAZWA_DROG": null, "LICZ_JEZDN": 1.0, "POLOZENIE": "na powierzchni gruntu", "SZER_NAWIE": 6.0, "NUMER_DROG": "207002P" }, "geometry": { "type": "MultiLineString", "coordinates": [ [ [ 17.307994076233417, 52.945590492897757 ], [ 17.307943551749773, 52.945618551916169 ], [ 17.307893501080422, 52.945653542488849 ], [ 17.30772973830608, 52.945771540359587 ], [ 17.307624772139512, 52.945851704358446 ], [ 17.307574092863003, 52.94590278382173 ], [ 17.307530589751384, 52.945968354734006 ], [ 17.307500014113952, 52.946042203727991 ], [ 17.307459599263844, 52.946143072273038 ], [ 17.307428480801278, 52.946215564523406 ] ] ] } },
{ "type": "Feature", "properties": { "TERYT": "3028", "LOKALNYID": "3b3ce042-4c86-4ebc-8aa4-d6dcc4aad068", "PRZES_NAZW": "PL.PZGiK.308.BDOT10k", "WERSJA": "20240917000000", "POCZ_WERSJ": "20240917000000", "OZNA_ZMIAN": "GK-KARTO.600.48.2024", "ZRO_DANYCH": "ortofotomapa", "KAT_ISTNIE": "eksploatowany", "UWAGI": null, "INFO_DODAT": null, "KOD10K": null, "SKROT_KART": null, "KAT_ZARZAD": "gminna", "KLASA_DROG": "droga lokalna", "MATE_NAWIE": "masa bitumiczna", "NAZWA_DROG": null, "LICZ_JEZDN": 1.0, "POLOZENIE": "na powierzchni gruntu", "SZER_NAWIE": 4.0, "NUMER_DROG": "207014P" }, "geometry": { "type": "MultiLineString", "coordinates": [ [ [ 17.307411399748027, 52.94243526347941 ], [ 17.307591281761187, 52.942479914441002 ], [ 17.307713371538206, 52.942510072212414 ], [ 17.307800652124264, 52.942531909942147 ], [ 17.307970010526304, 52.942560132594913 ], [ 17.308108393175555, 52.942580989094886 ], [ 17.30818179352152, 52.942592286612239 ], [ 17.308339643921663, 52.942606405277509 ], [ 17.308361204552966, 52.942607071980134 ], [ 17.308621253773158, 52.942615540584448 ], [ 17.308717004930962, 52.942618702249128 ], [ 17.309112016937451, 52.942617399556134 ] ] ] } },
{ "type": "Feature", "properties": { "TERYT": "3028", "LOKALNYID": "2EBDC9DC-3863-7DB6-E053-CC2BA8C07DDB", "PRZES_NAZW": "PL.PZGiK.308.BDOT10k", "WERSJA": "20231231120000", "POCZ_WERSJ": "20231231120000", "OZNA_ZMIAN": "GI-TOPO.600.116.2023", "ZRO_DANYCH": "ortofotomapa", "KAT_ISTNIE": "eksploatowany", "UWAGI": null, "INFO_DODAT": null, "KOD10K": null, "SKROT_KART": null, "KAT_ZARZAD": "wewnętrzna", "KLASA_DROG": "droga wewnętrzna", "MATE_NAWIE": "masa bitumiczna", "NAZWA_DROG": null, "LICZ_JEZDN": 1.0, "POLOZENIE": "na powierzchni gruntu", "SZER_NAWIE": 6.0, "NUMER_DROG": null }, "geometry": { "type": "MultiLineString", "coordinates": [ [ [ 17.301649168597553, 52.94040455002402 ], [ 17.301722040013942, 52.940376003698766 ], [ 17.302006869199332, 52.940264510747859 ] ] ] } },
{ "type": "Feature", "properties": { "TERYT": "3028", "LOKALNYID": "2EBDC9DC-3E23-7DB6-E053-CC2BA8C07DDB", "PRZES_NAZW": "PL.PZGiK.308.BDOT10k", "WERSJA": "20240917000000", "POCZ_WERSJ": "20240917000000", "OZNA_ZMIAN": "GK-KARTO.600.48.2024", "ZRO_DANYCH": "ortofotomapa", "KAT_ISTNIE": "eksploatowany", "UWAGI": null, "INFO_DODAT": null, "KOD10K": null, "SKROT_KART": null, "KAT_ZARZAD": "gminna", "KLASA_DROG": "droga lokalna", "MATE_NAWIE": "masa bitumiczna", "NAZWA_DROG": null, "LICZ_JEZDN": 1.0, "POLOZENIE": "na powierzchni gruntu", "SZER_NAWIE": 6.0, "NUMER_DROG": "207006P" }, "geometry": { "type": "MultiLineString", "coordinates": [ [ [ 17.300644997914631, 52.948831117352476 ], [ 17.300739936970476, 52.948836342206043 ], [ 17.301021652734221, 52.948893161220965 ], [ 17.301549243910589, 52.949005745339868 ], [ 17.301571531423782, 52.949010740422885 ], [ 17.301991494080479, 52.949103797525048 ], [ 17.302412783805391, 52.949197231820733 ], [ 17.302830829636381, 52.949289898814179 ], [ 17.302925894739598, 52.949310951892947 ], [ 17.303255694563344, 52.949383381160281 ], [ 17.303666834209945, 52.949473788181798 ], [ 17.304055244577196, 52.94955910292164 ], [ 17.304079750821018, 52.949564488928758 ], [ 17.304484005142712, 52.94965209684252 ], [ 17.304929424311293, 52.949745596643751 ], [ 17.305357415239722, 52.949835518692041 ], [ 17.305781272753006, 52.949924570856091 ], [ 17.306053936492162, 52.949984756155978 ], [ 17.306196983583089, 52.950016383217253 ], [ 17.306917446208885, 52.950178007843455 ], [ 17.306952576690605, 52.950185882884931 ], [ 17.307048815295598, 52.950207488953815 ], [ 17.307450688111651, 52.950299189666055 ] ] ] } },
{ "type": "Feature", "properties": { "TERYT": "3028", "LOKALNYID": "2EBDC9DC-33B4-7DB6-E053-CC2BA8C07DDB", "PRZES_NAZW": "PL.PZGiK.308.BDOT10k", "WERSJA": "20240917000000", "POCZ_WERSJ": "20240917000000", "OZNA_ZMIAN": "GK-KARTO.600.48.2024", "ZRO_DANYCH": "ortofotomapa", "KAT_ISTNIE": "eksploatowany", "UWAGI": null, "INFO_DODAT": null, "KOD10K": null, "SKROT_KART": null, "KAT_ZARZAD": "gminna", "KLASA_DROG": "droga lokalna", "MATE_NAWIE": "masa bitumiczna", "NAZWA_DROG": null, "LICZ_JEZDN": 1.0, "POLOZENIE": "na powierzchni gruntu", "SZER_NAWIE": 5.0, "NUMER_DROG": "207045P" }, "geometry": { "type": "MultiLineString", "coordinates": [ [ [ 17.296679988016248, 52.943789540965881 ], [ 17.29676657977377, 52.943878107226176 ], [ 17.297087831371613, 52.944174454534014 ] ] ] } },
{ "type": "Feature", "properties": { "TERYT": "3028", "LOKALNYID": "2EBDC9DC-3E22-7DB6-E053-CC2BA8C07DDB", "PRZES_NAZW": "PL.PZGiK.308.BDOT10k", "WERSJA": "20240917000000", "POCZ_WERSJ": "20240917000000", "OZNA_ZMIAN": "GK-KARTO.600.48.2024", "ZRO_DANYCH": "ortofotomapa", "KAT_ISTNIE": "eksploatowany", "UWAGI": null, "INFO_DODAT": null, "KOD10K": null, "SKROT_KART": null, "KAT_ZARZAD": "gminna", "KLASA_DROG": "droga lokalna", "MATE_NAWIE": "masa bitumiczna", "NAZWA_DROG": null, "LICZ_JEZDN": 1.0, "POLOZENIE": "na powierzchni gruntu", "SZER_NAWIE": 6.0, "NUMER_DROG": "207012P" }, "geometry": { "type": "MultiLineString", "coordinates": [ [ [ 17.301044355066228, 52.947060203979419 ], [ 17.301129550102846, 52.947078419424358 ], [ 17.30247158876103, 52.947368567722037 ], [ 17.302608133363165, 52.947398667363686 ], [ 17.302953852092127, 52.947474832369004 ], [ 17.303135496102882, 52.947516727190646 ], [ 17.303476361292187, 52.947587605244095 ], [ 17.304302240550779, 52.947766939094414 ], [ 17.304359085189706, 52.947779171777924 ], [ 17.305706860278502, 52.948076020115174 ], [ 17.305895365323266, 52.948117738713826 ], [ 17.306160672257924, 52.948175390778538 ], [ 17.307508558709127, 52.948466194593621 ], [ 17.307785116471464, 52.948525622045203 ], [ 17.308067727151414, 52.94858639409496 ], [ 17.308401129934644, 52.94865814090582 ] ] ] } },
{ "type": "Feature", "properties": { "TERYT": "3028", "LOKALNYID": "2EBDC9DC-4447-7DB6-E053-CC2BA8C07DDB", "PRZES_NAZW": "PL.PZGiK.308.BDOT10k", "WERSJA": "20240917000000", "POCZ_WERSJ": "20240917000000", "OZNA_ZMIAN": "GK-KARTO.600.48.2024", "ZRO_DANYCH": "ortofotomapa", "KAT_ISTNIE": "eksploatowany", "UWAGI": null, "INFO_DODAT": null, "KOD10K": null, "SKROT_KART": null, "KAT_ZARZAD": "wojewódzka", "KLASA_DROG": "droga główna", "MATE_NAWIE": "masa bitumiczna", "NAZWA_DROG": null, "LICZ_JEZDN": 1.0, "POLOZENIE": "na powierzchni gruntu", "SZER_NAWIE": 6.0, "NUMER_DROG": "242" }, "geometry": { "type": "MultiLineString", "coordinates": [ [ [ 17.304121216364234, 52.93956004643735 ], [ 17.304465770864713, 52.939420801448087 ], [ 17.304963846005194, 52.939219443719161 ], [ 17.305218325079579, 52.939114704784011 ], [ 17.305966312804614, 52.938807099365114 ] ] ] } }
]
}
