{
"type": "FeatureCollection",
"name": "komunikacja_1924",
"crs": { "type": "name", "properties": { "name": "urn:ogc:def:crs:EPSG::3857" } },
"features": [
{ "type": "Feature", "properties": { "TERYT": "3028", "LOKALNYID": "F50D9BBC-2E84-79F2-E043-CA2BA8C0F739", "WERSJAID": "2013-01-01T00:00:00", "PNAZW": "PL.PZGIK.308.BDOT10k", "GMLID": "OT_SKDR_L.2378", "X_KOD": "SKDR08", "X_SKRKARTO": null, "X_SKRK_NIL": "inapplicable", "X_KATDOKG": "dokladny", "X_DOKLGEOM": null, "X_ZRODLOG": "ortofotomapa", "X_ZRODLOA": "pomiarTerenowy", "X_KATIST": "eksploatowany", "X_KATI_NIL": null, "X_RODZREPG": "osGeometryczna", "X_UWAGI": null, "X_UZYTKOWN": "Uzytkownik30.xml", "X_AKTG": "2004-05-14", "X_AKTA": "2009-05-19", "POCZWERS": "2013-02-28", "KONIECWERS": null, "X_DATAUTW": "2009-06-02", "X_INFDOD": null, "KOD10K": null, "KOD10K_NIL": "inapplicable", "KOD25K": "0025_127", "KOD25K_NIL": null, "KOD50K": "0050_127", "KOD50K_NIL": null, "KOD100K": "0100_127", "KOD100_NIL": null, "KOD250K": null, "KOD250_NIL": "inapplicable", "KOD500K": null, "KOD500_NIL": "inapplicable", "KOD1000K": null, "KOD1000_NI": "inapplicable", "KATZARZ": "inna", "KATZA_NIL": null, "KLASADROGI": "inna", "KLDROG_NIL": null, "MATNAWIERZ": "gruntNaturalny", "MATNAW_NIL": null, "NAZWADROGI": null, "LJEZDNIDR": 1, "LJEZD_NIL": null, "NRODCIREF": null, "SZL_NUMER": null, "SZLNR_NIL": null, "length": 149.14 }, "geometry": { "type": "MultiLineString", "coordinates": [ [ [ 1923284.258622812572867, 6973550.576774414628744 ], [ 1923156.119986939476803, 6973600.961169709451497 ], [ 1922998.7361317765899, 6973663.300288720056415 ], [ 1922925.723702813265845, 6973691.565105130895972 ], [ 1922909.029815820511431, 6973699.271141344681382 ], [ 1922899.118169212481007, 6973704.781238500960171 ], [ 1922890.572869803523645, 6973709.99195774551481 ], [ 1922881.361342672258615, 6973715.33614822011441 ], [ 1922870.119042828446254, 6973721.728006505407393 ] ], [ [ 1922870.227736766682938, 6976991.258731740526855 ], [ 1922910.112807730678469, 6976991.738685961812735 ], [ 1922927.7586398224812, 6976979.198567000217736 ], [ 1922949.449748438550159, 6976963.231978002004325 ], [ 1922968.74785623815842, 6976949.551450861617923 ], [ 1922990.53089833422564, 6976934.584379400126636 ], [ 1923015.607873500091955, 6976917.785085359588265 ], [ 1923042.579656411893666, 6976898.720891127362847 ], [ 1923053.39384926808998, 6976888.924923270940781 ], [ 1923064.237256848718971, 6976877.218078318051994 ], [ 1923070.984809952555224, 6976867.590074800886214 ], [ 1923074.693329090485349, 6976859.534464568831027 ], [ 1923077.131589193828404, 6976848.439604938961565 ], [ 1923077.689928913256153, 6976836.219010126776993 ], [ 1923078.467683268012479, 6976820.380057908594608 ], [ 1923078.770991772180423, 6976813.954537592828274 ], [ 1923077.196262910030782, 6976777.281150230206549 ], [ 1923076.505643386160955, 6976770.815092760138214 ], [ 1923071.669502950739115, 6976724.937772616744041 ], [ 1923067.35854079364799, 6976689.661593930795789 ], [ 1923066.364539811620489, 6976674.411873646080494 ], [ 1923065.878374449908733, 6976660.803372666239738 ], [ 1923065.922509029740468, 6976647.207673286087811 ], [ 1923066.736276976764202, 6976636.090586771257222 ], [ 1923068.084164173807949, 6976625.518286853097379 ], [ 1923070.813398270169273, 6976613.35034210421145 ], [ 1923077.264158200006932, 6976592.578864512033761 ], [ 1923097.439923061756417, 6976541.5540870456025 ], [ 1923116.566161575261503, 6976501.790389765053988 ], [ 1923136.18386954208836, 6976463.650975131429732 ], [ 1923156.922475944506004, 6976423.01222662255168 ], [ 1923167.579986569937319, 6976396.890660561621189 ], [ 1923189.257066494552419, 6976340.600860544480383 ], [ 1923220.968699119053781, 6976258.557501818053424 ], [ 1923239.490188578376547, 6976210.070932433009148 ], [ 1923240.001532291062176, 6976208.105339368805289 ], [ 1923244.787628820398822, 6976189.654885846190155 ], [ 1923248.422692458378151, 6976175.647801945917308 ], [ 1923252.630730892764404, 6976159.17801455501467 ], [ 1923254.030156636377797, 6976155.43875140696764 ], [ 1923264.710742843803018, 6976126.941702553071082 ], [ 1923276.391019884962589, 6976102.391314723528922 ], [ 1923283.462227443465963, 6976087.519688700325787 ], [ 1923286.14063196349889, 6976082.298746172338724 ], [ 1923290.541087643941864, 6976073.711996635422111 ] ], [ [ 1923284.258622812572867, 6973550.576774414628744 ], [ 1923295.63479340611957, 6973562.797110117040575 ], [ 1923298.302351186983287, 6973566.300722101703286 ], [ 1923309.648078660015017, 6973581.178825234994292 ], [ 1923313.546256263041869, 6973590.743519905954599 ], [ 1923315.418544690357521, 6973599.079769721254706 ], [ 1923315.511562392348424, 6973607.655684127472341 ], [ 1923312.27868289896287, 6973643.683810607530177 ], [ 1923309.791244878200814, 6973673.499107490293682 ], [ 1923308.927214733324945, 6973709.584525277838111 ], [ 1923309.068633938906714, 6973753.52041189558804 ], [ 1923310.58070912421681, 6973826.052564033307135 ], [ 1923311.959295872133225, 6973866.778695665299892 ], [ 1923314.355761161306873, 6973889.91628679074347 ], [ 1923321.610726635670289, 6973944.824939149431884 ], [ 1923334.125144630903378, 6974037.613205458968878 ], [ 1923338.349338625092059, 6974070.266717711463571 ], [ 1923343.171541241696104, 6974090.405777413398027 ], [ 1923351.000162857584655, 6974121.368221085518599 ], [ 1923352.234065623022616, 6974131.451027278788388 ], [ 1923351.908060549991205, 6974145.068924450315535 ], [ 1923349.583196871215478, 6974168.093721834942698 ], [ 1923340.941494204103947, 6974233.406200212426484 ], [ 1923339.203568534227088, 6974256.146262713707983 ], [ 1923338.906160874292254, 6974268.568632814101875 ], [ 1923340.224757894640788, 6974275.114232867956161 ], [ 1923343.614226980833337, 6974281.709659389220178 ], [ 1923348.506788489641622, 6974287.144821846857667 ], [ 1923354.333862320054322, 6974290.242842 ], [ 1923374.557661126833409, 6974295.764308135025203 ], [ 1923441.729191953781992, 6974311.554164560511708 ], [ 1923552.488211038289592, 6974340.205890015698969 ], [ 1923636.356875454774126, 6974357.226292110048234 ], [ 1923684.96652216068469, 6974365.954647043719888 ] ], [ [ 1923831.853555354988202, 6973332.31723758764565 ], [ 1923756.904327627038583, 6973362.120411358773708 ], [ 1923700.559896832332015, 6973384.627067727968097 ], [ 1923629.455819743918255, 6973413.00958616938442 ], [ 1923527.177767301443964, 6973453.020831189118326 ], [ 1923421.686249617021531, 6973494.980781194753945 ], [ 1923370.533935936633497, 6973515.849107353016734 ], [ 1923284.258622812572867, 6973550.576774414628744 ] ], [ [ 1923240.001532291062176, 6976208.105339368805289 ], [ 1923297.972380240447819, 6976234.405477211810648 ], [ 1923708.174820096464828, 6976413.342620049603283 ], [ 1923817.617668675025925, 6976401.510960743762553 ], [ 1923882.691794856917113, 6976411.863662636838853 ], [ 1923943.329048799118027, 6976434.048023834824562 ], [ 1924228.692856152774766, 6976553.287202441133559 ], [ 1924316.589937682962045, 6976601.999381681904197 ], [ 1924325.29455555928871, 6976606.895119859836996 ], [ 1924371.125165960518643, 6976632.658956941217184 ], [ 1924395.888309901580215, 6976646.283145637251437 ], [ 1924427.945656936615705, 6976658.58582862932235 ], [ 1924442.253474872326478, 6976667.721154504455626 ], [ 1924443.683728709351271, 6976668.935531087219715 ], [ 1924453.108417220879346, 6976677.023192738182843 ] ], [ [ 1924001.936716079246253, 6975223.709549416787922 ], [ 1923920.622164292493835, 6975295.132597020827234 ], [ 1923897.643427713075653, 6975315.305451188236475 ], [ 1923842.651295368792489, 6975368.796210519038141 ], [ 1923790.327738620107993, 6975416.035640937276185 ], [ 1923759.187777836574242, 6975442.61041602678597 ], [ 1923734.794848770834506, 6975467.120152367278934 ], [ 1923714.867602387210354, 6975489.294055447913706 ], [ 1923698.497547766659409, 6975508.993983963504434 ], [ 1923675.583957515656948, 6975536.796720714308321 ], [ 1923641.181688300799578, 6975581.209135183133185 ], [ 1923605.360520357033238, 6975629.476597327739 ], [ 1923602.233219302026555, 6975634.071629445999861 ], [ 1923574.10193115985021, 6975675.510429224930704 ], [ 1923544.443928946740925, 6975716.995751383714378 ], [ 1923527.719262860016897, 6975740.393645445816219 ], [ 1923486.703079683706164, 6975795.766440602019429 ], [ 1923476.110777962720022, 6975811.616734060458839 ], [ 1923450.696345854317769, 6975849.631088181398809 ], [ 1923392.843451333697885, 6975928.848473133519292 ], [ 1923332.916342243552208, 6976015.013603375293314 ], [ 1923307.632512882119045, 6976048.211613417603076 ], [ 1923293.4803756326437, 6976067.982096492312849 ], [ 1923290.541087643941864, 6976073.711996635422111 ] ], [ [ 1923354.023899054154754, 6970721.564067332074046 ], [ 1923336.685518731363118, 6970775.161976197734475 ], [ 1923319.346504610264674, 6970828.776801404543221 ], [ 1923292.416804996784776, 6970912.707125254906714 ], [ 1923247.864056754857302, 6971032.989391872659326 ], [ 1923252.092733054887503, 6971035.615924870595336 ], [ 1923333.301506622694433, 6971086.138539991341531 ], [ 1923394.388483063317835, 6971124.48298164177686 ], [ 1923408.511476062936708, 6971133.260729520581663 ], [ 1923419.695320060010999, 6971140.223686389625072 ] ], [ [ 1923999.398412331240252, 6971503.45195547491312 ], [ 1923980.805242635542527, 6971491.677338031120598 ], [ 1923833.506778005510569, 6971399.42442525178194 ], [ 1923751.592292255721986, 6971347.658854905515909 ], [ 1923651.913026179187, 6971284.901664146222174 ], [ 1923618.218825459945947, 6971263.694346443749964 ], [ 1923568.664645510725677, 6971232.886953652836382 ], [ 1923490.962975436123088, 6971184.559690680354834 ], [ 1923419.695320060010999, 6971140.223686389625072 ] ], [ [ 1923646.656549393665045, 6970825.348844253458083 ], [ 1923628.343362478539348, 6970840.771526475436985 ], [ 1923612.208620496792719, 6970850.316761792637408 ], [ 1923591.228214912116528, 6970861.556067465804517 ], [ 1923581.77302281698212, 6970868.238693999126554 ], [ 1923572.207200041972101, 6970878.855231308378279 ], [ 1923560.134874032344669, 6970894.510837689042091 ], [ 1923546.055827891686931, 6970918.556169907562435 ], [ 1923525.490937510738149, 6970977.543031301349401 ], [ 1923513.067092620301992, 6971019.667109263129532 ], [ 1923505.903478654334322, 6971032.367958382703364 ], [ 1923500.332529881037772, 6971039.442965071648359 ], [ 1923489.617329557426274, 6971048.221478616818786 ], [ 1923470.057055283803493, 6971063.099337171763182 ], [ 1923458.986123883165419, 6971074.277796923182905 ], [ 1923448.79715001443401, 6971088.068689555861056 ], [ 1923438.178559327265248, 6971105.27102533634752 ], [ 1923426.359972027596086, 6971127.610409189946949 ], [ 1923419.695320060010999, 6971140.223686389625072 ] ], [ [ 1923699.881444590631872, 6973123.075292860157788 ], [ 1923710.682662276085466, 6973140.630508583039045 ], [ 1923763.477051496971399, 6973228.510768819600344 ], [ 1923825.215394049650058, 6973322.255369235761464 ], [ 1923831.853555354988202, 6973332.31723758764565 ] ], [ [ 1923678.516639546025544, 6969677.786639662459493 ], [ 1923681.558690493460745, 6969690.531236093491316 ], [ 1923684.141378241591156, 6969695.459258699789643 ], [ 1923684.832537718582898, 6969697.734482355415821 ], [ 1923685.539858565432951, 6969700.026702169328928 ], [ 1923690.838405122281983, 6969710.55025971122086 ], [ 1923715.156322993105277, 6969746.026674769818783 ], [ 1923728.647310207365081, 6969769.385382238775492 ], [ 1923739.648136069532484, 6969788.798150095157325 ], [ 1923744.486303992336616, 6969802.648903626017272 ], [ 1923750.708450447069481, 6969820.983790817670524 ], [ 1923756.460119360825047, 6969843.758334612473845 ], [ 1923765.123357041040435, 6969884.057760523632169 ], [ 1923782.692245910409838, 6969967.004750318825245 ], [ 1923795.3680683914572, 6970025.221678604371846 ], [ 1923812.163075010990724, 6970096.890978923998773 ], [ 1923821.945550217758864, 6970135.441350175067782 ], [ 1923827.182765875011683, 6970164.515629399567842 ], [ 1923836.992694171145558, 6970218.579429693520069 ], [ 1923843.802145364927128, 6970258.836167626082897 ], [ 1923848.506755505455658, 6970278.995791207067668 ], [ 1923853.459428079659119, 6970288.764298938214779 ], [ 1923859.512436946388334, 6970298.941211421974003 ], [ 1923886.007298108423129, 6970333.558401189744473 ], [ 1923912.538122440921143, 6970369.455401821993291 ], [ 1923935.10926710953936, 6970401.188318056985736 ], [ 1923955.365912147099152, 6970436.187623709440231 ], [ 1923979.066092900699005, 6970487.97842016723007 ] ], [ [ 1923753.664791867369786, 6971996.991752749308944 ], [ 1923782.365981437498704, 6971943.607666119001806 ], [ 1923786.961131178075448, 6971935.079596677795053 ], [ 1923789.205186671344563, 6971929.933834112249315 ], [ 1923798.724142867373303, 6971908.134536132216454 ], [ 1923850.74420361337252, 6971798.381114360876381 ], [ 1923915.032303328625858, 6971667.510650194250047 ], [ 1923972.950367941055447, 6971552.120416830293834 ], [ 1923999.398412331240252, 6971503.45195547491312 ] ], [ [ 1924529.993625141214579, 6973025.582330068573356 ], [ 1924512.219226259505376, 6973033.547671147622168 ], [ 1924438.955605235416442, 6973066.569773546420038 ], [ 1924310.48779601464048, 6973123.75706070009619 ], [ 1924177.967832473106682, 6973183.985838304273784 ], [ 1924005.23591550020501, 6973261.608453274704516 ], [ 1923967.413640002952889, 6973277.565813083201647 ], [ 1923922.281386312562972, 6973296.321794849820435 ], [ 1923865.956020539160818, 6973318.763424345292151 ], [ 1923831.853555354988202, 6973332.31723758764565 ] ], [ [ 1923930.657246532384306, 6974474.662633696570992 ], [ 1923993.307087952503935, 6974489.010313637554646 ], [ 1924054.536970385815948, 6974504.519948799163103 ], [ 1924122.745988462818787, 6974524.201193546876311 ], [ 1924159.3016776307486, 6974535.878413355909288 ], [ 1924193.060605231672525, 6974548.751430620439351 ], [ 1924249.334275312488899, 6974571.934628857299685 ], [ 1924339.099401801591739, 6974608.814463862217963 ], [ 1924429.636296954937279, 6974643.252479268237948 ], [ 1924533.483795590000227, 6974680.550394366495311 ], [ 1924589.314489000476897, 6974702.225349244661629 ], [ 1924663.923580159433186, 6974729.649786823429167 ], [ 1924699.711703839711845, 6974745.793321639299393 ] ], [ [ 1923979.066092900699005, 6970487.97842016723007 ], [ 1924004.773462422192097, 6970543.156058631837368 ], [ 1924018.274461110122502, 6970566.88221323210746 ], [ 1924029.387447863584384, 6970582.362746123224497 ], [ 1924038.362342444946989, 6970593.70613573025912 ], [ 1924048.818505119998008, 6970605.467044369317591 ], [ 1924074.221896052593365, 6970626.870806805789471 ], [ 1924095.365440555615351, 6970642.093402659520507 ], [ 1924105.155445820186287, 6970649.137847174890339 ], [ 1924153.3890885876026, 6970687.315941846929491 ], [ 1924206.248379853088409, 6970737.214859982952476 ], [ 1924281.158908716170117, 6970805.331019115634263 ], [ 1924321.769823734182864, 6970840.834878184832633 ], [ 1924361.307149467524141, 6970874.818098460324109 ], [ 1924393.930648794164881, 6970899.948824465274811 ], [ 1924411.356259517604485, 6970914.102154722437263 ], [ 1924437.462560530053452, 6970937.382706097327173 ], [ 1924480.5436882218346, 6970977.762357881292701 ], [ 1924510.860865524504334, 6971005.844231711700559 ], [ 1924583.78625715803355, 6971068.464100384153426 ], [ 1924714.934706677217036, 6971183.58512095734477 ], [ 1924757.742576170712709, 6971220.2371582724154 ], [ 1924804.448540049605072, 6971260.221276950091124 ], [ 1924819.309913408244029, 6971273.565639254637063 ], [ 1924829.794527590507641, 6971284.214249209500849 ], [ 1924839.178657344309613, 6971294.454546355642378 ], [ 1924848.835284365108237, 6971306.47871170938015 ], [ 1924855.140314069809392, 6971317.293362534604967 ] ], [ [ 1924729.659534224541858, 6970370.073833502829075 ], [ 1924386.280538862105459, 6970418.072275598533452 ], [ 1924306.761929494095966, 6970430.171188983134925 ], [ 1924287.937992592575029, 6970433.042515356093645 ], [ 1924254.630585866980255, 6970438.108310176059604 ], [ 1924216.82410420733504, 6970444.245501017197967 ], [ 1924188.191814599558711, 6970449.190428282134235 ], [ 1924129.712837366154417, 6970458.585840187966824 ], [ 1924113.598596712108701, 6970461.07322374265641 ], [ 1924071.923735201591626, 6970467.532308309338987 ], [ 1924070.072214612271637, 6970468.052656934596598 ], [ 1924037.812110727885738, 6970477.12886680290103 ], [ 1924029.488526296569034, 6970479.470597747713327 ], [ 1924017.963477156823501, 6970481.968120804056525 ], [ 1924009.731853596167639, 6970483.232438896782696 ], [ 1923979.066092900699005, 6970487.97842016723007 ] ], [ [ 1924235.838109987787902, 6971651.941433632746339 ], [ 1924232.098509061383083, 6971649.625946434214711 ], [ 1924214.821613748790696, 6971638.913099966011941 ], [ 1924195.553928839275613, 6971626.906690994277596 ], [ 1924160.121097779134288, 6971604.828583267517388 ], [ 1924125.737314163241535, 6971583.240627784281969 ], [ 1924080.692323396913707, 6971554.968518528155982 ], [ 1923999.398412331240252, 6971503.45195547491312 ] ], [ [ 1924001.936716079246253, 6975223.709549416787922 ], [ 1924035.105849627871066, 6975239.179353058338165 ], [ 1924067.93096020212397, 6975260.041993197053671 ], [ 1924136.442462894832715, 6975295.121451330371201 ], [ 1924141.143148879287764, 6975297.527519469149411 ], [ 1924213.119730834383518, 6975334.01903291977942 ], [ 1924307.361003629397601, 6975381.696044368669391 ], [ 1924352.593196340370923, 6975407.923772722482681 ], [ 1924431.665059451479465, 6975444.51712488103658 ], [ 1924532.246345331193879, 6975494.105446661822498 ], [ 1924545.048062418121845, 6975500.261613559909165 ], [ 1924557.475250445771962, 6975510.314406965859234 ], [ 1924573.164866424864158, 6975526.793868659064174 ], [ 1924588.592223130865023, 6975542.452701627276838 ], [ 1924598.967035033507273, 6975547.487147814594209 ], [ 1924609.064962869277224, 6975550.919479329138994 ], [ 1924617.196287092287093, 6975552.692691009491682 ], [ 1924628.621098297182471, 6975552.616726293228567 ], [ 1924635.93629439547658, 6975550.36507903970778 ], [ 1924643.868615869665518, 6975544.471853034570813 ], [ 1924648.212853712961078, 6975536.78106150124222 ], [ 1924655.42928667133674, 6975538.681945063173771 ], [ 1924661.630647606682032, 6975540.043359400704503 ], [ 1924666.133215586887673, 6975541.72980993706733 ], [ 1924699.361462617525831, 6975554.124208774417639 ], [ 1924743.32692714035511, 6975570.963106663897634 ], [ 1924788.090273565147072, 6975589.815214416012168 ], [ 1924805.802121687680483, 6975597.268280250951648 ], [ 1924831.122675947379321, 6975609.656214416027069 ], [ 1924881.382126133423299, 6975635.154058828018606 ], [ 1925001.610539785819128, 6975694.015036680735648 ], [ 1925092.495044318959117, 6975738.197628238238394 ] ], [ [ 1924001.936716079246253, 6975223.709549416787922 ], [ 1924071.732119106221944, 6975163.925950391218066 ], [ 1924130.559323352528736, 6975110.77617506403476 ], [ 1924180.7089438138064, 6975066.242965242825449 ], [ 1924246.977134991670027, 6975008.269049366936088 ], [ 1924327.133018537657335, 6974939.310302027501166 ], [ 1924363.753837689990178, 6974903.792568037286401 ], [ 1924381.702575437258929, 6974889.381936577148736 ], [ 1924387.519527173601091, 6974884.585497402586043 ], [ 1924395.518071626545861, 6974877.980010609142482 ], [ 1924408.860402764985338, 6974869.042874442413449 ], [ 1924435.897861000848934, 6974854.450792434625328 ], [ 1924479.660250787623227, 6974835.755136866122484 ], [ 1924567.094815928954631, 6974800.039512153714895 ], [ 1924650.097003932110965, 6974765.94545916095376 ], [ 1924699.711703839711845, 6974745.793321639299393 ] ], [ [ 1924686.255725550232455, 6976389.191403847187757 ], [ 1924708.270420955726877, 6976356.607653619721532 ], [ 1924732.998378385324031, 6976319.384978499263525 ], [ 1924745.179394423495978, 6976300.794239273294806 ], [ 1924753.453020979184657, 6976286.847230829298496 ], [ 1924756.829713897546753, 6976280.113205736503005 ], [ 1924760.189829889452085, 6976273.378788997419178 ], [ 1924773.985375616699457, 6976243.358124367892742 ], [ 1924788.066094542387873, 6976211.798604904673994 ], [ 1924812.442612706916407, 6976159.32658964022994 ], [ 1924815.682291991543025, 6976152.77220572065562 ], [ 1924822.727813775418326, 6976138.862545484676957 ] ], [ [ 1924612.543015061412007, 6971887.686536989174783 ], [ 1924578.762075789505616, 6971866.429835952818394 ], [ 1924544.981316999532282, 6971845.17305032722652 ], [ 1924434.690299368929118, 6971775.191258560866117 ], [ 1924387.75080730416812, 6971745.662261481396854 ], [ 1924345.617520444327965, 6971719.60366727784276 ], [ 1924263.206974856089801, 6971668.909251095727086 ], [ 1924235.838109987787902, 6971651.941433632746339 ] ], [ [ 1924668.652994721196592, 6972964.133233528584242 ], [ 1924579.027941286563873, 6973003.610566937364638 ], [ 1924529.993625141214579, 6973025.582330068573356 ] ], [ [ 1924612.543015061412007, 6971887.686536989174783 ], [ 1924687.561904888600111, 6971934.414546805433929 ] ], [ [ 1924612.543015061412007, 6971887.686536989174783 ], [ 1924687.561904888600111, 6971934.414546805433929 ] ], [ [ 1924617.217718385159969, 6976042.539082444272935 ], [ 1924684.150414597708732, 6976073.274644273333251 ], [ 1924717.510234643006697, 6976088.598159651271999 ], [ 1924787.835582121973857, 6976121.724357436411083 ], [ 1924822.727813775418326, 6976138.862545484676957 ] ], [ [ 1924944.729813270037994, 6972840.219420528039336 ], [ 1924824.033834823407233, 6972894.973658628761768 ], [ 1924723.690367821836844, 6972939.895095993764699 ], [ 1924668.652994721196592, 6972964.133233528584242 ] ], [ [ 1924687.561904888600111, 6971934.414546805433929 ], [ 1924722.736222225939855, 6971956.335499954409897 ], [ 1924757.910338905407116, 6971978.272963048890233 ], [ 1924828.276110920822248, 6972022.131403179839253 ], [ 1924831.72148612421006, 6972024.290180589072406 ], [ 1924918.710614709882066, 6972077.183282294310629 ], [ 1924986.422557914163917, 6972118.419202097691596 ] ], [ [ 1924699.711703839711845, 6974745.793321639299393 ], [ 1924804.363640672294423, 6974701.197386189363897 ], [ 1924889.602845112327486, 6974664.961135268211365 ], [ 1925000.118445835774764, 6974618.375961770303547 ], [ 1925086.187444075942039, 6974582.02484851051122 ], [ 1925134.004672362003475, 6974560.681024649180472 ] ], [ [ 1924786.058826099382713, 6972327.344991751015186 ], [ 1924890.76772099477239, 6972402.54285083245486 ], [ 1924946.04048871435225, 6972445.693496586754918 ], [ 1924954.88117049029097, 6972460.740000179968774 ], [ 1924965.106867156689987, 6972473.992094926536083 ], [ 1924976.631559991510585, 6972482.789586250670254 ], [ 1925047.254197428235784, 6972527.934142475016415 ], [ 1925118.945948988897726, 6972572.057147796265781 ], [ 1925150.226573246764019, 6972591.310017201118171 ], [ 1925239.388290487462655, 6972652.179735437966883 ], [ 1925261.701211381470785, 6972667.331159798428416 ], [ 1925269.251837981399149, 6972673.209463990293443 ], [ 1925270.9477907018736, 6972675.775131657719612 ], [ 1925279.650807835627347, 6972688.974294738844037 ] ], [ [ 1925092.495044318959117, 6975738.197628238238394 ], [ 1925063.587568325456232, 6975765.845584532245994 ], [ 1925019.49513974878937, 6975808.770949735306203 ], [ 1924986.739766625454649, 6975842.044461464509368 ], [ 1924974.618347644340247, 6975855.383912133052945 ], [ 1924965.627876956947148, 6975866.737146239727736 ], [ 1924956.840984407113865, 6975880.688013165257871 ], [ 1924946.68268874916248, 6975897.930244768038392 ], [ 1924924.220910126110539, 6975938.961905250325799 ], [ 1924900.751266977749765, 6975987.515384037047625 ], [ 1924854.543020509183407, 6976077.543418236076832 ], [ 1924822.727813775418326, 6976138.862545484676957 ] ], [ [ 1924855.140314069809392, 6971317.293362534604967 ], [ 1924866.89121518144384, 6971337.423817468807101 ], [ 1924874.964399242540821, 6971351.237436730414629 ], [ 1924909.074152742046863, 6971419.309346467256546 ], [ 1924931.8222300268244, 6971457.841702593490481 ], [ 1924969.791766936890781, 6971528.797018378041685 ], [ 1925004.66910479334183, 6971591.124132388271391 ], [ 1925014.779555927729234, 6971609.189326667226851 ], [ 1925047.926291822222993, 6971664.166490510106087 ], [ 1925065.930759960785508, 6971688.964960744604468 ], [ 1925073.749799981713295, 6971699.5502496259287 ], [ 1925081.061656654346734, 6971707.066902442835271 ], [ 1925094.566548807080835, 6971717.571765435859561 ] ], [ [ 1924944.537635347805917, 6971685.189919737167656 ], [ 1925020.348099003080279, 6971702.048016181215644 ], [ 1925060.904198213713244, 6971712.948695747181773 ], [ 1925076.455778843956068, 6971715.412476466968656 ], [ 1925094.566548807080835, 6971717.571765435859561 ] ], [ [ 1924944.729813270037994, 6972840.219420528039336 ], [ 1924945.229744032258168, 6972858.955392311327159 ], [ 1924945.729282374260947, 6972877.708012427203357 ], [ 1924949.106617306126282, 6972922.547136449255049 ], [ 1924959.67513735149987, 6973010.755348267033696 ], [ 1924971.025029148207977, 6973089.795293159782887 ], [ 1924973.799522675108165, 6973109.067918735556304 ], [ 1924979.959221182391047, 6973156.101359792053699 ], [ 1924981.696898611728102, 6973176.462599273771048 ], [ 1924985.396365436026827, 6973221.011985722929239 ], [ 1924987.00581178558059, 6973259.347637633793056 ], [ 1924987.39567478816025, 6973270.156631840392947 ], [ 1924989.574623441556469, 6973284.497450212948024 ], [ 1924994.842098369728774, 6973316.058637668378651 ], [ 1924996.174857154954225, 6973340.215471812523901 ], [ 1925003.662119816290215, 6973411.63977918215096 ], [ 1925011.481984256766737, 6973482.32495239470154 ], [ 1925018.458720069378614, 6973534.76343643758446 ], [ 1925026.86507204733789, 6973594.015505626797676 ], [ 1925033.25614406936802, 6973657.872349737212062 ], [ 1925038.829622662160546, 6973703.100458525121212 ], [ 1925043.198111200239509, 6973745.325837533921003 ], [ 1925046.583779058419168, 6973789.854241259396076 ], [ 1925050.420553080737591, 6973827.946604232303798 ] ], [ [ 1924953.760343620087951, 6972836.115185264497995 ], [ 1924944.729813270037994, 6972840.219420528039336 ] ], [ [ 1925279.650807835627347, 6972688.974294738844037 ], [ 1925209.773148318286985, 6972719.956068029627204 ], [ 1925150.484631193103269, 6972746.072619615122676 ], [ 1925098.725161076290533, 6972769.876193805597723 ], [ 1925078.601413007592782, 6972779.115649114362895 ], [ 1925073.758881673682481, 6972781.3427749350667 ], [ 1925055.561604032060131, 6972789.714342889375985 ], [ 1924965.28689665812999, 6972830.890881815925241 ], [ 1924953.760343620087951, 6972836.115185264497995 ] ], [ [ 1924986.422557914163917, 6972118.419202097691596 ], [ 1925017.918384038144723, 6972137.593596063554287 ], [ 1925123.664628661936149, 6972203.275650910101831 ], [ 1925206.326011017896235, 6972255.033617932349443 ], [ 1925231.877917791716754, 6972272.620570600032806 ], [ 1925243.958286612061784, 6972281.746334639377892 ] ], [ [ 1925050.420553080737591, 6973827.946604232303798 ], [ 1925054.833309400826693, 6973869.010554750449955 ], [ 1925060.590254492359236, 6973906.517651199363172 ], [ 1925064.208959179231897, 6973927.257940788753331 ], [ 1925069.087102473713458, 6973961.986034373752773 ], [ 1925072.640416509704664, 6973998.759743622504175 ], [ 1925078.327001518104225, 6974053.214609299786389 ], [ 1925084.463913976214826, 6974100.568648652173579 ], [ 1925088.015401875134557, 6974138.123925349675119 ], [ 1925091.267494312953204, 6974174.326277960091829 ], [ 1925098.281559739960358, 6974225.939236095175147 ], [ 1925106.000927156303078, 6974300.932874995283782 ], [ 1925115.203324617352337, 6974379.80112955160439 ], [ 1925119.811347358627245, 6974439.2180309984833 ], [ 1925125.573783837025985, 6974503.083129287697375 ], [ 1925128.262780030258, 6974536.481937350705266 ], [ 1925129.957313905702904, 6974545.41271445620805 ], [ 1925134.004672362003475, 6974560.681024649180472 ] ], [ [ 1925050.420553080737591, 6973827.946604232303798 ], [ 1925093.143582469085231, 6973792.675697010941803 ], [ 1925148.410758310230449, 6973749.844331171363592 ], [ 1925211.300376833416522, 6973697.291379692964256 ], [ 1925255.763096668059006, 6973664.088750691153109 ], [ 1925311.111068855738267, 6973616.373884513042867 ], [ 1925353.052979657193646, 6973583.194112719967961 ], [ 1925368.635743255028501, 6973571.203065847046673 ], [ 1925404.730310827726498, 6973543.450214516371489 ], [ 1925419.188970031449571, 6973533.426233345642686 ] ], [ [ 1925081.213091843295842, 6977246.569930230267346 ], [ 1925099.020918242866173, 6977148.104074573144317 ], [ 1925104.139614477520809, 6977117.573477312922478 ], [ 1925116.716731705935672, 6977053.642798316664994 ], [ 1925119.799068820662796, 6977032.05687771178782 ], [ 1925135.177021129056811, 6976939.519749329425395 ], [ 1925163.893702765926719, 6976773.964267879724503 ], [ 1925188.391520392615348, 6976638.031435292214155 ], [ 1925214.146992627764121, 6976488.883395089767873 ], [ 1925224.904605563497171, 6976428.886733062565327 ], [ 1925228.424879090161994, 6976410.487575124949217 ], [ 1925234.013239073799923, 6976378.990234198980033 ], [ 1925237.556368115823716, 6976351.93203513789922 ], [ 1925241.495816939044744, 6976320.744681453332305 ], [ 1925242.17653753911145, 6976314.411593148484826 ], [ 1925246.801040946971625, 6976269.013013698160648 ], [ 1925253.681661279406399, 6976183.694970497861505 ], [ 1925260.979577433783561, 6976098.952873942442238 ], [ 1925271.475043626502156, 6975973.03562796395272 ], [ 1925285.258163209306076, 6975800.030528009869158 ], [ 1925302.946951027261093, 6975593.018406219780445 ], [ 1925306.696622490650043, 6975544.628125132992864 ], [ 1925308.698853121139109, 6975523.801590461283922 ], [ 1925309.319312382955104, 6975514.409690987318754 ], [ 1925311.545578564284369, 6975500.219757742248476 ], [ 1925314.528795851161703, 6975491.166681064292789 ] ], [ [ 1925314.528795851161703, 6975491.166681064292789 ], [ 1925303.684656997211277, 6975496.126973767764866 ], [ 1925294.804885129444301, 6975502.845848495140672 ], [ 1925291.657229048665613, 6975506.244369297288358 ], [ 1925288.493000640533864, 6975509.642495630308986 ], [ 1925254.486087567871436, 6975548.952202761545777 ], [ 1925206.770055557368323, 6975606.349995199590921 ], [ 1925169.07694414886646, 6975652.153444615192711 ], [ 1925150.890590475872159, 6975673.076550010591745 ], [ 1925125.336235881550238, 6975701.26977654453367 ], [ 1925092.495044318959117, 6975738.197628238238394 ] ], [ [ 1925094.566548807080835, 6971717.571765435859561 ], [ 1925103.99318583891727, 6971723.959383690729737 ], [ 1925147.190494806971401, 6971748.577472191303968 ], [ 1925252.88851995463483, 6971798.638343160040677 ], [ 1925335.863945705350488, 6971836.296309952624142 ], [ 1925338.765934817260131, 6971837.611284838058054 ], [ 1925369.591540124965832, 6971850.787350290454924 ], [ 1925410.80161080788821, 6971868.413257284089923 ], [ 1925433.857966298004612, 6971877.982171533629298 ], [ 1925466.628288225503638, 6971890.224080022424459 ], [ 1925572.208734517451376, 6971927.204993021674454 ], [ 1925647.772843994898722, 6971955.331408430822194 ], [ 1925650.006866895128042, 6971956.165272684767842 ], [ 1925713.860670661786571, 6971979.859794603660703 ], [ 1925733.244945439277217, 6971987.064850819297135 ], [ 1925753.069377270760015, 6971994.579341450706124 ], [ 1925768.379119475139305, 6971999.594398035667837 ], [ 1925789.224743939004838, 6972005.272485052235425 ] ], [ [ 1925134.004672362003475, 6974560.681024649180472 ], [ 1925148.212400789838284, 6974554.339366167783737 ], [ 1925183.233891841722652, 6974540.600315797142684 ] ], [ [ 1925183.233891841722652, 6974540.600315797142684 ], [ 1925216.619795609731227, 6974526.622761049307883 ], [ 1925254.693389764521271, 6974512.092047369107604 ], [ 1925287.037339143222198, 6974499.402211009524763 ], [ 1925294.07997653610073, 6974496.711721300147474 ], [ 1925308.147450279677287, 6974490.682221904397011 ], [ 1925324.541481253458187, 6974485.106915593147278 ], [ 1925345.338966449722648, 6974474.185902666300535 ], [ 1925366.152132127899677, 6974462.600528764538467 ], [ 1925402.40064541157335, 6974440.415041973814368 ], [ 1925452.96743278647773, 6974406.489386321976781 ], [ 1925502.057954239659011, 6974375.386598934419453 ], [ 1925529.079155115177855, 6974360.625181323848665 ], [ 1925549.218854527920485, 6974349.455526604317129 ], [ 1925567.278738203458488, 6974340.712333032861352 ], [ 1925579.687503694789484, 6974335.407420771196485 ], [ 1925595.221109363483265, 6974329.744743123650551 ], [ 1925613.902007345343009, 6974323.475560065358877 ], [ 1925672.968610872514546, 6974306.467818205244839 ], [ 1925733.520592693937942, 6974290.425519680604339 ], [ 1925777.206610212568194, 6974277.505006396211684 ], [ 1925780.14951249351725, 6974276.428334717638791 ], [ 1925789.26299611502327, 6974273.072141928598285 ], [ 1925796.509963865624741, 6974270.136885899119079 ] ], [ [ 1925243.958286612061784, 6972281.746334639377892 ], [ 1925270.090181915089488, 6972301.440262346528471 ], [ 1925284.231575382407755, 6972311.013786276802421 ], [ 1925302.730865284102038, 6972324.113324088044465 ], [ 1925318.714029876282439, 6972334.295504680834711 ], [ 1925323.305716089205816, 6972337.046282220631838 ] ], [ [ 1925243.958286612061784, 6972281.746334639377892 ], [ 1925250.89372629718855, 6972272.309266546741128 ], [ 1925261.167911542812362, 6972258.349956773221493 ], [ 1925267.929622334660962, 6972245.752330643124878 ], [ 1925276.378807630622759, 6972219.987751057371497 ], [ 1925278.895895376335829, 6972204.680904957465827 ], [ 1925283.687502122484148, 6972180.806264415383339 ] ], [ [ 1925457.608680173987523, 6972607.267539666034281 ], [ 1925433.825038935057819, 6972619.926091773435473 ], [ 1925409.184285423951223, 6972631.683676959015429 ], [ 1925328.360444365534931, 6972667.24035516101867 ], [ 1925279.650807835627347, 6972688.974294738844037 ] ], [ [ 1925314.528795851161703, 6975491.166681064292789 ], [ 1925316.97760362084955, 6975485.075777285732329 ], [ 1925322.585731739643961, 6975472.993997221812606 ], [ 1925327.595135189825669, 6975463.789759474806488 ], [ 1925335.585148846264929, 6975449.138848023489118 ], [ 1925392.271429525222629, 6975358.01840241625905 ], [ 1925430.105453378288075, 6975294.951687915250659 ], [ 1925442.946236660704017, 6975273.569361627101898 ], [ 1925486.106075481977314, 6975201.190238594077528 ], [ 1925498.784067149041221, 6975180.369242995046079 ], [ 1925509.593911836389452, 6975162.827607910148799 ], [ 1925527.261144804768264, 6975134.331142176873982 ], [ 1925546.557421799516305, 6975100.040318600833416 ], [ 1925562.925064879236743, 6975073.208192090503871 ], [ 1925571.079729616176337, 6975060.67224335949868 ], [ 1925576.903928343905136, 6975050.640153378248215 ], [ 1925582.463406122289598, 6975040.585158638656139 ], [ 1925587.555284443078563, 6975029.272663122974336 ], [ 1925604.525169254746288, 6974986.783786247484386 ], [ 1925632.610764270881191, 6974903.279415112920105 ], [ 1925648.334555665263906, 6974858.783928306773305 ], [ 1925670.249881877796724, 6974790.106947544030845 ] ], [ [ 1925323.305716089205816, 6972337.046282220631838 ], [ 1925341.557337501551956, 6972348.013408567756414 ], [ 1925400.674619307741523, 6972382.164737940765917 ], [ 1925425.354261657921597, 6972394.63035589735955 ], [ 1925449.660888610873371, 6972406.75477902777493 ], [ 1925469.044821235118434, 6972414.708435819484293 ], [ 1925524.727378982817754, 6972434.373761660419405 ], [ 1925534.209423832129687, 6972438.470123722217977 ], [ 1925573.858783580362797, 6972455.660608853213489 ] ], [ [ 1925323.305716089205816, 6972337.046282220631838 ], [ 1925322.339222905226052, 6972351.260622186586261 ], [ 1925322.023366420762613, 6972364.593371721915901 ], [ 1925322.878603387856856, 6972375.362383018247783 ], [ 1925328.524744474096224, 6972402.160821870900691 ], [ 1925335.280662204371765, 6972428.985763739794493 ], [ 1925339.85702807107009, 6972437.98276040237397 ], [ 1925344.831665962468833, 6972446.258263064548373 ], [ 1925353.144590660696849, 6972454.231127381324768 ], [ 1925385.655724469339475, 6972484.51007414329797 ], [ 1925406.622013994958252, 6972504.031263899058104 ], [ 1925421.847885952098295, 6972516.820350636728108 ], [ 1925426.495402787579224, 6972520.718780651688576 ], [ 1925438.861590467160568, 6972531.097329465672374 ], [ 1925441.272105280309916, 6972532.882473113015294 ], [ 1925455.685526225715876, 6972543.592146192677319 ], [ 1925461.33716186741367, 6972547.780271201394498 ], [ 1925472.45701719308272, 6972555.50422821752727 ], [ 1925481.251087379874662, 6972560.664222656749189 ], [ 1925494.377531750127673, 6972568.336210263893008 ] ], [ [ 1925365.727932528592646, 6972901.854443306103349 ], [ 1925494.196882446296513, 6972948.473656623624265 ], [ 1925600.375948040280491, 6972986.669387247413397 ], [ 1925651.194657239131629, 6973004.740877145901322 ], [ 1925654.291716313222423, 6973007.638924461789429 ], [ 1925656.270528801716864, 6973012.969324219971895 ], [ 1925656.217111085774377, 6973030.645777417346835 ], [ 1925654.091250317171216, 6973060.966470499522984 ], [ 1925649.921290896134451, 6973127.259109909646213 ] ], [ [ 1925419.188970031449571, 6973533.426233345642686 ], [ 1925425.240582363912836, 6973512.352318311110139 ], [ 1925428.279574258020148, 6973501.60800117906183 ], [ 1925430.010087111499161, 6973493.623945889994502 ], [ 1925430.593735205708072, 6973481.575076657347381 ], [ 1925430.426710352068767, 6973462.72931154537946 ], [ 1925429.268198373960331, 6973433.957299184985459 ], [ 1925423.968874122947454, 6973384.766497602686286 ], [ 1925415.281984344823286, 6973295.951650513336062 ], [ 1925408.668147465679795, 6973211.290958961471915 ], [ 1925400.649771549040452, 6973134.855198272503912 ], [ 1925397.91976725240238, 6973106.661693588830531 ], [ 1925393.71368574607186, 6973063.114582008682191 ], [ 1925391.466372716007754, 6973027.838453254662454 ], [ 1925390.445362223545089, 6973005.866536708548665 ], [ 1925390.306219703517854, 6973001.244430700317025 ], [ 1925389.943694091169164, 6972988.559053086675704 ], [ 1925388.381059342529625, 6972976.160805942490697 ], [ 1925386.204116043169051, 6972965.9078150074929 ], [ 1925385.607214709511027, 6972963.119022945873439 ], [ 1925379.324457501526922, 6972943.580646716989577 ], [ 1925373.47714636893943, 6972930.150092289783061 ], [ 1925368.820655460003763, 6972918.92435834556818 ], [ 1925367.411929450463504, 6972913.325075205415487 ], [ 1925365.727932528592646, 6972901.854443306103349 ] ], [ [ 1925365.727932528592646, 6972901.854443306103349 ], [ 1925366.981015360914171, 6972891.63333897292614 ], [ 1925367.286113229114562, 6972889.248165231198072 ], [ 1925367.941720862174407, 6972885.359449313953519 ], [ 1925369.498760802205652, 6972873.500804069451988 ], [ 1925372.211145919049159, 6972852.74792037717998 ], [ 1925375.319821217563003, 6972819.460949772037566 ], [ 1925380.215132717741653, 6972817.101975015364587 ], [ 1925401.623460894450545, 6972806.795764738693833 ], [ 1925412.537211051909253, 6972801.539639767259359 ], [ 1925456.32615454797633, 6972780.45175710786134 ], [ 1925458.069646747782826, 6972779.612698004581034 ], [ 1925489.409490815829486, 6972764.923908240161836 ], [ 1925491.085541209671646, 6972764.133081047795713 ], [ 1925497.855995443416759, 6972760.971345377154648 ], [ 1925511.330632173223421, 6972754.646284511312842 ], [ 1925537.072699940996245, 6972742.582114238291979 ] ], [ [ 1925419.188970031449571, 6973533.426233345642686 ], [ 1925449.437268404057249, 6973512.462819195352495 ], [ 1925508.619324491126463, 6973467.231329548172653 ], [ 1925544.402643766254187, 6973440.683725348673761 ], [ 1925562.35462304437533, 6973425.907651877962053 ], [ 1925575.327696975087747, 6973413.505468408577144 ], [ 1925590.156900724163279, 6973397.608378297649324 ], [ 1925602.153383624507114, 6973381.643950967118144 ], [ 1925616.353838803479448, 6973362.192910881713033 ], [ 1925622.278262696694583, 6973349.97211036644876 ], [ 1925627.843136151554063, 6973335.433285624720156 ], [ 1925631.739160948665813, 6973319.974220600910485 ], [ 1925639.773034601937979, 6973278.129290274344385 ], [ 1925646.988590735010803, 6973226.030383910983801 ], [ 1925649.203232029918581, 6973203.171210795640945 ], [ 1925649.706364536192268, 6973198.01597501244396 ], [ 1925649.780983485979959, 6973194.86094371881336 ], [ 1925650.324521347880363, 6973171.879068807698786 ], [ 1925649.666778453625739, 6973153.437743053771555 ], [ 1925649.270063629141077, 6973142.180188737809658 ], [ 1925649.921290896134451, 6973127.259109909646213 ] ], [ [ 1925457.608680173987523, 6972607.267539666034281 ], [ 1925467.24803052842617, 6972623.628624752163887 ], [ 1925504.165015561738983, 6972677.171976247802377 ] ], [ [ 1925494.377531750127673, 6972568.336210263893008 ], [ 1925490.907102894503623, 6972573.52013604156673 ], [ 1925484.492897123331204, 6972581.24236074835062 ], [ 1925477.819949593860656, 6972588.692616911605 ], [ 1925471.143396813888103, 6972595.594542411155999 ], [ 1925465.06222831341438, 6972601.148321778513491 ], [ 1925457.608680173987523, 6972607.267539666034281 ] ], [ [ 1925512.528449490433559, 6972535.972991064190865 ], [ 1925510.797099487390369, 6972539.802737879566848 ], [ 1925510.079876787960529, 6972541.397180953994393 ], [ 1925504.122319259447977, 6972552.934726644307375 ], [ 1925494.377531750127673, 6972568.336210263893008 ] ], [ [ 1925504.165015561738983, 6972677.171976247802377 ], [ 1925513.661992616951466, 6972696.055046052671969 ], [ 1925534.666966301621869, 6972737.789966139942408 ], [ 1925537.072699940996245, 6972742.582114238291979 ] ], [ [ 1925652.855827891966328, 6972562.385182927362621 ], [ 1925618.79106308077462, 6972555.694394215941429 ], [ 1925588.636206479510292, 6972549.760954109020531 ], [ 1925586.739254115149379, 6972549.383588616736233 ], [ 1925554.67054091882892, 6972543.088869984261692 ], [ 1925523.40647933492437, 6972537.809966694563627 ], [ 1925512.528449490433559, 6972535.972991064190865 ] ], [ [ 1925512.528449490433559, 6972535.972991064190865 ], [ 1925519.803178136702627, 6972519.898111164569855 ], [ 1925531.492064866935834, 6972495.173006045632064 ], [ 1925536.847301472909749, 6972483.172641729004681 ], [ 1925541.766742885112762, 6972475.581059193238616 ], [ 1925547.261633586371318, 6972468.88366693072021 ], [ 1925558.403649188345298, 6972460.260507182218134 ], [ 1925565.55601866170764, 6972457.75583329424262 ], [ 1925573.858783580362797, 6972455.660608853213489 ] ], [ [ 1925537.072699940996245, 6972742.582114238291979 ], [ 1925543.874393872916698, 6972754.207404836080968 ], [ 1925600.186398229561746, 6972851.059865333139896 ], [ 1925610.388467974262312, 6972868.880069528706372 ], [ 1925617.765422834316269, 6972884.921892281621695 ] ], [ [ 1925573.858783580362797, 6972455.660608853213489 ], [ 1925583.10932122846134, 6972454.833900837227702 ], [ 1925596.357064029900357, 6972457.375012211501598 ], [ 1925601.157756717642769, 6972458.303182080388069 ], [ 1925642.96232699113898, 6972469.165101207792759 ], [ 1925680.615804034052417, 6972478.964608764275908 ], [ 1925699.11327230813913, 6972483.773410273715854 ], [ 1925719.335007960675284, 6972489.254440024495125 ], [ 1925747.707798625575379, 6972496.95586381200701 ], [ 1925759.39556175423786, 6972499.592568075284362 ], [ 1925767.654613488586619, 6972501.450062789022923 ], [ 1925775.638679277384654, 6972502.320832220837474 ], [ 1925777.870431154267862, 6972502.556581922806799 ], [ 1925792.609649636084214, 6972503.704055796377361 ] ], [ [ 1925617.765422834316269, 6972884.921892281621695 ], [ 1925628.830713517498225, 6972908.992976736277342 ], [ 1925633.895065888995305, 6972921.208472711034119 ], [ 1925645.639228638494387, 6972949.515795827843249 ], [ 1925651.205598524771631, 6972960.829487939365208 ], [ 1925657.892261422704905, 6972970.325629129074514 ], [ 1925666.599305038806051, 6972982.694222619757056 ], [ 1925703.476353311678395, 6972996.695814783684909 ], [ 1925731.802165766712278, 6973005.759024523198605 ], [ 1925742.280355021590367, 6973009.114825090393424 ], [ 1925750.060811998555437, 6973011.609042169526219 ], [ 1925779.321492007235065, 6973021.093050788156688 ], [ 1925788.540733710862696, 6973023.721091344952583 ], [ 1925800.926867271307856, 6973025.593607765622437 ], [ 1925820.781968110240996, 6973027.012111209332943 ] ], [ [ 1925617.765422834316269, 6972884.921892281621695 ], [ 1925632.942919072927907, 6972884.385486861690879 ], [ 1925655.516419938765466, 6972888.577094351872802 ], [ 1925738.21566265146248, 6972902.720212817192078 ] ], [ [ 1925718.510409046895802, 6974596.459324507042766 ], [ 1925712.205209934385493, 6974622.648529126308858 ], [ 1925690.283275030553341, 6974714.771848651580513 ], [ 1925678.914284781552851, 6974759.503056137822568 ], [ 1925670.249881877796724, 6974790.106947544030845 ] ], [ [ 1925712.058981445617974, 6971730.819854352623224 ], [ 1925730.709416872356087, 6971802.693676132708788 ], [ 1925732.379752276930958, 6971809.145542508922517 ], [ 1925734.719088939018548, 6971817.44061512965709 ], [ 1925744.244931181194261, 6971851.20640532579273 ] ], [ [ 1927892.017534383106977, 6970749.089068790897727 ], [ 1927881.752604476874694, 6970744.496300172992051 ], [ 1927849.729080166434869, 6970730.124344360083342 ], [ 1927750.749094477389008, 6970679.66451109200716 ], [ 1927578.484151449985802, 6970588.946652318350971 ], [ 1927450.518832937581465, 6970516.990804946050048 ], [ 1927304.516169593203813, 6970434.992053910158575 ], [ 1927266.703570537501946, 6970416.761510931886733 ], [ 1927257.349025161238387, 6970412.239394432865083 ], [ 1927218.739013789920136, 6970391.282628743909299 ], [ 1927196.620357130654156, 6970379.267995517700911 ], [ 1927088.284609511261806, 6970322.585771177895367 ], [ 1927052.610909957904369, 6970303.624282498843968 ], [ 1927037.651297816773877, 6970297.209240281954408 ], [ 1927027.776678831782192, 6970294.38535166811198 ], [ 1927004.518693726044148, 6970292.1093804910779 ], [ 1926898.3857118235901, 6970289.17298574373126 ], [ 1926584.604637635638937, 6970279.169030114077032 ], [ 1926470.012703539337963, 6970271.708655257709324 ], [ 1926298.4504864749033, 6970266.750984572805464 ], [ 1926150.203847794793546, 6970260.216296711936593 ], [ 1926009.256123758852482, 6970254.715613937936723 ], [ 1925875.213262875331566, 6970249.392927596345544 ], [ 1925729.116197556024417, 6970243.765080415643752 ], [ 1925560.998692970024422, 6970238.906574137508869 ], [ 1925447.248548393370584, 6970235.138645566999912 ], [ 1925453.152085941750556, 6970297.910544591955841 ], [ 1925467.763159620808437, 6970463.201585437171161 ], [ 1925480.072929635411128, 6970603.942333904094994 ], [ 1925491.080405232962221, 6970726.217799328267574 ], [ 1925503.398189545376226, 6970841.45044309925288 ], [ 1925518.109032528474927, 6970990.011800406500697 ], [ 1925519.779171169036999, 6971006.960725978016853 ], [ 1925525.689907789463177, 6971058.975236950442195 ], [ 1925527.137883407995105, 6971069.208429920487106 ], [ 1925528.58625537250191, 6971079.425034635700285 ], [ 1925533.006580634042621, 6971099.894509620964527 ], [ 1925537.189737785607576, 6971113.581322689540684 ], [ 1925554.992988782934844, 6971172.108229798264802 ], [ 1925583.898310480173677, 6971253.058153134770691 ], [ 1925612.3274924561847, 6971338.050527859479189 ], [ 1925630.16232632403262, 6971394.586314402520657 ], [ 1925642.037873833673075, 6971433.35641785338521 ], [ 1925655.782318253302947, 6971488.400260337628424 ], [ 1925659.913886017166078, 6971506.388758009299636 ], [ 1925668.716759528499097, 6971544.770726199261844 ], [ 1925682.889629373326898, 6971605.539806134067476 ], [ 1925693.317620996618643, 6971650.190166021697223 ], [ 1925712.058981445617974, 6971730.819854352623224 ] ], [ [ 1925765.000228634802625, 6974403.289167353883386 ], [ 1925737.86892308620736, 6974515.975089007988572 ], [ 1925718.510409046895802, 6974596.459324507042766 ] ], [ [ 1925744.244931181194261, 6971851.20640532579273 ], [ 1925746.77165714581497, 6971859.987716478295624 ], [ 1925762.92548464005813, 6971916.221129804849625 ], [ 1925767.38174914685078, 6971931.709800428710878 ] ], [ [ 1925753.464258166495711, 6972685.323662376962602 ], [ 1925745.143885318888351, 6972704.28164944332093 ], [ 1925740.438881415873766, 6972717.527346792630851 ], [ 1925736.5101693875622, 6972728.781234815716743 ], [ 1925734.210365435108542, 6972741.236799422651529 ], [ 1925734.318226373521611, 6972742.98381297942251 ], [ 1925734.495247051585466, 6972746.011734629049897 ], [ 1925734.780128969578072, 6972750.786672656424344 ], [ 1925737.721371677471325, 6972760.97437684610486 ], [ 1925745.337448205100372, 6972776.722494987770915 ], [ 1925746.585954698966816, 6972779.294077904894948 ], [ 1925748.934678597608581, 6972784.400495390407741 ], [ 1925752.086176388664171, 6972791.303673398680985 ], [ 1925761.999082864960656, 6972812.954505475237966 ], [ 1925767.615760574350134, 6972822.142527900636196 ], [ 1925771.238216819940135, 6972825.950098726898432 ], [ 1925781.193528389325365, 6972831.785457089543343 ], [ 1925797.060775093035772, 6972838.52544822730124 ], [ 1925814.552600683178753, 6972845.951936879195273 ], [ 1925835.135162943275645, 6972855.844200534746051 ], [ 1925846.360423920210451, 6972861.24445653706789 ], [ 1925876.764511628076434, 6972877.732999037019908 ] ], [ [ 1925794.193726449273527, 6972628.126624532975256 ], [ 1925785.586618186673149, 6972638.887195482850075 ], [ 1925776.979486725991592, 6972649.647771203890443 ], [ 1925766.583685080287978, 6972662.459190051071346 ], [ 1925764.864120383514091, 6972665.093147473409772 ], [ 1925761.082329917699099, 6972670.834721555933356 ], [ 1925756.371629954781383, 6972678.714013686403632 ], [ 1925753.464258166495711, 6972685.323662376962602 ] ], [ [ 1925775.828944633016363, 6974358.231268646195531 ], [ 1925765.000228634802625, 6974403.289167353883386 ] ], [ [ 1925767.38174914685078, 6971931.709800428710878 ], [ 1925778.135291529819369, 6971967.531875194981694 ], [ 1925784.6180759081617, 6971989.132235748693347 ], [ 1925789.224743939004838, 6972005.272485052235425 ] ], [ [ 1925796.509963865624741, 6974270.136885899119079 ], [ 1925789.175321788527071, 6974302.731427828781307 ], [ 1925775.828944633016363, 6974358.231268646195531 ] ], [ [ 1925789.224743939004838, 6972005.272485052235425 ], [ 1925803.399117433698848, 6972054.831467982381582 ] ], [ [ 1925794.193726449273527, 6972628.126624532975256 ], [ 1925792.735201759729534, 6972620.416515292599797 ], [ 1925792.049454281339422, 6972614.369506916031241 ], [ 1925791.45168686308898, 6972605.300927841104567 ], [ 1925791.58941635908559, 6972599.472848858684301 ], [ 1925791.814256264595315, 6972589.958643504418433 ], [ 1925791.643054604530334, 6972579.670823925174773 ], [ 1925791.371639002347365, 6972562.402985791675746 ] ], [ [ 1925791.371639002347365, 6972562.402985791675746 ], [ 1925790.982352749211714, 6972538.902357730083168 ], [ 1925790.919998587109149, 6972535.22931616473943 ], [ 1925790.586861079093069, 6972526.183723906986415 ], [ 1925790.742246481822804, 6972519.608520247042179 ], [ 1925791.444226823979989, 6972513.046302370727062 ], [ 1925792.609649636084214, 6972503.704055796377361 ] ], [ [ 1925792.609649636084214, 6972503.704055796377361 ], [ 1925793.75247870082967, 6972496.720373609103262 ] ], [ [ 1925793.75247870082967, 6972496.720373609103262 ], [ 1925808.078895975137129, 6972502.011345209553838 ], [ 1925853.226994605734944, 6972518.68321490753442 ], [ 1925860.538527904776856, 6972521.36540468223393 ], [ 1925875.719278411008418, 6972526.975591741502285 ], [ 1925891.557101658079773, 6972532.833936748094857 ], [ 1925906.491403745720163, 6972538.355156231671572 ], [ 1925921.553719111718237, 6972545.474276628345251 ], [ 1925943.565704551991075, 6972555.864995554089546 ], [ 1925946.89282806427218, 6972557.439152281731367 ], [ 1925950.572885268833488, 6972558.805707566440105 ] ], [ [ 1925843.567075573606417, 6972366.376643565483391 ], [ 1925836.499610602855682, 6972384.234024580568075 ], [ 1925822.751339260721579, 6972419.011118588969111 ], [ 1925810.261030599474907, 6972451.043803077191114 ], [ 1925803.581042828969657, 6972468.628119713626802 ], [ 1925799.875941906822845, 6972478.1426044953987 ], [ 1925795.655178577871993, 6972489.140050097368658 ], [ 1925793.75247870082967, 6972496.720373609103262 ] ], [ [ 1925912.643906106939539, 6972734.674563977867365 ], [ 1925883.307908454909921, 6972709.472961699590087 ], [ 1925844.091580743901432, 6972679.484609269537032 ], [ 1925818.317900178954005, 6972659.949694350361824 ], [ 1925807.298428747337312, 6972651.464281198568642 ], [ 1925802.236778412712738, 6972646.144020359031856 ], [ 1925799.054462293395773, 6972641.948273313231766 ], [ 1925796.706615193281323, 6972637.506525881588459 ], [ 1925795.170394001062959, 6972633.084054282866418 ], [ 1925794.193726449273527, 6972628.126624532975256 ] ], [ [ 1925820.589827351504937, 6974165.158402720466256 ], [ 1925810.291223762091249, 6974208.848666328005493 ], [ 1925796.509963865624741, 6974270.136885899119079 ] ], [ [ 1925803.399117433698848, 6972054.831467982381582 ], [ 1925814.701115160714835, 6972090.600611652247608 ], [ 1925836.869376211659983, 6972169.372086405754089 ], [ 1925838.771356848999858, 6972175.846335089765489 ], [ 1925843.205763696460053, 6972190.869786095805466 ], [ 1925845.139311037026346, 6972197.411250651814044 ], [ 1925853.322298546088859, 6972223.521360290236771 ], [ 1925861.968103968771175, 6972251.087846226990223 ], [ 1925868.594035940710455, 6972272.260359064675868 ] ], [ [ 1925855.047169373370707, 6974008.899884308688343 ], [ 1925850.143394307233393, 6974036.848664191551507 ], [ 1925838.292974643642083, 6974090.105810021050274 ], [ 1925820.589827351504937, 6974165.158402720466256 ] ], [ [ 1925820.781968110240996, 6973027.012111209332943 ], [ 1925844.946629979647696, 6972962.474256902933121 ], [ 1925853.544579047476873, 6972939.484888612292707 ], [ 1925856.357196535216644, 6972931.975577551871538 ], [ 1925857.170938377734274, 6972929.801820379681885 ], [ 1925864.350704547250643, 6972910.716423180885613 ], [ 1925864.704742261441424, 6972909.761206123046577 ], [ 1925876.764511628076434, 6972877.732999037019908 ] ], [ [ 1925820.781968110240996, 6973027.012111209332943 ], [ 1925824.174478084314615, 6973026.527775458991528 ], [ 1925844.281453737523407, 6973023.599226893857121 ], [ 1925855.875287519302219, 6973022.528712319210172 ], [ 1925864.985791044309735, 6973022.744994963519275 ], [ 1925866.360648903995752, 6973022.77763307094574 ], [ 1925876.558137744199485, 6973023.285536938346922 ], [ 1925889.171398983104154, 6973024.664875322021544 ], [ 1925893.513758218381554, 6973025.366064254194498 ], [ 1925912.732552015222609, 6973028.46390466298908 ], [ 1925917.75886258482933, 6973029.679745443165302 ], [ 1925920.395468434551731, 6973030.323823316022754 ], [ 1925925.042756904382259, 6973031.447592567652464 ], [ 1925943.444808206753805, 6973037.549803352914751 ], [ 1925961.198613591259345, 6973044.434088020585477 ], [ 1925967.767998927971348, 6973046.982439074665308 ], [ 1925971.627357970690355, 6973048.486235251650214 ] ], [ [ 1925843.567075573606417, 6972366.376643565483391 ], [ 1925855.380822863196954, 6972368.584217579104006 ], [ 1925921.276618333067745, 6972386.67827713675797 ], [ 1925945.44080841448158, 6972395.740976838395 ], [ 1925975.251969317905605, 6972410.602662399411201 ], [ 1926002.442896985448897, 6972424.139508154243231 ], [ 1926015.595888417679816, 6972430.698051157407463 ], [ 1926017.791077601956204, 6972431.780136321671307 ], [ 1926024.785245957318693, 6972435.26866489648819 ], [ 1926030.114646703470498, 6972437.671073750592768 ], [ 1926035.460614046081901, 6972440.073872627690434 ], [ 1926060.517490457510576, 6972451.350396321155131 ], [ 1926067.634691206738353, 6972454.542774991132319 ], [ 1926083.011484500719234, 6972460.273461692966521 ], [ 1926094.133240705356002, 6972464.424659711308777 ], [ 1926101.397187177091837, 6972467.720171930268407 ], [ 1926104.899844463448972, 6972469.580832436680794 ], [ 1926106.166942692128941, 6972472.06963465269655 ], [ 1926105.578315154416487, 6972478.053067149594426 ], [ 1926105.345626398455352, 6972487.915838188491762 ], [ 1926105.221055347239599, 6972493.195912498980761 ], [ 1926105.795173675520346, 6972497.661889498122036 ], [ 1926107.682901170570403, 6972501.943038947880268 ], [ 1926112.658715892117471, 6972507.393880949355662 ], [ 1926124.29492065613158, 6972517.139339923858643 ], [ 1926128.553093983791769, 6972520.69586019590497 ], [ 1926141.76589478016831, 6972529.64801434520632 ], [ 1926149.318502169568092, 6972534.761209881864488 ], [ 1926157.40283539541997, 6972540.518313358537853 ], [ 1926159.122660479741171, 6972542.785271636210382 ], [ 1926161.306407782016322, 6972550.678558942861855 ] ], [ [ 1925868.594035940710455, 6972272.260359064675868 ], [ 1925860.072759585687891, 6972308.872236276045442 ], [ 1925855.58042178559117, 6972325.760632153600454 ], [ 1925850.760990240378305, 6972344.568403535522521 ], [ 1925846.912084713345394, 6972357.368726691231132 ], [ 1925843.567075573606417, 6972366.376643565483391 ] ], [ [ 1925859.987180851632729, 6973980.81912814732641 ], [ 1925855.047169373370707, 6974008.899884308688343 ] ], [ [ 1925899.284901180770248, 6973688.345362595282495 ], [ 1925899.208486988209188, 6973704.211627088487148 ], [ 1925898.889584355987608, 6973717.712718471884727 ], [ 1925897.285234787268564, 6973737.214880384504795 ], [ 1925893.754810018930584, 6973765.278418227098882 ], [ 1925884.111743894638494, 6973835.285362497903407 ], [ 1925864.372183121973649, 6973955.882392092607915 ], [ 1925859.987180851632729, 6973980.81912814732641 ] ], [ [ 1925868.594035940710455, 6972272.260359064675868 ], [ 1925882.214706254890189, 6972272.334477221593261 ], [ 1925901.43563314480707, 6972272.458423586562276 ], [ 1925923.85615633497946, 6972273.937442321330309 ], [ 1925983.79986909055151, 6972279.479711828753352 ], [ 1926000.000279746484011, 6972281.193049785681069 ], [ 1926007.356719073140994, 6972281.965612781234086 ] ], [ [ 1925868.594035940710455, 6972272.260359064675868 ], [ 1925887.095840253634378, 6972198.988651708699763 ], [ 1925891.866952409502119, 6972182.921142634004354 ], [ 1925896.34129772381857, 6972165.384708167053759 ], [ 1925900.316275344230235, 6972150.045932851731777 ], [ 1925904.57855649641715, 6972139.382135361433029 ], [ 1925909.13680626777932, 6972127.412982393987477 ], [ 1925919.449481959454715, 6972107.55655983183533 ] ], [ [ 1925876.764511628076434, 6972877.732999037019908 ], [ 1925905.43115765391849, 6972892.003770656883717 ], [ 1925911.197078794240952, 6972894.881948814727366 ], [ 1925937.537202241597697, 6972908.017497073858976 ], [ 1925939.994794968748465, 6972909.222192623652518 ], [ 1925979.734900905285031, 6972929.022213872522116 ], [ 1925995.233099789125845, 6972936.6669144872576 ], [ 1926004.314998678164557, 6972938.792993208393455 ] ], [ [ 1925876.764511628076434, 6972877.732999037019908 ], [ 1925897.083234675228596, 6972823.721229842863977 ], [ 1925904.563613969134167, 6972803.829101630486548 ], [ 1925907.561476802220568, 6972796.191385250538588 ], [ 1925912.675649261567742, 6972783.154539675451815 ], [ 1925925.055330677889287, 6972751.599547249265015 ], [ 1925927.7180479564704, 6972744.817838567309082 ] ], [ [ 1925898.491365007124841, 6973538.088116149418056 ], [ 1925898.325812173774466, 6973547.903930664993823 ], [ 1925899.591308729257435, 6973627.655447947792709 ], [ 1925899.604677203809842, 6973675.508971041999757 ], [ 1925899.284901180770248, 6973688.345362595282495 ] ], [ [ 1925917.880496599012986, 6973366.297656065784395 ], [ 1925916.738425606861711, 6973373.248898793943226 ], [ 1925907.038029631832615, 6973433.780396070331335 ], [ 1925904.240453655831516, 6973454.682464077137411 ], [ 1925902.517732241889462, 6973467.269204897806048 ], [ 1925900.740092544117942, 6973482.180809765122831 ], [ 1925899.56019090116024, 6973495.644476668909192 ], [ 1925898.959687374066561, 6973509.138533933088183 ], [ 1925898.491365007124841, 6973538.088116149418056 ] ], [ [ 1925927.7180479564704, 6972744.817838567309082 ], [ 1925912.643906106939539, 6972734.674563977867365 ] ], [ [ 1925912.643906106939539, 6972734.674563977867365 ], [ 1925914.508140022400767, 6972725.913496765308082 ], [ 1925916.466169322840869, 6972716.68947924207896 ], [ 1925923.056802788050845, 6972686.044025301001966 ], [ 1925925.623765686992556, 6972674.192927137948573 ], [ 1925928.079966605175287, 6972662.821013159118593 ], [ 1925933.308827890316024, 6972638.606130113825202 ], [ 1925936.379049821291119, 6972624.391299540176988 ] ], [ [ 1925926.00344136217609, 6973317.11048926319927 ], [ 1925917.880496599012986, 6973366.297656065784395 ] ], [ [ 1925919.449481959454715, 6972107.55655983183533 ], [ 1925932.797778555657715, 6972084.765351195819676 ], [ 1925934.098879657918587, 6972083.002079732716084 ] ], [ [ 1925926.00344136217609, 6973317.11048926319927 ], [ 1925913.253083846531808, 6973314.498399898409843 ], [ 1925904.775067880982533, 6973312.751985187642276 ], [ 1925896.94095230451785, 6973309.708260972052813 ], [ 1925894.151758547872305, 6973307.099963550455868 ], [ 1925891.107841621153057, 6973301.943528233096004 ], [ 1925889.637615073937923, 6973296.824449406936765 ], [ 1925888.581063720164821, 6973288.226053427904844 ], [ 1925887.994402243057266, 6973280.785250364802778 ], [ 1925887.813511704094708, 6973275.813093767501414 ], [ 1925887.734365214128047, 6973270.743665864691138 ], [ 1925888.828410245012492, 6973264.422741835005581 ], [ 1925891.527994591044262, 6973257.491952090524137 ], [ 1925895.905975777190179, 6973246.164837150834501 ], [ 1925905.057246006093919, 6973230.63117359764874 ], [ 1925906.783948555821553, 6973227.698102629743516 ], [ 1925915.331666587851942, 6973214.559283087030053 ], [ 1925923.189887966029346, 6973203.946172410622239 ], [ 1925926.11395860160701, 6973200.842146188952029 ], [ 1925930.566597123630345, 6973199.685092796571553 ], [ 1925945.44023471348919, 6973199.406690400093794 ] ], [ [ 1925943.447797812521458, 6973211.488195644691586 ], [ 1925932.114892013836652, 6973280.104458878748119 ], [ 1925926.00344136217609, 6973317.11048926319927 ] ], [ [ 1926052.368458703160286, 6972810.708365553058684 ], [ 1926016.791058564558625, 6972793.616119026206434 ], [ 1925963.313757517375052, 6972766.031055531464517 ], [ 1925948.474364203168079, 6972757.172658855095506 ], [ 1925927.7180479564704, 6972744.817838567309082 ] ], [ [ 1925934.098879657918587, 6972083.002079732716084 ], [ 1925940.928082842379808, 6972073.811319827102125 ], [ 1925955.352337978547439, 6972055.979582078754902 ], [ 1925967.154171467991546, 6972043.9331962056458 ], [ 1925971.241876601008698, 6972040.657863963395357 ] ], [ [ 1925936.379049821291119, 6972624.391299540176988 ], [ 1925938.333106726175174, 6972615.333434828557074 ], [ 1925940.357046137331054, 6972604.017797418870032 ], [ 1925942.93895094608888, 6972592.233623615466058 ], [ 1925950.572885268833488, 6972558.805707566440105 ] ], [ [ 1925943.447797812521458, 6973211.488195644691586 ], [ 1925952.931665907381102, 6973214.853435788303614 ], [ 1925981.695309103000909, 6973225.072803295217454 ], [ 1926037.200998418964446, 6973244.798721117898822 ], [ 1926039.321425683563575, 6973245.546837223693728 ], [ 1926079.15687780524604, 6973259.982822872698307 ], [ 1926102.326725961174816, 6973268.457516410388052 ], [ 1926117.526801541447639, 6973274.018360994756222 ], [ 1926156.866370462113991, 6973288.409019970335066 ], [ 1926176.232553189853206, 6973295.829699529334903 ], [ 1926195.319788329536095, 6973302.429594369605184 ], [ 1926213.49479633779265, 6973309.057677372358739 ], [ 1926235.223640552023426, 6973316.800056993030012 ], [ 1926273.70094762230292, 6973330.521795336157084 ], [ 1926306.113951015751809, 6973342.056090927682817 ], [ 1926312.441867275396362, 6973344.316073456779122 ], [ 1926344.541417769156396, 6973355.792962388135493 ], [ 1926356.569773469818756, 6973360.214936327189207 ], [ 1926369.501800270983949, 6973364.97397708427161 ], [ 1926399.917722726939246, 6973376.161581169813871 ], [ 1926443.824767511570826, 6973392.304018966853619 ], [ 1926462.47550386399962, 6973399.158860177733004 ], [ 1926483.459789459127933, 6973406.866409372538328 ], [ 1926522.016495371004567, 6973420.771739404648542 ], [ 1926560.938559147529304, 6973434.652316739782691 ], [ 1926595.417778085451573, 6973447.164901911281049 ], [ 1926600.611439974280074, 6973449.032324268482625 ], [ 1926631.513494061073288, 6973460.014651742763817 ], [ 1926663.039655724307522, 6973471.244241666980088 ], [ 1926693.825925002340227, 6973482.223618887364864 ], [ 1926725.286001987289637, 6973493.451429741457105 ], [ 1926762.400230045663193, 6973506.706879554316401 ] ], [ [ 1925945.44023471348919, 6973199.406690400093794 ], [ 1925943.447797812521458, 6973211.488195644691586 ] ], [ [ 1925971.627357970690355, 6973048.486235251650214 ], [ 1925965.871002524159849, 6973075.381412273272872 ], [ 1925964.845265064155683, 6973081.620745625346899 ], [ 1925963.064898463431746, 6973092.444404914975166 ], [ 1925961.362548111472279, 6973102.771492671221495 ], [ 1925960.316317804623395, 6973109.176506258547306 ], [ 1925954.41636630659923, 6973144.957303847186267 ], [ 1925948.495089778210968, 6973180.937127385288477 ], [ 1925945.44023471348919, 6973199.406690400093794 ] ], [ [ 1925950.572885268833488, 6972558.805707566440105 ], [ 1925964.163664963562042, 6972564.378024124540389 ], [ 1925982.238017990486696, 6972572.382575060240924 ], [ 1925991.154760325327516, 6972577.976874655112624 ], [ 1925995.328709385823458, 6972580.185803103260696 ], [ 1926000.451593895908445, 6972582.915644885972142 ], [ 1926011.188796361675486, 6972588.619567179121077 ], [ 1926017.752050363458693, 6972592.114560649730265 ], [ 1926020.600032940972596, 6972593.627487886697054 ], [ 1926026.755969194229692, 6972597.528152732178569 ], [ 1926031.360698522301391, 6972600.445052784867585 ], [ 1926038.381981293903664, 6972604.897868887521327 ], [ 1926049.077206197660416, 6972611.680639958009124 ], [ 1926053.039493350777775, 6972614.432774583809078 ], [ 1926056.39872137713246, 6972616.755267933011055 ], [ 1926071.823909890837967, 6972627.471308199688792 ], [ 1926073.979372206144035, 6972628.834892558865249 ], [ 1926106.964153996668756, 6972649.719433282501996 ] ], [ [ 1925971.241876601008698, 6972040.657863963395357 ], [ 1925993.397554026683792, 6972023.142449846491218 ], [ 1926023.172234595520422, 6972002.98363302461803 ] ], [ [ 1926472.367177106207237, 6973225.450673335231841 ], [ 1926407.879691583337262, 6973206.329360134899616 ], [ 1926391.963855570182204, 6973201.599525049328804 ], [ 1926358.403486412018538, 6973191.650237991474569 ], [ 1926341.557465279009193, 6973185.602336931973696 ], [ 1926320.438248161925003, 6973178.024340847507119 ], [ 1926318.860539922956377, 6973177.455306035466492 ], [ 1926245.345925871515647, 6973151.090990354306996 ], [ 1926182.33681219117716, 6973128.364441466517746 ], [ 1926133.165502658579499, 6973110.634197422303259 ], [ 1926067.58085121284239, 6973085.40345786511898 ], [ 1926028.68683995003812, 6973070.441770198754966 ], [ 1925981.679047051817179, 6973052.363280653953552 ], [ 1925971.627357970690355, 6973048.486235251650214 ] ], [ [ 1925971.627357970690355, 6973048.486235251650214 ], [ 1925974.730416149599478, 6973034.28805831912905 ], [ 1925981.300045009469613, 6973010.85148177202791 ], [ 1925992.564495387021452, 6972973.885998657904565 ], [ 1926004.314998678164557, 6972938.792993208393455 ] ], [ [ 1926004.314998678164557, 6972938.792993208393455 ], [ 1926029.44243325246498, 6972870.606430470943451 ], [ 1926048.553130640415475, 6972820.685946368612349 ], [ 1926052.368458703160286, 6972810.708365553058684 ] ], [ [ 1926007.356719073140994, 6972281.965612781234086 ], [ 1926028.516646508127451, 6972284.195241422392428 ], [ 1926049.660415261052549, 6972286.407818286679685 ], [ 1926073.972440521698445, 6972288.496110952459276 ], [ 1926080.273560464615002, 6972289.044228962622583 ], [ 1926096.36708224681206, 6972290.372741871513426 ], [ 1926102.026946875732392, 6972290.70628459379077 ], [ 1926114.041542812250555, 6972291.423056900501251 ], [ 1926128.986402184702456, 6972290.863629979081452 ], [ 1926141.675158973783255, 6972290.400214061141014 ], [ 1926150.665261201327667, 6972290.065079807303846 ], [ 1926173.542296887841076, 6972287.650192199274898 ], [ 1926187.431299888528883, 6972286.18515061866492 ], [ 1926210.184543462470174, 6972284.099482927471399 ] ], [ [ 1926022.815683773485944, 6972002.378875732421875 ], [ 1926023.172234595520422, 6972002.98363302461803 ] ], [ [ 1926023.172234595520422, 6972002.98363302461803 ], [ 1926039.180565362563357, 6971992.449031841009855 ], [ 1926062.011709437239915, 6971976.49449151661247 ] ], [ [ 1926052.368458703160286, 6972810.708365553058684 ], [ 1926065.224253162043169, 6972816.545686012133956 ], [ 1926091.394602422835305, 6972828.447136232629418 ], [ 1926114.459971832577139, 6972839.892783530056477 ], [ 1926123.983711906708777, 6972845.767331454902887 ], [ 1926132.279084509937093, 6972852.426841142587364 ], [ 1926143.664552898379043, 6972864.393025059252977 ], [ 1926160.248402175726369, 6972880.818702805787325 ], [ 1926177.075693243416026, 6972897.466132168658078 ], [ 1926219.973050172440708, 6972938.0244195247069 ], [ 1926231.839437980670482, 6972947.1775769777596 ], [ 1926242.149089917773381, 6972953.469422455877066 ], [ 1926262.456230249255896, 6972962.423781995661557 ], [ 1926310.773411427624524, 6972977.690377405844629 ], [ 1926363.512720591854304, 6972990.984619015827775 ], [ 1926498.226857028435916, 6973020.440360476262867 ] ], [ [ 1926106.964153996668756, 6972649.719433282501996 ], [ 1926100.605452097952366, 6972668.45838796813041 ], [ 1926097.630481743020937, 6972677.242939994670451 ], [ 1926093.052708935923874, 6972690.741017172113061 ], [ 1926086.194498141761869, 6972710.980064208619297 ], [ 1926085.126222243299708, 6972714.111347325146198 ], [ 1926080.281532429391518, 6972728.383998424746096 ], [ 1926078.482018853072077, 6972733.707583174109459 ], [ 1926077.485086234519258, 6972736.62458642013371 ], [ 1926070.163217551773414, 6972758.248304615728557 ], [ 1926069.540375774726272, 6972760.061058543622494 ], [ 1926060.954248939873651, 6972785.392979508265853 ], [ 1926055.627756917383522, 6972801.116343603469431 ], [ 1926052.368458703160286, 6972810.708365553058684 ] ], [ [ 1926062.011709437239915, 6971976.49449151661247 ], [ 1926106.592807889450341, 6971946.85215978231281 ] ], [ [ 1926106.592807889450341, 6971946.85215978231281 ], [ 1926140.573291543638334, 6971924.001970458775759 ], [ 1926217.377986273029819, 6971872.181718302890658 ] ], [ [ 1926106.964153996668756, 6972649.719433282501996 ], [ 1926113.249345258809626, 6972637.607597596943378 ], [ 1926123.945004693465307, 6972616.977892151102424 ], [ 1926127.313480973010883, 6972610.478779860772192 ], [ 1926144.380848887842149, 6972579.683184164576232 ], [ 1926161.306407782016322, 6972550.678558942861855 ] ], [ [ 1926161.306407782016322, 6972550.678558942861855 ], [ 1926173.013688528677449, 6972560.226321298629045 ], [ 1926182.025236408226192, 6972566.022005883045495 ], [ 1926185.861851702211425, 6972567.076508162543178 ], [ 1926193.090216450858861, 6972569.075284689664841 ], [ 1926210.139140595449135, 6972570.675450478680432 ], [ 1926226.021448698360473, 6972571.849216122180223 ], [ 1926237.171011003432795, 6972571.3159318594262 ], [ 1926256.346276871627197, 6972567.782977482303977 ], [ 1926275.902490054490045, 6972564.25900218077004 ], [ 1926287.440174004295841, 6972564.133564256131649 ], [ 1926306.048823725664988, 6972567.76408027485013 ], [ 1926317.043554939329624, 6972572.393801840022206 ], [ 1926325.960536179598421, 6972577.987730031833053 ], [ 1926331.54549167258665, 6972581.509132635779679 ], [ 1926339.42093555489555, 6972584.885407931171358 ], [ 1926354.84004025394097, 6972588.839016370475292 ], [ 1926362.354871422518045, 6972589.232917836867273 ], [ 1926383.029236660338938, 6972590.303853371180594 ], [ 1926427.743507773848251, 6972600.134205861017108 ], [ 1926441.705219137948006, 6972604.750927178189158 ], [ 1926457.673256153473631, 6972610.029805692844093 ], [ 1926487.663511259481311, 6972622.285861096344888 ] ], [ [ 1926210.184543462470174, 6972284.099482927471399 ], [ 1926227.991931029129773, 6972283.026247221976519 ], [ 1926237.576066313777119, 6972283.502506910823286 ], [ 1926246.964062929386273, 6972283.160078183747828 ], [ 1926254.842596610309556, 6972283.579298076219857 ], [ 1926278.113424576586112, 6972284.844883873127401 ], [ 1926334.549128510057926, 6972291.580617993138731 ], [ 1926365.415027169045061, 6972295.451272140257061 ], [ 1926390.06535761570558, 6972298.659674726426601 ] ], [ [ 1926217.377986273029819, 6971872.181718302890658 ], [ 1926227.922851355746388, 6971864.922925104387105 ], [ 1926285.962430747691542, 6971825.980550915002823 ] ], [ [ 1926285.962430747691542, 6971825.980550915002823 ], [ 1926324.318062292179093, 6971800.260029111988842 ], [ 1926379.763533307472244, 6971763.066550903953612 ], [ 1926408.092014285502955, 6971743.719930616207421 ], [ 1926489.421745467465371, 6971688.184678127989173 ] ], [ [ 1926390.06535761570558, 6972298.659674726426601 ], [ 1926441.30435602972284, 6972305.105513978749514 ], [ 1926476.234727613627911, 6972309.503867982886732 ], [ 1926486.881834083236754, 6972310.586432221345603 ], [ 1926492.543441275134683, 6972311.55103010777384 ], [ 1926529.085873439442366, 6972317.166813335381448 ], [ 1926545.149446059018373, 6972319.772910371422768 ], [ 1926553.344207416754216, 6972321.544963866472244 ], [ 1926569.715073038591072, 6972324.473926527425647 ], [ 1926581.956013134215027, 6972328.252130419947207 ], [ 1926597.638116433983669, 6972333.689919468015432 ], [ 1926620.986029897117987, 6972343.661529521457851 ], [ 1926633.898617558181286, 6972349.183292958885431 ], [ 1926657.968374731484801, 6972359.470912726595998 ], [ 1926672.248343755956739, 6972365.340594794601202 ], [ 1926685.839315565302968, 6972370.911549171432853 ], [ 1926695.555345961591229, 6972374.945569706149399 ], [ 1926714.408237038180232, 6972380.15906158555299 ], [ 1926729.812923087272793, 6972384.011826805770397 ], [ 1926737.983812224119902, 6972386.098787615075707 ], [ 1926755.555638389429078, 6972388.706892461515963 ], [ 1926786.904303660150617, 6972390.394434751011431 ], [ 1926797.563273789826781, 6972390.978481203317642 ], [ 1926841.448094948660582, 6972391.649485593661666 ] ], [ [ 1927161.326461135176942, 6973486.779795221984386 ], [ 1927116.122355832252651, 6973468.616718045435846 ], [ 1927106.427005851874128, 6973465.04839333333075 ], [ 1927062.86449655960314, 6973448.984067289158702 ], [ 1926988.895083635114133, 6973420.604605304077268 ], [ 1926964.439130750950426, 6973411.786300882697105 ], [ 1926958.939426338998601, 6973410.244205054827034 ], [ 1926950.92081470740959, 6973407.978043789044023 ], [ 1926940.52945092623122, 6973405.822018335573375 ], [ 1926920.833188129356131, 6973403.944775396957994 ], [ 1926909.237033973447978, 6973402.275337932631373 ], [ 1926666.819519913755357, 6973314.087857986800373 ], [ 1926633.264108220813796, 6973301.780390600673854 ], [ 1926626.426598312333226, 6973297.930206008255482 ], [ 1926614.484452083241194, 6973291.251080981455743 ], [ 1926602.192826281534508, 6973282.520043826662004 ], [ 1926584.267305762972683, 6973270.91430199239403 ], [ 1926568.049333908827975, 6973263.519256314262748 ], [ 1926557.261038614902645, 6973259.226674783043563 ], [ 1926489.132266242289916, 6973232.127774000167847 ], [ 1926472.367177106207237, 6973225.450673335231841 ] ], [ [ 1926472.367177106207237, 6973225.450673335231841 ], [ 1926477.597345187794417, 6973190.567118492908776 ], [ 1926481.488347865873948, 6973164.690404586493969 ], [ 1926482.842466581379995, 6973155.75052438583225 ], [ 1926488.170221079373732, 6973120.238220486789942 ], [ 1926489.181194801349193, 6973113.200945075601339 ], [ 1926493.209005153737962, 6973070.248004990629852 ], [ 1926495.420650275889784, 6973046.707801528275013 ], [ 1926496.280055753653869, 6973033.436598390340805 ], [ 1926498.226857028435916, 6973020.440360476262867 ] ], [ [ 1926489.421745467465371, 6971688.184678127989173 ], [ 1926611.054528593551368, 6971607.139892546460032 ], [ 1926622.569423978915438, 6971599.471860446967185 ], [ 1926693.460098446812481, 6971552.243584408424795 ], [ 1926816.554506000131369, 6971472.992399781942368 ], [ 1926896.917169978143647, 6971416.767631197348237 ], [ 1927007.666898678988218, 6971339.449300020001829 ], [ 1927218.72653463925235, 6971198.69990371633321 ], [ 1927230.341579401632771, 6971190.950701606459916 ], [ 1927398.780195422237739, 6971078.312643618322909 ] ], [ [ 1926494.732586033176631, 6974369.791131557896733 ], [ 1926474.842252835165709, 6974561.184545645490289 ], [ 1926464.491994214011356, 6974694.479438821785152 ], [ 1926456.608265903079882, 6974765.267952387221158 ], [ 1926453.422721698647365, 6974798.461830857209861 ], [ 1926443.718822325579822, 6974904.289264245890081 ], [ 1926441.823547697393224, 6974923.521622220054269 ], [ 1926438.550682572182268, 6974980.827388823032379 ], [ 1926428.791018065297976, 6975070.004017798230052 ], [ 1926418.617261279374361, 6975175.341930778697133 ], [ 1926413.04969126987271, 6975249.114413949660957 ], [ 1926408.643553363159299, 6975294.695820949040353 ], [ 1926405.421692445408553, 6975328.007343254052103 ], [ 1926391.667988518951461, 6975442.421124842949212 ], [ 1926388.334843068383634, 6975482.561216914094985 ], [ 1926386.979981236392632, 6975519.657114323228598 ], [ 1926381.474440268939361, 6975569.668075012043118 ], [ 1926365.074421083321795, 6975714.736199173144996 ], [ 1926361.266611587023363, 6975751.791695458814502 ] ], [ [ 1926513.020887803984806, 6974216.832244888879359 ], [ 1926508.769789346726611, 6974243.202349722385406 ], [ 1926503.513186305994168, 6974271.443081214092672 ], [ 1926501.607408626703545, 6974284.093358283862472 ], [ 1926499.941281960112974, 6974297.829431554302573 ], [ 1926497.264240741031244, 6974331.266066512092948 ], [ 1926494.732586033176631, 6974369.791131557896733 ] ], [ [ 1926498.226857028435916, 6973020.440360476262867 ], [ 1926602.356775159714743, 6973046.645366908982396 ], [ 1926655.328245882410556, 6973058.56427120603621 ] ], [ [ 1926498.226857028435916, 6973020.440360476262867 ], [ 1926500.205318983877078, 6973006.099129697307944 ], [ 1926507.479992030421272, 6972911.819211100228131 ], [ 1926508.095475409412757, 6972905.387482561171055 ], [ 1926511.968122746329755, 6972862.681184401735663 ], [ 1926516.305845468770713, 6972815.001925569958985 ], [ 1926517.827459630323574, 6972800.351199012249708 ], [ 1926518.746503675123677, 6972791.584178970195353 ], [ 1926520.3377849268727, 6972778.197797529399395 ], [ 1926521.816484035924077, 6972769.593565627001226 ], [ 1926523.264690631534904, 6972762.284501296468079 ], [ 1926526.003570691682398, 6972754.358036118559539 ] ], [ [ 1926656.597530281404033, 6973809.901821687817574 ], [ 1926643.512148239184171, 6973827.122362270951271 ], [ 1926640.535451331408694, 6973831.056451207958162 ], [ 1926628.397251387126744, 6973847.468603136017919 ], [ 1926622.166412855498493, 6973856.55982203874737 ], [ 1926616.276182339293882, 6973866.67268425039947 ], [ 1926610.072263421490788, 6973878.140661248005927 ], [ 1926602.136869434500113, 6973895.566144508309662 ], [ 1926597.26510533480905, 6973906.068683714605868 ], [ 1926589.320123803569004, 6973923.194896143861115 ], [ 1926580.800632790662348, 6973945.009957896545529 ], [ 1926579.172062945086509, 6973950.820375896990299 ], [ 1926577.107197887497023, 6973958.265493829734623 ], [ 1926568.628999026492238, 6973985.365619466640055 ], [ 1926566.96204779855907, 6973990.693281361833215 ], [ 1926562.686203729594126, 6974006.85959938261658 ], [ 1926554.838135977042839, 6974040.986934201791883 ], [ 1926548.239538069348782, 6974069.211854604072869 ], [ 1926548.09214834170416, 6974069.839796795509756 ], [ 1926536.7013330955524, 6974118.556062607094646 ], [ 1926534.230370506411418, 6974129.165501723065972 ], [ 1926515.390303067397326, 6974207.017901433631778 ], [ 1926513.020887803984806, 6974216.832244888879359 ] ], [ [ 1926655.328245882410556, 6973058.56427120603621 ], [ 1926726.72311001108028, 6973076.417623145505786 ], [ 1926801.144750063540414, 6973095.255669629201293 ], [ 1926879.122651816345751, 6973117.234114139340818 ], [ 1927003.967433656798676, 6973149.306398993358016 ], [ 1927047.815859283320606, 6973161.589068057015538 ], [ 1927076.212826612405479, 6973169.120790763758123 ], [ 1927116.665062161628157, 6973179.229548511095345 ], [ 1927178.303068954264745, 6973190.585252275690436 ] ], [ [ 1926698.010629230411723, 6973702.462047328241169 ], [ 1926691.936241391813383, 6973720.413081042468548 ], [ 1926687.820032489253208, 6973732.62811974529177 ], [ 1926672.310879174154252, 6973773.26952548045665 ], [ 1926656.597530281404033, 6973809.901821687817574 ] ], [ [ 1926698.010629230411723, 6973702.462047328241169 ], [ 1926774.777773102279752, 6973724.713582304306328 ], [ 1926782.622398327337578, 6973727.341445222496986 ] ], [ [ 1926712.818542988505214, 6973647.930281032808125 ], [ 1926707.700921626761556, 6973666.784449109807611 ], [ 1926698.010629230411723, 6973702.462047328241169 ] ], [ [ 1926753.392827867530286, 6973534.507629548199475 ], [ 1926737.869276222540066, 6973577.905991569161415 ], [ 1926722.345944123575464, 6973621.287948722951114 ], [ 1926720.270657676504925, 6973627.070987294428051 ], [ 1926712.818542988505214, 6973647.930281032808125 ] ], [ [ 1926762.400230045663193, 6973506.706879554316401 ], [ 1926759.737115580588579, 6973514.935034767724574 ], [ 1926753.392827867530286, 6973534.507629548199475 ] ], [ [ 1926762.400230045663193, 6973506.706879554316401 ], [ 1926778.839235054096207, 6973459.608660598285496 ], [ 1926781.309717752272263, 6973452.522458361461759 ] ], [ [ 1926782.622398327337578, 6973727.341445222496986 ], [ 1926820.79517781524919, 6973738.628101911395788 ], [ 1926840.959859247552231, 6973744.587612095288932 ], [ 1926858.779205129714683, 6973750.19260286539793 ], [ 1926861.211479713441804, 6973751.080836654640734 ], [ 1926873.865162369329482, 6973755.733011893928051 ], [ 1926885.209956438513473, 6973759.656395771540701 ] ], [ [ 1926841.448094948660582, 6972391.649485593661666 ], [ 1926844.842795779230073, 6972391.762879284098744 ], [ 1926890.78634178545326, 6972392.980621294118464 ], [ 1926931.694651456549764, 6972394.079246371053159 ], [ 1926937.408612062456086, 6972394.230731920339167 ], [ 1927018.31079401797615, 6972395.143124618567526 ], [ 1927032.509868067922071, 6972395.295374134555459 ], [ 1927059.482791406102479, 6972395.599404835142195 ], [ 1927103.305711959255859, 6972396.084762874990702 ], [ 1927113.821492742979899, 6972396.415813348256052 ] ], [ [ 1926850.417113330680877, 6973831.645967920310795 ], [ 1926868.46501575387083, 6973818.363956005312502 ], [ 1926873.515440352261066, 6973809.410876523703337 ], [ 1926879.027905219001696, 6973794.902361769229174 ], [ 1926880.43291982379742, 6973787.308811273425817 ], [ 1926881.82136547495611, 6973779.714876474812627 ], [ 1926885.209956438513473, 6973759.656395771540701 ] ], [ [ 1926885.209956438513473, 6973759.656395771540701 ], [ 1926900.968417760683224, 6973761.972537306137383 ], [ 1926904.361749522620812, 6973762.168966256082058 ], [ 1926907.754691303707659, 6973762.382000453770161 ], [ 1926912.560259447665885, 6973761.731125342659652 ], [ 1926918.63754969323054, 6973759.864078211598098 ], [ 1926931.10963729233481, 6973754.608804943971336 ], [ 1926966.476328005082905, 6973735.770430432632565 ], [ 1927001.859029949177057, 6973716.948938356712461 ], [ 1927042.440797131042928, 6973693.414809061214328 ], [ 1927054.952478834660724, 6973683.640839237719774 ], [ 1927065.72898538177833, 6973675.055493099614978 ], [ 1927076.27588601806201, 6973664.952696980908513 ], [ 1927088.677951251156628, 6973651.371134416200221 ] ], [ [ 1927161.326461135176942, 6973486.779795221984386 ], [ 1927146.758758691139519, 6973524.153199167922139 ], [ 1927142.102521668653935, 6973536.106201583519578 ], [ 1927136.95242490246892, 6973549.326963959261775 ], [ 1927123.253490397008136, 6973581.453980390913785 ], [ 1927121.569253047229722, 6973585.418604708276689 ], [ 1927112.725907490821555, 6973606.278575765900314 ], [ 1927105.355114760342985, 6973622.304945953190327 ], [ 1927102.392170522827655, 6973627.784681269899011 ], [ 1927099.429611954838037, 6973633.247812727466226 ], [ 1927088.677951251156628, 6973651.371134416200221 ] ], [ [ 1927113.821492742979899, 6972396.415813348256052 ], [ 1927137.419598584296182, 6972397.171614674851298 ], [ 1927170.466429944615811, 6972398.532200809568167 ], [ 1927181.051402347860858, 6972399.446251661516726 ], [ 1927202.386988665210083, 6972401.278215650469065 ], [ 1927207.861286106985062, 6972401.756120072677732 ], [ 1927218.718109598848969, 6972403.091855869628489 ], [ 1927246.397521613631397, 6972406.485326882451773 ], [ 1927268.992563069332391, 6972409.02792976796627 ], [ 1927276.083464797353372, 6972409.826300803571939 ], [ 1927310.810763004468754, 6972413.734479137696326 ], [ 1927318.662033415632322, 6972414.617176954634488 ], [ 1927374.6545781546738, 6972421.949881109409034 ] ], [ [ 1927161.326461135176942, 6973486.779795221984386 ], [ 1927195.910181348212063, 6973402.325689475052059 ], [ 1927210.185916321817786, 6973367.487991323694587 ], [ 1927218.710466928547248, 6973345.358279603533447 ], [ 1927224.269727493170649, 6973330.934550357051194 ], [ 1927246.507345405640081, 6973273.206638984382153 ], [ 1927263.443086744984612, 6973225.987608581781387 ], [ 1927268.428067137720063, 6973212.015745020471513 ] ], [ [ 1927178.303068954264745, 6973190.585252275690436 ], [ 1927218.717537664808333, 6973200.194183994084597 ], [ 1927268.428067137720063, 6973212.015745020471513 ] ], [ [ 1927261.458462225738913, 6972903.504097873345017 ], [ 1927249.395987126976252, 6972945.070934232324362 ], [ 1927246.270207694033161, 6972956.0955725396052 ], [ 1927242.828734159935266, 6972967.860426574014127 ], [ 1927238.39597809384577, 6972983.024477596394718 ], [ 1927233.006614952348173, 6973001.522103200666606 ], [ 1927230.070192276267335, 6973011.53780041821301 ], [ 1927227.830801191274077, 6973019.393455110490322 ], [ 1927221.996893035015091, 6973039.176603601314127 ], [ 1927218.716892063384876, 6973050.413713489659131 ], [ 1927216.536520050605759, 6973057.872047600336373 ], [ 1927213.689500160282478, 6973067.607470677234232 ], [ 1927205.957692161668092, 6973094.108098547905684 ], [ 1927200.371940563898534, 6973113.199453913606703 ], [ 1927197.632449569413438, 6973122.588567128404975 ], [ 1927182.243004950229079, 6973175.24307647626847 ], [ 1927178.303068954264745, 6973190.585252275690436 ] ], [ [ 1927374.6545781546738, 6972421.949881109409034 ], [ 1927371.361010638764128, 6972453.586841105483472 ], [ 1927365.898186331614852, 6972490.804734707809985 ], [ 1927354.142557357437909, 6972557.512856997549534 ], [ 1927341.92072623455897, 6972622.183684234507382 ], [ 1927336.76938380789943, 6972646.102180235087872 ], [ 1927332.43097140523605, 6972662.912644417025149 ], [ 1927328.911479303380474, 6972676.602450219914317 ], [ 1927327.942686322610825, 6972679.752838591113687 ], [ 1927316.759235995821655, 6972716.371811249293387 ], [ 1927288.689484656555578, 6972812.286753196269274 ], [ 1927284.103544336045161, 6972827.629679247736931 ], [ 1927278.707175294868648, 6972845.728075234219432 ], [ 1927277.267568327486515, 6972850.578674130141735 ], [ 1927261.458462225738913, 6972903.504097873345017 ] ], [ [ 1927268.428067137720063, 6973212.015745020471513 ], [ 1927336.828702504513785, 6973226.204592574387789 ] ], [ [ 1927336.828702504513785, 6973226.204592574387789 ], [ 1927342.882011261535808, 6973227.460366291925311 ], [ 1927379.569503027014434, 6973236.282913574017584 ] ], [ [ 1927374.6545781546738, 6972421.949881109409034 ], [ 1927378.408250547945499, 6972422.304084822535515 ], [ 1927425.781568127218634, 6972426.875038993544877 ], [ 1927477.324410603381693, 6972434.567441132850945 ], [ 1927517.207754698349163, 6972440.523207176476717 ], [ 1927536.706783347995952, 6972442.94236752577126 ], [ 1927605.730022952426225, 6972451.510390166193247 ], [ 1927685.010095054516569, 6972462.279324196279049 ], [ 1927707.500104005914181, 6972465.781794987618923 ], [ 1927715.744864416541532, 6972466.14173333439976 ], [ 1927719.32064797799103, 6972466.308851232752204 ], [ 1927724.386762388981879, 6972466.527611091732979 ], [ 1927730.706929987994954, 6972465.563079017214477 ], [ 1927740.391842455370352, 6972462.45145490206778 ], [ 1927747.473420171765611, 6972460.109296746551991 ] ], [ [ 1927379.569503027014434, 6973236.282913574017584 ], [ 1927412.944216845324263, 6973244.312863375991583 ], [ 1927456.747850974788889, 6973257.14065065421164 ] ], [ [ 1927398.780195422237739, 6971078.312643618322909 ], [ 1927422.464872523676604, 6971062.475828727707267 ], [ 1927566.340283802477643, 6970965.485883538611233 ], [ 1927691.294326356612146, 6970881.769591082818806 ], [ 1927794.26834004255943, 6970813.929733977653086 ], [ 1927818.346314551541582, 6970797.50356690492481 ] ], [ [ 1927456.747850974788889, 6973257.14065065421164 ], [ 1927492.645478883991018, 6973260.776891952380538 ], [ 1927537.190789090003818, 6973265.297665339894593 ], [ 1927553.830481042154133, 6973266.752528375945985 ], [ 1927606.92467275285162, 6973271.424201221205294 ], [ 1927621.783658314030617, 6973271.773686727508903 ], [ 1927631.888432055478916, 6973272.0113366516307 ], [ 1927641.424839035840705, 6973271.039336629211903 ], [ 1927648.5828496303875, 6973269.712327998131514 ], [ 1927656.656361778499559, 6973267.509638269431889 ], [ 1927667.448012080276385, 6973263.892131772823632 ], [ 1927677.962460256880149, 6973259.370892873965204 ], [ 1927693.599204255267978, 6973251.979399865493178 ], [ 1927721.072498691966757, 6973233.850513394922018 ] ], [ [ 1927701.267400955781341, 6973739.572486606426537 ], [ 1927830.65013418532908, 6973789.451525991782546 ], [ 1927894.086473704781383, 6973817.58749015070498 ] ], [ [ 1927721.072498691966757, 6973233.850513394922018 ], [ 1927778.609373297775164, 6973189.578703506849706 ], [ 1927828.112009412143379, 6973151.48138115555048 ], [ 1927891.95553399133496, 6973104.665824237279594 ], [ 1927959.903317025396973, 6973053.111593100242317 ] ], [ [ 1927747.473420171765611, 6972460.109296746551991 ], [ 1927768.297996107488871, 6972473.174891047179699 ], [ 1927783.921307462034747, 6972477.628869804553688 ], [ 1927882.656638000160456, 6972489.883016197010875 ], [ 1927950.171694755554199, 6972497.067002154886723 ] ], [ [ 1927782.383716485695913, 6972135.151463778689504 ], [ 1927776.150787545600906, 6972253.586085212416947 ], [ 1927771.199643746949732, 6972336.334664839319885 ], [ 1927770.236811449518427, 6972358.374055363237858 ], [ 1927768.381217279937118, 6972412.920909721404314 ], [ 1927767.537597785936669, 6972423.483636377379298 ], [ 1927765.866844121366739, 6972432.564982990734279 ], [ 1927763.343205049401149, 6972439.848688939586282 ], [ 1927759.680307410657406, 6972446.241742826998234 ], [ 1927752.732765218010172, 6972454.900065999478102 ], [ 1927747.473420171765611, 6972460.109296746551991 ] ], [ [ 1927788.291528258705512, 6971912.253599190153182 ], [ 1927788.834808138199151, 6971951.387872913852334 ], [ 1927787.471445623785257, 6971996.939696905203164 ], [ 1927784.501530644716695, 6972086.393773872405291 ], [ 1927782.383716485695913, 6972135.151463778689504 ] ], [ [ 1927785.619472443591803, 6971874.863592103123665 ], [ 1927788.291528258705512, 6971912.253599190153182 ] ], [ [ 1927800.122178982011974, 6971557.921613918617368 ], [ 1927800.185083521297202, 6971582.873353412374854 ], [ 1927799.261657300405204, 6971609.61264409776777 ], [ 1927800.070860642008483, 6971616.110119927674532 ], [ 1927803.442618562607095, 6971624.279117595404387 ], [ 1927808.426830688724294, 6971631.522537495940924 ], [ 1927814.419511019950733, 6971638.158415047451854 ], [ 1927830.617301557678729, 6971649.867972673848271 ], [ 1927836.009894464397803, 6971654.529591491445899 ], [ 1927840.071208353154361, 6971660.140019837766886 ], [ 1927842.210308560403064, 6971665.040837395004928 ], [ 1927843.252220560330898, 6971675.763158416375518 ], [ 1927842.458276511868462, 6971696.259831962175667 ], [ 1927841.664715775754303, 6971716.739955011755228 ], [ 1927840.140586499357596, 6971756.422732755541801 ], [ 1927839.205349266063422, 6971780.836674871854484 ], [ 1927838.263991600368172, 6971848.75708247628063 ], [ 1927837.540645117172971, 6971866.232475840486586 ], [ 1927836.097426345571876, 6971872.677245388738811 ], [ 1927832.032445728080347, 6971880.688409538008273 ], [ 1927825.414390637073666, 6971887.327255780808628 ], [ 1927814.558819521218538, 6971895.178902669809759 ], [ 1927788.291528258705512, 6971912.253599190153182 ] ], [ [ 1927818.346314551541582, 6970797.50356690492481 ], [ 1927827.830907541327178, 6970807.127490137703717 ], [ 1927846.072026425274089, 6970825.627404349856079 ], [ 1927903.796767188468948, 6970888.140574708580971 ], [ 1927925.721775860991329, 6970907.839854839257896 ], [ 1927948.525985622545704, 6970926.081467994488776 ] ], [ [ 1927818.346314551541582, 6970797.50356690492481 ], [ 1927892.017534383106977, 6970749.089068790897727 ] ], [ [ 1927894.086473704781383, 6973817.58749015070498 ], [ 1928008.705673229880631, 6973897.451190466992557 ], [ 1928193.575349882943556, 6974041.649538257159293 ], [ 1928344.923134494572878, 6974221.479783822782338 ], [ 1928413.3680036989972, 6974270.49109183717519 ], [ 1928472.650637433631346, 6974312.939881782978773 ], [ 1928513.783263762015849, 6974342.550635125488043 ], [ 1928576.990911895409226, 6974388.048752299509943 ], [ 1928696.866219976451248, 6974470.964819035492837 ], [ 1928789.943346465937793, 6974533.030088047496974 ], [ 1928822.63336859527044, 6974553.68525954708457 ], [ 1928840.539674672763795, 6974564.240400752052665 ], [ 1928882.821956636151299, 6974587.296453511342406 ], [ 1928921.059367303038016, 6974606.086845342069864 ], [ 1928987.55094135645777, 6974636.720561905764043 ] ], [ [ 1927892.017534383106977, 6970749.089068790897727 ], [ 1927927.070231371326372, 6970725.296584604308009 ] ], [ [ 1927948.525985622545704, 6970926.081467994488776 ], [ 1927986.294094834243879, 6970956.317929906770587 ], [ 1928029.593872529221699, 6970988.095984607003629 ], [ 1928112.003023627912626, 6971040.972731191664934 ], [ 1928182.663934325566515, 6971088.224994615651667 ] ], [ [ 1927950.171694755554199, 6972497.067002154886723 ], [ 1928024.449726878665388, 6972507.748404016718268 ], [ 1928070.789338865084574, 6972514.750072981230915 ], [ 1928105.413879615720361, 6972518.835166062228382 ], [ 1928175.936153597664088, 6972527.134440392255783 ], [ 1928306.950973522849381, 6972542.466099472716451 ], [ 1928392.342458211816847, 6972552.058842271566391 ], [ 1928463.675712167751044, 6972565.408450855873525 ], [ 1928499.646028862800449, 6972571.500355663709342 ], [ 1928533.20368993957527, 6972575.159918407909572 ], [ 1928560.51262443093583, 6972578.141492484137416 ], [ 1928567.583591472124681, 6972581.230914682149887 ], [ 1928581.783111364813522, 6972589.919721249490976 ] ], [ [ 1927959.903317025396973, 6973053.111593100242317 ], [ 1927969.942841044161469, 6973045.488663025200367 ], [ 1928046.745713820448145, 6972988.011277232319117 ], [ 1928103.202235491713509, 6972944.427571192383766 ] ], [ [ 1928103.202235491713509, 6972944.427571192383766 ], [ 1928114.695884353248402, 6972935.559384192340076 ], [ 1928130.138857925310731, 6972923.6437480552122 ], [ 1928174.990652192849666, 6972890.105031485669315 ], [ 1928196.228083536960185, 6972874.188311387784779 ], [ 1928210.010316797997802, 6972863.828621027991176 ], [ 1928268.093717543641105, 6972820.764382407069206 ], [ 1928331.870056905318052, 6972773.762950409203768 ], [ 1928396.895157754188403, 6972724.34831877425313 ], [ 1928443.434794658096507, 6972689.40308672375977 ], [ 1928482.421453565591946, 6972659.946159689687192 ], [ 1928529.637598666595295, 6972624.385234641842544 ], [ 1928553.120966318296269, 6972608.03887586761266 ], [ 1928567.618721927516162, 6972598.227293758653104 ], [ 1928581.783111364813522, 6972589.919721249490976 ] ], [ [ 1928182.663934325566515, 6971088.224994615651667 ], [ 1928248.708273971453309, 6971132.395433126948774 ], [ 1928283.500541073037311, 6971156.747819575481117 ], [ 1928298.434656465891749, 6971166.499297305941582 ], [ 1928323.511628938373178, 6971184.693996773101389 ], [ 1928344.794168614549562, 6971200.756671371869743 ], [ 1928355.804108514683321, 6971208.256790140643716 ], [ 1928367.932247261982411, 6971214.703401236794889 ], [ 1928388.299130610190332, 6971223.136898943223059 ], [ 1928434.87968533555977, 6971237.981274844147265 ], [ 1928469.530515767401084, 6971249.954877758398652 ], [ 1928509.975713195977733, 6971264.289797626435757 ], [ 1928543.233579915482551, 6971277.742092480883002 ], [ 1928562.757232378935441, 6971287.534167954698205 ], [ 1928575.91189031698741, 6971296.163942087441683 ], [ 1928595.059341843705624, 6971310.731069206260145 ], [ 1928636.415380941703916, 6971347.893467621877789 ], [ 1928679.60249173711054, 6971384.00231268722564 ], [ 1928714.727652959991246, 6971419.789717817679048 ], [ 1928740.157282692147419, 6971443.556615254841745 ], [ 1928752.185302327619866, 6971454.335978855378926 ], [ 1928764.246948963264003, 6971463.670956905931234 ], [ 1928784.912065345328301, 6971475.000999973155558 ], [ 1928848.313859056215733, 6971511.233049080707133 ], [ 1928890.102002413244918, 6971538.454972394742072 ], [ 1928934.950143648078665, 6971565.21665963716805 ], [ 1928961.252724089892581, 6971582.840837357565761 ], [ 1928978.332612363388762, 6971593.737991956993937 ], [ 1928996.158646754920483, 6971603.190738732926548 ], [ 1929039.006015091668814, 6971622.662750527262688 ], [ 1929053.860294313402846, 6971631.647368673235178 ], [ 1929070.211688855662942, 6971642.527389424853027 ], [ 1929116.690525711048394, 6971676.901303729042411 ], [ 1929184.687629224266857, 6971730.896934057585895 ], [ 1929229.762763211969286, 6971767.24784086085856 ] ], [ [ 1928581.783111364813522, 6972589.919721249490976 ], [ 1928592.608236090047285, 6972584.806853490881622 ], [ 1928606.999869844177738, 6972580.973578276112676 ], [ 1928618.345118332421407, 6972579.145693502388895 ], [ 1928628.189180179033428, 6972577.731240216642618 ], [ 1928638.032852217089385, 6972576.333379360847175 ], [ 1928650.824443902121857, 6972575.735445996746421 ], [ 1928722.104550464544445, 6972556.431708393618464 ] ], [ [ 1928987.55094135645777, 6974636.720561905764043 ], [ 1928996.09610834508203, 6974640.659062888473272 ], [ 1929056.018544115126133, 6974665.804656933061779 ], [ 1929095.772973349317908, 6974682.835076826624572 ], [ 1929111.064911647234112, 6974690.35418005939573 ], [ 1929124.290102188941091, 6974696.927677049301565 ], [ 1929135.728626570431516, 6974704.057712681591511 ], [ 1929146.293305839411914, 6974710.26998901180923 ], [ 1929156.532010511495173, 6974717.671135015785694 ], [ 1929169.635856349021196, 6974728.047234424389899 ], [ 1929182.715815258212388, 6974740.882213640958071 ], [ 1929191.671846787445247, 6974752.125392478890717 ], [ 1929198.577669199556112, 6974762.423390657640994 ], [ 1929205.730479344027117, 6974774.222771300002933 ], [ 1929210.24354316922836, 6974784.764104369096458 ], [ 1929214.397482939530164, 6974797.922715894877911 ], [ 1929216.512403659289703, 6974805.367050413042307 ], [ 1929218.244722927222028, 6974811.439790490083396 ], [ 1929220.316835525212809, 6974824.300620259717107 ], [ 1929220.834243525285274, 6974832.721423986367881 ], [ 1929223.329986490542069, 6974873.759883305057883 ], [ 1929224.263843905413523, 6974892.809467152692378 ], [ 1929227.214530865428969, 6974953.534902976825833 ], [ 1929228.560247748158872, 6974981.269065892323852 ], [ 1929233.680976245319471, 6975065.644074969924986 ], [ 1929237.178326823515818, 6975104.247516912408173 ] ], [ [ 1929287.950880547054112, 6974307.045577858574688 ], [ 1929277.709868948673829, 6974318.339027071371675 ], [ 1929262.933566417079419, 6974330.058485441841185 ], [ 1929245.018245490267873, 6974342.751615755259991 ], [ 1929186.283620757283643, 6974407.202285806648433 ], [ 1929160.26151708397083, 6974437.054648528806865 ], [ 1929121.619276242796332, 6974481.402006177231669 ], [ 1929105.844761499902233, 6974499.678604883141816 ], [ 1928987.55094135645777, 6974636.720561905764043 ] ], [ [ 1929229.762763211969286, 6971767.24784086085856 ], [ 1929284.858916961820796, 6971811.673007385805249 ], [ 1929335.93404395901598, 6971850.871255739592016 ], [ 1929395.351879488676786, 6971896.210797755979002 ], [ 1929423.302079965360463, 6971915.766306413337588 ], [ 1929437.619273569900542, 6971925.801189203746617 ], [ 1929454.244198139756918, 6971939.943147191777825 ], [ 1929473.99775331793353, 6971959.955574835650623 ], [ 1929489.047629280248657, 6971980.572812807746232 ], [ 1929498.677460513077676, 6971992.658114117570221 ], [ 1929516.061701480066404, 6972014.808220135979354 ], [ 1929524.914677979424596, 6972026.094679174944758 ], [ 1929532.729582379339263, 6972036.410080215893686 ], [ 1929552.790216140216216, 6972057.492885018698871 ], [ 1929575.665818722220138, 6972077.245764741674066 ], [ 1929577.306755716213956, 6972078.66277910489589 ], [ 1929600.568300063954666, 6972095.351324022747576 ], [ 1929620.820316334953532, 6972108.182179222814739 ], [ 1929690.100687829777598, 6972149.281629906967282 ], [ 1929718.014593496453017, 6972166.177851350046694 ], [ 1929727.863985932664946, 6972175.244766576215625 ] ], [ [ 1929254.497763719642535, 6971681.061863284558058 ], [ 1929245.210694290464744, 6971724.234865667298436 ], [ 1929240.515894226264209, 6971745.172398927621543 ], [ 1929238.77416472393088, 6971750.962498282082379 ], [ 1929229.762763211969286, 6971767.24784086085856 ] ], [ [ 1929581.534134418936446, 6974050.19345773383975 ], [ 1929552.024629810359329, 6974086.162539347074926 ], [ 1929540.527029757620767, 6974095.200142317451537 ], [ 1929526.243509511696175, 6974106.432731037959456 ], [ 1929487.623741317773238, 6974134.944874345324934 ], [ 1929395.364472031127661, 6974209.166289162822068 ], [ 1929330.78793449816294, 6974266.152770707383752 ], [ 1929291.067487416090444, 6974304.177025998011231 ], [ 1929287.950880547054112, 6974307.045577858574688 ] ], [ [ 1929697.117970680585131, 6972580.750513263978064 ], [ 1929693.738062138669193, 6972607.203556801192462 ], [ 1929685.321245783008635, 6972758.906094598583877 ], [ 1929677.921570154139772, 6972898.157976321876049 ], [ 1929672.403864334570244, 6973060.633091921918094 ], [ 1929669.033540096366778, 6973176.15849793702364 ], [ 1929666.446325849043205, 6973230.644347578287125 ], [ 1929663.852130388142541, 6973253.927755001932383 ], [ 1929657.178467642748728, 6973290.192219922319055 ], [ 1929643.771109589375556, 6973351.704476717859507 ], [ 1929638.56794825498946, 6973383.86642805300653 ], [ 1929628.675865100231022, 6973441.008294894360006 ], [ 1929619.85923869535327, 6973488.92086351942271 ], [ 1929604.230412140022963, 6973591.223669312894344 ], [ 1929596.73793162452057, 6973628.467488972470164 ], [ 1929589.850152965402231, 6973653.911830457858741 ], [ 1929588.238960799993947, 6973662.647387638688087 ], [ 1929587.720691789640114, 6973669.996058765798807 ], [ 1929588.288369948975742, 6973674.827812420204282 ], [ 1929589.774424090981483, 6973687.24107887595892 ], [ 1929593.979572355980054, 6973716.798621064983308 ], [ 1929595.478525048354641, 6973742.970128350891173 ], [ 1929602.219569794135168, 6973829.795525944791734 ], [ 1929605.687438608380035, 6973906.227050763554871 ], [ 1929606.840181672247127, 6973962.383409400470555 ], [ 1929606.266760094324127, 6973987.144948104396462 ], [ 1929604.922297874232754, 6974000.107627040706575 ], [ 1929601.781742600956932, 6974014.756630644202232 ], [ 1929598.034209879580885, 6974025.553146694786847 ], [ 1929592.919247442856431, 6974034.55651181936264 ], [ 1929581.534134418936446, 6974050.19345773383975 ] ], [ [ 1930533.217650219565257, 6973682.058243868872523 ], [ 1930516.939981667557731, 6973627.431373672559857 ], [ 1930470.748890966642648, 6973471.954808917827904 ], [ 1930460.418789313640445, 6973438.335610285401344 ], [ 1930421.752477505477145, 6973312.428392960689962 ], [ 1930385.544024029513821, 6973192.112578169442713 ], [ 1930371.710914208786562, 6973150.155809656716883 ], [ 1930368.655999271664768, 6973141.761121121235192 ], [ 1930363.339532771613449, 6973137.284903771243989 ], [ 1930352.303800377994776, 6973135.018785880878568 ], [ 1930313.781479643890634, 6973219.990270350128412 ], [ 1930282.016668847994879, 6973277.83754965942353 ], [ 1930253.698125068331137, 6973322.788770644925535 ], [ 1930222.018404135946184, 6973364.704717451706529 ], [ 1930202.987892887555063, 6973386.377934371121228 ], [ 1930195.38252337789163, 6973397.765610639937222 ], [ 1930187.646714025177062, 6973414.084958170540631 ], [ 1930168.045676184818149, 6973461.897298747673631 ], [ 1930150.746263811597601, 6973499.029794314876199 ], [ 1930134.231421807548031, 6973532.325865853577852 ], [ 1930103.795611967565492, 6973594.957573182880878 ], [ 1930093.252154151909053, 6973612.258850074373186 ], [ 1930081.284875062759966, 6973630.922809893265367 ], [ 1930065.848689118633047, 6973649.788737892173231 ], [ 1930045.336433449760079, 6973674.568319842219353 ], [ 1930024.84023310081102, 6973699.364915049634874 ], [ 1930015.975958046270534, 6973705.672457749024034 ], [ 1929995.811861171619967, 6973715.373062916100025 ], [ 1929972.014050442259759, 6973730.970914266072214 ], [ 1929929.993732296396047, 6973762.611715789884329 ], [ 1929893.026015093782917, 6973791.49527036305517 ], [ 1929878.80848007556051, 6973800.635983650572598 ], [ 1929783.060958203161135, 6973890.546344188973308 ], [ 1929767.710705577395856, 6973904.213460547849536 ], [ 1929733.14111572667025, 6973931.125376343727112 ], [ 1929650.767903506522998, 6974003.101884317584336 ], [ 1929624.014559139031917, 6974025.293675827793777 ], [ 1929604.888054005336016, 6974038.806376044638455 ], [ 1929581.534134418936446, 6974050.19345773383975 ] ], [ [ 1929727.863985932664946, 6972175.244766576215625 ], [ 1929732.2918011744041, 6972202.326581054367125 ], [ 1929732.914162296568975, 6972226.279878882691264 ], [ 1929731.05007307510823, 6972268.881378870457411 ], [ 1929723.895725682377815, 6972338.140044831670821 ], [ 1929718.905464942799881, 6972370.452455119229853 ], [ 1929720.404217173578218, 6972389.475956078618765 ], [ 1929720.726037088083103, 6972425.699883859604597 ], [ 1929718.985932768322527, 6972462.939268035814166 ], [ 1929716.180558777414262, 6972483.906320258975029 ], [ 1929711.390005624853075, 6972514.745375543832779 ], [ 1929697.117970680585131, 6972580.750513263978064 ] ], [ [ 1929727.863985932664946, 6972175.244766576215625 ], [ 1929750.281747666886076, 6972191.182493806816638 ], [ 1929801.399867861531675, 6972243.770391384139657 ], [ 1929881.225313833216205, 6972332.045227183960378 ], [ 1929902.074419329408556, 6972351.352033628150821 ], [ 1929920.118483993690461, 6972364.397038101218641 ], [ 1929930.783679163549095, 6972371.888026295229793 ], [ 1929942.550791652873158, 6972377.593785475939512 ], [ 1929955.130052315769717, 6972380.427732972428203 ], [ 1929976.355875728419051, 6972383.445845061913133 ], [ 1930041.126188127789646, 6972391.827470878139138 ], [ 1930113.972235930850729, 6972402.871319454163313 ], [ 1930148.192179271019995, 6972406.555984726175666 ], [ 1930162.187599938362837, 6972409.787956974469125 ], [ 1930167.885123263346031, 6972413.525162268429995 ], [ 1930171.917554897489026, 6972418.320201030001044 ], [ 1930175.966171699110419, 6972423.132229080423713 ], [ 1930200.19333683536388, 6972452.650828833691776 ], [ 1930222.013310620328411, 6972480.203118695877492 ], [ 1930228.148987647611648, 6972487.937642017379403 ], [ 1930249.908644967945293, 6972515.239376733079553 ], [ 1930274.411765922792256, 6972538.56771632283926 ], [ 1930280.281858692644164, 6972544.169592068530619 ], [ 1930301.52178975334391, 6972562.405040046200156 ], [ 1930306.779529455583543, 6972568.690478570759296 ], [ 1930309.878607038175687, 6972572.284352493472397 ], [ 1930311.575683538801968, 6972577.025278252549469 ], [ 1930311.831695784348994, 6972581.732802150771022 ], [ 1930311.342523811385036, 6972584.977689044550061 ], [ 1930310.16674747178331, 6972592.841803658753633 ] ], [ [ 1929776.555896079400554, 6971922.22516851965338 ], [ 1929754.844854423776269, 6972016.160457536578178 ], [ 1929737.297037293668836, 6972108.482511838898063 ], [ 1929727.863985932664946, 6972175.244766576215625 ] ], [ [ 1930310.16674747178331, 6972592.841803658753633 ], [ 1930329.10438096919097, 6972598.813037105835974 ], [ 1930340.884657410439104, 6972603.256046446971595 ], [ 1930350.580656625796109, 6972608.248820841312408 ], [ 1930362.911796196829528, 6972615.395949753001332 ], [ 1930389.573338750516996, 6972632.112223076634109 ], [ 1930408.307155134622008, 6972644.773820411413908 ], [ 1930420.0214230613783, 6972652.803731464780867 ], [ 1930429.696862154640257, 6972658.693094661459327 ], [ 1930443.42183726420626, 6972665.772749986499548 ], [ 1930464.596172567689791, 6972676.098441288806498 ], [ 1930489.636529056821018, 6972686.231188816949725 ], [ 1930540.589412899687886, 6972703.177334046922624 ], [ 1930548.624948589829728, 6972705.440072967670858 ], [ 1930536.214476728113368, 6972753.515217172913253 ], [ 1930525.331902079749852, 6972805.762856143526733 ], [ 1930523.200355485081673, 6972822.028322561644018 ], [ 1930523.777594019658864, 6972832.940405246801674 ], [ 1930526.418288641609251, 6972842.770532622933388 ], [ 1930532.511587938526645, 6972863.878420446999371 ], [ 1930542.113895610906184, 6972894.537594931200147 ], [ 1930547.965077745961025, 6972913.928750418126583 ], [ 1930552.680207534460351, 6972932.994593632407486 ], [ 1930554.986577264964581, 6972945.109844276681542 ], [ 1930557.97491077077575, 6972965.032947307452559 ], [ 1930558.309860941022635, 6972982.867737899534404 ], [ 1930558.076813464984298, 6972990.106145258061588 ], [ 1930559.522136059356853, 6972999.310666518285871 ], [ 1930564.112842172849923, 6973010.830939316190779 ], [ 1930573.096258581615984, 6973026.639715408906341 ], [ 1930598.588596942834556, 6973064.695133108645678 ], [ 1930623.963700690772384, 6973116.488107644952834 ], [ 1930643.777216814924031, 6973160.061334492638707 ], [ 1930650.343060530954972, 6973177.226613653823733 ], [ 1930651.719740567263216, 6973180.780768068507314 ], [ 1930653.079474197467789, 6973184.351146315224469 ], [ 1930655.690263251541182, 6973189.013810184784234 ], [ 1930658.301437671296299, 6973193.659870135597885 ], [ 1930667.757363608805463, 6973206.239964987151325 ], [ 1930674.318729361519217, 6973214.964948850683868 ], [ 1930677.19713612832129, 6973218.803079569712281 ], [ 1930680.759178348118439, 6973226.063043523579836 ], [ 1930681.644513994222507, 6973237.281853517517447 ], [ 1930681.709232234861702, 6973245.989479821175337 ], [ 1930680.447323257336393, 6973251.127477144822478 ], [ 1930671.145037163980305, 6973269.304832355119288 ], [ 1930661.070898746140301, 6973284.290924556553364 ], [ 1930647.243103262735531, 6973300.336601751856506 ], [ 1930626.975051240762696, 6973320.386977002955973 ], [ 1930620.564130232203752, 6973326.718431711196899 ], [ 1930617.290852761827409, 6973332.108990945853293 ], [ 1930616.877294484060258, 6973337.831575584597886 ], [ 1930617.162287341663614, 6973344.168469723314047 ], [ 1930617.447663030587137, 6973350.48876272700727 ], [ 1930622.617116352543235, 6973367.838147977367043 ], [ 1930623.554957078536972, 6973371.016704927198589 ], [ 1930624.325350945582613, 6973374.988909122534096 ], [ 1930624.7105481561739, 6973376.975011931732297 ], [ 1930626.620353743666783, 6973386.888543524779379 ], [ 1930626.686904488364235, 6973397.673259087838233 ], [ 1930625.27019480522722, 6973421.765595960430801 ], [ 1930625.549547242932022, 6973447.060318140313029 ], [ 1930627.961482795886695, 6973466.838373277336359 ], [ 1930632.302945055766031, 6973489.917719845660031 ], [ 1930634.957364117261022, 6973499.167393151670694 ], [ 1930637.595223261741921, 6973508.41669294051826 ], [ 1930643.335723323281854, 6973523.287318175658584 ], [ 1930645.432045261375606, 6973528.70258161611855 ], [ 1930652.102304876083508, 6973544.226136625744402 ], [ 1930658.756023999070749, 6973559.749333035200834 ], [ 1930670.174130186904222, 6973585.75082962680608 ], [ 1930675.343223395524547, 6973597.368332702666521 ], [ 1930679.631393429590389, 6973609.812859147787094 ], [ 1930681.175721506588161, 6973617.608035530894995 ], [ 1930679.972347063245252, 6973631.720019986853004 ] ], [ [ 1925448.227655532537028, 6970245.549422828480601 ], [ 1925224.224899111548439, 6970278.506756844930351 ], [ 1925116.840844199759886, 6970303.644786014221609 ], [ 1924986.508483914891258, 6970328.169692519120872 ], [ 1924729.659534224541858, 6970370.073833502829075 ] ], [ [ 1925371.286749200196937, 6971971.108507406897843 ], [ 1925311.726261973613873, 6972074.113114727661014 ], [ 1925283.687502122484148, 6972180.806264415383339 ] ], [ [ 1927628.81730507966131, 6970923.62773731071502 ], [ 1927658.93499242910184, 6971172.516239407472312 ], [ 1927692.569149921881035, 6971355.401970773935318 ], [ 1927730.407577100908384, 6971454.202308408915997 ], [ 1927776.654543653363362, 6971498.347140117548406 ], [ 1927800.122178982011974, 6971557.921613918617368 ] ] ] } },
{ "type": "Feature", "properties": { "TERYT": null, "LOKALNYID": null, "WERSJAID": null, "PNAZW": null, "GMLID": null, "X_KOD": null, "X_SKRKARTO": null, "X_SKRK_NIL": null, "X_KATDOKG": null, "X_DOKLGEOM": null, "X_ZRODLOG": null, "X_ZRODLOA": null, "X_KATIST": null, "X_KATI_NIL": null, "X_RODZREPG": null, "X_UWAGI": null, "X_UZYTKOWN": null, "X_AKTG": null, "X_AKTA": null, "POCZWERS": null, "KONIECWERS": null, "X_DATAUTW": null, "X_INFDOD": null, "KOD10K": null, "KOD10K_NIL": null, "KOD25K": null, "KOD25K_NIL": null, "KOD50K": null, "KOD50K_NIL": null, "KOD100K": null, "KOD100_NIL": null, "KOD250K": null, "KOD250_NIL": null, "KOD500K": null, "KOD500_NIL": null, "KOD1000K": null, "KOD1000_NI": null, "KATZARZ": null, "KATZA_NIL": null, "KLASADROGI": null, "KLDROG_NIL": null, "MATNAWIERZ": null, "MATNAW_NIL": null, "NAZWADROGI": null, "LJEZDNIDR": null, "LJEZD_NIL": null, "NRODCIREF": null, "SZL_NUMER": null, "SZLNR_NIL": null, "length": null }, "geometry": { "type": "MultiLineString", "coordinates": [ [ [ 1923925.835389856481925, 6975290.553533993661404 ], [ 1923431.746196731226519, 6975047.637593451887369 ] ] ] } },
{ "type": "Feature", "properties": { "TERYT": null, "LOKALNYID": null, "WERSJAID": null, "PNAZW": null, "GMLID": null, "X_KOD": null, "X_SKRKARTO": null, "X_SKRK_NIL": null, "X_KATDOKG": null, "X_DOKLGEOM": null, "X_ZRODLOG": null, "X_ZRODLOA": null, "X_KATIST": null, "X_KATI_NIL": null, "X_RODZREPG": null, "X_UWAGI": null, "X_UZYTKOWN": null, "X_AKTG": null, "X_AKTA": null, "POCZWERS": null, "KONIECWERS": null, "X_DATAUTW": null, "X_INFDOD": null, "KOD10K": null, "KOD10K_NIL": null, "KOD25K": null, "KOD25K_NIL": null, "KOD50K": null, "KOD50K_NIL": null, "KOD100K": null, "KOD100_NIL": null, "KOD250K": null, "KOD250_NIL": null, "KOD500K": null, "KOD500_NIL": null, "KOD1000K": null, "KOD1000_NI": null, "KATZARZ": null, "KATZA_NIL": null, "KLASADROGI": null, "KLDROG_NIL": null, "MATNAWIERZ": null, "MATNAW_NIL": null, "NAZWADROGI": null, "LJEZDNIDR": null, "LJEZD_NIL": null, "NRODCIREF": null, "SZL_NUMER": null, "SZLNR_NIL": null, "length": null }, "geometry": { "type": "MultiLineString", "coordinates": [ [ [ 1925372.77802633238025, 6973568.018094419501722 ], [ 1925372.388544569024816, 6973568.317564123310149 ], [ 1925413.5922128893435, 6973994.818392768502235 ] ] ] } },
{ "type": "Feature", "properties": { "TERYT": null, "LOKALNYID": null, "WERSJAID": null, "PNAZW": null, "GMLID": null, "X_KOD": null, "X_SKRKARTO": null, "X_SKRK_NIL": null, "X_KATDOKG": null, "X_DOKLGEOM": null, "X_ZRODLOG": null, "X_ZRODLOA": null, "X_KATIST": null, "X_KATI_NIL": null, "X_RODZREPG": null, "X_UWAGI": null, "X_UZYTKOWN": null, "X_AKTG": null, "X_AKTA": null, "POCZWERS": null, "KONIECWERS": null, "X_DATAUTW": null, "X_INFDOD": null, "KOD10K": null, "KOD10K_NIL": null, "KOD25K": null, "KOD25K_NIL": null, "KOD50K": null, "KOD50K_NIL": null, "KOD100K": null, "KOD100_NIL": null, "KOD250K": null, "KOD250_NIL": null, "KOD500K": null, "KOD500_NIL": null, "KOD1000K": null, "KOD1000_NI": null, "KATZARZ": null, "KATZA_NIL": null, "KLASADROGI": null, "KLDROG_NIL": null, "MATNAWIERZ": null, "MATNAW_NIL": null, "NAZWADROGI": null, "LJEZDNIDR": null, "LJEZD_NIL": null, "NRODCIREF": null, "SZL_NUMER": null, "SZLNR_NIL": null, "length": null }, "geometry": { "type": "MultiLineString", "coordinates": [ [ [ 1926905.077898103743792, 6973123.90194630715996 ], [ 1926818.598682734882459, 6973369.302605689503253 ] ] ] } },
{ "type": "Feature", "properties": { "TERYT": null, "LOKALNYID": null, "WERSJAID": null, "PNAZW": null, "GMLID": null, "X_KOD": null, "X_SKRKARTO": null, "X_SKRK_NIL": null, "X_KATDOKG": null, "X_DOKLGEOM": null, "X_ZRODLOG": null, "X_ZRODLOA": null, "X_KATIST": null, "X_KATI_NIL": null, "X_RODZREPG": null, "X_UWAGI": null, "X_UZYTKOWN": null, "X_AKTG": null, "X_AKTA": null, "POCZWERS": null, "KONIECWERS": null, "X_DATAUTW": null, "X_INFDOD": null, "KOD10K": null, "KOD10K_NIL": null, "KOD25K": null, "KOD25K_NIL": null, "KOD50K": null, "KOD50K_NIL": null, "KOD100K": null, "KOD100_NIL": null, "KOD250K": null, "KOD250_NIL": null, "KOD500K": null, "KOD500_NIL": null, "KOD1000K": null, "KOD1000_NI": null, "KATZARZ": null, "KATZA_NIL": null, "KLASADROGI": null, "KLDROG_NIL": null, "MATNAWIERZ": null, "MATNAW_NIL": null, "NAZWADROGI": null, "LJEZDNIDR": null, "LJEZD_NIL": null, "NRODCIREF": null, "SZL_NUMER": null, "SZLNR_NIL": null, "length": null }, "geometry": { "type": "MultiLineString", "coordinates": [ [ [ 1929881.225313833216205, 6972332.045227183960378 ], [ 1929725.56203357828781, 6972322.009116932749748 ], [ 1929516.959427044726908, 6972332.631906050257385 ], [ 1929258.396841319976375, 6972366.26606354303658 ], [ 1929060.796166050713509, 6972431.432243685238063 ], [ 1928852.684816564898938, 6972505.006963200867176 ], [ 1928722.104550464544445, 6972556.431708393618464 ] ] ] } },
{ "type": "Feature", "properties": { "TERYT": null, "LOKALNYID": null, "WERSJAID": null, "PNAZW": null, "GMLID": null, "X_KOD": null, "X_SKRKARTO": null, "X_SKRK_NIL": null, "X_KATDOKG": null, "X_DOKLGEOM": null, "X_ZRODLOG": null, "X_ZRODLOA": null, "X_KATIST": null, "X_KATI_NIL": null, "X_RODZREPG": null, "X_UWAGI": null, "X_UZYTKOWN": null, "X_AKTG": null, "X_AKTA": null, "POCZWERS": null, "KONIECWERS": null, "X_DATAUTW": null, "X_INFDOD": null, "KOD10K": null, "KOD10K_NIL": null, "KOD25K": null, "KOD25K_NIL": null, "KOD50K": null, "KOD50K_NIL": null, "KOD100K": null, "KOD100_NIL": null, "KOD250K": null, "KOD250_NIL": null, "KOD500K": null, "KOD500_NIL": null, "KOD1000K": null, "KOD1000_NI": null, "KATZARZ": null, "KATZA_NIL": null, "KLASADROGI": null, "KLDROG_NIL": null, "MATNAWIERZ": null, "MATNAW_NIL": null, "NAZWADROGI": null, "LJEZDNIDR": null, "LJEZD_NIL": null, "NRODCIREF": null, "SZL_NUMER": null, "SZLNR_NIL": null, "length": null }, "geometry": { "type": "MultiLineString", "coordinates": [ [ [ 1928482.421453565591946, 6972659.946159689687192 ], [ 1929686.128419507062063, 6972744.357802557758987 ] ] ] } },
{ "type": "Feature", "properties": { "TERYT": null, "LOKALNYID": null, "WERSJAID": null, "PNAZW": null, "GMLID": null, "X_KOD": null, "X_SKRKARTO": null, "X_SKRK_NIL": null, "X_KATDOKG": null, "X_DOKLGEOM": null, "X_ZRODLOG": null, "X_ZRODLOA": null, "X_KATIST": null, "X_KATI_NIL": null, "X_RODZREPG": null, "X_UWAGI": null, "X_UZYTKOWN": null, "X_AKTG": null, "X_AKTA": null, "POCZWERS": null, "KONIECWERS": null, "X_DATAUTW": null, "X_INFDOD": null, "KOD10K": null, "KOD10K_NIL": null, "KOD25K": null, "KOD25K_NIL": null, "KOD50K": null, "KOD50K_NIL": null, "KOD100K": null, "KOD100_NIL": null, "KOD250K": null, "KOD250_NIL": null, "KOD500K": null, "KOD500_NIL": null, "KOD1000K": null, "KOD1000_NI": null, "KATZARZ": null, "KATZA_NIL": null, "KLASADROGI": null, "KLDROG_NIL": null, "MATNAWIERZ": null, "MATNAW_NIL": null, "NAZWADROGI": null, "LJEZDNIDR": null, "LJEZD_NIL": null, "NRODCIREF": null, "SZL_NUMER": null, "SZLNR_NIL": null, "length": null }, "geometry": { "type": "MultiLineString", "coordinates": [ [ [ 1927147.484065557830036, 6973184.907400393858552 ], [ 1927252.129901920678094, 6973257.530226496048272 ], [ 1927511.68354756035842, 6973452.654748499393463 ], [ 1927701.267400955781341, 6973739.572486606426537 ] ] ] } },
{ "type": "Feature", "properties": { "TERYT": null, "LOKALNYID": null, "WERSJAID": null, "PNAZW": null, "GMLID": null, "X_KOD": null, "X_SKRKARTO": null, "X_SKRK_NIL": null, "X_KATDOKG": null, "X_DOKLGEOM": null, "X_ZRODLOG": null, "X_ZRODLOA": null, "X_KATIST": null, "X_KATI_NIL": null, "X_RODZREPG": null, "X_UWAGI": null, "X_UZYTKOWN": null, "X_AKTG": null, "X_AKTA": null, "POCZWERS": null, "KONIECWERS": null, "X_DATAUTW": null, "X_INFDOD": null, "KOD10K": null, "KOD10K_NIL": null, "KOD25K": null, "KOD25K_NIL": null, "KOD50K": null, "KOD50K_NIL": null, "KOD100K": null, "KOD100_NIL": null, "KOD250K": null, "KOD250_NIL": null, "KOD500K": null, "KOD500_NIL": null, "KOD1000K": null, "KOD1000_NI": null, "KATZARZ": null, "KATZA_NIL": null, "KLASADROGI": null, "KLDROG_NIL": null, "MATNAWIERZ": null, "MATNAW_NIL": null, "NAZWADROGI": null, "LJEZDNIDR": null, "LJEZD_NIL": null, "NRODCIREF": null, "SZL_NUMER": null, "SZLNR_NIL": null, "length": null }, "geometry": { "type": "MultiLineString", "coordinates": [ [ [ 1925267.929622334660962, 6972245.752330643124878 ], [ 1925198.224413922056556, 6972218.649656818248332 ], [ 1925157.553085058461875, 6972169.844062182120979 ], [ 1925099.134267236106098, 6972108.467329532839358 ], [ 1924973.422887111781165, 6971906.589642629027367 ], [ 1924880.988048785366118, 6971850.019521567039192 ] ] ] } },
{ "type": "Feature", "properties": { "TERYT": null, "LOKALNYID": null, "WERSJAID": null, "PNAZW": null, "GMLID": null, "X_KOD": null, "X_SKRKARTO": null, "X_SKRK_NIL": null, "X_KATDOKG": null, "X_DOKLGEOM": null, "X_ZRODLOG": null, "X_ZRODLOA": null, "X_KATIST": null, "X_KATI_NIL": null, "X_RODZREPG": null, "X_UWAGI": null, "X_UZYTKOWN": null, "X_AKTG": null, "X_AKTA": null, "POCZWERS": null, "KONIECWERS": null, "X_DATAUTW": null, "X_INFDOD": null, "KOD10K": null, "KOD10K_NIL": null, "KOD25K": null, "KOD25K_NIL": null, "KOD50K": null, "KOD50K_NIL": null, "KOD100K": null, "KOD100_NIL": null, "KOD250K": null, "KOD250_NIL": null, "KOD500K": null, "KOD500_NIL": null, "KOD1000K": null, "KOD1000_NI": null, "KATZARZ": null, "KATZA_NIL": null, "KLASADROGI": null, "KLDROG_NIL": null, "MATNAWIERZ": null, "MATNAW_NIL": null, "NAZWADROGI": null, "LJEZDNIDR": null, "LJEZD_NIL": null, "NRODCIREF": null, "SZL_NUMER": null, "SZLNR_NIL": null, "length": null }, "geometry": { "type": "MultiLineString", "coordinates": [ [ [ 1924116.294243617914617, 6976506.32147697173059 ], [ 1924089.745832707965747, 6976378.21738148201257 ], [ 1924110.451236492954195, 6976295.395766342058778 ], [ 1924079.393130815355107, 6976221.447895680554211 ] ] ] } },
{ "type": "Feature", "properties": { "TERYT": null, "LOKALNYID": null, "WERSJAID": null, "PNAZW": null, "GMLID": null, "X_KOD": null, "X_SKRKARTO": null, "X_SKRK_NIL": null, "X_KATDOKG": null, "X_DOKLGEOM": null, "X_ZRODLOG": null, "X_ZRODLOA": null, "X_KATIST": null, "X_KATI_NIL": null, "X_RODZREPG": null, "X_UWAGI": null, "X_UZYTKOWN": null, "X_AKTG": null, "X_AKTA": null, "POCZWERS": null, "KONIECWERS": null, "X_DATAUTW": null, "X_INFDOD": null, "KOD10K": null, "KOD10K_NIL": null, "KOD25K": null, "KOD25K_NIL": null, "KOD50K": null, "KOD50K_NIL": null, "KOD100K": null, "KOD100_NIL": null, "KOD250K": null, "KOD250_NIL": null, "KOD500K": null, "KOD500_NIL": null, "KOD1000K": null, "KOD1000_NI": null, "KATZARZ": null, "KATZA_NIL": null, "KLASADROGI": null, "KLDROG_NIL": null, "MATNAWIERZ": null, "MATNAW_NIL": null, "NAZWADROGI": null, "LJEZDNIDR": null, "LJEZD_NIL": null, "NRODCIREF": null, "SZL_NUMER": null, "SZLNR_NIL": null, "length": null }, "geometry": { "type": "MultiLineString", "coordinates": [ ] } },
{ "type": "Feature", "properties": { "TERYT": null, "LOKALNYID": null, "WERSJAID": null, "PNAZW": null, "GMLID": null, "X_KOD": null, "X_SKRKARTO": null, "X_SKRK_NIL": null, "X_KATDOKG": null, "X_DOKLGEOM": null, "X_ZRODLOG": null, "X_ZRODLOA": null, "X_KATIST": null, "X_KATI_NIL": null, "X_RODZREPG": null, "X_UWAGI": null, "X_UZYTKOWN": null, "X_AKTG": null, "X_AKTA": null, "POCZWERS": null, "KONIECWERS": null, "X_DATAUTW": null, "X_INFDOD": null, "KOD10K": null, "KOD10K_NIL": null, "KOD25K": null, "KOD25K_NIL": null, "KOD50K": null, "KOD50K_NIL": null, "KOD100K": null, "KOD100_NIL": null, "KOD250K": null, "KOD250_NIL": null, "KOD500K": null, "KOD500_NIL": null, "KOD1000K": null, "KOD1000_NI": null, "KATZARZ": null, "KATZA_NIL": null, "KLASADROGI": null, "KLDROG_NIL": null, "MATNAWIERZ": null, "MATNAW_NIL": null, "NAZWADROGI": null, "LJEZDNIDR": null, "LJEZD_NIL": null, "NRODCIREF": null, "SZL_NUMER": null, "SZLNR_NIL": null, "length": null }, "geometry": { "type": "MultiLineString", "coordinates": [ [ [ 1925932.797778555657715, 6972084.765351195819676 ], [ 1925871.797080798773095, 6972101.257412104867399 ], [ 1925825.785245686303824, 6972129.98634902946651 ] ] ] } },
{ "type": "Feature", "properties": { "TERYT": null, "LOKALNYID": null, "WERSJAID": null, "PNAZW": null, "GMLID": null, "X_KOD": null, "X_SKRKARTO": null, "X_SKRK_NIL": null, "X_KATDOKG": null, "X_DOKLGEOM": null, "X_ZRODLOG": null, "X_ZRODLOA": null, "X_KATIST": null, "X_KATI_NIL": null, "X_RODZREPG": null, "X_UWAGI": null, "X_UZYTKOWN": null, "X_AKTG": null, "X_AKTA": null, "POCZWERS": null, "KONIECWERS": null, "X_DATAUTW": null, "X_INFDOD": null, "KOD10K": null, "KOD10K_NIL": null, "KOD25K": null, "KOD25K_NIL": null, "KOD50K": null, "KOD50K_NIL": null, "KOD100K": null, "KOD100_NIL": null, "KOD250K": null, "KOD250_NIL": null, "KOD500K": null, "KOD500_NIL": null, "KOD1000K": null, "KOD1000_NI": null, "KATZARZ": null, "KATZA_NIL": null, "KLASADROGI": null, "KLDROG_NIL": null, "MATNAWIERZ": null, "MATNAW_NIL": null, "NAZWADROGI": null, "LJEZDNIDR": null, "LJEZD_NIL": null, "NRODCIREF": null, "SZL_NUMER": null, "SZLNR_NIL": null, "length": null }, "geometry": { "type": "MultiLineString", "coordinates": [ [ [ 1924880.988048785366118, 6971850.019521567039192 ], [ 1924839.484806368127465, 6971863.145268574357033 ], [ 1924775.748722426593304, 6971989.391489190980792 ] ] ] } },
{ "type": "Feature", "properties": { "TERYT": null, "LOKALNYID": null, "WERSJAID": null, "PNAZW": null, "GMLID": null, "X_KOD": null, "X_SKRKARTO": null, "X_SKRK_NIL": null, "X_KATDOKG": null, "X_DOKLGEOM": null, "X_ZRODLOG": null, "X_ZRODLOA": null, "X_KATIST": null, "X_KATI_NIL": null, "X_RODZREPG": null, "X_UWAGI": null, "X_UZYTKOWN": null, "X_AKTG": null, "X_AKTA": null, "POCZWERS": null, "KONIECWERS": null, "X_DATAUTW": null, "X_INFDOD": null, "KOD10K": null, "KOD10K_NIL": null, "KOD25K": null, "KOD25K_NIL": null, "KOD50K": null, "KOD50K_NIL": null, "KOD100K": null, "KOD100_NIL": null, "KOD250K": null, "KOD250_NIL": null, "KOD500K": null, "KOD500_NIL": null, "KOD1000K": null, "KOD1000_NI": null, "KATZARZ": null, "KATZA_NIL": null, "KLASADROGI": null, "KLDROG_NIL": null, "MATNAWIERZ": null, "MATNAW_NIL": null, "NAZWADROGI": null, "LJEZDNIDR": null, "LJEZD_NIL": null, "NRODCIREF": null, "SZL_NUMER": null, "SZLNR_NIL": null, "length": null }, "geometry": { "type": "MultiLineString", "coordinates": [ [ [ 1926049.660415261052549, 6972286.407818286679685 ], [ 1926009.709859581664205, 6972353.049911707639694 ], [ 1925960.346388866193593, 6972403.1718196189031 ] ] ] } },
{ "type": "Feature", "properties": { "TERYT": null, "LOKALNYID": null, "WERSJAID": null, "PNAZW": null, "GMLID": null, "X_KOD": null, "X_SKRKARTO": null, "X_SKRK_NIL": null, "X_KATDOKG": null, "X_DOKLGEOM": null, "X_ZRODLOG": null, "X_ZRODLOA": null, "X_KATIST": null, "X_KATI_NIL": null, "X_RODZREPG": null, "X_UWAGI": null, "X_UZYTKOWN": null, "X_AKTG": null, "X_AKTA": null, "POCZWERS": null, "KONIECWERS": null, "X_DATAUTW": null, "X_INFDOD": null, "KOD10K": null, "KOD10K_NIL": null, "KOD25K": null, "KOD25K_NIL": null, "KOD50K": null, "KOD50K_NIL": null, "KOD100K": null, "KOD100_NIL": null, "KOD250K": null, "KOD250_NIL": null, "KOD500K": null, "KOD500_NIL": null, "KOD1000K": null, "KOD1000_NI": null, "KATZARZ": null, "KATZA_NIL": null, "KLASADROGI": null, "KLDROG_NIL": null, "MATNAWIERZ": null, "MATNAW_NIL": null, "NAZWADROGI": null, "LJEZDNIDR": null, "LJEZD_NIL": null, "NRODCIREF": null, "SZL_NUMER": null, "SZLNR_NIL": null, "length": null }, "geometry": { "type": "MultiLineString", "coordinates": [ [ [ 1923603.411557901883498, 6971254.488799943588674 ], [ 1923522.288360213162377, 6971434.987097433768213 ], [ 1923436.508830246282741, 6971505.977053267881274 ], [ 1923378.82949113054201, 6971658.309666831977665 ] ] ] } },
{ "type": "Feature", "properties": { "TERYT": null, "LOKALNYID": null, "WERSJAID": null, "PNAZW": null, "GMLID": null, "X_KOD": null, "X_SKRKARTO": null, "X_SKRK_NIL": null, "X_KATDOKG": null, "X_DOKLGEOM": null, "X_ZRODLOG": null, "X_ZRODLOA": null, "X_KATIST": null, "X_KATI_NIL": null, "X_RODZREPG": null, "X_UWAGI": null, "X_UZYTKOWN": null, "X_AKTG": null, "X_AKTA": null, "POCZWERS": null, "KONIECWERS": null, "X_DATAUTW": null, "X_INFDOD": null, "KOD10K": null, "KOD10K_NIL": null, "KOD25K": null, "KOD25K_NIL": null, "KOD50K": null, "KOD50K_NIL": null, "KOD100K": null, "KOD100_NIL": null, "KOD250K": null, "KOD250_NIL": null, "KOD500K": null, "KOD500_NIL": null, "KOD1000K": null, "KOD1000_NI": null, "KATZARZ": null, "KATZA_NIL": null, "KLASADROGI": null, "KLDROG_NIL": null, "MATNAWIERZ": null, "MATNAW_NIL": null, "NAZWADROGI": null, "LJEZDNIDR": null, "LJEZD_NIL": null, "NRODCIREF": null, "SZL_NUMER": null, "SZLNR_NIL": null, "length": null }, "geometry": { "type": "MultiLineString", "coordinates": [ [ [ 1925875.719278411008418, 6972526.975591741502285 ], [ 1925907.841050402494147, 6972438.406329493969679 ] ] ] } },
{ "type": "Feature", "properties": { "TERYT": null, "LOKALNYID": null, "WERSJAID": null, "PNAZW": null, "GMLID": null, "X_KOD": null, "X_SKRKARTO": null, "X_SKRK_NIL": null, "X_KATDOKG": null, "X_DOKLGEOM": null, "X_ZRODLOG": null, "X_ZRODLOA": null, "X_KATIST": null, "X_KATI_NIL": null, "X_RODZREPG": null, "X_UWAGI": null, "X_UZYTKOWN": null, "X_AKTG": null, "X_AKTA": null, "POCZWERS": null, "KONIECWERS": null, "X_DATAUTW": null, "X_INFDOD": null, "KOD10K": null, "KOD10K_NIL": null, "KOD25K": null, "KOD25K_NIL": null, "KOD50K": null, "KOD50K_NIL": null, "KOD100K": null, "KOD100_NIL": null, "KOD250K": null, "KOD250_NIL": null, "KOD500K": null, "KOD500_NIL": null, "KOD1000K": null, "KOD1000_NI": null, "KATZARZ": null, "KATZA_NIL": null, "KLASADROGI": null, "KLDROG_NIL": null, "MATNAWIERZ": null, "MATNAW_NIL": null, "NAZWADROGI": null, "LJEZDNIDR": null, "LJEZD_NIL": null, "NRODCIREF": null, "SZL_NUMER": null, "SZLNR_NIL": null, "length": null }, "geometry": { "type": "MultiLineString", "coordinates": [ ] } },
{ "type": "Feature", "properties": { "TERYT": null, "LOKALNYID": null, "WERSJAID": null, "PNAZW": null, "GMLID": null, "X_KOD": null, "X_SKRKARTO": null, "X_SKRK_NIL": null, "X_KATDOKG": null, "X_DOKLGEOM": null, "X_ZRODLOG": null, "X_ZRODLOA": null, "X_KATIST": null, "X_KATI_NIL": null, "X_RODZREPG": null, "X_UWAGI": null, "X_UZYTKOWN": null, "X_AKTG": null, "X_AKTA": null, "POCZWERS": null, "KONIECWERS": null, "X_DATAUTW": null, "X_INFDOD": null, "KOD10K": null, "KOD10K_NIL": null, "KOD25K": null, "KOD25K_NIL": null, "KOD50K": null, "KOD50K_NIL": null, "KOD100K": null, "KOD100_NIL": null, "KOD250K": null, "KOD250_NIL": null, "KOD500K": null, "KOD500_NIL": null, "KOD1000K": null, "KOD1000_NI": null, "KATZARZ": null, "KATZA_NIL": null, "KLASADROGI": null, "KLDROG_NIL": null, "MATNAWIERZ": null, "MATNAW_NIL": null, "NAZWADROGI": null, "LJEZDNIDR": null, "LJEZD_NIL": null, "NRODCIREF": null, "SZL_NUMER": null, "SZLNR_NIL": null, "length": null }, "geometry": { "type": "MultiLineString", "coordinates": [ [ [ 1927230.341579401632771, 6971190.950701606459916 ], [ 1926910.066682798787951, 6970671.785345589742064 ] ] ] } },
{ "type": "Feature", "properties": { "TERYT": null, "LOKALNYID": null, "WERSJAID": null, "PNAZW": null, "GMLID": null, "X_KOD": null, "X_SKRKARTO": null, "X_SKRK_NIL": null, "X_KATDOKG": null, "X_DOKLGEOM": null, "X_ZRODLOG": null, "X_ZRODLOA": null, "X_KATIST": null, "X_KATI_NIL": null, "X_RODZREPG": null, "X_UWAGI": null, "X_UZYTKOWN": null, "X_AKTG": null, "X_AKTA": null, "POCZWERS": null, "KONIECWERS": null, "X_DATAUTW": null, "X_INFDOD": null, "KOD10K": null, "KOD10K_NIL": null, "KOD25K": null, "KOD25K_NIL": null, "KOD50K": null, "KOD50K_NIL": null, "KOD100K": null, "KOD100_NIL": null, "KOD250K": null, "KOD250_NIL": null, "KOD500K": null, "KOD500_NIL": null, "KOD1000K": null, "KOD1000_NI": null, "KATZARZ": null, "KATZA_NIL": null, "KLASADROGI": null, "KLDROG_NIL": null, "MATNAWIERZ": null, "MATNAW_NIL": null, "NAZWADROGI": null, "LJEZDNIDR": null, "LJEZD_NIL": null, "NRODCIREF": null, "SZL_NUMER": null, "SZLNR_NIL": null, "length": null }, "geometry": { "type": "MultiLineString", "coordinates": [ [ [ 1925274.540682434570044, 6975934.555866888724267 ], [ 1925147.584276831708848, 6975931.642043689265847 ], [ 1925105.646686708554626, 6975986.823083324357867 ], [ 1924912.486088552046567, 6975963.238644643686712 ] ] ] } },
{ "type": "Feature", "properties": { "TERYT": null, "LOKALNYID": null, "WERSJAID": null, "PNAZW": null, "GMLID": null, "X_KOD": null, "X_SKRKARTO": null, "X_SKRK_NIL": null, "X_KATDOKG": null, "X_DOKLGEOM": null, "X_ZRODLOG": null, "X_ZRODLOA": null, "X_KATIST": null, "X_KATI_NIL": null, "X_RODZREPG": null, "X_UWAGI": null, "X_UZYTKOWN": null, "X_AKTG": null, "X_AKTA": null, "POCZWERS": null, "KONIECWERS": null, "X_DATAUTW": null, "X_INFDOD": null, "KOD10K": null, "KOD10K_NIL": null, "KOD25K": null, "KOD25K_NIL": null, "KOD50K": null, "KOD50K_NIL": null, "KOD100K": null, "KOD100_NIL": null, "KOD250K": null, "KOD250_NIL": null, "KOD500K": null, "KOD500_NIL": null, "KOD1000K": null, "KOD1000_NI": null, "KATZARZ": null, "KATZA_NIL": null, "KLASADROGI": null, "KLDROG_NIL": null, "MATNAWIERZ": null, "MATNAW_NIL": null, "NAZWADROGI": null, "LJEZDNIDR": null, "LJEZD_NIL": null, "NRODCIREF": null, "SZL_NUMER": null, "SZLNR_NIL": null, "length": null }, "geometry": { "type": "MultiLineString", "coordinates": [ [ [ 1926039.180565362563357, 6971992.449031841009855 ], [ 1926096.36708224681206, 6972290.372741871513426 ] ] ] } },
{ "type": "Feature", "properties": { "TERYT": null, "LOKALNYID": null, "WERSJAID": null, "PNAZW": null, "GMLID": null, "X_KOD": null, "X_SKRKARTO": null, "X_SKRK_NIL": null, "X_KATDOKG": null, "X_DOKLGEOM": null, "X_ZRODLOG": null, "X_ZRODLOA": null, "X_KATIST": null, "X_KATI_NIL": null, "X_RODZREPG": null, "X_UWAGI": null, "X_UZYTKOWN": null, "X_AKTG": null, "X_AKTA": null, "POCZWERS": null, "KONIECWERS": null, "X_DATAUTW": null, "X_INFDOD": null, "KOD10K": null, "KOD10K_NIL": null, "KOD25K": null, "KOD25K_NIL": null, "KOD50K": null, "KOD50K_NIL": null, "KOD100K": null, "KOD100_NIL": null, "KOD250K": null, "KOD250_NIL": null, "KOD500K": null, "KOD500_NIL": null, "KOD1000K": null, "KOD1000_NI": null, "KATZARZ": null, "KATZA_NIL": null, "KLASADROGI": null, "KLDROG_NIL": null, "MATNAWIERZ": null, "MATNAW_NIL": null, "NAZWADROGI": null, "LJEZDNIDR": null, "LJEZD_NIL": null, "NRODCIREF": null, "SZL_NUMER": null, "SZLNR_NIL": null, "length": null }, "geometry": { "type": "MultiLineString", "coordinates": [ [ [ 1925206.326011017896235, 6972255.033617932349443 ], [ 1925042.740301532903686, 6972465.858896798454225 ] ] ] } },
{ "type": "Feature", "properties": { "TERYT": null, "LOKALNYID": null, "WERSJAID": null, "PNAZW": null, "GMLID": null, "X_KOD": null, "X_SKRKARTO": null, "X_SKRK_NIL": null, "X_KATDOKG": null, "X_DOKLGEOM": null, "X_ZRODLOG": null, "X_ZRODLOA": null, "X_KATIST": null, "X_KATI_NIL": null, "X_RODZREPG": null, "X_UWAGI": null, "X_UZYTKOWN": null, "X_AKTG": null, "X_AKTA": null, "POCZWERS": null, "KONIECWERS": null, "X_DATAUTW": null, "X_INFDOD": null, "KOD10K": null, "KOD10K_NIL": null, "KOD25K": null, "KOD25K_NIL": null, "KOD50K": null, "KOD50K_NIL": null, "KOD100K": null, "KOD100_NIL": null, "KOD250K": null, "KOD250_NIL": null, "KOD500K": null, "KOD500_NIL": null, "KOD1000K": null, "KOD1000_NI": null, "KATZARZ": null, "KATZA_NIL": null, "KLASADROGI": null, "KLDROG_NIL": null, "MATNAWIERZ": null, "MATNAW_NIL": null, "NAZWADROGI": null, "LJEZDNIDR": null, "LJEZD_NIL": null, "NRODCIREF": null, "SZL_NUMER": null, "SZLNR_NIL": null, "length": null }, "geometry": null },
{ "type": "Feature", "properties": { "TERYT": null, "LOKALNYID": null, "WERSJAID": null, "PNAZW": null, "GMLID": null, "X_KOD": null, "X_SKRKARTO": null, "X_SKRK_NIL": null, "X_KATDOKG": null, "X_DOKLGEOM": null, "X_ZRODLOG": null, "X_ZRODLOA": null, "X_KATIST": null, "X_KATI_NIL": null, "X_RODZREPG": null, "X_UWAGI": null, "X_UZYTKOWN": null, "X_AKTG": null, "X_AKTA": null, "POCZWERS": null, "KONIECWERS": null, "X_DATAUTW": null, "X_INFDOD": null, "KOD10K": null, "KOD10K_NIL": null, "KOD25K": null, "KOD25K_NIL": null, "KOD50K": null, "KOD50K_NIL": null, "KOD100K": null, "KOD100_NIL": null, "KOD250K": null, "KOD250_NIL": null, "KOD500K": null, "KOD500_NIL": null, "KOD1000K": null, "KOD1000_NI": null, "KATZARZ": null, "KATZA_NIL": null, "KLASADROGI": null, "KLDROG_NIL": null, "MATNAWIERZ": null, "MATNAW_NIL": null, "NAZWADROGI": null, "LJEZDNIDR": null, "LJEZD_NIL": null, "NRODCIREF": null, "SZL_NUMER": null, "SZLNR_NIL": null, "length": null }, "geometry": { "type": "MultiLineString", "coordinates": [ [ [ 1926535.668103918433189, 6973029.862706457264721 ], [ 1926607.674585598288104, 6972972.558793216943741 ], [ 1926631.954243038082495, 6972901.927062483504415 ] ] ] } }
]
}
