{
"type": "FeatureCollection",
"name": "zabudowa_2002",
"crs": { "type": "name", "properties": { "name": "urn:ogc:def:crs:EPSG::3857" } },
"features": [
{ "type": "Feature", "properties": { "TERYT": "3028", "LOKALNYID": "F50D9BBC-10C8-79F2-E043-CA2BA8C0F739", "WERSJAID": "2013-01-01T00:00:00", "PNAZW": "PL.PZGIK.308.BDOT10k", "GMLID": "OT_PTZB_A.14", "X_KOD": "PTZB02", "X_SKRKARTO": null, "X_SKRK_NIL": "inapplicable", "X_KATDOKG": "przyblizony", "X_DOKLGEOM": null, "X_ZRODLOG": "ortofotomapa", "X_ZRODLOA": "pomiarTerenowy", "X_KATIST": null, "X_KATI_NIL": "inapplicable", "X_RODZREPG": "zasiegUmowny", "X_UWAGI": null, "X_UZYTKOWN": "Uzytkownik30.xml", "X_AKTG": "2004-05-14", "X_AKTA": "2012-01-30", "POCZWERS": "2012-04-23", "KONIECWERS": null, "X_DATAUTW": "2012-04-23", "X_INFDOD": null, "KOD10K": null, "KOD10K_NIL": "inapplicable", "KOD25K": "0025_315", "KOD25K_NIL": null, "KOD50K": "0050_315", "KOD50K_NIL": null, "KOD100K": "0100_315", "KOD100_NIL": null, "KOD250K": null, "KOD250_NIL": "inapplicable", "KOD500K": null, "KOD500_NIL": "inapplicable", "KOD1000K": null, "KOD1000_NI": "inapplicable", "RODZAJ": "jednorodzinna", "CHARAKTER": "luzna", "ROSLINNOSC": "brak", "ROSLIN_NIL": null, "PRNG_LOKID": null, "PRNG_PNAZW": null, "PRNG_WERID": null, "area": 1879.41 }, "geometry": { "type": "MultiPolygon", "coordinates": [ [ [ [ 1924071.923735201591626, 6970467.532308309338987 ], [ 1924070.072214612271637, 6970468.052656934596598 ], [ 1924037.812110727885738, 6970477.12886680290103 ], [ 1924040.124906257726252, 6970485.057047388516366 ], [ 1924045.330802912591025, 6970509.929544182494283 ], [ 1924049.31543685705401, 6970524.873711911961436 ], [ 1924074.54452938796021, 6970565.390439285896719 ], [ 1924231.68932863813825, 6970539.390141563490033 ], [ 1924218.907204130431637, 6970457.64910985995084 ], [ 1924216.82410420733504, 6970444.245501017197967 ], [ 1924188.191814599558711, 6970449.190428282134235 ], [ 1924129.712837366154417, 6970458.585840187966824 ], [ 1924113.598596712108701, 6970461.07322374265641 ], [ 1924071.923735201591626, 6970467.532308309338987 ] ] ], [ [ [ 1923524.303945200517774, 6971415.920137702487409 ], [ 1923564.72830992587842, 6971421.791737320832908 ], [ 1923593.298973159166053, 6971409.189204841852188 ], [ 1923613.383201171644032, 6971357.164072908461094 ], [ 1923557.823425184702501, 6971332.175340443849564 ], [ 1923527.516326196491718, 6971321.081890582107008 ], [ 1923520.27754108957015, 6971341.073639848269522 ], [ 1923507.415298745036125, 6971376.561271495185792 ], [ 1923490.006017093313858, 6971415.095868314616382 ], [ 1923492.210737043060362, 6971414.368134907446802 ], [ 1923524.303945200517774, 6971415.920137702487409 ] ] ], [ [ [ 1924198.811597465770319, 6971543.744643629528582 ], [ 1924160.121097779134288, 6971604.828583267517388 ], [ 1924195.553928839275613, 6971626.906690994277596 ], [ 1924265.628921788418666, 6971515.759555553086102 ], [ 1924250.988181175198406, 6971506.389136075973511 ], [ 1924230.716504241572693, 6971493.412129368633032 ], [ 1924198.811597465770319, 6971543.744643629528582 ] ] ], [ [ [ 1924945.347714324947447, 6971904.486094141378999 ], [ 1924964.633420843398198, 6971873.217024370096624 ], [ 1924982.315066717332229, 6971854.368771192617714 ], [ 1924963.959817111026496, 6971845.741296571679413 ], [ 1924933.00044362177141, 6971831.945829627104104 ], [ 1924932.651074091671035, 6971832.701645812951028 ], [ 1924895.1852855628822, 6971815.860368310473859 ], [ 1924863.881097673904151, 6971799.847072384320199 ], [ 1924856.536383407888934, 6971829.307476796209812 ], [ 1924805.020305198151618, 6971814.472754624672234 ], [ 1924797.406035148072988, 6971842.71405104547739 ], [ 1924850.715718239312991, 6971858.787741994485259 ], [ 1924845.365040727192536, 6971881.03646522667259 ], [ 1924843.092096892884001, 6971885.334581735543907 ], [ 1924791.867396584013477, 6971982.389510511420667 ], [ 1924831.676523535978049, 6972006.646801714785397 ], [ 1924773.761569580296054, 6972104.372395957820117 ], [ 1924831.409503123955801, 6972142.804351653903723 ], [ 1924892.217116998042911, 6972043.531775834970176 ], [ 1924942.529448146698996, 6972074.179802377708256 ], [ 1924993.627418100135401, 6972105.317604653537273 ], [ 1925083.9462177506648, 6972163.937114228494465 ], [ 1925101.050345728639513, 6972175.043337861075997 ], [ 1925118.10562064521946, 6972186.115149992518127 ], [ 1925187.404598998138681, 6972231.09237055759877 ], [ 1925214.805035596946254, 6972246.895955024287105 ], [ 1925250.89372629718855, 6972272.309266546741128 ], [ 1925265.844383813207969, 6972284.094962612725794 ], [ 1925304.571419828105718, 6972312.17920423951 ], [ 1925331.775315175531432, 6972330.004644395783544 ], [ 1925337.808035960653797, 6972333.487461376935244 ], [ 1925358.130497542442754, 6972345.18497300054878 ], [ 1925364.866410672897473, 6972349.066612476482987 ], [ 1925391.590482758823782, 6972364.770649560727179 ], [ 1925402.642093170201406, 6972371.163862396962941 ], [ 1925421.773666493827477, 6972381.370974192395806 ], [ 1925438.308742705732584, 6972390.652396070770919 ], [ 1925449.364750653039664, 6972396.862924276851118 ], [ 1925481.501068044453859, 6972408.675127383321524 ], [ 1925510.580230299383402, 6972418.719967655837536 ], [ 1925539.07503646472469, 6972428.950176205486059 ], [ 1925544.103331350488588, 6972430.764288272708654 ], [ 1925555.580837099580094, 6972434.575808295980096 ], [ 1925569.776702886680141, 6972438.368878122419119 ], [ 1925601.105100590968505, 6972447.918662922456861 ], [ 1925607.311383411055431, 6972449.677675479091704 ], [ 1925631.817449324531481, 6972456.191087231040001 ], [ 1925656.459668639115989, 6972463.255901266820729 ], [ 1925661.398055862402543, 6972464.669091910123825 ], [ 1925692.606258316896856, 6972473.002921082079411 ], [ 1925715.594445148250088, 6972478.533070640638471 ], [ 1925720.139648458920419, 6972479.754140313714743 ], [ 1925726.874835227383301, 6972481.575470982119441 ], [ 1925750.26546319713816, 6972488.31124353222549 ], [ 1925759.895815438358113, 6972491.048594420775771 ], [ 1925771.402635134989396, 6972494.328900505788624 ], [ 1925778.406703569693491, 6972495.292684436775744 ], [ 1925784.279024331830442, 6972480.330660066567361 ], [ 1925789.621853041695431, 6972466.734984926879406 ], [ 1925801.263083708239719, 6972436.974726710468531 ], [ 1925821.619515571277589, 6972380.641179635189474 ], [ 1925831.707919384352863, 6972354.166930963285267 ], [ 1925848.120382551802322, 6972294.999132014811039 ], [ 1925857.742718509631231, 6972264.394086002372205 ], [ 1925861.968103968771175, 6972251.087846226990223 ], [ 1925853.322298546088859, 6972223.521360290236771 ], [ 1925845.139311037026346, 6972197.411250651814044 ], [ 1925843.205763696460053, 6972190.869786095805466 ], [ 1925838.771356848999858, 6972175.846335089765489 ], [ 1925829.208258374826983, 6972175.187360847368836 ], [ 1925823.814278613775969, 6972174.826715809293091 ], [ 1925812.938406639266759, 6972174.319291806779802 ], [ 1925747.818929706467316, 6972171.842490814626217 ], [ 1925746.964210574282333, 6972187.670666970312595 ], [ 1925749.59809585288167, 6972225.576995428651571 ], [ 1925750.599438209552318, 6972240.0040512252599 ], [ 1925750.712583359563723, 6972253.446492773480713 ], [ 1925743.882105288328603, 6972351.715764534659684 ], [ 1925731.142450543818995, 6972345.914237751625478 ], [ 1925718.660373219288886, 6972336.929119899868965 ], [ 1925712.936377307865769, 6972330.895527699962258 ], [ 1925706.93961736257188, 6972322.380124709568918 ], [ 1925702.676055629504845, 6972306.446698667481542 ], [ 1925695.862105538835749, 6972293.243672573938966 ], [ 1925687.793071812251583, 6972281.256806210614741 ], [ 1925672.704845144180581, 6972264.750596156343818 ], [ 1925618.651024990715086, 6972229.50940920598805 ], [ 1925589.623334681848064, 6972295.071378623135388 ], [ 1925536.92533159093, 6972298.486657089553773 ], [ 1925541.220034058438614, 6972304.685721356421709 ], [ 1925536.542084686458111, 6972321.685812467709184 ], [ 1925511.087168121011928, 6972309.069309949874878 ], [ 1925498.577791032614186, 6972347.463406663388014 ], [ 1925469.693566824775189, 6972330.595309161581099 ], [ 1925438.128896683221683, 6972312.151591328904033 ], [ 1925408.548437355551869, 6972289.003715784288943 ], [ 1925383.022611500928178, 6972278.694353880360723 ], [ 1925354.148291756631806, 6972267.026032412424684 ], [ 1925322.184520395239815, 6972259.154864095151424 ], [ 1925330.566771327750757, 6972231.311995090916753 ], [ 1925276.378807630622759, 6972219.987751057371497 ], [ 1925278.895895376335829, 6972204.680904957465827 ], [ 1925283.687502122484148, 6972180.806264415383339 ], [ 1925290.060973342508078, 6972173.399257543496788 ], [ 1925301.447951496811584, 6972168.420776479877532 ], [ 1925354.121696234215051, 6972191.885834572836757 ], [ 1925389.338240570621565, 6972182.756373317912221 ], [ 1925393.691405113553628, 6972075.210557834245265 ], [ 1925371.819264573510736, 6972049.904298803769052 ], [ 1925350.422887593740597, 6972055.591471768915653 ], [ 1925326.47880523907952, 6972096.070885286666453 ], [ 1925308.046865576179698, 6972126.315423008985817 ], [ 1925302.573340249946341, 6972133.511250702664256 ], [ 1925302.319058938883245, 6972141.446011104620993 ], [ 1925252.650055019883439, 6972127.571303331293166 ], [ 1925215.379633931908756, 6972132.464805332943797 ], [ 1925207.846178782638162, 6972119.593362970277667 ], [ 1925194.821607509162277, 6972127.240516839548945 ], [ 1925202.354655011557043, 6972140.128586769104004 ], [ 1925183.681842077756301, 6972158.140367069281638 ], [ 1925152.190985509660095, 6972137.338669143617153 ], [ 1925155.065211472800002, 6972132.838694075122476 ], [ 1925157.76947734458372, 6972128.517409184016287 ], [ 1925160.583380163414404, 6972124.464538901112974 ], [ 1925148.397645200137049, 6972105.119607134722173 ], [ 1925133.546025101561099, 6972081.491607489995658 ], [ 1925113.119707264471799, 6972115.442554421722889 ], [ 1925020.948920987779275, 6972062.446626109071076 ], [ 1925029.24672960373573, 6972044.977555338293314 ], [ 1924930.109752979362383, 6971979.031813178211451 ], [ 1924917.444676670478657, 6971999.994698103517294 ], [ 1924894.68868799158372, 6971986.139187154360116 ], [ 1924886.888586324639618, 6971981.733559841290116 ], [ 1924840.3969241224695, 6971954.160814983770251 ], [ 1924861.644571520388126, 6971917.057921132072806 ], [ 1924891.279989682370797, 6971934.975262236781418 ], [ 1924909.396381113678217, 6971942.500895615667105 ], [ 1924918.247384315822273, 6971948.011343364603817 ], [ 1924945.347714324947447, 6971904.486094141378999 ] ] ], [ [ [ 1924687.561904888600111, 6971934.414546805433929 ], [ 1924612.543015061412007, 6971887.686536989174783 ], [ 1924578.762075789505616, 6971866.429835952818394 ], [ 1924490.653891801834106, 6972033.485801473259926 ], [ 1924637.933957266388461, 6972118.955271719023585 ], [ 1924722.736222225939855, 6971956.335499954409897 ], [ 1924687.561904888600111, 6971934.414546805433929 ] ] ], [ [ [ 1924984.80130835971795, 6972134.361826993525028 ], [ 1924976.79830779065378, 6972129.419767373241484 ], [ 1924969.856125556863844, 6972125.167505994439125 ], [ 1924961.100720966001973, 6972119.808789743110538 ], [ 1924953.080398975405842, 6972114.899526887573302 ], [ 1924944.992260074708611, 6972110.055091327056289 ], [ 1924907.745531453518197, 6972086.723046499304473 ], [ 1924859.671138701494783, 6972180.201214876957238 ], [ 1924887.923730621812865, 6972197.072768763639033 ], [ 1924912.759752687532455, 6972211.968893331475556 ], [ 1924930.030542069347575, 6972222.331953410059214 ], [ 1924945.994477937929332, 6972231.899628009647131 ], [ 1924965.438659842358902, 6972243.560439198277891 ], [ 1924988.983840111177415, 6972257.694656444713473 ], [ 1925032.759749109158292, 6972280.385063475929201 ], [ 1925062.83652875199914, 6972295.837756435386837 ], [ 1925097.133035076083615, 6972310.859326495788991 ], [ 1925149.981641636695713, 6972330.459487597458065 ], [ 1925162.430486129596829, 6972335.878721442073584 ], [ 1925181.664372080005705, 6972297.405627978034317 ], [ 1925230.141043469076976, 6972319.678693210706115 ], [ 1925223.580586140975356, 6972335.319488507695496 ], [ 1925213.527497002854943, 6972358.122283954173326 ], [ 1925206.854453795356676, 6972373.263953359797597 ], [ 1925216.027481779223308, 6972402.27296234946698 ], [ 1925216.828553390922025, 6972404.833853120915592 ], [ 1925231.628919308073819, 6972451.636843875050545 ], [ 1925240.754794321255758, 6972480.54530228395015 ], [ 1925244.008048680610955, 6972490.823351669125259 ], [ 1925307.187631369568408, 6972513.028029513545334 ], [ 1925337.952312332810834, 6972539.378271537832916 ], [ 1925356.09572796151042, 6972516.451725957915187 ], [ 1925393.262504291953519, 6972550.297280722297728 ], [ 1925347.141167834633961, 6972571.245616034604609 ], [ 1925346.202987985452637, 6972571.671847814694047 ], [ 1925341.865116884931922, 6972562.397954544052482 ], [ 1925310.101489798631519, 6972577.507650122046471 ], [ 1925314.5055862669833, 6972586.78315507248044 ], [ 1925291.633453530725092, 6972597.336420689709485 ], [ 1925320.861198347294703, 6972650.797051692381501 ], [ 1925323.440675960388035, 6972655.244463698938489 ], [ 1925387.478126696310937, 6972622.395153429359198 ], [ 1925396.943957253359258, 6972618.084914879873395 ], [ 1925435.556185512570664, 6972602.107706101611257 ], [ 1925441.305919893551618, 6972599.353749592788517 ], [ 1925459.996473994106054, 6972590.411769007332623 ], [ 1925481.251087379874662, 6972560.664222656749189 ], [ 1925489.103158850921318, 6972548.208166434429586 ], [ 1925518.972831300459802, 6972466.748990076594055 ], [ 1925526.308084924006835, 6972444.61185805965215 ], [ 1925496.316647693281993, 6972434.595185521058738 ], [ 1925488.77893556188792, 6972431.674723987467587 ], [ 1925472.307439744472504, 6972425.302178205922246 ], [ 1925466.130347767611966, 6972423.012138317339122 ], [ 1925456.799053041730076, 6972419.550588966347277 ], [ 1925432.278442189563066, 6972410.162245693616569 ], [ 1925428.694511196110398, 6972415.941415213048458 ], [ 1925415.095857297768816, 6972407.22821082919836 ], [ 1925384.273703846614808, 6972390.313565967604518 ], [ 1925341.185442314250395, 6972360.215132306329906 ], [ 1925322.339222905226052, 6972351.260622186586261 ], [ 1925291.60788761288859, 6972329.13141743093729 ], [ 1925284.976087474031374, 6972324.355103772133589 ], [ 1925260.697002417175099, 6972308.991429728455842 ], [ 1925240.744637249037623, 6972296.372211108915508 ], [ 1925212.041310037951916, 6972278.195170361548662 ], [ 1925191.108705882215872, 6972264.987687921151519 ], [ 1925186.769487181678414, 6972262.076744119636714 ], [ 1925176.731295669917017, 6972255.591169663704932 ], [ 1925169.988044978352264, 6972251.327144794166088 ], [ 1925152.004222622606903, 6972239.568719296716154 ], [ 1925144.688778718467802, 6972234.975404305383563 ], [ 1925136.216672676615417, 6972229.540496448986232 ], [ 1925128.70564284035936, 6972224.80960947368294 ], [ 1925114.45143108884804, 6972215.814666083082557 ], [ 1925107.974088360788301, 6972212.919191066175699 ], [ 1925103.185787259135395, 6972210.778315633535385 ], [ 1925095.666918734554201, 6972206.379475908353925 ], [ 1925096.718205167911947, 6972204.676809136755764 ], [ 1925087.035089055309072, 6972198.598334574140608 ], [ 1925080.717447140719742, 6972194.560373179614544 ], [ 1925072.131063836626709, 6972189.056248866021633 ], [ 1925047.359859450720251, 6972173.514317225664854 ], [ 1925035.180539652472362, 6972165.781476909294724 ], [ 1925025.40129322046414, 6972159.567762851715088 ], [ 1925017.414410803467035, 6972154.642725990153849 ], [ 1925009.444100957596675, 6972149.718079209327698 ], [ 1925005.067946287803352, 6972146.972322178073227 ], [ 1924999.875087085179985, 6972143.725322692655027 ], [ 1924992.755418919259682, 6972139.269490430131555 ], [ 1924984.80130835971795, 6972134.361826993525028 ] ] ], [ [ [ 1924365.056467186193913, 6972404.451761384494603 ], [ 1924362.479879738064483, 6972408.260977683588862 ], [ 1924355.865766552044079, 6972419.466129868291318 ], [ 1924355.890590518945828, 6972419.81560074351728 ], [ 1924304.743311229394749, 6972385.199164554476738 ], [ 1924282.987855074927211, 6972370.407783747650683 ], [ 1924192.58226348971948, 6972520.719561937265098 ], [ 1924305.771159194875509, 6972568.186083347536623 ], [ 1924316.599591260543093, 6972595.06010755803436 ], [ 1924338.221296410309151, 6972640.550553331151605 ], [ 1924344.625548258423805, 6972646.518583700992167 ], [ 1924336.721748361131176, 6972661.763544221408665 ], [ 1924375.688837034860626, 6972740.963413423858583 ], [ 1924385.212143980199471, 6972736.356632419861853 ], [ 1924430.798606819473207, 6972714.353937556967139 ], [ 1924444.02941142837517, 6972741.285732274875045 ], [ 1924456.214876769809052, 6972750.166529886424541 ], [ 1924459.439992392202839, 6972752.536374082788825 ], [ 1924467.930709486594424, 6972749.532951639033854 ], [ 1924477.089902182342485, 6972746.296298840083182 ], [ 1924522.337726889876649, 6972746.18198948353529 ], [ 1924541.33286921819672, 6972759.32908848579973 ], [ 1924650.477435049135238, 6972735.936761443503201 ], [ 1924734.079848654568195, 6972721.004217019304633 ], [ 1924840.499415412312374, 6972721.584464241750538 ], [ 1924748.116698908852413, 6972670.119234268553555 ], [ 1924734.918468785705045, 6972676.648907911032438 ], [ 1924730.871315471595153, 6972682.367058083415031 ], [ 1924700.174686841899529, 6972660.883419876918197 ], [ 1924656.440848550526425, 6972630.100295384414494 ], [ 1924581.585027731256559, 6972578.338019855320454 ], [ 1924529.684576130937785, 6972541.16250987444073 ], [ 1924525.838802787940949, 6972538.412422489374876 ], [ 1924518.8109589824453, 6972533.576035636477172 ], [ 1924480.149886423489079, 6972506.967351216822863 ], [ 1924427.810566226951778, 6972471.55862539447844 ], [ 1924435.547044123988599, 6972459.150804459117353 ], [ 1924438.568485467229038, 6972454.754103176295757 ], [ 1924441.725590965943411, 6972450.227741905488074 ], [ 1924444.535191929666325, 6972447.071969616226852 ], [ 1924371.045778781641275, 6972395.125570950098336 ], [ 1924369.18967388337478, 6972399.300899057649076 ], [ 1924365.056467186193913, 6972404.451761384494603 ] ] ], [ [ [ 1925484.826368381734937, 6972598.661254359409213 ], [ 1925468.673970540985465, 6972622.200550597161055 ], [ 1925467.24803052842617, 6972623.628624752163887 ], [ 1925504.165015561738983, 6972677.171976247802377 ], [ 1925553.052804544568062, 6972666.090293606743217 ], [ 1925572.781403799541295, 6972661.608502157963812 ], [ 1925595.505077127832919, 6972655.220841703936458 ], [ 1925607.25166561990045, 6972652.576078462414443 ], [ 1925622.93584617273882, 6972651.619801913388073 ], [ 1925635.942400272935629, 6972652.460581988096237 ], [ 1925640.524351094150916, 6972653.533073221333325 ], [ 1925645.337017920333892, 6972654.660886150784791 ], [ 1925658.021229176549241, 6972657.91956199798733 ], [ 1925682.13554628402926, 6972664.207693223841488 ], [ 1925688.143641711212695, 6972665.945365271531045 ], [ 1925684.884969394421205, 6972677.597191794775426 ], [ 1925679.981090744491667, 6972694.343579897657037 ], [ 1925676.566433767555282, 6972692.96656961273402 ], [ 1925674.942974280100316, 6972698.54343190882355 ], [ 1925663.453573595266789, 6972694.515702119097114 ], [ 1925660.63347352319397, 6972703.037984878756106 ], [ 1925663.378508816938847, 6972704.698138170875609 ], [ 1925703.087460465030745, 6972725.744346965104342 ], [ 1925734.210365435108542, 6972741.236799422651529 ], [ 1925734.318226373521611, 6972742.98381297942251 ], [ 1925734.495247051585466, 6972746.011734629049897 ], [ 1925734.780128969578072, 6972750.786672656424344 ], [ 1925737.721371677471325, 6972760.97437684610486 ], [ 1925745.337448205100372, 6972776.722494987770915 ], [ 1925746.585954698966816, 6972779.294077904894948 ], [ 1925748.934678597608581, 6972784.400495390407741 ], [ 1925752.086176388664171, 6972791.303673398680985 ], [ 1925761.999082864960656, 6972812.954505475237966 ], [ 1925767.615760574350134, 6972822.142527900636196 ], [ 1925765.299100157339126, 6972835.312247987836599 ], [ 1925752.806064452975988, 6972906.688681724481285 ], [ 1925740.850249002687633, 6972903.447363315150142 ], [ 1925734.542754252906889, 6972938.203942612744868 ], [ 1925747.469871236011386, 6972940.32197429984808 ], [ 1925761.345954865217209, 6972942.960952693596482 ], [ 1925751.982405470218509, 6972970.982792355120182 ], [ 1925750.633934289216995, 6972970.535404062829912 ], [ 1925748.622185440035537, 6972977.814524091780186 ], [ 1925746.596146412426606, 6972987.801445934921503 ], [ 1925742.280355021590367, 6973009.114825090393424 ], [ 1925750.060811998555437, 6973011.609042169526219 ], [ 1925779.321492007235065, 6973021.093050788156688 ], [ 1925788.540733710862696, 6973023.721091344952583 ], [ 1925800.926867271307856, 6973025.593607765622437 ], [ 1925829.16456999303773, 6973041.200495054014027 ], [ 1925921.165603236760944, 6973076.314312699250877 ], [ 1925947.837444534292445, 6973085.254513180814683 ], [ 1925950.463514619972557, 6973072.307663594372571 ], [ 1925956.705184701597318, 6973052.235947674140334 ], [ 1925961.198613591259345, 6973044.434088020585477 ], [ 1925964.123398874653503, 6973030.065548149868846 ], [ 1925965.098063519690186, 6973025.287110356613994 ], [ 1925966.66660060477443, 6973019.92464779317379 ], [ 1925974.011145370779559, 6972995.958231739699841 ], [ 1925977.350008451612666, 6972987.215237376280129 ], [ 1925984.132979438640177, 6972969.482555749826133 ], [ 1925987.412518729455769, 6972959.741322737187147 ], [ 1925993.652838844107464, 6972942.52747558336705 ], [ 1925995.233099789125845, 6972936.6669144872576 ], [ 1925998.864270606776699, 6972923.262321563437581 ], [ 1926003.973864683648571, 6972909.012269738130271 ], [ 1926009.163227915531024, 6972895.59483886975795 ], [ 1926017.067220648052171, 6972877.407115549780428 ], [ 1926019.962773372419178, 6972869.185368282720447 ], [ 1926027.1058335066773, 6972850.232014376670122 ], [ 1926034.201334540965036, 6972832.590077130123973 ], [ 1926042.153828198323026, 6972815.151251332834363 ], [ 1926015.087362801888958, 6972801.899286646395922 ], [ 1926001.463700138032436, 6972795.595104065723717 ], [ 1925997.270811104448512, 6972791.375387225300074 ], [ 1925975.215277050156146, 6972779.288869309239089 ], [ 1925957.197021406842396, 6972769.590817005373538 ], [ 1925933.048079179367051, 6972756.32480092626065 ], [ 1925931.232217043638229, 6972755.318106601014733 ], [ 1925928.143969198921695, 6972753.450525028631091 ], [ 1925925.055330677889287, 6972751.599547249265015 ], [ 1925917.068175670225173, 6972747.33960816450417 ], [ 1925893.38952596206218, 6972734.516627199016511 ], [ 1925878.302293437533081, 6972726.333415805362165 ], [ 1925874.11369907297194, 6972724.040969821624458 ], [ 1925863.233617198653519, 6972718.067555522546172 ], [ 1925848.880446558119729, 6972710.38352926261723 ], [ 1925829.09439521539025, 6972699.762770175002515 ], [ 1925809.056015325477347, 6972689.302120809443295 ], [ 1925787.961444027256221, 6972677.95243945159018 ], [ 1925769.693146518897265, 6972667.633436811156571 ], [ 1925764.864120383514091, 6972665.093147473409772 ], [ 1925758.894942417740822, 6972662.409479504451156 ], [ 1925766.16846331441775, 6972632.345438512042165 ], [ 1925770.986312931170687, 6972613.620072029531002 ], [ 1925775.419251021463424, 6972595.051740013062954 ], [ 1925779.579466176452115, 6972578.204773602075875 ], [ 1925783.51659258082509, 6972539.240074083209038 ], [ 1925781.403383710887283, 6972514.352890298701823 ], [ 1925765.724494542460889, 6972510.890434569679201 ], [ 1925756.997258737217635, 6972508.506801930256188 ], [ 1925745.503848566440865, 6972505.359694584272802 ], [ 1925718.249494729097933, 6972498.017092193476856 ], [ 1925716.586006594356149, 6972497.578853090293705 ], [ 1925707.579184735193849, 6972495.105461248196661 ], [ 1925703.726106424583122, 6972494.050345962867141 ], [ 1925678.136099972762167, 6972487.112650960683823 ], [ 1925668.176083792699501, 6972484.300915249623358 ], [ 1925640.301498358603567, 6972476.56121997628361 ], [ 1925616.098217061255127, 6972469.85565647855401 ], [ 1925609.581600182224065, 6972468.604280786588788 ], [ 1925589.647464698413387, 6972462.880623644217849 ], [ 1925573.343342274660245, 6972464.137721166014671 ], [ 1925551.646598738851026, 6972486.681075968779624 ], [ 1925523.40647933492437, 6972537.809966694563627 ], [ 1925507.930967358872294, 6972564.970379584468901 ], [ 1925484.826368381734937, 6972598.661254359409213 ] ] ], [ [ [ 1925358.183133918326348, 6972771.171697068028152 ], [ 1925317.560784476110712, 6972790.805926231667399 ], [ 1925336.734834361355752, 6972829.341614544391632 ], [ 1925365.424535363446921, 6972816.002317856065929 ], [ 1925365.899315751856193, 6972821.14734057802707 ], [ 1925375.319821217563003, 6972819.460949772037566 ], [ 1925380.215132717741653, 6972817.101975015364587 ], [ 1925401.623460894450545, 6972806.795764738693833 ], [ 1925412.537211051909253, 6972801.539639767259359 ], [ 1925456.32615454797633, 6972780.45175710786134 ], [ 1925458.069646747782826, 6972779.612698004581034 ], [ 1925489.409490815829486, 6972764.923908240161836 ], [ 1925491.085541209671646, 6972764.133081047795713 ], [ 1925491.18571624183096, 6972769.003329895436764 ], [ 1925499.578642014414072, 6972899.656223141588271 ], [ 1925500.729360759956762, 6972917.560440487228334 ], [ 1925506.935706133022904, 6972920.731838402338326 ], [ 1925541.588562124175951, 6972893.527850475162268 ], [ 1925550.753872962901369, 6972886.518646710552275 ], [ 1925566.349968949100003, 6972874.595041706226766 ], [ 1925594.170395421562716, 6972854.555326461791992 ], [ 1925600.186398229561746, 6972851.059865333139896 ], [ 1925543.874393872916698, 6972754.207404836080968 ], [ 1925537.072699940996245, 6972742.582114238291979 ], [ 1925534.666966301621869, 6972737.789966139942408 ], [ 1925513.661992616951466, 6972696.055046052671969 ], [ 1925467.156112757278606, 6972718.523782867006958 ], [ 1925434.246481489622965, 6972734.421085077337921 ], [ 1925390.372162345098332, 6972755.622988964430988 ], [ 1925372.567687640665099, 6972764.220578688196838 ], [ 1925358.183133918326348, 6972771.171697068028152 ] ] ], [ [ [ 1923647.665241309208795, 6973424.36319618485868 ], [ 1923658.714735034387559, 6973455.815512051805854 ], [ 1923599.875119828153402, 6973480.737493697553873 ], [ 1923619.99924154067412, 6973540.272263960912824 ], [ 1923659.253975386032835, 6973545.601644825190306 ], [ 1923732.337694329675287, 6973530.142904758453369 ], [ 1923697.770182813517749, 6973404.265723083168268 ], [ 1923647.665241309208795, 6973424.36319618485868 ] ] ], [ [ [ 1923727.682891323929653, 6974479.11416333168745 ], [ 1923751.674702602671459, 6974489.311684903688729 ], [ 1923775.750603163614869, 6974499.461312534287572 ], [ 1923828.605864049168304, 6974519.258410174399614 ], [ 1923829.663080502534285, 6974509.69547008164227 ], [ 1923833.391391337383538, 6974483.379754222929478 ], [ 1923839.92363690934144, 6974403.507222599349916 ], [ 1923842.864299818873405, 6974378.934377679601312 ], [ 1923743.333713661180809, 6974359.678987673483789 ], [ 1923724.171098627382889, 6974475.540179789066315 ], [ 1923727.682891323929653, 6974479.11416333168745 ] ] ], [ [ [ 1924598.967035033507273, 6975547.487147814594209 ], [ 1924609.064962869277224, 6975550.919479329138994 ], [ 1924617.196287092287093, 6975552.692691009491682 ], [ 1924628.621098297182471, 6975552.616726293228567 ], [ 1924635.93629439547658, 6975550.36507903970778 ], [ 1924643.868615869665518, 6975544.471853034570813 ], [ 1924648.212853712961078, 6975536.78106150124222 ], [ 1924655.42928667133674, 6975538.681945063173771 ], [ 1924660.055833638878539, 6975507.265137776732445 ], [ 1924655.631816231412813, 6975490.423550179228187 ], [ 1924628.237585064489394, 6975477.420614264905453 ], [ 1924597.040754820685834, 6975463.97770410310477 ], [ 1924573.164866424864158, 6975526.793868659064174 ], [ 1924588.592223130865023, 6975542.452701627276838 ], [ 1924598.967035033507273, 6975547.487147814594209 ] ] ], [ [ [ 1923349.234055826673284, 6975744.826860681176186 ], [ 1923415.650792550528422, 6975779.49857887905091 ], [ 1923453.101484663551673, 6975709.630966953933239 ], [ 1923382.343616280937567, 6975682.483982021920383 ], [ 1923358.319578067399561, 6975724.05432412493974 ], [ 1923349.234055826673284, 6975744.826860681176186 ] ] ], [ [ [ 1925165.948366627795622, 6975916.205789108760655 ], [ 1925163.312957887304947, 6976019.638815984129906 ], [ 1925231.704874219372869, 6976018.974828689359128 ], [ 1925249.244913715636358, 6976018.345583689399064 ], [ 1925249.605435333913192, 6976016.42618262488395 ], [ 1925263.362366050016135, 6975919.391022785566747 ], [ 1925239.3872222204227, 6975918.720182257704437 ], [ 1925165.948366627795622, 6975916.205789108760655 ] ] ], [ [ [ 1923286.14063196349889, 6976082.298746172338724 ], [ 1923290.541087643941864, 6976073.711996635422111 ], [ 1923257.445974175119773, 6976057.14232240151614 ], [ 1923210.565081918379292, 6976053.354358647018671 ], [ 1923190.126069629332051, 6976060.092221030965447 ], [ 1923166.518957134336233, 6976046.127422572113574 ], [ 1923142.811438161181286, 6976095.152756058610976 ], [ 1923193.482852498767897, 6976117.89705410413444 ], [ 1923180.092992897378281, 6976165.343075583688915 ], [ 1923238.691162648145109, 6976187.364010891877115 ], [ 1923244.787628820398822, 6976189.654885846190155 ], [ 1923248.422692458378151, 6976175.647801945917308 ], [ 1923252.630730892764404, 6976159.17801455501467 ], [ 1923254.030156636377797, 6976155.43875140696764 ], [ 1923264.710742843803018, 6976126.941702553071082 ], [ 1923276.391019884962589, 6976102.391314723528922 ], [ 1923283.462227443465963, 6976087.519688700325787 ], [ 1923286.14063196349889, 6976082.298746172338724 ] ] ], [ [ [ 1924028.139431495917961, 6976208.059012055397034 ], [ 1924089.240478205960244, 6976223.269291368313134 ], [ 1924112.052380116190761, 6976228.951913162134588 ], [ 1924123.093096279539168, 6976158.111918210051954 ], [ 1924046.992903503822163, 6976132.935594982467592 ], [ 1924028.139431495917961, 6976208.059012055397034 ] ] ], [ [ [ 1924427.945656936615705, 6976658.58582862932235 ], [ 1924442.253474872326478, 6976667.721154504455626 ], [ 1924443.683728709351271, 6976668.935531087219715 ], [ 1924446.634185525588691, 6976671.467423405498266 ], [ 1924452.142712634755298, 6976666.046214731410146 ], [ 1924481.90626302594319, 6976630.522407584823668 ], [ 1924528.708428548416123, 6976574.6473951889202 ], [ 1924401.491762427613139, 6976481.994928913190961 ], [ 1924395.331231221789494, 6976492.119651679880917 ], [ 1924325.29455555928871, 6976606.895119859836996 ], [ 1924371.125165960518643, 6976632.658956941217184 ], [ 1924395.888309901580215, 6976646.283145637251437 ], [ 1924427.945656936615705, 6976658.58582862932235 ] ] ], [ [ [ 1922827.829442891292274, 6977062.993593171238899 ], [ 1922834.274068380473182, 6977043.899892497807741 ], [ 1922852.096957123139873, 6977048.169740915298462 ], [ 1922870.227736766682938, 6976991.258731740526855 ], [ 1922876.972230666317046, 6976970.028084051795304 ], [ 1922883.732861789409071, 6976948.814498866908252 ], [ 1922832.976731603965163, 6976942.536822914145887 ], [ 1922825.007425023242831, 6976972.647531014867127 ], [ 1922814.460902808466926, 6976986.472434252500534 ], [ 1922808.070113330380991, 6976986.750416745431721 ], [ 1922802.545875809853896, 6977011.019206587225199 ], [ 1922797.354055502219126, 6977026.968092757277191 ], [ 1922790.13492613309063, 6977049.999255237169564 ], [ 1922827.829442891292274, 6977062.993593171238899 ] ] ], [ [ [ 1925809.687934619141743, 6971584.597785138525069 ], [ 1925805.085535645950586, 6971576.000068635679781 ], [ 1925736.943568458314985, 6971592.936751707457006 ], [ 1925682.889629373326898, 6971605.539806134067476 ], [ 1925693.317620996618643, 6971650.190166021697223 ], [ 1925712.058981445617974, 6971730.819854352623224 ], [ 1925730.709416872356087, 6971802.693676132708788 ], [ 1925732.379752276930958, 6971809.145542508922517 ], [ 1925734.719088939018548, 6971817.44061512965709 ], [ 1925744.244931181194261, 6971851.20640532579273 ], [ 1925746.77165714581497, 6971859.987716478295624 ], [ 1925730.588723339838907, 6971865.284625095315278 ], [ 1925679.801620753947645, 6971881.919370925053954 ], [ 1925692.953605227638036, 6971926.320354508236051 ], [ 1925696.056988568045199, 6971936.643783438950777 ], [ 1925727.002894489793107, 6971927.245547378435731 ], [ 1925736.283339938381687, 6971924.425976391881704 ], [ 1925749.821298116119578, 6971920.262266083620489 ], [ 1925762.92548464005813, 6971916.221129804849625 ], [ 1925767.38174914685078, 6971931.709800428710878 ], [ 1925778.135291529819369, 6971967.531875194981694 ], [ 1925789.224743939004838, 6972005.272485052235425 ], [ 1925803.399117433698848, 6972054.831467982381582 ], [ 1925842.960053940769285, 6972044.142088978551328 ], [ 1925854.734780224040151, 6972040.966243808157742 ], [ 1925862.649344629142433, 6972038.446307480335236 ], [ 1925865.400412552058697, 6972036.33539214078337 ], [ 1925866.553845667745918, 6972033.106749573722482 ], [ 1925866.656600010348484, 6972028.756752837449312 ], [ 1925866.596324209822342, 6972020.083682030439377 ], [ 1925864.138392099644989, 6971986.634626237675548 ], [ 1925864.330566836055368, 6971978.499185116961598 ], [ 1925865.244485939852893, 6971974.185085272416472 ], [ 1925869.647513174917549, 6971966.681201763451099 ], [ 1925901.362020042026415, 6972025.776269590482116 ], [ 1925923.669976687058806, 6972039.770953587256372 ], [ 1925939.195741748670116, 6972036.990361597388983 ], [ 1925941.149828390218318, 6972034.94357137195766 ], [ 1925945.814482983434573, 6972031.798232131637633 ], [ 1925950.316448475932702, 6972029.928181914612651 ], [ 1925955.100072589470074, 6972028.762530777603388 ], [ 1925960.048538671573624, 6972030.441498905420303 ], [ 1925963.3417373590637, 6972033.443405564874411 ], [ 1925976.672269978793338, 6972020.519630499184132 ], [ 1926016.973971239756793, 6971992.470559624023736 ], [ 1926010.775332144461572, 6971981.974098302423954 ], [ 1926018.887341110734269, 6971976.701078035868704 ], [ 1926050.594380991067737, 6971956.106355836614966 ], [ 1926085.232743111206219, 6971932.773610950447619 ], [ 1926088.094278605189174, 6971931.595546413213015 ], [ 1926092.176050493726507, 6971931.376691508106887 ], [ 1926095.25462200306356, 6971933.642483593896031 ], [ 1926098.738073983229697, 6971937.71198645606637 ], [ 1926108.069102381588891, 6971931.338180488906801 ], [ 1926179.413831452140585, 6971882.677986213006079 ], [ 1926184.176895112730563, 6971879.568124961107969 ], [ 1926177.798403363209218, 6971869.665712537243962 ], [ 1926155.016149481292814, 6971837.197561969049275 ], [ 1926133.235155795002356, 6971852.213484525680542 ], [ 1926079.902311826590449, 6971888.990631377324462 ], [ 1926064.137285202043131, 6971864.645663366653025 ], [ 1926007.699955629650503, 6971902.345497075468302 ], [ 1925991.318215216044337, 6971879.563857655972242 ], [ 1925966.011113982647657, 6971897.917847265489399 ], [ 1925946.684183657169342, 6971863.720246367156506 ], [ 1925994.370583750074729, 6971829.584356524981558 ], [ 1926050.031286522513255, 6971791.069176865741611 ], [ 1926068.090559795266017, 6971778.57340444251895 ], [ 1926059.960601378232241, 6971765.655976626090705 ], [ 1926021.329572739312425, 6971710.336380624212325 ], [ 1925998.627293614670634, 6971678.036427743732929 ], [ 1925984.701983009232208, 6971658.619375325739384 ], [ 1925976.13853931077756, 6971645.824661220423877 ], [ 1925974.555870194686577, 6971646.883477859199047 ], [ 1925967.814639827935025, 6971636.922739210538566 ], [ 1925838.654943250585347, 6971719.224605973809958 ], [ 1925814.977986928774044, 6971681.917456740513444 ], [ 1925822.518391109537333, 6971676.282418942078948 ], [ 1925849.467553889611736, 6971658.549780829809606 ], [ 1925844.168124073650688, 6971648.58992529194802 ], [ 1925836.282504980452359, 6971633.767947101034224 ], [ 1925809.687934619141743, 6971584.597785138525069 ] ] ], [ [ [ 1926032.414942171424627, 6971638.419052860699594 ], [ 1926090.93632921949029, 6971724.017499587498605 ], [ 1926193.130393169121817, 6971653.267763007432222 ], [ 1926140.723180887289345, 6971573.78349104616791 ], [ 1926032.414942171424627, 6971638.419052860699594 ] ] ], [ [ [ 1925972.779189151478931, 6972055.562419164925814 ], [ 1925962.192100749583915, 6972068.800521241500974 ], [ 1925946.771530280588195, 6972088.120394197292626 ], [ 1925996.309007121482864, 6972131.474809201434255 ], [ 1925958.073741613188758, 6972165.32126353867352 ], [ 1925953.525932549964637, 6972169.831671268679202 ], [ 1925925.812249433249235, 6972118.821327432990074 ], [ 1925910.976555429399014, 6972160.382783119566739 ], [ 1925908.80099547188729, 6972169.700673540122807 ], [ 1925896.97047808370553, 6972220.138435281813145 ], [ 1925888.110727119492367, 6972251.442583367228508 ], [ 1925882.214706254890189, 6972272.334477221593261 ], [ 1925878.454256468452513, 6972288.409536503255367 ], [ 1925858.938877071486786, 6972360.378776325844228 ], [ 1925949.728453509742394, 6972382.60208213608712 ], [ 1925983.984683522488922, 6972390.990394080989063 ], [ 1925997.523458922980353, 6972298.361855219118297 ], [ 1926000.000279746484011, 6972281.193049785681069 ], [ 1926007.356719073140994, 6972281.965612781234086 ], [ 1926038.740656764013693, 6972286.269095359370112 ], [ 1926041.797744149109349, 6972424.274754448793828 ], [ 1926074.988978613633662, 6972429.515475680120289 ], [ 1926073.972440521698445, 6972288.496110952459276 ], [ 1926080.273560464615002, 6972289.044228962622583 ], [ 1926096.36708224681206, 6972290.372741871513426 ], [ 1926102.026946875732392, 6972290.70628459379077 ], [ 1926102.711056395201012, 6972297.533788197673857 ], [ 1926098.135497384704649, 6972352.651564288884401 ], [ 1926097.233755578985438, 6972380.44854477699846 ], [ 1926137.95261565851979, 6972379.735860737971961 ], [ 1926140.497994003817439, 6972339.986487980000675 ], [ 1926183.297217392362654, 6972339.549761210568249 ], [ 1926210.184543462470174, 6972284.099482927471399 ], [ 1926253.284588672453538, 6972204.149904517456889 ], [ 1926259.104267108021304, 6972192.077440664172173 ], [ 1926263.757109528174624, 6972178.183185072615743 ], [ 1926268.364802710246295, 6972165.500602630898356 ], [ 1926275.151598483556882, 6972152.470950807444751 ], [ 1926283.400832482147962, 6972142.781854318454862 ], [ 1926297.915173894492909, 6972140.085517999716103 ], [ 1926314.691428057383746, 6972139.153815820813179 ], [ 1926342.148188163060695, 6972142.096517750993371 ], [ 1926355.614509552717209, 6972144.491933121345937 ], [ 1926412.523721805540845, 6972075.501787733286619 ], [ 1926435.131710778223351, 6972046.483402876183391 ], [ 1926454.415013219229877, 6972024.230661341920495 ], [ 1926468.135738299228251, 6972004.554118201136589 ], [ 1926476.541635074419901, 6971989.60262497048825 ], [ 1926479.673135142540559, 6971983.995329930447042 ], [ 1926495.487994796363637, 6971950.679946093820035 ], [ 1926501.769548855721951, 6971937.970744395628572 ], [ 1926539.840519798919559, 6971942.642279054969549 ], [ 1926610.224046678980812, 6971950.220666894689202 ], [ 1926626.787144308676943, 6971951.991077651269734 ], [ 1926666.354948450112715, 6971924.735630585812032 ], [ 1926684.802189371548593, 6971770.298386843875051 ], [ 1926619.068198680179194, 6971615.169971337541938 ], [ 1926584.979130540275946, 6971637.819391108117998 ], [ 1926567.371109760599211, 6971649.496199193410575 ], [ 1926573.854517925065011, 6971659.882242285646498 ], [ 1926590.783391853794456, 6971686.927562289871275 ], [ 1926586.569637087639421, 6971690.648597410880029 ], [ 1926576.202118447516114, 6971696.732469328679144 ], [ 1926592.973188076401129, 6971724.853936579078436 ], [ 1926580.246004039887339, 6971734.73596256878227 ], [ 1926576.441463527735323, 6971730.924968854524195 ], [ 1926570.917525328462943, 6971728.352415651082993 ], [ 1926564.334169801091775, 6971726.435884889215231 ], [ 1926557.022004046244547, 6971725.914107473567128 ], [ 1926551.424374482128769, 6971727.177103328518569 ], [ 1926545.089571422664449, 6971729.485809643752873 ], [ 1926532.299684484256431, 6971737.804779464378953 ], [ 1926527.368873892817646, 6971741.01049432810396 ], [ 1926504.527296250453219, 6971761.699994365684688 ], [ 1926486.568101081065834, 6971774.199090220965445 ], [ 1926455.488132395083085, 6971728.130208910442889 ], [ 1926453.913791131228209, 6971725.318799438886344 ], [ 1926378.6264564297162, 6971776.162955488078296 ], [ 1926292.60993037535809, 6971835.723073699511588 ], [ 1926249.927632571198046, 6971862.902592870406806 ], [ 1926219.627838759450242, 6971882.185627614147961 ], [ 1926114.938276078552008, 6971956.967476138845086 ], [ 1926070.918314740294591, 6971986.706258932128549 ], [ 1926029.621694252360612, 6972013.386386621743441 ], [ 1926005.898151524597779, 6972027.824630514718592 ], [ 1926003.207783913472667, 6972029.471885892562568 ], [ 1925979.08833151939325, 6972050.146944107487798 ], [ 1925972.779189151478931, 6972055.562419164925814 ] ] ], [ [ [ 1925839.381710267392918, 6972127.989760932512581 ], [ 1925858.59768810402602, 6972190.441688901744783 ], [ 1925880.870753323892131, 6972189.568235362879932 ], [ 1925908.821266540791839, 6972125.369400317780674 ], [ 1925839.381710267392918, 6972127.989760932512581 ] ] ], [ [ [ 1926031.876403039088473, 6972789.953359456732869 ], [ 1926046.783564391778782, 6972797.351216617040336 ], [ 1926055.627756917383522, 6972801.116343603469431 ], [ 1926063.167916200356558, 6972806.06335660815239 ], [ 1926083.200616056332365, 6972813.981440926901996 ], [ 1926090.39850740134716, 6972816.577750201337039 ], [ 1926094.544964623637497, 6972818.553443176671863 ], [ 1926108.131695655640215, 6972825.022747699171305 ], [ 1926132.132733694510534, 6972837.553818677552044 ], [ 1926137.797355933580548, 6972840.512481682933867 ], [ 1926157.270809289067984, 6972854.580963573418558 ], [ 1926170.286852549528703, 6972869.792276681400836 ], [ 1926195.481236854102463, 6972899.198224095627666 ], [ 1926198.561499522300437, 6972902.112236341461539 ], [ 1926232.785342227434739, 6972934.473494601435959 ], [ 1926268.887245640624315, 6972951.859931676648557 ], [ 1926299.705671715782955, 6972960.664442012086511 ], [ 1926332.486731365555897, 6972969.880832752212882 ], [ 1926338.795709006488323, 6972946.205388624221087 ], [ 1926346.007859700592235, 6972918.663678115233779 ], [ 1926349.16498527652584, 6972906.360884603112936 ], [ 1926316.568977327784523, 6972898.444917500950396 ], [ 1926333.750256336992607, 6972836.083844751119614 ], [ 1926302.319785213563591, 6972827.24848822876811 ], [ 1926297.82520457636565, 6972843.55667120590806 ], [ 1926260.224933031015098, 6972832.099522207863629 ], [ 1926217.404591026948765, 6972819.920421316288412 ], [ 1926186.091011427808553, 6972806.136434818618 ], [ 1926185.873486359370872, 6972797.791083949618042 ], [ 1926190.648325160611421, 6972772.418515673838556 ], [ 1926195.716822566697374, 6972748.647910892963409 ], [ 1926205.880383984651417, 6972714.033022919669747 ], [ 1926202.284820094937459, 6972706.97004792932421 ], [ 1926165.72111198422499, 6972691.649593624286354 ], [ 1926162.686044108588248, 6972677.688610512763262 ], [ 1926162.67203080188483, 6972662.121275503188372 ], [ 1926113.249345258809626, 6972637.607597596943378 ], [ 1926123.945004693465307, 6972616.977892151102424 ], [ 1926143.99180815811269, 6972579.749484308063984 ], [ 1926069.118463903898373, 6972542.661739646457136 ], [ 1926049.14822923974134, 6972528.61502380669117 ], [ 1926048.952601519878954, 6972528.477477415464818 ], [ 1926028.015427506994456, 6972519.591166688129306 ], [ 1926006.438202966935933, 6972510.440427766181529 ], [ 1925988.405422926181927, 6972502.785858166404068 ], [ 1925990.538955467753112, 6972497.354077133350074 ], [ 1925993.852196781663224, 6972487.580988027155399 ], [ 1925995.589184988057241, 6972483.502098076976836 ], [ 1925981.200730381067842, 6972478.027258977293968 ], [ 1925970.174553987802938, 6972474.061606144532561 ], [ 1925974.105094911297783, 6972448.294726758264005 ], [ 1925930.99425658932887, 6972439.755277113057673 ], [ 1925926.905998590169474, 6972452.16800559591502 ], [ 1925925.572777521796525, 6972455.990635065361857 ], [ 1925922.922148939222097, 6972455.246590825729072 ], [ 1925911.569786532782018, 6972451.039845010265708 ], [ 1925891.557101658079773, 6972532.833936748094857 ], [ 1925875.719278411008418, 6972526.975591741502285 ], [ 1925860.538527904776856, 6972521.36540468223393 ], [ 1925853.226994605734944, 6972518.68321490753442 ], [ 1925808.078895975137129, 6972502.011345209553838 ], [ 1925805.015414422843605, 6972508.218439431861043 ], [ 1925801.04550524498336, 6972526.133046675473452 ], [ 1925799.695001772139221, 6972547.515644893981516 ], [ 1925798.237066574860364, 6972564.327047629281878 ], [ 1925854.190692044096068, 6972579.610893935896456 ], [ 1925906.950007059145719, 6972594.021114434115589 ], [ 1925911.740700646536425, 6972598.886278247460723 ], [ 1925919.336625279393047, 6972607.07426880672574 ], [ 1925936.379049821291119, 6972624.391299540176988 ], [ 1925933.308827890316024, 6972638.606130113825202 ], [ 1925928.079966605175287, 6972662.821013159118593 ], [ 1925925.623765686992556, 6972674.192927137948573 ], [ 1925923.056802788050845, 6972686.044025301001966 ], [ 1925916.466169322840869, 6972716.68947924207896 ], [ 1925914.508140022400767, 6972725.913496765308082 ], [ 1925927.189998873043805, 6972736.299034368246794 ], [ 1925946.543160436209291, 6972746.311226195655763 ], [ 1925956.876242533093318, 6972751.590400504879653 ], [ 1925971.188917397987098, 6972758.891190381720662 ], [ 1925992.150961696635932, 6972769.556183233857155 ], [ 1926008.474819211754948, 6972778.017763320356607 ], [ 1926031.876403039088473, 6972789.953359456732869 ] ] ], [ [ [ 1926057.442339824512601, 6972824.651517426595092 ], [ 1926031.043391408165917, 6972895.465877809561789 ], [ 1926027.381777133792639, 6972905.247830269858241 ], [ 1926025.012440287973732, 6972911.538240906782448 ], [ 1926021.473135477863252, 6972921.755080254748464 ], [ 1925997.255640369839966, 6972992.10688852891326 ], [ 1925993.105837711598724, 6973005.715278843417764 ], [ 1925992.387591708917171, 6973008.057479248382151 ], [ 1925989.271672747563571, 6973020.949360556900501 ], [ 1926077.621866050641984, 6973055.320128452032804 ], [ 1926077.62186605273746, 6973055.320128446444869 ], [ 1926072.485670084133744, 6973070.699627751484513 ], [ 1926067.58085121284239, 6973085.40345786511898 ], [ 1926133.165502658579499, 6973110.634197422303259 ], [ 1926182.33681219117716, 6973128.364441466517746 ], [ 1926245.345925871515647, 6973151.090990354306996 ], [ 1926318.860539922956377, 6973177.455306035466492 ], [ 1926324.560209864284843, 6973159.247669762931764 ], [ 1926403.548045467352495, 6973012.384681555442512 ], [ 1926343.908546713413671, 6972998.611611381173134 ], [ 1926336.851009963313118, 6972997.082115903496742 ], [ 1926273.630716433748603, 6972979.136630538851023 ], [ 1926239.354902880033478, 6972965.132889673113823 ], [ 1926224.631324430461973, 6972954.848713208921254 ], [ 1926215.604465082054958, 6972947.573771553114057 ], [ 1926204.496296481462196, 6972937.192490322515368 ], [ 1926201.317806634353474, 6972934.22629751265049 ], [ 1926186.001503855688497, 6972918.86071664467454 ], [ 1926154.020985522773117, 6972887.665636617690325 ], [ 1926114.591245857533067, 6972846.973469544202089 ], [ 1926057.442339824512601, 6972824.651517426595092 ] ], [ [ 1926344.444526592968032, 6973065.896041275933385 ], [ 1926320.557583912741393, 6973130.060643365606666 ], [ 1926257.247630777070299, 6973108.141735949553549 ], [ 1926279.125601962441579, 6973044.145894571207464 ], [ 1926344.444526592968032, 6973065.896041275933385 ] ] ], [ [ [ 1925649.780983485979959, 6973194.86094371881336 ], [ 1925650.324521347880363, 6973171.879068807698786 ], [ 1925649.666778453625739, 6973153.437743053771555 ], [ 1925573.111960335168988, 6973210.135010970756412 ], [ 1925591.994908450637013, 6973233.047185830771923 ], [ 1925602.819027926307172, 6973225.993985029868782 ], [ 1925616.448944482486695, 6973215.235911888070405 ], [ 1925649.780983485979959, 6973194.86094371881336 ] ] ], [ [ [ 1925802.846915881847963, 6973667.446070844307542 ], [ 1925854.985293698962778, 6973678.271378140896559 ], [ 1925884.422097358852625, 6973681.811498027294874 ], [ 1925883.572380539728329, 6973677.786930425092578 ], [ 1925882.936107169371098, 6973652.798391637392342 ], [ 1925885.393142660614103, 6973635.792411574162543 ], [ 1925885.928681837627664, 6973632.066600522957742 ], [ 1925885.817102275555953, 6973617.143106235191226 ], [ 1925885.725344795966521, 6973609.098969344981015 ], [ 1925885.633979664882645, 6973601.038234214298427 ], [ 1925885.754320369800553, 6973586.120302721858025 ], [ 1925889.429996307240799, 6973516.821267669089139 ], [ 1925891.815896097570658, 6973471.949935720302165 ], [ 1925891.911878111306578, 6973469.991605832241476 ], [ 1925893.172737892717123, 6973448.189031414687634 ], [ 1925898.461161778774112, 6973413.057018601335585 ], [ 1925902.750564623158425, 6973384.431193453259766 ], [ 1925907.174326035194099, 6973355.027748124673963 ], [ 1925911.934177132090554, 6973323.322897015139461 ], [ 1925913.253083846531808, 6973314.498399898409843 ], [ 1925916.155018107732758, 6973272.332053832709789 ], [ 1925916.860425082501024, 6973262.114015630446374 ], [ 1925923.189887966029346, 6973203.946172410622239 ], [ 1925922.437456317478791, 6973195.803696248680353 ], [ 1925930.074194801039994, 6973151.756574886851013 ], [ 1925934.397863934980705, 6973139.215431264601648 ], [ 1925940.910364733776078, 6973114.697276384569705 ], [ 1925919.274298780364916, 6973107.272158846259117 ], [ 1925903.607708584051579, 6973104.640751916915178 ], [ 1925845.376125963637605, 6973078.984590352512896 ], [ 1925836.337749041151255, 6973075.712926770560443 ], [ 1925833.001802422106266, 6973074.503934082575142 ], [ 1925820.611320672556758, 6973070.006262769922614 ], [ 1925812.443827298469841, 6973067.054315442219377 ], [ 1925788.928197301225737, 6973058.520926609635353 ], [ 1925782.821100879693404, 6973056.049861080944538 ], [ 1925771.802272113971412, 6973105.016980891115963 ], [ 1925803.104370929999277, 6973111.592098041437566 ], [ 1925799.861361254006624, 6973132.399643005803227 ], [ 1925794.508327600779012, 6973166.747942188754678 ], [ 1925793.610171217238531, 6973172.491914383135736 ], [ 1925826.939180696150288, 6973177.470268808305264 ], [ 1925818.953646153211594, 6973218.717868202365935 ], [ 1925818.03123636264354, 6973232.502879235893488 ], [ 1925797.559212693711743, 6973271.1946020713076 ], [ 1925797.459120429353788, 6973271.923281261697412 ], [ 1925796.178801111411303, 6973281.213848263956606 ], [ 1925790.485308074392378, 6973329.262086475268006 ], [ 1925799.880203421693295, 6973330.083343577571213 ], [ 1925797.69692471367307, 6973384.595453150570393 ], [ 1925818.75385595834814, 6973385.693639213219285 ], [ 1925817.34450257755816, 6973407.45927794650197 ], [ 1925812.3965660831891, 6973407.1257853070274 ], [ 1925759.037087797885761, 6973401.056711514480412 ], [ 1925754.589688650798053, 6973449.666930781677365 ], [ 1925826.324829376069829, 6973458.797634749673307 ], [ 1925819.992860140278935, 6973507.213947582989931 ], [ 1925771.321772461989895, 6973499.810676959343255 ], [ 1925770.197001340799034, 6973576.148636459372938 ], [ 1925768.219602814642712, 6973595.292644140310585 ], [ 1925766.047177181346342, 6973616.376092618331313 ], [ 1925810.692134571494535, 6973622.338020569644868 ], [ 1925802.846915881847963, 6973667.446070844307542 ] ] ], [ [ [ 1925929.505365856690332, 6973952.077996673062444 ], [ 1925919.266807678388432, 6974001.684103228151798 ], [ 1925939.947161588585004, 6974008.97102611977607 ], [ 1925965.098380237119272, 6974017.859469990245998 ], [ 1926012.228321589296684, 6974034.514049543067813 ], [ 1926026.502406780142337, 6973967.007831024937332 ], [ 1925977.937132668215781, 6973956.400988702662289 ], [ 1925985.562982331495732, 6973918.447547111660242 ], [ 1925938.487763289129362, 6973907.22784449160099 ], [ 1925931.750535804545507, 6973940.533099993132055 ], [ 1925929.505365856690332, 6973952.077996673062444 ] ] ], [ [ [ 1925832.194982596905902, 6974013.558234881609678 ], [ 1925839.587131665321067, 6974012.88632030878216 ], [ 1925841.147150262258947, 6974006.492800304666162 ], [ 1925855.452701532049105, 6973939.818670909851789 ], [ 1925779.780377428978682, 6973928.068540788255632 ], [ 1925776.03643941716291, 6973956.02792800962925 ], [ 1925734.330775168724358, 6973955.369548929855227 ], [ 1925736.242054406087846, 6974014.752079594880342 ], [ 1925736.375440398463979, 6974018.925978489220142 ], [ 1925757.207590578123927, 6974012.774283259175718 ], [ 1925767.707271945429966, 6974009.667170144617558 ], [ 1925773.143307422520593, 6974008.300812275148928 ], [ 1925781.164039568044245, 6974006.281335269100964 ], [ 1925789.285900036804378, 6974005.593566868454218 ], [ 1925798.380952182691544, 6974005.809573751874268 ], [ 1925817.078061260050163, 6974010.740033778361976 ], [ 1925832.194982596905902, 6974013.558234881609678 ] ] ], [ [ [ 1926082.262276086723432, 6974185.508880319073796 ], [ 1926086.90703977830708, 6974157.968724851496518 ], [ 1926090.007664287462831, 6974126.320959417149425 ], [ 1925856.807548079639673, 6974065.58730723708868 ], [ 1925838.516298537841067, 6974155.015827632509172 ], [ 1925834.679754900047556, 6974170.062591630034149 ], [ 1925791.085878473008052, 6974362.166338700801134 ], [ 1925781.742073343601078, 6974394.198393756523728 ], [ 1925778.225259558064863, 6974406.228832970373333 ], [ 1925936.128126112744212, 6974442.315123411826789 ], [ 1925932.937510901130736, 6974464.406947672367096 ], [ 1925916.727292543277144, 6974532.402995300479233 ], [ 1925937.117568930611014, 6974537.290583253838122 ], [ 1925979.073819010518491, 6974547.82467926479876 ], [ 1925974.221663725329563, 6974589.037490323185921 ], [ 1926045.418921606149524, 6974605.948325865902007 ], [ 1926081.816896185744554, 6974614.605268065817654 ], [ 1926105.192164356587455, 6974620.161497465334833 ], [ 1926126.902729948284104, 6974625.312603789381683 ], [ 1926147.006747968727723, 6974542.568199542351067 ], [ 1926189.440024368232116, 6974551.866183742880821 ], [ 1926200.542155194794759, 6974503.556357266381383 ], [ 1926168.298497158568352, 6974498.704235455021262 ], [ 1926196.692893541418016, 6974384.917117470875382 ], [ 1926198.309498773887753, 6974376.115082712844014 ], [ 1926197.771910068579018, 6974369.38900139182806 ], [ 1926195.055339651880786, 6974365.087240769527853 ], [ 1926191.253393391612917, 6974361.823255468159914 ], [ 1926184.262410515453666, 6974359.530565857887268 ], [ 1926117.230277362279594, 6974346.027032982558012 ], [ 1926146.637314693070948, 6974219.537732206285 ], [ 1926149.820412748958915, 6974204.059820081107318 ], [ 1926149.970069583039731, 6974197.715740368701518 ], [ 1926147.924713998800144, 6974194.476825216785073 ], [ 1926145.505987549433485, 6974192.309152121655643 ], [ 1926131.515728005673736, 6974188.08915339037776 ], [ 1926104.155937045812607, 6974183.552134791389108 ], [ 1926082.262276086723432, 6974185.508880319073796 ] ], [ [ 1926004.77502749976702, 6974216.821539860218763 ], [ 1925988.682505814591423, 6974286.197633551433682 ], [ 1925921.209629993885756, 6974270.339114123955369 ], [ 1925913.772187183145434, 6974267.30446853581816 ], [ 1925909.119569735135883, 6974267.07771707046777 ], [ 1925924.375047255307436, 6974201.587030635215342 ], [ 1925925.044116091448814, 6974199.226703589782119 ], [ 1925930.615066926693544, 6974179.518454239703715 ], [ 1926018.726354292593896, 6974200.219941580668092 ], [ 1926024.712788637494668, 6974174.838543530553579 ], [ 1926044.264988562790677, 6974183.594096801243722 ], [ 1926040.567191129550338, 6974192.778563985601068 ], [ 1926037.268085535150021, 6974204.03298410680145 ], [ 1926030.175459820544347, 6974222.907660687342286 ], [ 1926004.77502749976702, 6974216.821539860218763 ] ] ], [ [ [ 1926236.803070070687681, 6971724.890953125432134 ], [ 1926292.704096504719928, 6971812.236306929029524 ], [ 1926409.746870600851253, 6971731.878581429831684 ], [ 1926349.478576476685703, 6971645.406681165099144 ], [ 1926236.803070070687681, 6971724.890953125432134 ] ] ], [ [ [ 1926402.933201896259561, 6972105.559302184730768 ], [ 1926395.93435724102892, 6972105.792334349825978 ], [ 1926393.107215468771756, 6972168.122181341052055 ], [ 1926399.494208981050178, 6972168.539171223528683 ], [ 1926444.035961006535217, 6972169.410647517070174 ], [ 1926452.578873546794057, 6972162.02084703464061 ], [ 1926461.049973971908912, 6972158.38379205390811 ], [ 1926469.638073976850137, 6972156.111731016077101 ], [ 1926472.390175690641627, 6972109.611877645365894 ], [ 1926418.37251282366924, 6972106.506177340634167 ], [ 1926402.933201896259561, 6972105.559302184730768 ] ] ], [ [ [ 1926465.743669250514358, 6972420.031291794031858 ], [ 1926476.234727613627911, 6972309.503867982886732 ], [ 1926441.30435602972284, 6972305.105513978749514 ], [ 1926437.007673095678911, 6972339.774712580256164 ], [ 1926434.973472134443, 6972355.076974771916866 ], [ 1926428.050048631383106, 6972408.390566867776215 ], [ 1926465.743669250514358, 6972420.031291794031858 ] ] ], [ [ [ 1926928.11785376444459, 6972432.055468908511102 ], [ 1926931.694651456549764, 6972394.079246371053159 ], [ 1926890.78634178545326, 6972392.980621294118464 ], [ 1926898.225600365316495, 6972302.765012108720839 ], [ 1926849.910041038645431, 6972298.135505085811019 ], [ 1926796.398796589812264, 6972293.167013216763735 ], [ 1926786.904303660150617, 6972390.394434751011431 ], [ 1926755.555638389429078, 6972388.706892461515963 ], [ 1926737.983812224119902, 6972386.098787615075707 ], [ 1926729.448227608809248, 6972446.036619642749429 ], [ 1926833.584238601848483, 6972463.232573698274791 ], [ 1926830.736289005260915, 6972482.868619984947145 ], [ 1926922.484594818670303, 6972491.962665341794491 ], [ 1926928.11785376444459, 6972432.055468908511102 ] ] ], [ [ [ 1926456.19036000338383, 6972619.514274422079325 ], [ 1926457.673256153473631, 6972610.029805692844093 ], [ 1926441.705219137948006, 6972604.750927178189158 ], [ 1926427.743507773848251, 6972600.134205861017108 ], [ 1926383.029236660338938, 6972590.303853371180594 ], [ 1926380.946980215143412, 6972602.714689231477678 ], [ 1926373.211354272672907, 6972660.230515564791858 ], [ 1926447.940401866333559, 6972672.150312090292573 ], [ 1926456.19036000338383, 6972619.514274422079325 ] ] ], [ [ [ 1926528.966455258894712, 6972610.101994756609201 ], [ 1926516.301378950243816, 6972690.459720302373171 ], [ 1926548.400796491652727, 6972697.884075378999114 ], [ 1926563.031143262051046, 6972617.526349834166467 ], [ 1926528.966455258894712, 6972610.101994756609201 ] ] ], [ [ [ 1926448.055241495836526, 6972996.772776360623538 ], [ 1926484.209917870815843, 6973004.059234376065433 ], [ 1926500.205318983877078, 6973006.099129697307944 ], [ 1926565.717684126924723, 6973021.754452858120203 ], [ 1926585.59640258923173, 6972917.238990427926183 ], [ 1926507.479992030421272, 6972911.819211100228131 ], [ 1926508.095475409412757, 6972905.387482561171055 ], [ 1926511.968122746329755, 6972862.681184401735663 ], [ 1926516.305845468770713, 6972815.001925569958985 ], [ 1926517.827459630323574, 6972800.351199012249708 ], [ 1926510.156161498976871, 6972799.555000058375299 ], [ 1926475.243375937454402, 6972797.133944869972765 ], [ 1926465.518892363412306, 6972857.593424196355045 ], [ 1926448.055241495836526, 6972996.772776360623538 ] ] ], [ [ [ 1926406.926282466622069, 6973102.564860251732171 ], [ 1926403.267453583190218, 6973138.980502849444747 ], [ 1926408.901980654569343, 6973139.712007808499038 ], [ 1926394.629705833969638, 6973191.859934020787477 ], [ 1926391.963855570182204, 6973201.599525049328804 ], [ 1926358.403486412018538, 6973191.650237991474569 ], [ 1926341.557465279009193, 6973185.602336931973696 ], [ 1926337.58266195631586, 6973193.915268504992127 ], [ 1926332.526295462856069, 6973208.0343770198524 ], [ 1926328.010168952401727, 6973219.624236924573779 ], [ 1926358.773606822593138, 6973230.105594739317894 ], [ 1926395.489076876547188, 6973242.621843657456338 ], [ 1926463.116291882935911, 6973265.672294982708991 ], [ 1926475.206148907309398, 6973270.294875157997012 ], [ 1926543.295124236959964, 6973296.279877708293498 ], [ 1926565.7174167255871, 6973304.851877362467349 ], [ 1926555.294970365008339, 6973287.126435100100935 ], [ 1926557.261038614902645, 6973259.226674783043563 ], [ 1926570.568310901988298, 6973237.476897756569088 ], [ 1926578.994489711942151, 6973168.891090798191726 ], [ 1926588.82872744766064, 6973170.054086474701762 ], [ 1926595.299656562041491, 6973142.992300687357783 ], [ 1926623.906145371962339, 6973147.938693382777274 ], [ 1926659.840053217252716, 6973153.012290949001908 ], [ 1926672.783745509106666, 6973073.929927997291088 ], [ 1926642.450224329251796, 6973066.317836889997125 ], [ 1926614.192581573268399, 6973059.236541329883039 ], [ 1926583.569368716562167, 6973051.966292270459235 ], [ 1926554.913497973000631, 6973044.908609147183597 ], [ 1926519.008379149716347, 6973038.127923761494458 ], [ 1926496.280055753653869, 6973033.436598390340805 ], [ 1926484.772296626120806, 6973030.854912945069373 ], [ 1926460.949437053175643, 6973025.489630821160972 ], [ 1926440.947834455408156, 6973021.842928996309638 ], [ 1926431.488487218506634, 6973062.473923289217055 ], [ 1926429.877229923615232, 6973069.663084493950009 ], [ 1926412.609370079822838, 6973067.459997285157442 ], [ 1926406.926282466622069, 6973102.564860251732171 ] ] ], [ [ [ 1926809.714726740727201, 6973108.600207543000579 ], [ 1926786.893133532255888, 6973192.46349214296788 ], [ 1926803.720000964356586, 6973199.340737870894372 ], [ 1926824.060194734716788, 6973207.646732022985816 ], [ 1926829.482514215400442, 6973192.024023961275816 ], [ 1926836.489239741116762, 6973194.316195027902722 ], [ 1926850.537118860753253, 6973147.362570337019861 ], [ 1926855.7752591134049, 6973128.994203846901655 ], [ 1926857.675339808687568, 6973122.193863186053932 ], [ 1926841.788229497382417, 6973117.64841581042856 ], [ 1926816.319353024009615, 6973110.367824063636363 ], [ 1926809.714726740727201, 6973108.600207543000579 ] ] ], [ [ [ 1926679.243629335891455, 6973291.120600521564484 ], [ 1926676.729893738403916, 6973297.225324948318303 ], [ 1926731.565259772352874, 6973318.060533875599504 ], [ 1926892.179486861685291, 6973379.09325810149312 ], [ 1926924.418203779961914, 6973391.036360157653689 ], [ 1926920.833188129356131, 6973403.944775396957994 ], [ 1926910.46304348250851, 6973430.516874277032912 ], [ 1926919.470313377911225, 6973433.736875013448298 ], [ 1926963.064565891865641, 6973451.962691364809871 ], [ 1927049.657912550261244, 6973484.844004749320447 ], [ 1927062.86449655960314, 6973448.984067289158702 ], [ 1926988.895083635114133, 6973420.604605304077268 ], [ 1926964.439130750950426, 6973411.786300882697105 ], [ 1926958.939426338998601, 6973410.244205054827034 ], [ 1926960.902793678222224, 6973405.688143133185804 ], [ 1926969.46118226274848, 6973384.971669665537775 ], [ 1926975.640855989418924, 6973370.263608907349408 ], [ 1926983.883594205370173, 6973353.809831365011632 ], [ 1926949.446271013002843, 6973339.505640069954097 ], [ 1926943.383374718483537, 6973339.362530771642923 ], [ 1926919.545340372715145, 6973357.873886262066662 ], [ 1926780.152516744332388, 6973307.162693914026022 ], [ 1926686.493120010243729, 6973271.819276414811611 ], [ 1926679.243629335891455, 6973291.120600521564484 ] ] ], [ [ [ 1926483.459789459127933, 6973406.866409372538328 ], [ 1926462.47550386399962, 6973399.158860177733004 ], [ 1926465.610142425866798, 6973390.626390673220158 ], [ 1926483.481611692113802, 6973341.885224088095129 ], [ 1926420.762218603864312, 6973319.432739401236176 ], [ 1926364.403818064602092, 6973299.257147002965212 ], [ 1926325.417805117322132, 6973286.022300887852907 ], [ 1926309.120906834490597, 6973333.321337618865073 ], [ 1926306.113951015751809, 6973342.056090927682817 ], [ 1926273.70094762230292, 6973330.521795336157084 ], [ 1926235.223640552023426, 6973316.800056993030012 ], [ 1926213.49479633779265, 6973309.057677372358739 ], [ 1926217.674713686108589, 6973299.78587921243161 ], [ 1926225.426428536185995, 6973281.726347324438393 ], [ 1926234.72593689779751, 6973285.1866006385535 ], [ 1926242.518733550561592, 6973263.273404018953443 ], [ 1926244.107736374950036, 6973258.442890567705035 ], [ 1926234.406778004718944, 6973255.139296445995569 ], [ 1926176.298790297703817, 6973233.990641129203141 ], [ 1926159.295532570919022, 6973278.879783112555742 ], [ 1926156.866370462113991, 6973288.409019970335066 ], [ 1926117.526801541447639, 6973274.018360994756222 ], [ 1926102.326725961174816, 6973268.457516410388052 ], [ 1926105.38592022145167, 6973259.62446718942374 ], [ 1926117.685473628342152, 6973225.14119984023273 ], [ 1926117.68586539151147, 6973225.12459431681782 ], [ 1926121.658899284433573, 6973214.086870037019253 ], [ 1926099.354891731403768, 6973200.532084762118757 ], [ 1926083.668843415565789, 6973190.988807122223079 ], [ 1926061.642649716930464, 6973177.606688576750457 ], [ 1926010.886896869400516, 6973145.549395766109228 ], [ 1925984.85266477894038, 6973132.055446819402277 ], [ 1925971.113399414578453, 6973132.028541162610054 ], [ 1925958.221721625188366, 6973177.529302298091352 ], [ 1925952.931665907381102, 6973214.853435788303614 ], [ 1925950.98001548810862, 6973225.207992917858064 ], [ 1925941.871654646238312, 6973274.022323602810502 ], [ 1925935.118191816145554, 6973319.968583278357983 ], [ 1925929.039634229848161, 6973361.195813421159983 ], [ 1925927.774354000110179, 6973369.855485796928406 ], [ 1925949.797329685417935, 6973377.771835138089955 ], [ 1925981.369520494015887, 6973389.104803808964789 ], [ 1925978.403551165712997, 6973397.4915516898036 ], [ 1925954.128317107446492, 6973466.001737632788718 ], [ 1925915.037224776111543, 6973452.296889035031199 ], [ 1925912.160571722080931, 6973471.635290320962667 ], [ 1925905.950122578302398, 6973513.52476848103106 ], [ 1925912.433898886432871, 6973542.871989231556654 ], [ 1925912.233548488700762, 6973554.863613547757268 ], [ 1925910.359309156425297, 6973599.830635165795684 ], [ 1925908.694612572202459, 6973609.959871118888259 ], [ 1925908.482093334197998, 6973634.396426871418953 ], [ 1925908.339253187412396, 6973636.935233068652451 ], [ 1925907.841122987214476, 6973646.095262825489044 ], [ 1925907.748624846572056, 6973653.520281979814172 ], [ 1925907.241255302680656, 6973688.334822664037347 ], [ 1925916.695303985150531, 6973688.775215478613973 ], [ 1925926.563391219126061, 6973691.33562689833343 ], [ 1925942.529702171683311, 6973696.76573346182704 ], [ 1925960.117635695729405, 6973703.015233008190989 ], [ 1925995.177624499425292, 6973715.511380237527192 ], [ 1925992.710777347441763, 6973723.112755577079952 ], [ 1925980.516840526135638, 6973760.790739579126239 ], [ 1925997.594139985507354, 6973766.911777495406568 ], [ 1925993.651630204636604, 6973779.446363188326359 ], [ 1925976.431380294030532, 6973834.136508929543197 ], [ 1925971.163204780314118, 6973850.162348570302129 ], [ 1925967.086139409570023, 6973848.736321048811078 ], [ 1925919.643502647522837, 6973832.739068251103163 ], [ 1925916.420268334215507, 6973842.183581633493304 ], [ 1925895.97552163223736, 6973835.467283275909722 ], [ 1925889.095782040385529, 6973874.800487005151808 ], [ 1925943.141746292822063, 6973884.225155604071915 ], [ 1925949.556560267461464, 6973853.338425626978278 ], [ 1925963.913045088527724, 6973858.165445518679917 ], [ 1925995.80474533746019, 6973870.088160708546638 ], [ 1926008.150390380294994, 6973874.435384187847376 ], [ 1926028.531659151427448, 6973810.11611555237323 ], [ 1926077.30007902905345, 6973826.127497821114957 ], [ 1926055.877751005347818, 6973892.432883894070983 ], [ 1926093.688849650323391, 6973905.692010157741606 ], [ 1926140.790092176524922, 6973922.843407995067537 ], [ 1926147.94242942915298, 6973925.30600283946842 ], [ 1926190.06908570183441, 6973794.954073308035731 ], [ 1926192.625258265994489, 6973787.072216141968966 ], [ 1926215.710784681607038, 6973795.678047931753099 ], [ 1926238.670759150059894, 6973803.283886518329382 ], [ 1926243.423933477839455, 6973804.858713974244893 ], [ 1926263.702852107118815, 6973811.586780436336994 ], [ 1926287.631323589943349, 6973819.59760507941246 ], [ 1926284.951440302887931, 6973827.808914337307215 ], [ 1926269.088828242849559, 6973876.317718383856118 ], [ 1926316.224868442630395, 6973890.594238823279738 ], [ 1926330.910494462121278, 6973843.486366965807974 ], [ 1926333.367147536017001, 6973835.602061504498124 ], [ 1926358.135818868875504, 6973845.244354614056647 ], [ 1926335.743149452609941, 6973908.256200863048434 ], [ 1926381.100032844813541, 6973922.469483161345124 ], [ 1926403.625872469739988, 6973861.215006988495588 ], [ 1926426.744639777811244, 6973870.463515356183052 ], [ 1926448.272407640703022, 6973806.585776797495782 ], [ 1926450.304497085046023, 6973800.535799336619675 ], [ 1926480.716282239882275, 6973809.862591309472919 ], [ 1926501.111851235153154, 6973751.807196976616979 ], [ 1926517.035780556732789, 6973757.650582590140402 ], [ 1926597.237313195830211, 6973787.512260758318007 ], [ 1926581.560521080158651, 6973838.069594379514456 ], [ 1926495.441896276315674, 6973820.845289698801935 ], [ 1926474.038672882365063, 6973886.487526532262564 ], [ 1926461.651454034261405, 6973924.012871456332505 ], [ 1926450.317813245113939, 6973958.323126154951751 ], [ 1926447.425218649674207, 6973971.348334789276123 ], [ 1926443.084256748203188, 6973982.528098804876208 ], [ 1926429.803902458632365, 6974026.994999960996211 ], [ 1926496.979171876097098, 6974050.518523994833231 ], [ 1926541.519782443298027, 6974067.374622891657054 ], [ 1926548.09214834170416, 6974069.839796795509756 ], [ 1926554.838135977042839, 6974040.986934201791883 ], [ 1926562.686203729594126, 6974006.85959938261658 ], [ 1926566.96204779855907, 6973990.693281361833215 ], [ 1926568.628999026492238, 6973985.365619466640055 ], [ 1926577.107197887497023, 6973958.265493829734623 ], [ 1926579.172062945086509, 6973950.820375896990299 ], [ 1926630.159209951292723, 6973961.381105310283601 ], [ 1926643.6845000712201, 6973906.451818961650133 ], [ 1926616.797351672779769, 6973899.468690579757094 ], [ 1926602.136869434500113, 6973895.566144508309662 ], [ 1926610.072263421490788, 6973878.140661248005927 ], [ 1926616.276182339293882, 6973866.67268425039947 ], [ 1926622.166412855498493, 6973856.55982203874737 ], [ 1926628.397251387126744, 6973847.468603136017919 ], [ 1926640.535451331408694, 6973831.056451207958162 ], [ 1926643.512148239184171, 6973827.122362270951271 ], [ 1926689.058923503151163, 6973839.215537625364959 ], [ 1926755.341743135126308, 6973858.361826467327774 ], [ 1926774.313337963307276, 6973863.61213917657733 ], [ 1926772.980219587916508, 6973868.847952470183372 ], [ 1926761.699183491524309, 6973909.440568673424423 ], [ 1926754.03347896062769, 6973935.147535532712936 ], [ 1926799.488279462326318, 6973946.955583826638758 ], [ 1926842.672600389225408, 6973959.457498512230814 ], [ 1926866.087866449961439, 6973873.672590483911335 ], [ 1926963.657998855458573, 6973893.871720544062555 ], [ 1926978.321720635285601, 6973860.237807274796069 ], [ 1926969.544260432012379, 6973847.917514809407294 ], [ 1926945.019362174207345, 6973841.273772527463734 ], [ 1926973.369003185303882, 6973749.292263044044375 ], [ 1926966.476328005082905, 6973735.770430432632565 ], [ 1926931.10963729233481, 6973754.608804943971336 ], [ 1926918.63754969323054, 6973759.864078211598098 ], [ 1926912.560259447665885, 6973761.731125342659652 ], [ 1926907.754691303707659, 6973762.382000453770161 ], [ 1926904.361359348520637, 6973762.185572942718863 ], [ 1926900.968417760683224, 6973761.972537306137383 ], [ 1926885.209956438513473, 6973759.656395771540701 ], [ 1926881.82136547495611, 6973779.714876474812627 ], [ 1926880.43291982379742, 6973787.308811273425817 ], [ 1926879.027905219001696, 6973794.902361769229174 ], [ 1926873.515440352261066, 6973809.410876523703337 ], [ 1926868.46501575387083, 6973818.363956005312502 ], [ 1926850.417113330680877, 6973831.645967920310795 ], [ 1926840.229185047792271, 6973832.801101378165185 ], [ 1926795.510519972303882, 6973820.728365049697459 ], [ 1926812.553872484015301, 6973765.567173008807003 ], [ 1926819.269173458218575, 6973743.610047007910907 ], [ 1926820.79517781524919, 6973738.628101911395788 ], [ 1926840.959859247552231, 6973744.587612095288932 ], [ 1926858.779205129714683, 6973750.19260286539793 ], [ 1926861.211479713441804, 6973751.080836654640734 ], [ 1926882.390703690238297, 6973679.302203294821084 ], [ 1926802.535760414786637, 6973652.326496414840221 ], [ 1926820.284963049460202, 6973591.799679379910231 ], [ 1926829.269135787617415, 6973560.043621761724353 ], [ 1926830.427491359645501, 6973550.251233777031302 ], [ 1926830.841161174234003, 6973546.755141352303326 ], [ 1926830.291505323024467, 6973542.63814137969166 ], [ 1926915.391733129508793, 6973542.437816830351949 ], [ 1926921.500541587593034, 6973496.889676159247756 ], [ 1926892.841802605427802, 6973481.408795928582549 ], [ 1926879.748896475415677, 6973475.716284474357963 ], [ 1926843.017788437195122, 6973468.019988604821265 ], [ 1926819.787520467303693, 6973464.879332418553531 ], [ 1926815.782143529737368, 6973459.7004459714517 ], [ 1926811.41886990936473, 6973457.0552435843274 ], [ 1926801.986160578904673, 6973454.306904095225036 ], [ 1926786.840477807447314, 6973452.038355967029929 ], [ 1926781.309717752272263, 6973452.522458361461759 ], [ 1926784.49373644287698, 6973443.990976640954614 ], [ 1926684.548916518921033, 6973413.665780773386359 ], [ 1926663.039655724307522, 6973471.244241666980088 ], [ 1926595.417778085451573, 6973447.164901911281049 ], [ 1926560.938559147529304, 6973434.652316739782691 ], [ 1926522.016495371004567, 6973420.771739404648542 ], [ 1926483.459789459127933, 6973406.866409372538328 ] ], [ [ 1926788.374258771771565, 6973687.848665150813758 ], [ 1926792.430924481712282, 6973689.439918851479888 ], [ 1926782.622398327337578, 6973727.341445222496986 ], [ 1926774.777773102279752, 6973724.713582304306328 ], [ 1926698.010629230411723, 6973702.462047328241169 ], [ 1926707.700921626761556, 6973666.784449109807611 ], [ 1926717.186668691458181, 6973669.401298341341317 ], [ 1926765.925216477829963, 6973681.768626041710377 ], [ 1926788.374258771771565, 6973687.848665150813758 ] ], [ [ 1926034.919297507498413, 6973634.826767958700657 ], [ 1926082.08578858920373, 6973649.238751345314085 ], [ 1926095.780588243389502, 6973606.306331259198487 ], [ 1926121.944597500143573, 6973616.48064779676497 ], [ 1926142.317237277515233, 6973623.427096762694418 ], [ 1926098.976111740339547, 6973752.56746793538332 ], [ 1926053.117732499726117, 6973736.176749938167632 ], [ 1926006.091982471756637, 6973719.392557872459292 ], [ 1926025.08244889578782, 6973662.718005204573274 ], [ 1926034.919297507498413, 6973634.826767958700657 ] ], [ [ 1926281.346507592126727, 6973674.159431376494467 ], [ 1926235.380840707104653, 6973657.401834575459361 ], [ 1926238.04923945106566, 6973648.974439974874258 ], [ 1926244.942358120111749, 6973627.271548970602453 ], [ 1926261.074374334188178, 6973576.461120926775038 ], [ 1926284.878950101323426, 6973506.725010261870921 ], [ 1926287.549327211687341, 6973498.912573586218059 ], [ 1926305.449114096350968, 6973505.28485338948667 ], [ 1926332.240869097411633, 6973514.841834851540625 ], [ 1926329.781186784617603, 6973522.85867627710104 ], [ 1926308.746981841046363, 6973581.109375335276127 ], [ 1926353.729839076520875, 6973600.325353183783591 ], [ 1926323.15896522719413, 6973688.980887346901 ], [ 1926281.346507592126727, 6973674.159431376494467 ] ], [ [ 1926431.234825460240245, 6973710.09274239372462 ], [ 1926428.495290402090177, 6973708.881408205255866 ], [ 1926445.579545163549483, 6973655.600286070257425 ], [ 1926449.247537861578166, 6973656.800349053926766 ], [ 1926459.180995513917878, 6973660.109342946670949 ], [ 1926468.653744218172505, 6973663.27449756488204 ], [ 1926455.175878393929452, 6973702.783488541841507 ], [ 1926450.824153799330816, 6973716.538078807294369 ], [ 1926440.764889605343342, 6973713.641469665803015 ], [ 1926431.234825460240245, 6973710.09274239372462 ] ] ], [ [ [ 1926119.488183148903772, 6974010.753948884084821 ], [ 1926072.292233611224219, 6973999.000328060239553 ], [ 1926060.345016926294193, 6974051.507499082013965 ], [ 1926107.008466708706692, 6974068.981347627006471 ], [ 1926150.879277358064428, 6974085.391763746738434 ], [ 1926158.271694194059819, 6974059.412533415481448 ], [ 1926161.559371917974204, 6974047.227472439408302 ], [ 1926163.885175718460232, 6974038.575557026080787 ], [ 1926165.50616502482444, 6974030.289122752845287 ], [ 1926166.684274752857164, 6974022.507309241220355 ], [ 1926119.488183148903772, 6974010.753948884084821 ] ] ], [ [ [ 1926384.642171843908727, 6974173.714035150595009 ], [ 1926386.278755384264514, 6974167.57134872674942 ], [ 1926429.803902458632365, 6974026.994999960996211 ], [ 1926380.627707388717681, 6974009.214399559423327 ], [ 1926338.265791041776538, 6974149.634940385818481 ], [ 1926336.372971943812445, 6974156.801772645674646 ], [ 1926366.918764660367742, 6974167.528380300849676 ], [ 1926384.642171843908727, 6974173.714035150595009 ] ] ], [ [ [ 1926513.020887803984806, 6974216.832244888879359 ], [ 1926508.769789346726611, 6974243.202349722385406 ], [ 1926503.513186305994168, 6974271.443081214092672 ], [ 1926501.607408626703545, 6974284.093358283862472 ], [ 1926621.900622880086303, 6974313.060728695243597 ], [ 1926638.172799623571336, 6974235.113109540194273 ], [ 1926653.00879655755125, 6974163.945121103897691 ], [ 1926655.718972392380238, 6974149.502795578911901 ], [ 1926536.7013330955524, 6974118.556062607094646 ], [ 1926534.230370506411418, 6974129.165501723065972 ], [ 1926515.390303067397326, 6974207.017901433631778 ], [ 1926513.020887803984806, 6974216.832244888879359 ] ] ], [ [ [ 1927308.753229660447687, 6970870.625522111542523 ], [ 1927299.476234340574592, 6970890.338936056941748 ], [ 1927315.93791124294512, 6970961.385792745277286 ], [ 1927341.017381896730512, 6970956.727675147354603 ], [ 1927366.795861679129303, 6970951.936450632289052 ], [ 1927400.945409238804132, 6970945.581562445499003 ], [ 1927409.501390118850395, 6970943.906053251586854 ], [ 1927409.622730539413169, 6970938.726568361744285 ], [ 1927400.942734349286184, 6970893.359584202989936 ], [ 1927398.106138990726322, 6970877.230976871214807 ], [ 1927394.291931552579626, 6970856.860469745472074 ], [ 1927344.996333459625021, 6970866.130733865313232 ], [ 1927308.753229660447687, 6970870.625522111542523 ] ] ], [ [ [ 1928150.686735689872876, 6971333.810555444099009 ], [ 1928111.189557192148641, 6971331.405897944234312 ], [ 1928095.804177076322958, 6971331.045025886036456 ], [ 1928095.813291643513367, 6971342.722682028077543 ], [ 1928095.335388021543622, 6971388.042699697427452 ], [ 1928152.798035852843896, 6971385.353906278498471 ], [ 1928155.528040287783369, 6971333.69152853358537 ], [ 1928150.686735689872876, 6971333.810555444099009 ] ] ], [ [ [ 1927897.874989015981555, 6971381.265681434422731 ], [ 1927828.286408006213605, 6971374.58160772267729 ], [ 1927823.814593080431223, 6971404.260059151798487 ], [ 1927843.652910498902202, 6971406.237653978168964 ], [ 1927845.444982716348022, 6971437.325801815837622 ], [ 1927850.478492474881932, 6971437.493860986083746 ], [ 1927894.33924694522284, 6971438.972417078912258 ], [ 1927897.874989015981555, 6971381.265681434422731 ] ] ], [ [ [ 1927798.5194235695526, 6971754.763891441747546 ], [ 1927797.641385626746342, 6971807.203307879157364 ], [ 1927797.169883212773129, 6971835.166631006635725 ], [ 1927815.327151383273304, 6971835.377257059328258 ], [ 1927815.590007967548445, 6971806.412320332601666 ], [ 1927817.228888276033103, 6971806.484045167453587 ], [ 1927818.147817931836471, 6971755.125356221571565 ], [ 1927798.5194235695526, 6971754.763891441747546 ] ] ], [ [ [ 1927710.068675378570333, 6971784.961964681744576 ], [ 1927697.226437841542065, 6971772.898940642364323 ], [ 1927680.752791667124256, 6971757.394968800246716 ], [ 1927675.27959273266606, 6971890.759407313540578 ], [ 1927663.145639633992687, 6971895.873035656288266 ], [ 1927628.134078656556085, 6971896.41196311917156 ], [ 1927609.081684528384358, 6971895.49876481667161 ], [ 1927608.303331756033003, 6971919.55133290681988 ], [ 1927608.513563706306741, 6971953.760631117969751 ], [ 1927522.778512206394225, 6971949.949681826867163 ], [ 1927490.133283127797768, 6971948.500392879359424 ], [ 1927487.825233793817461, 6971999.644873628392816 ], [ 1927483.087504205061123, 6972073.159211848862469 ], [ 1927481.868711309507489, 6972096.188577428460121 ], [ 1927481.531577681191266, 6972110.583651290275156 ], [ 1927486.351349883479998, 6972110.697082633152604 ], [ 1927485.490897284820676, 6972126.209517403505743 ], [ 1927532.957860593451187, 6972128.12388408370316 ], [ 1927656.683392925187945, 6972133.110560219734907 ], [ 1927675.079530881019309, 6972134.473387668840587 ], [ 1927680.695848025148734, 6972128.874109226278961 ], [ 1927697.409173497464508, 6972129.914908711798489 ], [ 1927688.50643560057506, 6972236.325455657206476 ], [ 1927658.91692803776823, 6972234.549949842505157 ], [ 1927495.568097884301096, 6972220.972429624758661 ], [ 1927479.01845848117955, 6972219.303766211494803 ], [ 1927478.247963966336101, 6972230.266638205386698 ], [ 1927494.696071355836466, 6972231.318244826979935 ], [ 1927643.473239554092288, 6972243.689298955723643 ], [ 1927639.815044190967456, 6972285.999132416211069 ], [ 1927639.003275183960795, 6972294.48582192696631 ], [ 1927637.335005070315674, 6972315.495109631679952 ], [ 1927636.411039913073182, 6972330.192425591871142 ], [ 1927751.334582394221798, 6972335.402670654468238 ], [ 1927771.199643746949732, 6972336.334664839319885 ], [ 1927776.150787545600906, 6972253.586085212416947 ], [ 1927782.383716485695913, 6972135.151463778689504 ], [ 1927784.501530644716695, 6972086.393773872405291 ], [ 1927787.471445623785257, 6971996.939696905203164 ], [ 1927788.834808138199151, 6971951.387872913852334 ], [ 1927788.291528258705512, 6971912.253599190153182 ], [ 1927785.619472443591803, 6971874.863592103123665 ], [ 1927749.837056395132095, 6971835.383367254398763 ], [ 1927710.068675378570333, 6971784.961964681744576 ] ], [ [ 1927652.234698679996654, 6972035.690380852669477 ], [ 1927650.532600136240944, 6972085.769892909564078 ], [ 1927648.495770111912861, 6972085.705386952497065 ], [ 1927620.809845589334145, 6972084.755311496555805 ], [ 1927621.702615415211767, 6972058.645005076192319 ], [ 1927622.528692232212052, 6972034.676204096525908 ], [ 1927652.234698679996654, 6972035.690380852669477 ] ] ], [ [ [ 1927293.072228119010106, 6972500.9346156809479 ], [ 1927310.810763004468754, 6972413.734479137696326 ], [ 1927268.992563069332391, 6972409.02792976796627 ], [ 1927257.726826675236225, 6972496.513358182273805 ], [ 1927293.072228119010106, 6972500.9346156809479 ] ] ], [ [ [ 1927536.706783347995952, 6972442.94236752577126 ], [ 1927517.207754698349163, 6972440.523207176476717 ], [ 1927477.324410603381693, 6972434.567441132850945 ], [ 1927477.0200869909022, 6972443.315413466654718 ], [ 1927474.161658922908828, 6972529.271581373177469 ], [ 1927520.915506781078875, 6972535.555232576094568 ], [ 1927536.706783347995952, 6972442.94236752577126 ] ] ], [ [ [ 1927719.32064797799103, 6972466.308851232752204 ], [ 1927715.744864416541532, 6972466.14173333439976 ], [ 1927707.537257198709995, 6972538.582082904875278 ], [ 1927744.698659550631419, 6972542.612097065895796 ], [ 1927747.473420171765611, 6972460.109296746551991 ], [ 1927740.391842455370352, 6972462.45145490206778 ], [ 1927730.706929987994954, 6972465.563079017214477 ], [ 1927724.386762388981879, 6972466.527611091732979 ], [ 1927719.32064797799103, 6972466.308851232752204 ] ] ], [ [ [ 1928008.314452352235094, 6972643.001772272400558 ], [ 1928088.762273217085749, 6972656.386047636158764 ], [ 1928105.413879615720361, 6972518.835166062228382 ], [ 1928070.789338865084574, 6972514.750072981230915 ], [ 1928024.449726878665388, 6972507.748404016718268 ], [ 1927950.171694755554199, 6972497.067002154886723 ], [ 1927941.769262136891484, 6972572.261104544624686 ], [ 1927937.878063877578825, 6972587.719926976598799 ], [ 1927932.743094911566004, 6972600.375122754834592 ], [ 1927929.607326035620645, 6972615.419780855998397 ], [ 1927924.594057169510052, 6972669.678285259753466 ], [ 1928004.378613446606323, 6972675.987083018757403 ], [ 1928008.314452352235094, 6972643.001772272400558 ] ] ], [ [ [ 1927362.487460578093305, 6972847.784700226038694 ], [ 1927362.072625015629455, 6972849.220349026843905 ], [ 1927354.252446755068377, 6972846.992648488841951 ], [ 1927328.127596073318273, 6972839.432660265825689 ], [ 1927292.651732319733128, 6972829.907823402434587 ], [ 1927284.103544336045161, 6972827.629679247736931 ], [ 1927278.707175294868648, 6972845.728075234219432 ], [ 1927285.956923330435529, 6972847.543673925101757 ], [ 1927323.128645184449852, 6972856.8426841981709 ], [ 1927349.188068509334698, 6972864.367935571819544 ], [ 1927391.507848807377741, 6972876.064020506106317 ], [ 1927423.269501297501847, 6972884.969373336993158 ], [ 1927428.099887056741863, 6972867.671557552181184 ], [ 1927396.355250695254654, 6972858.750029129907489 ], [ 1927380.938200024887919, 6972854.665450351312757 ], [ 1927376.279292521765456, 6972853.326300172135234 ], [ 1927368.838528763270006, 6972851.174003888852894 ], [ 1927369.253363223280758, 6972849.738354376517236 ], [ 1927362.487460578093305, 6972847.784700226038694 ] ] ], [ [ [ 1927293.803057054523379, 6973178.08822918497026 ], [ 1927299.036449349019676, 6973157.758870744146407 ], [ 1927300.320573548553512, 6973152.472438666038215 ], [ 1927306.902735033305362, 6973133.288093995302916 ], [ 1927331.430674753384665, 6973035.076109852641821 ], [ 1927335.955187442945316, 6973017.40530352294445 ], [ 1927338.551796707557514, 6973007.032656171359122 ], [ 1927344.490696397144347, 6972983.463919274508953 ], [ 1927345.473532433621585, 6972979.715626373887062 ], [ 1927356.631814201828092, 6972934.987092872150242 ], [ 1927359.025922801345587, 6972925.473712960258126 ], [ 1927317.061828498728573, 6972915.563478182069957 ], [ 1927261.458462225738913, 6972903.504097873345017 ], [ 1927218.716655655065551, 6972892.844023372046649 ], [ 1927192.831112198531628, 6972886.385718728415668 ], [ 1927177.144802829483524, 6972882.477138877846301 ], [ 1927179.719942690106109, 6972872.320192256011069 ], [ 1927194.935831517679617, 6972812.203924192115664 ], [ 1927197.43804692546837, 6972802.327778590843081 ], [ 1927199.77404094254598, 6972793.178737729787827 ], [ 1927173.751257271273062, 6972786.933193231932819 ], [ 1927148.069148524431512, 6972780.296867663040757 ], [ 1927130.623564024921507, 6972775.798507835716009 ], [ 1927119.826715064933524, 6972819.205257259309292 ], [ 1927051.083872178336605, 6972801.401932085864246 ], [ 1927056.192122424719855, 6972780.771679311990738 ], [ 1926987.260158866643906, 6972761.866909244097769 ], [ 1926944.665240380214527, 6972752.05631179921329 ], [ 1926930.718257016502321, 6972807.466651352122426 ], [ 1926927.867057542549446, 6972818.779898835346103 ], [ 1926912.644814136670902, 6972814.881782960146666 ], [ 1926901.063767434330657, 6972811.900302345864475 ], [ 1926903.948130407370627, 6972800.587856716476381 ], [ 1926930.847915366059169, 6972695.409523885697126 ], [ 1926940.83546941773966, 6972656.154604696668684 ], [ 1926906.431097706779838, 6972647.633745803497732 ], [ 1926901.282978131435812, 6972650.901382946409285 ], [ 1926879.763290640432388, 6972647.004128149710596 ], [ 1926875.107924961252138, 6972644.817507556639612 ], [ 1926869.577196193160489, 6972643.208304613828659 ], [ 1926846.379217072855681, 6972732.590387971140444 ], [ 1926834.893557134317234, 6972778.896891078911722 ], [ 1926799.081962054362521, 6972772.345989539287984 ], [ 1926811.671741073951125, 6972723.912288103252649 ], [ 1926776.964265075046569, 6972715.234188236296177 ], [ 1926743.696715509518981, 6972706.290850840508938 ], [ 1926744.810579770710319, 6972701.91453336365521 ], [ 1926748.747800460085273, 6972686.008568283170462 ], [ 1926715.11846851115115, 6972674.132589526474476 ], [ 1926700.818438967689872, 6972744.177112921141088 ], [ 1926674.178106042090803, 6972737.626211382448673 ], [ 1926696.887898044195026, 6972666.003021221607924 ], [ 1926687.998151174746454, 6972664.553490813821554 ], [ 1926646.932307905750349, 6972654.594801727682352 ], [ 1926609.821571798296645, 6972645.593339952640235 ], [ 1926588.457100240746513, 6972723.139231557957828 ], [ 1926586.011908113257959, 6972731.96977617405355 ], [ 1926624.479858147911727, 6972741.767766011878848 ], [ 1926665.204680981580168, 6972752.150572673417628 ], [ 1926680.855782206403092, 6972756.125725345686078 ], [ 1926693.704675595741719, 6972759.45313541777432 ], [ 1926728.035612218547612, 6972768.288956654258072 ], [ 1926754.722651675809175, 6972775.166354232467711 ], [ 1926743.317691133823246, 6972823.907938977703452 ], [ 1926737.38893551309593, 6972822.305818520486355 ], [ 1926683.141246722079813, 6972807.632944072596729 ], [ 1926678.679016307694837, 6972824.008514677174389 ], [ 1926674.217548391548917, 6972840.350906316190958 ], [ 1926670.765541680390015, 6972856.052628929726779 ], [ 1926667.108659049728885, 6972872.713154001161456 ], [ 1926663.102579010417685, 6972888.717507281340659 ], [ 1926659.025537675945088, 6972904.919582718983293 ], [ 1926650.491518871160224, 6972938.677208780311048 ], [ 1926695.980520342476666, 6972949.488398777320981 ], [ 1926704.930114694172516, 6972951.610553222708404 ], [ 1926685.940889809047803, 6972973.275318465195596 ], [ 1926674.342444697627798, 6972987.937417294830084 ], [ 1926666.826840743189678, 6973010.106039465405047 ], [ 1926663.309569863369688, 6973023.646678105928004 ], [ 1926659.318721500691026, 6973041.113759431056678 ], [ 1926664.688720607664436, 6973042.520013000816107 ], [ 1926695.443091911729425, 6973050.557305442169309 ], [ 1926717.697396563831717, 6973056.383265773765743 ], [ 1926728.332225432852283, 6973058.402023411355913 ], [ 1926747.98493004986085, 6972993.3297347901389 ], [ 1926791.657606977038085, 6973005.558084329590201 ], [ 1926771.710382851073518, 6973070.523660651408136 ], [ 1926805.692911457503214, 6973079.416216548532248 ], [ 1926820.044846979435533, 6973015.602800021879375 ], [ 1926874.573624214390293, 6973033.004203119315207 ], [ 1926886.208952521206811, 6972970.838306167162955 ], [ 1926926.387815294088796, 6972973.02194001339376 ], [ 1926910.604294625110924, 6973013.071246488951147 ], [ 1926973.554306375095621, 6973056.873479712754488 ], [ 1927008.492447916883975, 6973061.677474174648523 ], [ 1926990.54737136233598, 6973127.922389946877956 ], [ 1927039.61222968949005, 6973141.092442232184112 ], [ 1927044.339063921011984, 6973142.366980060003698 ], [ 1927075.517499882029369, 6973150.728579800575972 ], [ 1927124.125450246268883, 6973163.604919472709298 ], [ 1927171.701622588327155, 6973173.133719937875867 ], [ 1927182.243004950229079, 6973175.24307647626847 ], [ 1927189.282746575772762, 6973176.837892997078598 ], [ 1927218.71218278282322, 6973183.463035527616739 ], [ 1927246.921310600824654, 6973189.826710450462997 ], [ 1927286.787057081004605, 6973198.807618773542345 ], [ 1927291.287896085064858, 6973199.827472767792642 ], [ 1927293.803057054523379, 6973178.08822918497026 ] ], [ [ 1927082.067586440360174, 6972965.582159349694848 ], [ 1927064.611837767763063, 6973030.669873557984829 ], [ 1927111.341602079803124, 6973044.645130174234509 ], [ 1927150.647011314053088, 6973056.436752944253385 ], [ 1927141.039022390032187, 6973093.558528332039714 ], [ 1927101.296886386582628, 6973085.697446485981345 ], [ 1927106.974334387108684, 6973056.00002617482096 ], [ 1927060.661565546644852, 6973042.234205218963325 ], [ 1927052.202863841317594, 6973040.37322491966188 ], [ 1927033.901646231068298, 6973035.588497961871326 ], [ 1927006.903050297638401, 6973028.521714386530221 ], [ 1927004.125069221714512, 6973027.542373459786177 ], [ 1926993.166522863321006, 6973023.445862420834601 ], [ 1926990.521062390878797, 6973022.469644514843822 ], [ 1926992.140573809854686, 6973015.612899269908667 ], [ 1927006.911715710302815, 6972952.627759587019682 ], [ 1927008.238873772090301, 6972946.927167708054185 ], [ 1927011.71565506211482, 6972947.790072314441204 ], [ 1927035.375170626211911, 6972953.764527306891978 ], [ 1927059.528929252875969, 6972959.866874672472477 ], [ 1927082.067586440360174, 6972965.582159349694848 ] ] ], [ [ [ 1928130.138857925310731, 6972923.6437480552122 ], [ 1928210.892216337379068, 6973024.226041751913726 ], [ 1928271.070450035622343, 6972975.245505939237773 ], [ 1928196.228083536960185, 6972874.188311387784779 ], [ 1928174.990652192849666, 6972890.105031485669315 ], [ 1928130.138857925310731, 6972923.6437480552122 ] ] ], [ [ [ 1927492.645478883991018, 6973260.776891952380538 ], [ 1927537.190789090003818, 6973265.297665339894593 ], [ 1927553.830481042154133, 6973266.752528375945985 ], [ 1927555.394814162980765, 6973260.110159696079791 ], [ 1927576.269597616512328, 6973171.280306524597108 ], [ 1927570.153207160066813, 6973167.763640431687236 ], [ 1927579.877734311390668, 6973129.014505450613797 ], [ 1927561.884884948143736, 6973124.487416515126824 ], [ 1927529.859415664570406, 6973111.937567804940045 ], [ 1927492.645478883991018, 6973260.776891952380538 ] ] ], [ [ [ 1926999.656118387822062, 6973241.150585421361029 ], [ 1927002.520591045264155, 6973233.508903180249035 ], [ 1926993.070543210254982, 6973230.095862995833158 ], [ 1926980.383315115235746, 6973225.493226015008986 ], [ 1926942.14106466784142, 6973211.614487537182868 ], [ 1926935.904116127407178, 6973228.763255127705634 ], [ 1926922.533601417206228, 6973256.775915247388184 ], [ 1926915.488934305729344, 6973275.849638995714486 ], [ 1926914.073214680887759, 6973279.670874225907028 ], [ 1926912.674448976526037, 6973283.475896362215281 ], [ 1926933.094703605398536, 6973290.504236161708832 ], [ 1926933.883981490042061, 6973290.772091520018876 ], [ 1926968.2300916146487, 6973302.598484692163765 ], [ 1926977.162400840781629, 6973276.541095362976193 ], [ 1926984.262484543723986, 6973255.807138914242387 ], [ 1926991.014632304897532, 6973237.889537994749844 ], [ 1926999.656118387822062, 6973241.150585421361029 ] ] ], [ [ [ 1927531.44053653231822, 6973307.015312359668314 ], [ 1927510.634664928773418, 6973290.243075789883733 ], [ 1927501.815211992012337, 6973283.954463986679912 ], [ 1927448.584014432271942, 6973266.734622448682785 ], [ 1927375.059640722116455, 6973250.49868383910507 ], [ 1927271.011804537614807, 6973227.644671554677188 ], [ 1927263.443086744984612, 6973225.987608581781387 ], [ 1927246.507345405640081, 6973273.206638984382153 ], [ 1927224.269727493170649, 6973330.934550357051194 ], [ 1927218.710466928547248, 6973345.358279603533447 ], [ 1927210.185916321817786, 6973367.487991323694587 ], [ 1927195.910181348212063, 6973402.325689475052059 ], [ 1927161.326461135176942, 6973486.779795221984386 ], [ 1927146.758758691139519, 6973524.153199167922139 ], [ 1927157.153288581874222, 6973529.71521991211921 ], [ 1927218.706915870308876, 6973551.852516476996243 ], [ 1927271.532593696145341, 6973570.876023875549436 ], [ 1927285.307269358774647, 6973536.906272540800273 ], [ 1927290.915077206678689, 6973522.533143321983516 ], [ 1927326.750006940215826, 6973427.075084082782269 ], [ 1927318.585079024778679, 6973423.975082764402032 ], [ 1927324.777080741943792, 6973405.179646695032716 ], [ 1927335.378228246234357, 6973394.147683648392558 ], [ 1927346.730035695945844, 6973388.566546271555126 ], [ 1927382.741630270378664, 6973402.92278678715229 ], [ 1927376.82728090044111, 6973416.241788962855935 ], [ 1927367.956108703510836, 6973436.203718783333898 ], [ 1927372.919658654136583, 6973450.726024952717125 ], [ 1927536.626629758160561, 6973517.319213954731822 ], [ 1927554.621286816662177, 6973524.638001361861825 ], [ 1927514.378625882323831, 6973635.712863283231854 ], [ 1927613.147303333738819, 6973672.630425392650068 ], [ 1927650.326968028908595, 6973579.776194863021374 ], [ 1927706.054480145452544, 6973661.854909525252879 ], [ 1927722.834346319083124, 6973616.257303316146135 ], [ 1927715.084715520497411, 6973597.515541238710284 ], [ 1927706.400112117175013, 6973574.81396016292274 ], [ 1927676.230236271396279, 6973516.166599950753152 ], [ 1927637.154644939349964, 6973534.953591023571789 ], [ 1927605.34489202266559, 6973476.998753291554749 ], [ 1927628.8043392887339, 6973425.74418225325644 ], [ 1927613.205766835948452, 6973397.497064625844359 ], [ 1927609.543799499515444, 6973391.080568322911859 ], [ 1927595.197278866544366, 6973374.493538634851575 ], [ 1927589.387665343238041, 6973367.777306284755468 ], [ 1927572.652533057844266, 6973348.442458387464285 ], [ 1927546.221534125506878, 6973319.192958364263177 ], [ 1927531.44053653231822, 6973307.015312359668314 ] ] ], [ [ [ 1927069.864560456480831, 6973522.888027432374656 ], [ 1927044.12610347266309, 6973573.622609605081379 ], [ 1927082.536295362049714, 6973608.673649832606316 ], [ 1927100.824837411055341, 6973625.355066345073283 ], [ 1927102.392170522827655, 6973627.784681269899011 ], [ 1927105.355114760342985, 6973622.304945953190327 ], [ 1927112.725907490821555, 6973606.278575765900314 ], [ 1927121.569253047229722, 6973585.418604708276689 ], [ 1927123.253490397008136, 6973581.453980390913785 ], [ 1927136.95242490246892, 6973549.326963959261775 ], [ 1927069.864560456480831, 6973522.888027432374656 ] ] ], [ [ [ 1927361.817410863470286, 6973761.773903672583401 ], [ 1927353.804090918740258, 6973798.156828247010708 ], [ 1927341.412742201238871, 6973854.425910677760839 ], [ 1927398.242503522429615, 6973871.732429826632142 ], [ 1927406.316630399553105, 6973843.359498279169202 ], [ 1927415.484893691027537, 6973844.688656246289611 ], [ 1927426.215858752606437, 6973809.034087609499693 ], [ 1927418.435924606863409, 6973808.58505208324641 ], [ 1927407.941064722137526, 6973807.989001272246242 ], [ 1927399.331930477870628, 6973804.728936632163823 ], [ 1927392.325901714153588, 6973798.13357332162559 ], [ 1927382.187604125123471, 6973783.738029374741018 ], [ 1927366.532087964238599, 6973765.706601878628135 ], [ 1927361.817410863470286, 6973761.773903672583401 ] ] ], [ [ [ 1927477.114745834376663, 6973963.483065688982606 ], [ 1927523.75639366498217, 6973974.916155493818223 ], [ 1927537.624683347297832, 6973948.257626214064658 ], [ 1927579.192024014191702, 6973955.533205914311111 ], [ 1927604.255347647471353, 6973834.409398411400616 ], [ 1927565.321560800308362, 6973825.119010802358389 ], [ 1927554.685366751858965, 6973831.265933654271066 ], [ 1927536.454133491497487, 6973829.773531996645033 ], [ 1927509.267293702112511, 6973823.534156133420765 ], [ 1927507.204018391435966, 6973833.073046109639108 ], [ 1927497.729459464317188, 6973871.715066005475819 ], [ 1927493.747828585328534, 6973890.264659453183413 ], [ 1927477.114745834376663, 6973963.483065688982606 ] ] ], [ [ [ 1927878.777836362365633, 6973870.604859933257103 ], [ 1927864.521999419433996, 6973919.570146756246686 ], [ 1927854.104483484756202, 6973955.366070991382003 ], [ 1927848.516925263684243, 6973974.576186877675354 ], [ 1927891.085093990201131, 6973987.273981410078704 ], [ 1927896.21647474495694, 6973969.847654030658305 ], [ 1927913.979912704089656, 6973908.385915965773165 ], [ 1927912.125479512149468, 6973906.880142910405993 ], [ 1927900.488417680840939, 6973895.573715101927519 ], [ 1927888.916861158795655, 6973882.175191593356431 ], [ 1927878.777836362365633, 6973870.604859933257103 ] ] ], [ [ [ 1927781.227028330788016, 6973896.27794727217406 ], [ 1927773.827585624996573, 6973922.789655690081418 ], [ 1927768.310905988328159, 6973943.214291837066412 ], [ 1927765.973207814153284, 6973942.527933231554925 ], [ 1927763.546262507792562, 6973951.327364643104374 ], [ 1927759.160306511446834, 6973975.84964130166918 ], [ 1927809.981268066214398, 6973988.625520499423146 ], [ 1927814.04310933756642, 6973972.287403819151223 ], [ 1927815.694216962438077, 6973966.892664124257863 ], [ 1927816.336821794277057, 6973967.057309527881444 ], [ 1927824.619115266948938, 6973936.810887006111443 ], [ 1927830.859911126550287, 6973910.222017010673881 ], [ 1927814.127713823225349, 6973905.575149363838136 ], [ 1927781.227028330788016, 6973896.27794727217406 ] ] ], [ [ [ 1928040.258145991247147, 6974001.859266084618866 ], [ 1928013.921893258811906, 6973982.580999775789678 ], [ 1927971.093445337377489, 6973951.217665441334248 ], [ 1927959.317702246364206, 6973983.442696184851229 ], [ 1927930.843684651423246, 6974061.336560247465968 ], [ 1927926.261033177375793, 6974073.724567993544042 ], [ 1927949.277223465265706, 6974082.573275748640299 ], [ 1927984.652705720858648, 6974094.536886402405798 ], [ 1928023.804563162615523, 6974029.272360699251294 ], [ 1928040.258145991247147, 6974001.859266084618866 ] ] ], [ [ [ 1928088.323377470485866, 6974036.13684942945838 ], [ 1928133.49234605114907, 6974068.817630438134074 ], [ 1928173.962381357327104, 6974012.356959381140769 ], [ 1928120.434950394788757, 6973988.38692519441247 ], [ 1928088.323377470485866, 6974036.13684942945838 ] ] ], [ [ [ 1928633.010845226235688, 6974490.259531412273645 ], [ 1928659.180374053074047, 6974444.908185985870659 ], [ 1928576.990911895409226, 6974388.048752299509943 ], [ 1928513.783263762015849, 6974342.550635125488043 ], [ 1928472.650637433631346, 6974312.939881782978773 ], [ 1928413.3680036989972, 6974270.49109183717519 ], [ 1928409.121886878507212, 6974279.846674391999841 ], [ 1928400.927914510248229, 6974297.850321739912033 ], [ 1928341.542661989340559, 6974428.315907439216971 ], [ 1928404.749858159571886, 6974450.352215864695609 ], [ 1928479.137959267478436, 6974476.322304940782487 ], [ 1928466.805507836397737, 6974523.958115415647626 ], [ 1928574.762070078402758, 6974552.807288153097034 ], [ 1928633.010845226235688, 6974490.259531412273645 ] ] ] ] } }
]
}
